INFO - 2025-05-22 03:45:05 --> Session: Class initialized using 'CodeIgniter\Session\Handlers\FileHandler' driver.
INFO - 2025-05-22 03:45:10 --> Session: Class initialized using 'CodeIgniter\Session\Handlers\FileHandler' driver.
INFO - 2025-05-22 03:45:11 --> Session: Class initialized using 'CodeIgniter\Session\Handlers\FileHandler' driver.
CRITICAL - 2025-05-22 03:45:11 --> foreach() argument must be of type array|object, null given
in SYSTEMPATH\Database\BaseBuilder.php on line 411.
 1 SYSTEMPATH\Database\BaseBuilder.php(411): CodeIgniter\Debug\Exceptions->errorHandler(2, 'foreach() argument must be of type array|object, null given', 'D:\\TUGAS\\KULIAH\\P2MW\\hehe\\gohitfinal\\system\\Database\\BaseBuilder.php', 411)
 2 SYSTEMPATH\Model.php(840): CodeIgniter\Database\BaseBuilder->select(null)
 3 APPPATH\Models\Fisher.php(20): CodeIgniter\Model->__call('select', [...])
 4 APPPATH\Controllers\DetailEvent.php(69): App\Models\Fisher->getUserPointBySport(null, null)
 5 SYSTEMPATH\CodeIgniter.php(934): App\Controllers\DetailEvent->index('css', 'main.css')
 6 SYSTEMPATH\CodeIgniter.php(499): CodeIgniter\CodeIgniter->runController(Object(App\Controllers\DetailEvent))
 7 SYSTEMPATH\CodeIgniter.php(368): CodeIgniter\CodeIgniter->handleRequest(null, Object(Config\Cache), false)
 8 FCPATH\index.php(67): CodeIgniter\CodeIgniter->run()
 9 SYSTEMPATH\Commands\Server\rewrite.php(47): require_once('D:\\TUGAS\\KULIAH\\P2MW\\hehe\\gohitfinal\\public\\index.php')
INFO - 2025-05-22 03:45:11 --> Session: Class initialized using 'CodeIgniter\Session\Handlers\FileHandler' driver.
CRITICAL - 2025-05-22 03:45:11 --> foreach() argument must be of type array|object, null given
in SYSTEMPATH\Database\BaseBuilder.php on line 411.
 1 SYSTEMPATH\Database\BaseBuilder.php(411): CodeIgniter\Debug\Exceptions->errorHandler(2, 'foreach() argument must be of type array|object, null given', 'D:\\TUGAS\\KULIAH\\P2MW\\hehe\\gohitfinal\\system\\Database\\BaseBuilder.php', 411)
 2 SYSTEMPATH\Model.php(840): CodeIgniter\Database\BaseBuilder->select(null)
 3 APPPATH\Models\Fisher.php(20): CodeIgniter\Model->__call('select', [...])
 4 APPPATH\Controllers\DetailEvent.php(69): App\Models\Fisher->getUserPointBySport(null, null)
 5 SYSTEMPATH\CodeIgniter.php(934): App\Controllers\DetailEvent->index('css', 'style.css')
 6 SYSTEMPATH\CodeIgniter.php(499): CodeIgniter\CodeIgniter->runController(Object(App\Controllers\DetailEvent))
 7 SYSTEMPATH\CodeIgniter.php(368): CodeIgniter\CodeIgniter->handleRequest(null, Object(Config\Cache), false)
 8 FCPATH\index.php(67): CodeIgniter\CodeIgniter->run()
 9 SYSTEMPATH\Commands\Server\rewrite.php(47): require_once('D:\\TUGAS\\KULIAH\\P2MW\\hehe\\gohitfinal\\public\\index.php')
INFO - 2025-05-22 03:45:11 --> Session: Class initialized using 'CodeIgniter\Session\Handlers\FileHandler' driver.
CRITICAL - 2025-05-22 03:45:11 --> foreach() argument must be of type array|object, null given
in SYSTEMPATH\Database\BaseBuilder.php on line 411.
 1 SYSTEMPATH\Database\BaseBuilder.php(411): CodeIgniter\Debug\Exceptions->errorHandler(2, 'foreach() argument must be of type array|object, null given', 'D:\\TUGAS\\KULIAH\\P2MW\\hehe\\gohitfinal\\system\\Database\\BaseBuilder.php', 411)
 2 SYSTEMPATH\Model.php(840): CodeIgniter\Database\BaseBuilder->select(null)
 3 APPPATH\Models\Fisher.php(20): CodeIgniter\Model->__call('select', [...])
 4 APPPATH\Controllers\DetailEvent.php(69): App\Models\Fisher->getUserPointBySport(null, null)
 5 SYSTEMPATH\CodeIgniter.php(934): App\Controllers\DetailEvent->index('images', 'bg-01.jpg')
 6 SYSTEMPATH\CodeIgniter.php(499): CodeIgniter\CodeIgniter->runController(Object(App\Controllers\DetailEvent))
 7 SYSTEMPATH\CodeIgniter.php(368): CodeIgniter\CodeIgniter->handleRequest(null, Object(Config\Cache), false)
 8 FCPATH\index.php(67): CodeIgniter\CodeIgniter->run()
 9 SYSTEMPATH\Commands\Server\rewrite.php(47): require_once('D:\\TUGAS\\KULIAH\\P2MW\\hehe\\gohitfinal\\public\\index.php')
INFO - 2025-05-22 03:45:26 --> Session: Class initialized using 'CodeIgniter\Session\Handlers\FileHandler' driver.
INFO - 2025-05-22 03:45:26 --> Session: Class initialized using 'CodeIgniter\Session\Handlers\FileHandler' driver.
INFO - 2025-05-22 03:45:29 --> Session: Class initialized using 'CodeIgniter\Session\Handlers\FileHandler' driver.
INFO - 2025-05-22 03:45:32 --> Session: Class initialized using 'CodeIgniter\Session\Handlers\FileHandler' driver.
INFO - 2025-05-22 03:45:32 --> Session: Class initialized using 'CodeIgniter\Session\Handlers\FileHandler' driver.
CRITICAL - 2025-05-22 03:45:32 --> Undefined variable $tgl
in APPPATH\Views\detaileventp.php on line 24.
 1 APPPATH\Views\detaileventp.php(24): CodeIgniter\Debug\Exceptions->errorHandler(2, 'Undefined variable $tgl', 'D:\\TUGAS\\KULIAH\\P2MW\\hehe\\gohitfinal\\app\\Views\\detaileventp.php', 24)
 2 SYSTEMPATH\View\View.php(213): include('D:\\TUGAS\\KULIAH\\P2MW\\hehe\\gohitfinal\\app\\Views\\detaileventp.php')
 3 SYSTEMPATH\View\View.php(216): CodeIgniter\View\View->CodeIgniter\View\{closure}()
 4 SYSTEMPATH\Common.php(1184): CodeIgniter\View\View->render('detaileventp', [], true)
 5 APPPATH\Controllers\DetailEvent.php(481): view('detaileventp', [...])
 6 SYSTEMPATH\CodeIgniter.php(934): App\Controllers\DetailEvent->peserta('css', 'main.css')
 7 SYSTEMPATH\CodeIgniter.php(499): CodeIgniter\CodeIgniter->runController(Object(App\Controllers\DetailEvent))
 8 SYSTEMPATH\CodeIgniter.php(368): CodeIgniter\CodeIgniter->handleRequest(null, Object(Config\Cache), false)
 9 FCPATH\index.php(67): CodeIgniter\CodeIgniter->run()
10 SYSTEMPATH\Commands\Server\rewrite.php(47): require_once('D:\\TUGAS\\KULIAH\\P2MW\\hehe\\gohitfinal\\public\\index.php')
INFO - 2025-05-22 03:45:33 --> Session: Class initialized using 'CodeIgniter\Session\Handlers\FileHandler' driver.
CRITICAL - 2025-05-22 03:45:33 --> Undefined variable $tgl
in APPPATH\Views\detaileventp.php on line 24.
 1 APPPATH\Views\detaileventp.php(24): CodeIgniter\Debug\Exceptions->errorHandler(2, 'Undefined variable $tgl', 'D:\\TUGAS\\KULIAH\\P2MW\\hehe\\gohitfinal\\app\\Views\\detaileventp.php', 24)
 2 SYSTEMPATH\View\View.php(213): include('D:\\TUGAS\\KULIAH\\P2MW\\hehe\\gohitfinal\\app\\Views\\detaileventp.php')
 3 SYSTEMPATH\View\View.php(216): CodeIgniter\View\View->CodeIgniter\View\{closure}()
 4 SYSTEMPATH\Common.php(1184): CodeIgniter\View\View->render('detaileventp', [], true)
 5 APPPATH\Controllers\DetailEvent.php(481): view('detaileventp', [...])
 6 SYSTEMPATH\CodeIgniter.php(934): App\Controllers\DetailEvent->peserta('css', 'style.css')
 7 SYSTEMPATH\CodeIgniter.php(499): CodeIgniter\CodeIgniter->runController(Object(App\Controllers\DetailEvent))
 8 SYSTEMPATH\CodeIgniter.php(368): CodeIgniter\CodeIgniter->handleRequest(null, Object(Config\Cache), false)
 9 FCPATH\index.php(67): CodeIgniter\CodeIgniter->run()
10 SYSTEMPATH\Commands\Server\rewrite.php(47): require_once('D:\\TUGAS\\KULIAH\\P2MW\\hehe\\gohitfinal\\public\\index.php')
INFO - 2025-05-22 03:45:33 --> Session: Class initialized using 'CodeIgniter\Session\Handlers\FileHandler' driver.
CRITICAL - 2025-05-22 03:45:33 --> Undefined variable $tgl
in APPPATH\Views\detaileventp.php on line 24.
 1 APPPATH\Views\detaileventp.php(24): CodeIgniter\Debug\Exceptions->errorHandler(2, 'Undefined variable $tgl', 'D:\\TUGAS\\KULIAH\\P2MW\\hehe\\gohitfinal\\app\\Views\\detaileventp.php', 24)
 2 SYSTEMPATH\View\View.php(213): include('D:\\TUGAS\\KULIAH\\P2MW\\hehe\\gohitfinal\\app\\Views\\detaileventp.php')
 3 SYSTEMPATH\View\View.php(216): CodeIgniter\View\View->CodeIgniter\View\{closure}()
 4 SYSTEMPATH\Common.php(1184): CodeIgniter\View\View->render('detaileventp', [], true)
 5 APPPATH\Controllers\DetailEvent.php(481): view('detaileventp', [...])
 6 SYSTEMPATH\CodeIgniter.php(934): App\Controllers\DetailEvent->peserta('images', 'bg-01.jpg')
 7 SYSTEMPATH\CodeIgniter.php(499): CodeIgniter\CodeIgniter->runController(Object(App\Controllers\DetailEvent))
 8 SYSTEMPATH\CodeIgniter.php(368): CodeIgniter\CodeIgniter->handleRequest(null, Object(Config\Cache), false)
 9 FCPATH\index.php(67): CodeIgniter\CodeIgniter->run()
10 SYSTEMPATH\Commands\Server\rewrite.php(47): require_once('D:\\TUGAS\\KULIAH\\P2MW\\hehe\\gohitfinal\\public\\index.php')
INFO - 2025-05-22 03:45:43 --> Session: Class initialized using 'CodeIgniter\Session\Handlers\FileHandler' driver.
INFO - 2025-05-22 03:45:43 --> Session: Class initialized using 'CodeIgniter\Session\Handlers\FileHandler' driver.
INFO - 2025-05-22 03:46:12 --> Session: Class initialized using 'CodeIgniter\Session\Handlers\FileHandler' driver.
INFO - 2025-05-22 03:46:12 --> Session: Class initialized using 'CodeIgniter\Session\Handlers\FileHandler' driver.
INFO - 2025-05-22 03:46:18 --> Session: Class initialized using 'CodeIgniter\Session\Handlers\FileHandler' driver.
INFO - 2025-05-22 03:46:19 --> Session: Class initialized using 'CodeIgniter\Session\Handlers\FileHandler' driver.
CRITICAL - 2025-05-22 03:46:19 --> foreach() argument must be of type array|object, null given
in SYSTEMPATH\Database\BaseBuilder.php on line 411.
 1 SYSTEMPATH\Database\BaseBuilder.php(411): CodeIgniter\Debug\Exceptions->errorHandler(2, 'foreach() argument must be of type array|object, null given', 'D:\\TUGAS\\KULIAH\\P2MW\\hehe\\gohitfinal\\system\\Database\\BaseBuilder.php', 411)
 2 SYSTEMPATH\Model.php(840): CodeIgniter\Database\BaseBuilder->select(null)
 3 APPPATH\Models\Fisher.php(20): CodeIgniter\Model->__call('select', [...])
 4 APPPATH\Controllers\DetailEvent.php(69): App\Models\Fisher->getUserPointBySport(null, null)
 5 SYSTEMPATH\CodeIgniter.php(934): App\Controllers\DetailEvent->index('css', 'main.css')
 6 SYSTEMPATH\CodeIgniter.php(499): CodeIgniter\CodeIgniter->runController(Object(App\Controllers\DetailEvent))
 7 SYSTEMPATH\CodeIgniter.php(368): CodeIgniter\CodeIgniter->handleRequest(null, Object(Config\Cache), false)
 8 FCPATH\index.php(67): CodeIgniter\CodeIgniter->run()
 9 SYSTEMPATH\Commands\Server\rewrite.php(47): require_once('D:\\TUGAS\\KULIAH\\P2MW\\hehe\\gohitfinal\\public\\index.php')
INFO - 2025-05-22 03:46:19 --> Session: Class initialized using 'CodeIgniter\Session\Handlers\FileHandler' driver.
CRITICAL - 2025-05-22 03:46:19 --> foreach() argument must be of type array|object, null given
in SYSTEMPATH\Database\BaseBuilder.php on line 411.
 1 SYSTEMPATH\Database\BaseBuilder.php(411): CodeIgniter\Debug\Exceptions->errorHandler(2, 'foreach() argument must be of type array|object, null given', 'D:\\TUGAS\\KULIAH\\P2MW\\hehe\\gohitfinal\\system\\Database\\BaseBuilder.php', 411)
 2 SYSTEMPATH\Model.php(840): CodeIgniter\Database\BaseBuilder->select(null)
 3 APPPATH\Models\Fisher.php(20): CodeIgniter\Model->__call('select', [...])
 4 APPPATH\Controllers\DetailEvent.php(69): App\Models\Fisher->getUserPointBySport(null, null)
 5 SYSTEMPATH\CodeIgniter.php(934): App\Controllers\DetailEvent->index('css', 'style.css')
 6 SYSTEMPATH\CodeIgniter.php(499): CodeIgniter\CodeIgniter->runController(Object(App\Controllers\DetailEvent))
 7 SYSTEMPATH\CodeIgniter.php(368): CodeIgniter\CodeIgniter->handleRequest(null, Object(Config\Cache), false)
 8 FCPATH\index.php(67): CodeIgniter\CodeIgniter->run()
 9 SYSTEMPATH\Commands\Server\rewrite.php(47): require_once('D:\\TUGAS\\KULIAH\\P2MW\\hehe\\gohitfinal\\public\\index.php')
INFO - 2025-05-22 03:46:19 --> Session: Class initialized using 'CodeIgniter\Session\Handlers\FileHandler' driver.
CRITICAL - 2025-05-22 03:46:19 --> foreach() argument must be of type array|object, null given
in SYSTEMPATH\Database\BaseBuilder.php on line 411.
 1 SYSTEMPATH\Database\BaseBuilder.php(411): CodeIgniter\Debug\Exceptions->errorHandler(2, 'foreach() argument must be of type array|object, null given', 'D:\\TUGAS\\KULIAH\\P2MW\\hehe\\gohitfinal\\system\\Database\\BaseBuilder.php', 411)
 2 SYSTEMPATH\Model.php(840): CodeIgniter\Database\BaseBuilder->select(null)
 3 APPPATH\Models\Fisher.php(20): CodeIgniter\Model->__call('select', [...])
 4 APPPATH\Controllers\DetailEvent.php(69): App\Models\Fisher->getUserPointBySport(null, null)
 5 SYSTEMPATH\CodeIgniter.php(934): App\Controllers\DetailEvent->index('images', 'bg-01.jpg')
 6 SYSTEMPATH\CodeIgniter.php(499): CodeIgniter\CodeIgniter->runController(Object(App\Controllers\DetailEvent))
 7 SYSTEMPATH\CodeIgniter.php(368): CodeIgniter\CodeIgniter->handleRequest(null, Object(Config\Cache), false)
 8 FCPATH\index.php(67): CodeIgniter\CodeIgniter->run()
 9 SYSTEMPATH\Commands\Server\rewrite.php(47): require_once('D:\\TUGAS\\KULIAH\\P2MW\\hehe\\gohitfinal\\public\\index.php')
INFO - 2025-05-22 05:53:04 --> Session: Class initialized using 'CodeIgniter\Session\Handlers\FileHandler' driver.
INFO - 2025-05-22 07:30:40 --> Session: Class initialized using 'CodeIgniter\Session\Handlers\FileHandler' driver.
INFO - 2025-05-22 07:30:40 --> Session: Class initialized using 'CodeIgniter\Session\Handlers\FileHandler' driver.
INFO - 2025-05-22 07:30:43 --> Session: Class initialized using 'CodeIgniter\Session\Handlers\FileHandler' driver.
INFO - 2025-05-22 07:30:45 --> Session: Class initialized using 'CodeIgniter\Session\Handlers\FileHandler' driver.
INFO - 2025-05-22 07:30:45 --> Session: Class initialized using 'CodeIgniter\Session\Handlers\FileHandler' driver.
CRITICAL - 2025-05-22 07:30:45 --> Undefined variable $tgl
in APPPATH\Views\detaileventp.php on line 24.
 1 APPPATH\Views\detaileventp.php(24): CodeIgniter\Debug\Exceptions->errorHandler(2, 'Undefined variable $tgl', 'D:\\TUGAS\\KULIAH\\P2MW\\hehe\\gohitfinal\\app\\Views\\detaileventp.php', 24)
 2 SYSTEMPATH\View\View.php(213): include('D:\\TUGAS\\KULIAH\\P2MW\\hehe\\gohitfinal\\app\\Views\\detaileventp.php')
 3 SYSTEMPATH\View\View.php(216): CodeIgniter\View\View->CodeIgniter\View\{closure}()
 4 SYSTEMPATH\Common.php(1184): CodeIgniter\View\View->render('detaileventp', [], true)
 5 APPPATH\Controllers\DetailEvent.php(481): view('detaileventp', [...])
 6 SYSTEMPATH\CodeIgniter.php(934): App\Controllers\DetailEvent->peserta('css', 'main.css')
 7 SYSTEMPATH\CodeIgniter.php(499): CodeIgniter\CodeIgniter->runController(Object(App\Controllers\DetailEvent))
 8 SYSTEMPATH\CodeIgniter.php(368): CodeIgniter\CodeIgniter->handleRequest(null, Object(Config\Cache), false)
 9 FCPATH\index.php(67): CodeIgniter\CodeIgniter->run()
10 SYSTEMPATH\Commands\Server\rewrite.php(47): require_once('D:\\TUGAS\\KULIAH\\P2MW\\hehe\\gohitfinal\\public\\index.php')
INFO - 2025-05-22 07:30:46 --> Session: Class initialized using 'CodeIgniter\Session\Handlers\FileHandler' driver.
CRITICAL - 2025-05-22 07:30:46 --> Undefined variable $tgl
in APPPATH\Views\detaileventp.php on line 24.
 1 APPPATH\Views\detaileventp.php(24): CodeIgniter\Debug\Exceptions->errorHandler(2, 'Undefined variable $tgl', 'D:\\TUGAS\\KULIAH\\P2MW\\hehe\\gohitfinal\\app\\Views\\detaileventp.php', 24)
 2 SYSTEMPATH\View\View.php(213): include('D:\\TUGAS\\KULIAH\\P2MW\\hehe\\gohitfinal\\app\\Views\\detaileventp.php')
 3 SYSTEMPATH\View\View.php(216): CodeIgniter\View\View->CodeIgniter\View\{closure}()
 4 SYSTEMPATH\Common.php(1184): CodeIgniter\View\View->render('detaileventp', [], true)
 5 APPPATH\Controllers\DetailEvent.php(481): view('detaileventp', [...])
 6 SYSTEMPATH\CodeIgniter.php(934): App\Controllers\DetailEvent->peserta('css', 'style.css')
 7 SYSTEMPATH\CodeIgniter.php(499): CodeIgniter\CodeIgniter->runController(Object(App\Controllers\DetailEvent))
 8 SYSTEMPATH\CodeIgniter.php(368): CodeIgniter\CodeIgniter->handleRequest(null, Object(Config\Cache), false)
 9 FCPATH\index.php(67): CodeIgniter\CodeIgniter->run()
10 SYSTEMPATH\Commands\Server\rewrite.php(47): require_once('D:\\TUGAS\\KULIAH\\P2MW\\hehe\\gohitfinal\\public\\index.php')
INFO - 2025-05-22 07:30:46 --> Session: Class initialized using 'CodeIgniter\Session\Handlers\FileHandler' driver.
CRITICAL - 2025-05-22 07:30:46 --> Undefined variable $tgl
in APPPATH\Views\detaileventp.php on line 24.
 1 APPPATH\Views\detaileventp.php(24): CodeIgniter\Debug\Exceptions->errorHandler(2, 'Undefined variable $tgl', 'D:\\TUGAS\\KULIAH\\P2MW\\hehe\\gohitfinal\\app\\Views\\detaileventp.php', 24)
 2 SYSTEMPATH\View\View.php(213): include('D:\\TUGAS\\KULIAH\\P2MW\\hehe\\gohitfinal\\app\\Views\\detaileventp.php')
 3 SYSTEMPATH\View\View.php(216): CodeIgniter\View\View->CodeIgniter\View\{closure}()
 4 SYSTEMPATH\Common.php(1184): CodeIgniter\View\View->render('detaileventp', [], true)
 5 APPPATH\Controllers\DetailEvent.php(481): view('detaileventp', [...])
 6 SYSTEMPATH\CodeIgniter.php(934): App\Controllers\DetailEvent->peserta('images', 'bg-01.jpg')
 7 SYSTEMPATH\CodeIgniter.php(499): CodeIgniter\CodeIgniter->runController(Object(App\Controllers\DetailEvent))
 8 SYSTEMPATH\CodeIgniter.php(368): CodeIgniter\CodeIgniter->handleRequest(null, Object(Config\Cache), false)
 9 FCPATH\index.php(67): CodeIgniter\CodeIgniter->run()
10 SYSTEMPATH\Commands\Server\rewrite.php(47): require_once('D:\\TUGAS\\KULIAH\\P2MW\\hehe\\gohitfinal\\public\\index.php')
INFO - 2025-05-22 07:30:52 --> Session: Class initialized using 'CodeIgniter\Session\Handlers\FileHandler' driver.
INFO - 2025-05-22 07:30:52 --> Session: Class initialized using 'CodeIgniter\Session\Handlers\FileHandler' driver.
INFO - 2025-05-22 07:30:52 --> Session: Class initialized using 'CodeIgniter\Session\Handlers\FileHandler' driver.
CRITICAL - 2025-05-22 07:30:52 --> Undefined variable $tgl
in APPPATH\Views\detaileventp.php on line 24.
 1 APPPATH\Views\detaileventp.php(24): CodeIgniter\Debug\Exceptions->errorHandler(2, 'Undefined variable $tgl', 'D:\\TUGAS\\KULIAH\\P2MW\\hehe\\gohitfinal\\app\\Views\\detaileventp.php', 24)
 2 SYSTEMPATH\View\View.php(213): include('D:\\TUGAS\\KULIAH\\P2MW\\hehe\\gohitfinal\\app\\Views\\detaileventp.php')
 3 SYSTEMPATH\View\View.php(216): CodeIgniter\View\View->CodeIgniter\View\{closure}()
 4 SYSTEMPATH\Common.php(1184): CodeIgniter\View\View->render('detaileventp', [], true)
 5 APPPATH\Controllers\DetailEvent.php(481): view('detaileventp', [...])
 6 SYSTEMPATH\CodeIgniter.php(934): App\Controllers\DetailEvent->peserta('css', 'main.css')
 7 SYSTEMPATH\CodeIgniter.php(499): CodeIgniter\CodeIgniter->runController(Object(App\Controllers\DetailEvent))
 8 SYSTEMPATH\CodeIgniter.php(368): CodeIgniter\CodeIgniter->handleRequest(null, Object(Config\Cache), false)
 9 FCPATH\index.php(67): CodeIgniter\CodeIgniter->run()
10 SYSTEMPATH\Commands\Server\rewrite.php(47): require_once('D:\\TUGAS\\KULIAH\\P2MW\\hehe\\gohitfinal\\public\\index.php')
INFO - 2025-05-22 07:30:53 --> Session: Class initialized using 'CodeIgniter\Session\Handlers\FileHandler' driver.
CRITICAL - 2025-05-22 07:30:53 --> Undefined variable $tgl
in APPPATH\Views\detaileventp.php on line 24.
 1 APPPATH\Views\detaileventp.php(24): CodeIgniter\Debug\Exceptions->errorHandler(2, 'Undefined variable $tgl', 'D:\\TUGAS\\KULIAH\\P2MW\\hehe\\gohitfinal\\app\\Views\\detaileventp.php', 24)
 2 SYSTEMPATH\View\View.php(213): include('D:\\TUGAS\\KULIAH\\P2MW\\hehe\\gohitfinal\\app\\Views\\detaileventp.php')
 3 SYSTEMPATH\View\View.php(216): CodeIgniter\View\View->CodeIgniter\View\{closure}()
 4 SYSTEMPATH\Common.php(1184): CodeIgniter\View\View->render('detaileventp', [], true)
 5 APPPATH\Controllers\DetailEvent.php(481): view('detaileventp', [...])
 6 SYSTEMPATH\CodeIgniter.php(934): App\Controllers\DetailEvent->peserta('css', 'style.css')
 7 SYSTEMPATH\CodeIgniter.php(499): CodeIgniter\CodeIgniter->runController(Object(App\Controllers\DetailEvent))
 8 SYSTEMPATH\CodeIgniter.php(368): CodeIgniter\CodeIgniter->handleRequest(null, Object(Config\Cache), false)
 9 FCPATH\index.php(67): CodeIgniter\CodeIgniter->run()
10 SYSTEMPATH\Commands\Server\rewrite.php(47): require_once('D:\\TUGAS\\KULIAH\\P2MW\\hehe\\gohitfinal\\public\\index.php')
INFO - 2025-05-22 07:30:53 --> Session: Class initialized using 'CodeIgniter\Session\Handlers\FileHandler' driver.
CRITICAL - 2025-05-22 07:30:53 --> Undefined variable $tgl
in APPPATH\Views\detaileventp.php on line 24.
 1 APPPATH\Views\detaileventp.php(24): CodeIgniter\Debug\Exceptions->errorHandler(2, 'Undefined variable $tgl', 'D:\\TUGAS\\KULIAH\\P2MW\\hehe\\gohitfinal\\app\\Views\\detaileventp.php', 24)
 2 SYSTEMPATH\View\View.php(213): include('D:\\TUGAS\\KULIAH\\P2MW\\hehe\\gohitfinal\\app\\Views\\detaileventp.php')
 3 SYSTEMPATH\View\View.php(216): CodeIgniter\View\View->CodeIgniter\View\{closure}()
 4 SYSTEMPATH\Common.php(1184): CodeIgniter\View\View->render('detaileventp', [], true)
 5 APPPATH\Controllers\DetailEvent.php(481): view('detaileventp', [...])
 6 SYSTEMPATH\CodeIgniter.php(934): App\Controllers\DetailEvent->peserta('images', 'bg-01.jpg')
 7 SYSTEMPATH\CodeIgniter.php(499): CodeIgniter\CodeIgniter->runController(Object(App\Controllers\DetailEvent))
 8 SYSTEMPATH\CodeIgniter.php(368): CodeIgniter\CodeIgniter->handleRequest(null, Object(Config\Cache), false)
 9 FCPATH\index.php(67): CodeIgniter\CodeIgniter->run()
10 SYSTEMPATH\Commands\Server\rewrite.php(47): require_once('D:\\TUGAS\\KULIAH\\P2MW\\hehe\\gohitfinal\\public\\index.php')
INFO - 2025-05-22 08:57:51 --> Session: Class initialized using 'CodeIgniter\Session\Handlers\FileHandler' driver.
INFO - 2025-05-22 08:57:51 --> Session: Class initialized using 'CodeIgniter\Session\Handlers\FileHandler' driver.
CRITICAL - 2025-05-22 08:57:51 --> Undefined variable $tgl
in APPPATH\Views\detaileventp.php on line 24.
 1 APPPATH\Views\detaileventp.php(24): CodeIgniter\Debug\Exceptions->errorHandler(2, 'Undefined variable $tgl', 'D:\\TUGAS\\KULIAH\\P2MW\\hehe\\gohitfinal\\app\\Views\\detaileventp.php', 24)
 2 SYSTEMPATH\View\View.php(213): include('D:\\TUGAS\\KULIAH\\P2MW\\hehe\\gohitfinal\\app\\Views\\detaileventp.php')
 3 SYSTEMPATH\View\View.php(216): CodeIgniter\View\View->CodeIgniter\View\{closure}()
 4 SYSTEMPATH\Common.php(1184): CodeIgniter\View\View->render('detaileventp', [], true)
 5 APPPATH\Controllers\DetailEvent.php(481): view('detaileventp', [...])
 6 SYSTEMPATH\CodeIgniter.php(934): App\Controllers\DetailEvent->peserta('css', 'main.css')
 7 SYSTEMPATH\CodeIgniter.php(499): CodeIgniter\CodeIgniter->runController(Object(App\Controllers\DetailEvent))
 8 SYSTEMPATH\CodeIgniter.php(368): CodeIgniter\CodeIgniter->handleRequest(null, Object(Config\Cache), false)
 9 FCPATH\index.php(67): CodeIgniter\CodeIgniter->run()
10 SYSTEMPATH\Commands\Server\rewrite.php(47): require_once('D:\\TUGAS\\KULIAH\\P2MW\\hehe\\gohitfinal\\public\\index.php')
INFO - 2025-05-22 08:57:52 --> Session: Class initialized using 'CodeIgniter\Session\Handlers\FileHandler' driver.
CRITICAL - 2025-05-22 08:57:52 --> Undefined variable $tgl
in APPPATH\Views\detaileventp.php on line 24.
 1 APPPATH\Views\detaileventp.php(24): CodeIgniter\Debug\Exceptions->errorHandler(2, 'Undefined variable $tgl', 'D:\\TUGAS\\KULIAH\\P2MW\\hehe\\gohitfinal\\app\\Views\\detaileventp.php', 24)
 2 SYSTEMPATH\View\View.php(213): include('D:\\TUGAS\\KULIAH\\P2MW\\hehe\\gohitfinal\\app\\Views\\detaileventp.php')
 3 SYSTEMPATH\View\View.php(216): CodeIgniter\View\View->CodeIgniter\View\{closure}()
 4 SYSTEMPATH\Common.php(1184): CodeIgniter\View\View->render('detaileventp', [], true)
 5 APPPATH\Controllers\DetailEvent.php(481): view('detaileventp', [...])
 6 SYSTEMPATH\CodeIgniter.php(934): App\Controllers\DetailEvent->peserta('css', 'style.css')
 7 SYSTEMPATH\CodeIgniter.php(499): CodeIgniter\CodeIgniter->runController(Object(App\Controllers\DetailEvent))
 8 SYSTEMPATH\CodeIgniter.php(368): CodeIgniter\CodeIgniter->handleRequest(null, Object(Config\Cache), false)
 9 FCPATH\index.php(67): CodeIgniter\CodeIgniter->run()
10 SYSTEMPATH\Commands\Server\rewrite.php(47): require_once('D:\\TUGAS\\KULIAH\\P2MW\\hehe\\gohitfinal\\public\\index.php')
INFO - 2025-05-22 08:57:52 --> Session: Class initialized using 'CodeIgniter\Session\Handlers\FileHandler' driver.
CRITICAL - 2025-05-22 08:57:52 --> Undefined variable $tgl
in APPPATH\Views\detaileventp.php on line 24.
 1 APPPATH\Views\detaileventp.php(24): CodeIgniter\Debug\Exceptions->errorHandler(2, 'Undefined variable $tgl', 'D:\\TUGAS\\KULIAH\\P2MW\\hehe\\gohitfinal\\app\\Views\\detaileventp.php', 24)
 2 SYSTEMPATH\View\View.php(213): include('D:\\TUGAS\\KULIAH\\P2MW\\hehe\\gohitfinal\\app\\Views\\detaileventp.php')
 3 SYSTEMPATH\View\View.php(216): CodeIgniter\View\View->CodeIgniter\View\{closure}()
 4 SYSTEMPATH\Common.php(1184): CodeIgniter\View\View->render('detaileventp', [], true)
 5 APPPATH\Controllers\DetailEvent.php(481): view('detaileventp', [...])
 6 SYSTEMPATH\CodeIgniter.php(934): App\Controllers\DetailEvent->peserta('images', 'bg-01.jpg')
 7 SYSTEMPATH\CodeIgniter.php(499): CodeIgniter\CodeIgniter->runController(Object(App\Controllers\DetailEvent))
 8 SYSTEMPATH\CodeIgniter.php(368): CodeIgniter\CodeIgniter->handleRequest(null, Object(Config\Cache), false)
 9 FCPATH\index.php(67): CodeIgniter\CodeIgniter->run()
10 SYSTEMPATH\Commands\Server\rewrite.php(47): require_once('D:\\TUGAS\\KULIAH\\P2MW\\hehe\\gohitfinal\\public\\index.php')
INFO - 2025-05-22 08:57:56 --> Session: Class initialized using 'CodeIgniter\Session\Handlers\FileHandler' driver.
INFO - 2025-05-22 08:57:56 --> Session: Class initialized using 'CodeIgniter\Session\Handlers\FileHandler' driver.
INFO - 2025-05-22 08:57:56 --> Session: Class initialized using 'CodeIgniter\Session\Handlers\FileHandler' driver.
CRITICAL - 2025-05-22 08:57:56 --> Undefined variable $tgl
in APPPATH\Views\detaileventp.php on line 24.
 1 APPPATH\Views\detaileventp.php(24): CodeIgniter\Debug\Exceptions->errorHandler(2, 'Undefined variable $tgl', 'D:\\TUGAS\\KULIAH\\P2MW\\hehe\\gohitfinal\\app\\Views\\detaileventp.php', 24)
 2 SYSTEMPATH\View\View.php(213): include('D:\\TUGAS\\KULIAH\\P2MW\\hehe\\gohitfinal\\app\\Views\\detaileventp.php')
 3 SYSTEMPATH\View\View.php(216): CodeIgniter\View\View->CodeIgniter\View\{closure}()
 4 SYSTEMPATH\Common.php(1184): CodeIgniter\View\View->render('detaileventp', [], true)
 5 APPPATH\Controllers\DetailEvent.php(481): view('detaileventp', [...])
 6 SYSTEMPATH\CodeIgniter.php(934): App\Controllers\DetailEvent->peserta('css', 'main.css')
 7 SYSTEMPATH\CodeIgniter.php(499): CodeIgniter\CodeIgniter->runController(Object(App\Controllers\DetailEvent))
 8 SYSTEMPATH\CodeIgniter.php(368): CodeIgniter\CodeIgniter->handleRequest(null, Object(Config\Cache), false)
 9 FCPATH\index.php(67): CodeIgniter\CodeIgniter->run()
10 SYSTEMPATH\Commands\Server\rewrite.php(47): require_once('D:\\TUGAS\\KULIAH\\P2MW\\hehe\\gohitfinal\\public\\index.php')
INFO - 2025-05-22 08:57:57 --> Session: Class initialized using 'CodeIgniter\Session\Handlers\FileHandler' driver.
CRITICAL - 2025-05-22 08:57:57 --> Undefined variable $tgl
in APPPATH\Views\detaileventp.php on line 24.
 1 APPPATH\Views\detaileventp.php(24): CodeIgniter\Debug\Exceptions->errorHandler(2, 'Undefined variable $tgl', 'D:\\TUGAS\\KULIAH\\P2MW\\hehe\\gohitfinal\\app\\Views\\detaileventp.php', 24)
 2 SYSTEMPATH\View\View.php(213): include('D:\\TUGAS\\KULIAH\\P2MW\\hehe\\gohitfinal\\app\\Views\\detaileventp.php')
 3 SYSTEMPATH\View\View.php(216): CodeIgniter\View\View->CodeIgniter\View\{closure}()
 4 SYSTEMPATH\Common.php(1184): CodeIgniter\View\View->render('detaileventp', [], true)
 5 APPPATH\Controllers\DetailEvent.php(481): view('detaileventp', [...])
 6 SYSTEMPATH\CodeIgniter.php(934): App\Controllers\DetailEvent->peserta('css', 'style.css')
 7 SYSTEMPATH\CodeIgniter.php(499): CodeIgniter\CodeIgniter->runController(Object(App\Controllers\DetailEvent))
 8 SYSTEMPATH\CodeIgniter.php(368): CodeIgniter\CodeIgniter->handleRequest(null, Object(Config\Cache), false)
 9 FCPATH\index.php(67): CodeIgniter\CodeIgniter->run()
10 SYSTEMPATH\Commands\Server\rewrite.php(47): require_once('D:\\TUGAS\\KULIAH\\P2MW\\hehe\\gohitfinal\\public\\index.php')
INFO - 2025-05-22 08:57:57 --> Session: Class initialized using 'CodeIgniter\Session\Handlers\FileHandler' driver.
CRITICAL - 2025-05-22 08:57:57 --> Undefined variable $tgl
in APPPATH\Views\detaileventp.php on line 24.
 1 APPPATH\Views\detaileventp.php(24): CodeIgniter\Debug\Exceptions->errorHandler(2, 'Undefined variable $tgl', 'D:\\TUGAS\\KULIAH\\P2MW\\hehe\\gohitfinal\\app\\Views\\detaileventp.php', 24)
 2 SYSTEMPATH\View\View.php(213): include('D:\\TUGAS\\KULIAH\\P2MW\\hehe\\gohitfinal\\app\\Views\\detaileventp.php')
 3 SYSTEMPATH\View\View.php(216): CodeIgniter\View\View->CodeIgniter\View\{closure}()
 4 SYSTEMPATH\Common.php(1184): CodeIgniter\View\View->render('detaileventp', [], true)
 5 APPPATH\Controllers\DetailEvent.php(481): view('detaileventp', [...])
 6 SYSTEMPATH\CodeIgniter.php(934): App\Controllers\DetailEvent->peserta('images', 'bg-01.jpg')
 7 SYSTEMPATH\CodeIgniter.php(499): CodeIgniter\CodeIgniter->runController(Object(App\Controllers\DetailEvent))
 8 SYSTEMPATH\CodeIgniter.php(368): CodeIgniter\CodeIgniter->handleRequest(null, Object(Config\Cache), false)
 9 FCPATH\index.php(67): CodeIgniter\CodeIgniter->run()
10 SYSTEMPATH\Commands\Server\rewrite.php(47): require_once('D:\\TUGAS\\KULIAH\\P2MW\\hehe\\gohitfinal\\public\\index.php')
INFO - 2025-05-22 09:04:13 --> Session: Class initialized using 'CodeIgniter\Session\Handlers\FileHandler' driver.
INFO - 2025-05-22 09:04:13 --> Session: Class initialized using 'CodeIgniter\Session\Handlers\FileHandler' driver.
INFO - 2025-05-22 09:04:13 --> Session: Class initialized using 'CodeIgniter\Session\Handlers\FileHandler' driver.
CRITICAL - 2025-05-22 09:04:13 --> Undefined variable $tgl
in APPPATH\Views\detaileventp.php on line 24.
 1 APPPATH\Views\detaileventp.php(24): CodeIgniter\Debug\Exceptions->errorHandler(2, 'Undefined variable $tgl', 'D:\\TUGAS\\KULIAH\\P2MW\\hehe\\gohitfinal\\app\\Views\\detaileventp.php', 24)
 2 SYSTEMPATH\View\View.php(213): include('D:\\TUGAS\\KULIAH\\P2MW\\hehe\\gohitfinal\\app\\Views\\detaileventp.php')
 3 SYSTEMPATH\View\View.php(216): CodeIgniter\View\View->CodeIgniter\View\{closure}()
 4 SYSTEMPATH\Common.php(1184): CodeIgniter\View\View->render('detaileventp', [], true)
 5 APPPATH\Controllers\DetailEvent.php(481): view('detaileventp', [...])
 6 SYSTEMPATH\CodeIgniter.php(934): App\Controllers\DetailEvent->peserta('css', 'main.css')
 7 SYSTEMPATH\CodeIgniter.php(499): CodeIgniter\CodeIgniter->runController(Object(App\Controllers\DetailEvent))
 8 SYSTEMPATH\CodeIgniter.php(368): CodeIgniter\CodeIgniter->handleRequest(null, Object(Config\Cache), false)
 9 FCPATH\index.php(67): CodeIgniter\CodeIgniter->run()
10 SYSTEMPATH\Commands\Server\rewrite.php(47): require_once('D:\\TUGAS\\KULIAH\\P2MW\\hehe\\gohitfinal\\public\\index.php')
INFO - 2025-05-22 09:04:13 --> Session: Class initialized using 'CodeIgniter\Session\Handlers\FileHandler' driver.
CRITICAL - 2025-05-22 09:04:13 --> Undefined variable $tgl
in APPPATH\Views\detaileventp.php on line 24.
 1 APPPATH\Views\detaileventp.php(24): CodeIgniter\Debug\Exceptions->errorHandler(2, 'Undefined variable $tgl', 'D:\\TUGAS\\KULIAH\\P2MW\\hehe\\gohitfinal\\app\\Views\\detaileventp.php', 24)
 2 SYSTEMPATH\View\View.php(213): include('D:\\TUGAS\\KULIAH\\P2MW\\hehe\\gohitfinal\\app\\Views\\detaileventp.php')
 3 SYSTEMPATH\View\View.php(216): CodeIgniter\View\View->CodeIgniter\View\{closure}()
 4 SYSTEMPATH\Common.php(1184): CodeIgniter\View\View->render('detaileventp', [], true)
 5 APPPATH\Controllers\DetailEvent.php(481): view('detaileventp', [...])
 6 SYSTEMPATH\CodeIgniter.php(934): App\Controllers\DetailEvent->peserta('css', 'style.css')
 7 SYSTEMPATH\CodeIgniter.php(499): CodeIgniter\CodeIgniter->runController(Object(App\Controllers\DetailEvent))
 8 SYSTEMPATH\CodeIgniter.php(368): CodeIgniter\CodeIgniter->handleRequest(null, Object(Config\Cache), false)
 9 FCPATH\index.php(67): CodeIgniter\CodeIgniter->run()
10 SYSTEMPATH\Commands\Server\rewrite.php(47): require_once('D:\\TUGAS\\KULIAH\\P2MW\\hehe\\gohitfinal\\public\\index.php')
INFO - 2025-05-22 09:04:13 --> Session: Class initialized using 'CodeIgniter\Session\Handlers\FileHandler' driver.
CRITICAL - 2025-05-22 09:04:13 --> Undefined variable $tgl
in APPPATH\Views\detaileventp.php on line 24.
 1 APPPATH\Views\detaileventp.php(24): CodeIgniter\Debug\Exceptions->errorHandler(2, 'Undefined variable $tgl', 'D:\\TUGAS\\KULIAH\\P2MW\\hehe\\gohitfinal\\app\\Views\\detaileventp.php', 24)
 2 SYSTEMPATH\View\View.php(213): include('D:\\TUGAS\\KULIAH\\P2MW\\hehe\\gohitfinal\\app\\Views\\detaileventp.php')
 3 SYSTEMPATH\View\View.php(216): CodeIgniter\View\View->CodeIgniter\View\{closure}()
 4 SYSTEMPATH\Common.php(1184): CodeIgniter\View\View->render('detaileventp', [], true)
 5 APPPATH\Controllers\DetailEvent.php(481): view('detaileventp', [...])
 6 SYSTEMPATH\CodeIgniter.php(934): App\Controllers\DetailEvent->peserta('images', 'bg-01.jpg')
 7 SYSTEMPATH\CodeIgniter.php(499): CodeIgniter\CodeIgniter->runController(Object(App\Controllers\DetailEvent))
 8 SYSTEMPATH\CodeIgniter.php(368): CodeIgniter\CodeIgniter->handleRequest(null, Object(Config\Cache), false)
 9 FCPATH\index.php(67): CodeIgniter\CodeIgniter->run()
10 SYSTEMPATH\Commands\Server\rewrite.php(47): require_once('D:\\TUGAS\\KULIAH\\P2MW\\hehe\\gohitfinal\\public\\index.php')
INFO - 2025-05-22 09:04:29 --> Session: Class initialized using 'CodeIgniter\Session\Handlers\FileHandler' driver.
INFO - 2025-05-22 09:04:29 --> Session: Class initialized using 'CodeIgniter\Session\Handlers\FileHandler' driver.
INFO - 2025-05-22 09:04:30 --> Session: Class initialized using 'CodeIgniter\Session\Handlers\FileHandler' driver.
CRITICAL - 2025-05-22 09:04:30 --> Undefined variable $tgl
in APPPATH\Views\detaileventp.php on line 24.
 1 APPPATH\Views\detaileventp.php(24): CodeIgniter\Debug\Exceptions->errorHandler(2, 'Undefined variable $tgl', 'D:\\TUGAS\\KULIAH\\P2MW\\hehe\\gohitfinal\\app\\Views\\detaileventp.php', 24)
 2 SYSTEMPATH\View\View.php(213): include('D:\\TUGAS\\KULIAH\\P2MW\\hehe\\gohitfinal\\app\\Views\\detaileventp.php')
 3 SYSTEMPATH\View\View.php(216): CodeIgniter\View\View->CodeIgniter\View\{closure}()
 4 SYSTEMPATH\Common.php(1184): CodeIgniter\View\View->render('detaileventp', [], true)
 5 APPPATH\Controllers\DetailEvent.php(481): view('detaileventp', [...])
 6 SYSTEMPATH\CodeIgniter.php(934): App\Controllers\DetailEvent->peserta('css', 'main.css')
 7 SYSTEMPATH\CodeIgniter.php(499): CodeIgniter\CodeIgniter->runController(Object(App\Controllers\DetailEvent))
 8 SYSTEMPATH\CodeIgniter.php(368): CodeIgniter\CodeIgniter->handleRequest(null, Object(Config\Cache), false)
 9 FCPATH\index.php(67): CodeIgniter\CodeIgniter->run()
10 SYSTEMPATH\Commands\Server\rewrite.php(47): require_once('D:\\TUGAS\\KULIAH\\P2MW\\hehe\\gohitfinal\\public\\index.php')
INFO - 2025-05-22 09:04:30 --> Session: Class initialized using 'CodeIgniter\Session\Handlers\FileHandler' driver.
CRITICAL - 2025-05-22 09:04:30 --> Undefined variable $tgl
in APPPATH\Views\detaileventp.php on line 24.
 1 APPPATH\Views\detaileventp.php(24): CodeIgniter\Debug\Exceptions->errorHandler(2, 'Undefined variable $tgl', 'D:\\TUGAS\\KULIAH\\P2MW\\hehe\\gohitfinal\\app\\Views\\detaileventp.php', 24)
 2 SYSTEMPATH\View\View.php(213): include('D:\\TUGAS\\KULIAH\\P2MW\\hehe\\gohitfinal\\app\\Views\\detaileventp.php')
 3 SYSTEMPATH\View\View.php(216): CodeIgniter\View\View->CodeIgniter\View\{closure}()
 4 SYSTEMPATH\Common.php(1184): CodeIgniter\View\View->render('detaileventp', [], true)
 5 APPPATH\Controllers\DetailEvent.php(481): view('detaileventp', [...])
 6 SYSTEMPATH\CodeIgniter.php(934): App\Controllers\DetailEvent->peserta('css', 'style.css')
 7 SYSTEMPATH\CodeIgniter.php(499): CodeIgniter\CodeIgniter->runController(Object(App\Controllers\DetailEvent))
 8 SYSTEMPATH\CodeIgniter.php(368): CodeIgniter\CodeIgniter->handleRequest(null, Object(Config\Cache), false)
 9 FCPATH\index.php(67): CodeIgniter\CodeIgniter->run()
10 SYSTEMPATH\Commands\Server\rewrite.php(47): require_once('D:\\TUGAS\\KULIAH\\P2MW\\hehe\\gohitfinal\\public\\index.php')
INFO - 2025-05-22 09:04:30 --> Session: Class initialized using 'CodeIgniter\Session\Handlers\FileHandler' driver.
CRITICAL - 2025-05-22 09:04:30 --> Undefined variable $tgl
in APPPATH\Views\detaileventp.php on line 24.
 1 APPPATH\Views\detaileventp.php(24): CodeIgniter\Debug\Exceptions->errorHandler(2, 'Undefined variable $tgl', 'D:\\TUGAS\\KULIAH\\P2MW\\hehe\\gohitfinal\\app\\Views\\detaileventp.php', 24)
 2 SYSTEMPATH\View\View.php(213): include('D:\\TUGAS\\KULIAH\\P2MW\\hehe\\gohitfinal\\app\\Views\\detaileventp.php')
 3 SYSTEMPATH\View\View.php(216): CodeIgniter\View\View->CodeIgniter\View\{closure}()
 4 SYSTEMPATH\Common.php(1184): CodeIgniter\View\View->render('detaileventp', [], true)
 5 APPPATH\Controllers\DetailEvent.php(481): view('detaileventp', [...])
 6 SYSTEMPATH\CodeIgniter.php(934): App\Controllers\DetailEvent->peserta('images', 'bg-01.jpg')
 7 SYSTEMPATH\CodeIgniter.php(499): CodeIgniter\CodeIgniter->runController(Object(App\Controllers\DetailEvent))
 8 SYSTEMPATH\CodeIgniter.php(368): CodeIgniter\CodeIgniter->handleRequest(null, Object(Config\Cache), false)
 9 FCPATH\index.php(67): CodeIgniter\CodeIgniter->run()
10 SYSTEMPATH\Commands\Server\rewrite.php(47): require_once('D:\\TUGAS\\KULIAH\\P2MW\\hehe\\gohitfinal\\public\\index.php')
INFO - 2025-05-22 09:05:50 --> Session: Class initialized using 'CodeIgniter\Session\Handlers\FileHandler' driver.
INFO - 2025-05-22 09:05:50 --> Session: Class initialized using 'CodeIgniter\Session\Handlers\FileHandler' driver.
CRITICAL - 2025-05-22 09:05:50 --> Undefined variable $tgl
in APPPATH\Views\detaileventp.php on line 24.
 1 APPPATH\Views\detaileventp.php(24): CodeIgniter\Debug\Exceptions->errorHandler(2, 'Undefined variable $tgl', 'D:\\TUGAS\\KULIAH\\P2MW\\hehe\\gohitfinal\\app\\Views\\detaileventp.php', 24)
 2 SYSTEMPATH\View\View.php(213): include('D:\\TUGAS\\KULIAH\\P2MW\\hehe\\gohitfinal\\app\\Views\\detaileventp.php')
 3 SYSTEMPATH\View\View.php(216): CodeIgniter\View\View->CodeIgniter\View\{closure}()
 4 SYSTEMPATH\Common.php(1184): CodeIgniter\View\View->render('detaileventp', [], true)
 5 APPPATH\Controllers\DetailEvent.php(481): view('detaileventp', [...])
 6 SYSTEMPATH\CodeIgniter.php(934): App\Controllers\DetailEvent->peserta('css', 'main.css')
 7 SYSTEMPATH\CodeIgniter.php(499): CodeIgniter\CodeIgniter->runController(Object(App\Controllers\DetailEvent))
 8 SYSTEMPATH\CodeIgniter.php(368): CodeIgniter\CodeIgniter->handleRequest(null, Object(Config\Cache), false)
 9 FCPATH\index.php(67): CodeIgniter\CodeIgniter->run()
10 SYSTEMPATH\Commands\Server\rewrite.php(47): require_once('D:\\TUGAS\\KULIAH\\P2MW\\hehe\\gohitfinal\\public\\index.php')
INFO - 2025-05-22 09:05:51 --> Session: Class initialized using 'CodeIgniter\Session\Handlers\FileHandler' driver.
CRITICAL - 2025-05-22 09:05:51 --> Undefined variable $tgl
in APPPATH\Views\detaileventp.php on line 24.
 1 APPPATH\Views\detaileventp.php(24): CodeIgniter\Debug\Exceptions->errorHandler(2, 'Undefined variable $tgl', 'D:\\TUGAS\\KULIAH\\P2MW\\hehe\\gohitfinal\\app\\Views\\detaileventp.php', 24)
 2 SYSTEMPATH\View\View.php(213): include('D:\\TUGAS\\KULIAH\\P2MW\\hehe\\gohitfinal\\app\\Views\\detaileventp.php')
 3 SYSTEMPATH\View\View.php(216): CodeIgniter\View\View->CodeIgniter\View\{closure}()
 4 SYSTEMPATH\Common.php(1184): CodeIgniter\View\View->render('detaileventp', [], true)
 5 APPPATH\Controllers\DetailEvent.php(481): view('detaileventp', [...])
 6 SYSTEMPATH\CodeIgniter.php(934): App\Controllers\DetailEvent->peserta('css', 'style.css')
 7 SYSTEMPATH\CodeIgniter.php(499): CodeIgniter\CodeIgniter->runController(Object(App\Controllers\DetailEvent))
 8 SYSTEMPATH\CodeIgniter.php(368): CodeIgniter\CodeIgniter->handleRequest(null, Object(Config\Cache), false)
 9 FCPATH\index.php(67): CodeIgniter\CodeIgniter->run()
10 SYSTEMPATH\Commands\Server\rewrite.php(47): require_once('D:\\TUGAS\\KULIAH\\P2MW\\hehe\\gohitfinal\\public\\index.php')
INFO - 2025-05-22 09:05:51 --> Session: Class initialized using 'CodeIgniter\Session\Handlers\FileHandler' driver.
CRITICAL - 2025-05-22 09:05:51 --> Undefined variable $tgl
in APPPATH\Views\detaileventp.php on line 24.
 1 APPPATH\Views\detaileventp.php(24): CodeIgniter\Debug\Exceptions->errorHandler(2, 'Undefined variable $tgl', 'D:\\TUGAS\\KULIAH\\P2MW\\hehe\\gohitfinal\\app\\Views\\detaileventp.php', 24)
 2 SYSTEMPATH\View\View.php(213): include('D:\\TUGAS\\KULIAH\\P2MW\\hehe\\gohitfinal\\app\\Views\\detaileventp.php')
 3 SYSTEMPATH\View\View.php(216): CodeIgniter\View\View->CodeIgniter\View\{closure}()
 4 SYSTEMPATH\Common.php(1184): CodeIgniter\View\View->render('detaileventp', [], true)
 5 APPPATH\Controllers\DetailEvent.php(481): view('detaileventp', [...])
 6 SYSTEMPATH\CodeIgniter.php(934): App\Controllers\DetailEvent->peserta('images', 'bg-01.jpg')
 7 SYSTEMPATH\CodeIgniter.php(499): CodeIgniter\CodeIgniter->runController(Object(App\Controllers\DetailEvent))
 8 SYSTEMPATH\CodeIgniter.php(368): CodeIgniter\CodeIgniter->handleRequest(null, Object(Config\Cache), false)
 9 FCPATH\index.php(67): CodeIgniter\CodeIgniter->run()
10 SYSTEMPATH\Commands\Server\rewrite.php(47): require_once('D:\\TUGAS\\KULIAH\\P2MW\\hehe\\gohitfinal\\public\\index.php')
INFO - 2025-05-22 09:05:53 --> Session: Class initialized using 'CodeIgniter\Session\Handlers\FileHandler' driver.
INFO - 2025-05-22 09:05:53 --> Session: Class initialized using 'CodeIgniter\Session\Handlers\FileHandler' driver.
INFO - 2025-05-22 09:05:53 --> Session: Class initialized using 'CodeIgniter\Session\Handlers\FileHandler' driver.
CRITICAL - 2025-05-22 09:05:53 --> Undefined variable $tgl
in APPPATH\Views\detaileventp.php on line 24.
 1 APPPATH\Views\detaileventp.php(24): CodeIgniter\Debug\Exceptions->errorHandler(2, 'Undefined variable $tgl', 'D:\\TUGAS\\KULIAH\\P2MW\\hehe\\gohitfinal\\app\\Views\\detaileventp.php', 24)
 2 SYSTEMPATH\View\View.php(213): include('D:\\TUGAS\\KULIAH\\P2MW\\hehe\\gohitfinal\\app\\Views\\detaileventp.php')
 3 SYSTEMPATH\View\View.php(216): CodeIgniter\View\View->CodeIgniter\View\{closure}()
 4 SYSTEMPATH\Common.php(1184): CodeIgniter\View\View->render('detaileventp', [], true)
 5 APPPATH\Controllers\DetailEvent.php(481): view('detaileventp', [...])
 6 SYSTEMPATH\CodeIgniter.php(934): App\Controllers\DetailEvent->peserta('css', 'main.css')
 7 SYSTEMPATH\CodeIgniter.php(499): CodeIgniter\CodeIgniter->runController(Object(App\Controllers\DetailEvent))
 8 SYSTEMPATH\CodeIgniter.php(368): CodeIgniter\CodeIgniter->handleRequest(null, Object(Config\Cache), false)
 9 FCPATH\index.php(67): CodeIgniter\CodeIgniter->run()
10 SYSTEMPATH\Commands\Server\rewrite.php(47): require_once('D:\\TUGAS\\KULIAH\\P2MW\\hehe\\gohitfinal\\public\\index.php')
INFO - 2025-05-22 09:05:53 --> Session: Class initialized using 'CodeIgniter\Session\Handlers\FileHandler' driver.
CRITICAL - 2025-05-22 09:05:54 --> Undefined variable $tgl
in APPPATH\Views\detaileventp.php on line 24.
 1 APPPATH\Views\detaileventp.php(24): CodeIgniter\Debug\Exceptions->errorHandler(2, 'Undefined variable $tgl', 'D:\\TUGAS\\KULIAH\\P2MW\\hehe\\gohitfinal\\app\\Views\\detaileventp.php', 24)
 2 SYSTEMPATH\View\View.php(213): include('D:\\TUGAS\\KULIAH\\P2MW\\hehe\\gohitfinal\\app\\Views\\detaileventp.php')
 3 SYSTEMPATH\View\View.php(216): CodeIgniter\View\View->CodeIgniter\View\{closure}()
 4 SYSTEMPATH\Common.php(1184): CodeIgniter\View\View->render('detaileventp', [], true)
 5 APPPATH\Controllers\DetailEvent.php(481): view('detaileventp', [...])
 6 SYSTEMPATH\CodeIgniter.php(934): App\Controllers\DetailEvent->peserta('css', 'style.css')
 7 SYSTEMPATH\CodeIgniter.php(499): CodeIgniter\CodeIgniter->runController(Object(App\Controllers\DetailEvent))
 8 SYSTEMPATH\CodeIgniter.php(368): CodeIgniter\CodeIgniter->handleRequest(null, Object(Config\Cache), false)
 9 FCPATH\index.php(67): CodeIgniter\CodeIgniter->run()
10 SYSTEMPATH\Commands\Server\rewrite.php(47): require_once('D:\\TUGAS\\KULIAH\\P2MW\\hehe\\gohitfinal\\public\\index.php')
INFO - 2025-05-22 09:05:54 --> Session: Class initialized using 'CodeIgniter\Session\Handlers\FileHandler' driver.
CRITICAL - 2025-05-22 09:05:54 --> Undefined variable $tgl
in APPPATH\Views\detaileventp.php on line 24.
 1 APPPATH\Views\detaileventp.php(24): CodeIgniter\Debug\Exceptions->errorHandler(2, 'Undefined variable $tgl', 'D:\\TUGAS\\KULIAH\\P2MW\\hehe\\gohitfinal\\app\\Views\\detaileventp.php', 24)
 2 SYSTEMPATH\View\View.php(213): include('D:\\TUGAS\\KULIAH\\P2MW\\hehe\\gohitfinal\\app\\Views\\detaileventp.php')
 3 SYSTEMPATH\View\View.php(216): CodeIgniter\View\View->CodeIgniter\View\{closure}()
 4 SYSTEMPATH\Common.php(1184): CodeIgniter\View\View->render('detaileventp', [], true)
 5 APPPATH\Controllers\DetailEvent.php(481): view('detaileventp', [...])
 6 SYSTEMPATH\CodeIgniter.php(934): App\Controllers\DetailEvent->peserta('images', 'bg-01.jpg')
 7 SYSTEMPATH\CodeIgniter.php(499): CodeIgniter\CodeIgniter->runController(Object(App\Controllers\DetailEvent))
 8 SYSTEMPATH\CodeIgniter.php(368): CodeIgniter\CodeIgniter->handleRequest(null, Object(Config\Cache), false)
 9 FCPATH\index.php(67): CodeIgniter\CodeIgniter->run()
10 SYSTEMPATH\Commands\Server\rewrite.php(47): require_once('D:\\TUGAS\\KULIAH\\P2MW\\hehe\\gohitfinal\\public\\index.php')
INFO - 2025-05-22 09:07:07 --> Session: Class initialized using 'CodeIgniter\Session\Handlers\FileHandler' driver.
INFO - 2025-05-22 09:07:08 --> Session: Class initialized using 'CodeIgniter\Session\Handlers\FileHandler' driver.
INFO - 2025-05-22 09:07:08 --> Session: Class initialized using 'CodeIgniter\Session\Handlers\FileHandler' driver.
CRITICAL - 2025-05-22 09:07:08 --> Undefined variable $tgl
in APPPATH\Views\detaileventp.php on line 24.
 1 APPPATH\Views\detaileventp.php(24): CodeIgniter\Debug\Exceptions->errorHandler(2, 'Undefined variable $tgl', 'D:\\TUGAS\\KULIAH\\P2MW\\hehe\\gohitfinal\\app\\Views\\detaileventp.php', 24)
 2 SYSTEMPATH\View\View.php(213): include('D:\\TUGAS\\KULIAH\\P2MW\\hehe\\gohitfinal\\app\\Views\\detaileventp.php')
 3 SYSTEMPATH\View\View.php(216): CodeIgniter\View\View->CodeIgniter\View\{closure}()
 4 SYSTEMPATH\Common.php(1184): CodeIgniter\View\View->render('detaileventp', [], true)
 5 APPPATH\Controllers\DetailEvent.php(481): view('detaileventp', [...])
 6 SYSTEMPATH\CodeIgniter.php(934): App\Controllers\DetailEvent->peserta('css', 'main.css')
 7 SYSTEMPATH\CodeIgniter.php(499): CodeIgniter\CodeIgniter->runController(Object(App\Controllers\DetailEvent))
 8 SYSTEMPATH\CodeIgniter.php(368): CodeIgniter\CodeIgniter->handleRequest(null, Object(Config\Cache), false)
 9 FCPATH\index.php(67): CodeIgniter\CodeIgniter->run()
10 SYSTEMPATH\Commands\Server\rewrite.php(47): require_once('D:\\TUGAS\\KULIAH\\P2MW\\hehe\\gohitfinal\\public\\index.php')
INFO - 2025-05-22 09:07:08 --> Session: Class initialized using 'CodeIgniter\Session\Handlers\FileHandler' driver.
CRITICAL - 2025-05-22 09:07:08 --> Undefined variable $tgl
in APPPATH\Views\detaileventp.php on line 24.
 1 APPPATH\Views\detaileventp.php(24): CodeIgniter\Debug\Exceptions->errorHandler(2, 'Undefined variable $tgl', 'D:\\TUGAS\\KULIAH\\P2MW\\hehe\\gohitfinal\\app\\Views\\detaileventp.php', 24)
 2 SYSTEMPATH\View\View.php(213): include('D:\\TUGAS\\KULIAH\\P2MW\\hehe\\gohitfinal\\app\\Views\\detaileventp.php')
 3 SYSTEMPATH\View\View.php(216): CodeIgniter\View\View->CodeIgniter\View\{closure}()
 4 SYSTEMPATH\Common.php(1184): CodeIgniter\View\View->render('detaileventp', [], true)
 5 APPPATH\Controllers\DetailEvent.php(481): view('detaileventp', [...])
 6 SYSTEMPATH\CodeIgniter.php(934): App\Controllers\DetailEvent->peserta('css', 'style.css')
 7 SYSTEMPATH\CodeIgniter.php(499): CodeIgniter\CodeIgniter->runController(Object(App\Controllers\DetailEvent))
 8 SYSTEMPATH\CodeIgniter.php(368): CodeIgniter\CodeIgniter->handleRequest(null, Object(Config\Cache), false)
 9 FCPATH\index.php(67): CodeIgniter\CodeIgniter->run()
10 SYSTEMPATH\Commands\Server\rewrite.php(47): require_once('D:\\TUGAS\\KULIAH\\P2MW\\hehe\\gohitfinal\\public\\index.php')
INFO - 2025-05-22 09:07:08 --> Session: Class initialized using 'CodeIgniter\Session\Handlers\FileHandler' driver.
CRITICAL - 2025-05-22 09:07:08 --> Undefined variable $tgl
in APPPATH\Views\detaileventp.php on line 24.
 1 APPPATH\Views\detaileventp.php(24): CodeIgniter\Debug\Exceptions->errorHandler(2, 'Undefined variable $tgl', 'D:\\TUGAS\\KULIAH\\P2MW\\hehe\\gohitfinal\\app\\Views\\detaileventp.php', 24)
 2 SYSTEMPATH\View\View.php(213): include('D:\\TUGAS\\KULIAH\\P2MW\\hehe\\gohitfinal\\app\\Views\\detaileventp.php')
 3 SYSTEMPATH\View\View.php(216): CodeIgniter\View\View->CodeIgniter\View\{closure}()
 4 SYSTEMPATH\Common.php(1184): CodeIgniter\View\View->render('detaileventp', [], true)
 5 APPPATH\Controllers\DetailEvent.php(481): view('detaileventp', [...])
 6 SYSTEMPATH\CodeIgniter.php(934): App\Controllers\DetailEvent->peserta('images', 'bg-01.jpg')
 7 SYSTEMPATH\CodeIgniter.php(499): CodeIgniter\CodeIgniter->runController(Object(App\Controllers\DetailEvent))
 8 SYSTEMPATH\CodeIgniter.php(368): CodeIgniter\CodeIgniter->handleRequest(null, Object(Config\Cache), false)
 9 FCPATH\index.php(67): CodeIgniter\CodeIgniter->run()
10 SYSTEMPATH\Commands\Server\rewrite.php(47): require_once('D:\\TUGAS\\KULIAH\\P2MW\\hehe\\gohitfinal\\public\\index.php')
INFO - 2025-05-22 09:13:37 --> Session: Class initialized using 'CodeIgniter\Session\Handlers\FileHandler' driver.
INFO - 2025-05-22 09:13:37 --> Session: Class initialized using 'CodeIgniter\Session\Handlers\FileHandler' driver.
CRITICAL - 2025-05-22 09:13:37 --> Undefined variable $tgl
in APPPATH\Views\detaileventp.php on line 24.
 1 APPPATH\Views\detaileventp.php(24): CodeIgniter\Debug\Exceptions->errorHandler(2, 'Undefined variable $tgl', 'D:\\TUGAS\\KULIAH\\P2MW\\hehe\\gohitfinal\\app\\Views\\detaileventp.php', 24)
 2 SYSTEMPATH\View\View.php(213): include('D:\\TUGAS\\KULIAH\\P2MW\\hehe\\gohitfinal\\app\\Views\\detaileventp.php')
 3 SYSTEMPATH\View\View.php(216): CodeIgniter\View\View->CodeIgniter\View\{closure}()
 4 SYSTEMPATH\Common.php(1184): CodeIgniter\View\View->render('detaileventp', [], true)
 5 APPPATH\Controllers\DetailEvent.php(481): view('detaileventp', [...])
 6 SYSTEMPATH\CodeIgniter.php(934): App\Controllers\DetailEvent->peserta('css', 'main.css')
 7 SYSTEMPATH\CodeIgniter.php(499): CodeIgniter\CodeIgniter->runController(Object(App\Controllers\DetailEvent))
 8 SYSTEMPATH\CodeIgniter.php(368): CodeIgniter\CodeIgniter->handleRequest(null, Object(Config\Cache), false)
 9 FCPATH\index.php(67): CodeIgniter\CodeIgniter->run()
10 SYSTEMPATH\Commands\Server\rewrite.php(47): require_once('D:\\TUGAS\\KULIAH\\P2MW\\hehe\\gohitfinal\\public\\index.php')
INFO - 2025-05-22 09:13:37 --> Session: Class initialized using 'CodeIgniter\Session\Handlers\FileHandler' driver.
CRITICAL - 2025-05-22 09:13:37 --> Undefined variable $tgl
in APPPATH\Views\detaileventp.php on line 24.
 1 APPPATH\Views\detaileventp.php(24): CodeIgniter\Debug\Exceptions->errorHandler(2, 'Undefined variable $tgl', 'D:\\TUGAS\\KULIAH\\P2MW\\hehe\\gohitfinal\\app\\Views\\detaileventp.php', 24)
 2 SYSTEMPATH\View\View.php(213): include('D:\\TUGAS\\KULIAH\\P2MW\\hehe\\gohitfinal\\app\\Views\\detaileventp.php')
 3 SYSTEMPATH\View\View.php(216): CodeIgniter\View\View->CodeIgniter\View\{closure}()
 4 SYSTEMPATH\Common.php(1184): CodeIgniter\View\View->render('detaileventp', [], true)
 5 APPPATH\Controllers\DetailEvent.php(481): view('detaileventp', [...])
 6 SYSTEMPATH\CodeIgniter.php(934): App\Controllers\DetailEvent->peserta('css', 'style.css')
 7 SYSTEMPATH\CodeIgniter.php(499): CodeIgniter\CodeIgniter->runController(Object(App\Controllers\DetailEvent))
 8 SYSTEMPATH\CodeIgniter.php(368): CodeIgniter\CodeIgniter->handleRequest(null, Object(Config\Cache), false)
 9 FCPATH\index.php(67): CodeIgniter\CodeIgniter->run()
10 SYSTEMPATH\Commands\Server\rewrite.php(47): require_once('D:\\TUGAS\\KULIAH\\P2MW\\hehe\\gohitfinal\\public\\index.php')
INFO - 2025-05-22 09:13:37 --> Session: Class initialized using 'CodeIgniter\Session\Handlers\FileHandler' driver.
CRITICAL - 2025-05-22 09:13:37 --> Undefined variable $tgl
in APPPATH\Views\detaileventp.php on line 24.
 1 APPPATH\Views\detaileventp.php(24): CodeIgniter\Debug\Exceptions->errorHandler(2, 'Undefined variable $tgl', 'D:\\TUGAS\\KULIAH\\P2MW\\hehe\\gohitfinal\\app\\Views\\detaileventp.php', 24)
 2 SYSTEMPATH\View\View.php(213): include('D:\\TUGAS\\KULIAH\\P2MW\\hehe\\gohitfinal\\app\\Views\\detaileventp.php')
 3 SYSTEMPATH\View\View.php(216): CodeIgniter\View\View->CodeIgniter\View\{closure}()
 4 SYSTEMPATH\Common.php(1184): CodeIgniter\View\View->render('detaileventp', [], true)
 5 APPPATH\Controllers\DetailEvent.php(481): view('detaileventp', [...])
 6 SYSTEMPATH\CodeIgniter.php(934): App\Controllers\DetailEvent->peserta('images', 'bg-01.jpg')
 7 SYSTEMPATH\CodeIgniter.php(499): CodeIgniter\CodeIgniter->runController(Object(App\Controllers\DetailEvent))
 8 SYSTEMPATH\CodeIgniter.php(368): CodeIgniter\CodeIgniter->handleRequest(null, Object(Config\Cache), false)
 9 FCPATH\index.php(67): CodeIgniter\CodeIgniter->run()
10 SYSTEMPATH\Commands\Server\rewrite.php(47): require_once('D:\\TUGAS\\KULIAH\\P2MW\\hehe\\gohitfinal\\public\\index.php')
INFO - 2025-05-22 09:13:40 --> Session: Class initialized using 'CodeIgniter\Session\Handlers\FileHandler' driver.
INFO - 2025-05-22 09:13:41 --> Session: Class initialized using 'CodeIgniter\Session\Handlers\FileHandler' driver.
INFO - 2025-05-22 09:13:41 --> Session: Class initialized using 'CodeIgniter\Session\Handlers\FileHandler' driver.
CRITICAL - 2025-05-22 09:13:41 --> Undefined variable $tgl
in APPPATH\Views\detaileventp.php on line 24.
 1 APPPATH\Views\detaileventp.php(24): CodeIgniter\Debug\Exceptions->errorHandler(2, 'Undefined variable $tgl', 'D:\\TUGAS\\KULIAH\\P2MW\\hehe\\gohitfinal\\app\\Views\\detaileventp.php', 24)
 2 SYSTEMPATH\View\View.php(213): include('D:\\TUGAS\\KULIAH\\P2MW\\hehe\\gohitfinal\\app\\Views\\detaileventp.php')
 3 SYSTEMPATH\View\View.php(216): CodeIgniter\View\View->CodeIgniter\View\{closure}()
 4 SYSTEMPATH\Common.php(1184): CodeIgniter\View\View->render('detaileventp', [], true)
 5 APPPATH\Controllers\DetailEvent.php(481): view('detaileventp', [...])
 6 SYSTEMPATH\CodeIgniter.php(934): App\Controllers\DetailEvent->peserta('css', 'main.css')
 7 SYSTEMPATH\CodeIgniter.php(499): CodeIgniter\CodeIgniter->runController(Object(App\Controllers\DetailEvent))
 8 SYSTEMPATH\CodeIgniter.php(368): CodeIgniter\CodeIgniter->handleRequest(null, Object(Config\Cache), false)
 9 FCPATH\index.php(67): CodeIgniter\CodeIgniter->run()
10 SYSTEMPATH\Commands\Server\rewrite.php(47): require_once('D:\\TUGAS\\KULIAH\\P2MW\\hehe\\gohitfinal\\public\\index.php')
INFO - 2025-05-22 09:13:41 --> Session: Class initialized using 'CodeIgniter\Session\Handlers\FileHandler' driver.
CRITICAL - 2025-05-22 09:13:41 --> Undefined variable $tgl
in APPPATH\Views\detaileventp.php on line 24.
 1 APPPATH\Views\detaileventp.php(24): CodeIgniter\Debug\Exceptions->errorHandler(2, 'Undefined variable $tgl', 'D:\\TUGAS\\KULIAH\\P2MW\\hehe\\gohitfinal\\app\\Views\\detaileventp.php', 24)
 2 SYSTEMPATH\View\View.php(213): include('D:\\TUGAS\\KULIAH\\P2MW\\hehe\\gohitfinal\\app\\Views\\detaileventp.php')
 3 SYSTEMPATH\View\View.php(216): CodeIgniter\View\View->CodeIgniter\View\{closure}()
 4 SYSTEMPATH\Common.php(1184): CodeIgniter\View\View->render('detaileventp', [], true)
 5 APPPATH\Controllers\DetailEvent.php(481): view('detaileventp', [...])
 6 SYSTEMPATH\CodeIgniter.php(934): App\Controllers\DetailEvent->peserta('css', 'style.css')
 7 SYSTEMPATH\CodeIgniter.php(499): CodeIgniter\CodeIgniter->runController(Object(App\Controllers\DetailEvent))
 8 SYSTEMPATH\CodeIgniter.php(368): CodeIgniter\CodeIgniter->handleRequest(null, Object(Config\Cache), false)
 9 FCPATH\index.php(67): CodeIgniter\CodeIgniter->run()
10 SYSTEMPATH\Commands\Server\rewrite.php(47): require_once('D:\\TUGAS\\KULIAH\\P2MW\\hehe\\gohitfinal\\public\\index.php')
INFO - 2025-05-22 09:13:41 --> Session: Class initialized using 'CodeIgniter\Session\Handlers\FileHandler' driver.
CRITICAL - 2025-05-22 09:13:41 --> Undefined variable $tgl
in APPPATH\Views\detaileventp.php on line 24.
 1 APPPATH\Views\detaileventp.php(24): CodeIgniter\Debug\Exceptions->errorHandler(2, 'Undefined variable $tgl', 'D:\\TUGAS\\KULIAH\\P2MW\\hehe\\gohitfinal\\app\\Views\\detaileventp.php', 24)
 2 SYSTEMPATH\View\View.php(213): include('D:\\TUGAS\\KULIAH\\P2MW\\hehe\\gohitfinal\\app\\Views\\detaileventp.php')
 3 SYSTEMPATH\View\View.php(216): CodeIgniter\View\View->CodeIgniter\View\{closure}()
 4 SYSTEMPATH\Common.php(1184): CodeIgniter\View\View->render('detaileventp', [], true)
 5 APPPATH\Controllers\DetailEvent.php(481): view('detaileventp', [...])
 6 SYSTEMPATH\CodeIgniter.php(934): App\Controllers\DetailEvent->peserta('images', 'bg-01.jpg')
 7 SYSTEMPATH\CodeIgniter.php(499): CodeIgniter\CodeIgniter->runController(Object(App\Controllers\DetailEvent))
 8 SYSTEMPATH\CodeIgniter.php(368): CodeIgniter\CodeIgniter->handleRequest(null, Object(Config\Cache), false)
 9 FCPATH\index.php(67): CodeIgniter\CodeIgniter->run()
10 SYSTEMPATH\Commands\Server\rewrite.php(47): require_once('D:\\TUGAS\\KULIAH\\P2MW\\hehe\\gohitfinal\\public\\index.php')
INFO - 2025-05-22 09:20:20 --> Session: Class initialized using 'CodeIgniter\Session\Handlers\FileHandler' driver.
INFO - 2025-05-22 09:20:20 --> Session: Class initialized using 'CodeIgniter\Session\Handlers\FileHandler' driver.
INFO - 2025-05-22 09:20:20 --> Session: Class initialized using 'CodeIgniter\Session\Handlers\FileHandler' driver.
CRITICAL - 2025-05-22 09:20:20 --> Undefined variable $tgl
in APPPATH\Views\detaileventp.php on line 24.
 1 APPPATH\Views\detaileventp.php(24): CodeIgniter\Debug\Exceptions->errorHandler(2, 'Undefined variable $tgl', 'D:\\TUGAS\\KULIAH\\P2MW\\hehe\\gohitfinal\\app\\Views\\detaileventp.php', 24)
 2 SYSTEMPATH\View\View.php(213): include('D:\\TUGAS\\KULIAH\\P2MW\\hehe\\gohitfinal\\app\\Views\\detaileventp.php')
 3 SYSTEMPATH\View\View.php(216): CodeIgniter\View\View->CodeIgniter\View\{closure}()
 4 SYSTEMPATH\Common.php(1184): CodeIgniter\View\View->render('detaileventp', [], true)
 5 APPPATH\Controllers\DetailEvent.php(481): view('detaileventp', [...])
 6 SYSTEMPATH\CodeIgniter.php(934): App\Controllers\DetailEvent->peserta('css', 'main.css')
 7 SYSTEMPATH\CodeIgniter.php(499): CodeIgniter\CodeIgniter->runController(Object(App\Controllers\DetailEvent))
 8 SYSTEMPATH\CodeIgniter.php(368): CodeIgniter\CodeIgniter->handleRequest(null, Object(Config\Cache), false)
 9 FCPATH\index.php(67): CodeIgniter\CodeIgniter->run()
10 SYSTEMPATH\Commands\Server\rewrite.php(47): require_once('D:\\TUGAS\\KULIAH\\P2MW\\hehe\\gohitfinal\\public\\index.php')
INFO - 2025-05-22 09:20:20 --> Session: Class initialized using 'CodeIgniter\Session\Handlers\FileHandler' driver.
CRITICAL - 2025-05-22 09:20:20 --> Undefined variable $tgl
in APPPATH\Views\detaileventp.php on line 24.
 1 APPPATH\Views\detaileventp.php(24): CodeIgniter\Debug\Exceptions->errorHandler(2, 'Undefined variable $tgl', 'D:\\TUGAS\\KULIAH\\P2MW\\hehe\\gohitfinal\\app\\Views\\detaileventp.php', 24)
 2 SYSTEMPATH\View\View.php(213): include('D:\\TUGAS\\KULIAH\\P2MW\\hehe\\gohitfinal\\app\\Views\\detaileventp.php')
 3 SYSTEMPATH\View\View.php(216): CodeIgniter\View\View->CodeIgniter\View\{closure}()
 4 SYSTEMPATH\Common.php(1184): CodeIgniter\View\View->render('detaileventp', [], true)
 5 APPPATH\Controllers\DetailEvent.php(481): view('detaileventp', [...])
 6 SYSTEMPATH\CodeIgniter.php(934): App\Controllers\DetailEvent->peserta('css', 'style.css')
 7 SYSTEMPATH\CodeIgniter.php(499): CodeIgniter\CodeIgniter->runController(Object(App\Controllers\DetailEvent))
 8 SYSTEMPATH\CodeIgniter.php(368): CodeIgniter\CodeIgniter->handleRequest(null, Object(Config\Cache), false)
 9 FCPATH\index.php(67): CodeIgniter\CodeIgniter->run()
10 SYSTEMPATH\Commands\Server\rewrite.php(47): require_once('D:\\TUGAS\\KULIAH\\P2MW\\hehe\\gohitfinal\\public\\index.php')
INFO - 2025-05-22 09:20:21 --> Session: Class initialized using 'CodeIgniter\Session\Handlers\FileHandler' driver.
CRITICAL - 2025-05-22 09:20:21 --> Undefined variable $tgl
in APPPATH\Views\detaileventp.php on line 24.
 1 APPPATH\Views\detaileventp.php(24): CodeIgniter\Debug\Exceptions->errorHandler(2, 'Undefined variable $tgl', 'D:\\TUGAS\\KULIAH\\P2MW\\hehe\\gohitfinal\\app\\Views\\detaileventp.php', 24)
 2 SYSTEMPATH\View\View.php(213): include('D:\\TUGAS\\KULIAH\\P2MW\\hehe\\gohitfinal\\app\\Views\\detaileventp.php')
 3 SYSTEMPATH\View\View.php(216): CodeIgniter\View\View->CodeIgniter\View\{closure}()
 4 SYSTEMPATH\Common.php(1184): CodeIgniter\View\View->render('detaileventp', [], true)
 5 APPPATH\Controllers\DetailEvent.php(481): view('detaileventp', [...])
 6 SYSTEMPATH\CodeIgniter.php(934): App\Controllers\DetailEvent->peserta('images', 'bg-01.jpg')
 7 SYSTEMPATH\CodeIgniter.php(499): CodeIgniter\CodeIgniter->runController(Object(App\Controllers\DetailEvent))
 8 SYSTEMPATH\CodeIgniter.php(368): CodeIgniter\CodeIgniter->handleRequest(null, Object(Config\Cache), false)
 9 FCPATH\index.php(67): CodeIgniter\CodeIgniter->run()
10 SYSTEMPATH\Commands\Server\rewrite.php(47): require_once('D:\\TUGAS\\KULIAH\\P2MW\\hehe\\gohitfinal\\public\\index.php')
INFO - 2025-05-22 09:22:14 --> Session: Class initialized using 'CodeIgniter\Session\Handlers\FileHandler' driver.
INFO - 2025-05-22 09:22:14 --> Session: Class initialized using 'CodeIgniter\Session\Handlers\FileHandler' driver.
INFO - 2025-05-22 09:22:14 --> Session: Class initialized using 'CodeIgniter\Session\Handlers\FileHandler' driver.
CRITICAL - 2025-05-22 09:22:14 --> Undefined variable $tgl
in APPPATH\Views\detaileventp.php on line 24.
 1 APPPATH\Views\detaileventp.php(24): CodeIgniter\Debug\Exceptions->errorHandler(2, 'Undefined variable $tgl', 'D:\\TUGAS\\KULIAH\\P2MW\\hehe\\gohitfinal\\app\\Views\\detaileventp.php', 24)
 2 SYSTEMPATH\View\View.php(213): include('D:\\TUGAS\\KULIAH\\P2MW\\hehe\\gohitfinal\\app\\Views\\detaileventp.php')
 3 SYSTEMPATH\View\View.php(216): CodeIgniter\View\View->CodeIgniter\View\{closure}()
 4 SYSTEMPATH\Common.php(1184): CodeIgniter\View\View->render('detaileventp', [], true)
 5 APPPATH\Controllers\DetailEvent.php(481): view('detaileventp', [...])
 6 SYSTEMPATH\CodeIgniter.php(934): App\Controllers\DetailEvent->peserta('css', 'main.css')
 7 SYSTEMPATH\CodeIgniter.php(499): CodeIgniter\CodeIgniter->runController(Object(App\Controllers\DetailEvent))
 8 SYSTEMPATH\CodeIgniter.php(368): CodeIgniter\CodeIgniter->handleRequest(null, Object(Config\Cache), false)
 9 FCPATH\index.php(67): CodeIgniter\CodeIgniter->run()
10 SYSTEMPATH\Commands\Server\rewrite.php(47): require_once('D:\\TUGAS\\KULIAH\\P2MW\\hehe\\gohitfinal\\public\\index.php')
INFO - 2025-05-22 09:22:15 --> Session: Class initialized using 'CodeIgniter\Session\Handlers\FileHandler' driver.
CRITICAL - 2025-05-22 09:22:15 --> Undefined variable $tgl
in APPPATH\Views\detaileventp.php on line 24.
 1 APPPATH\Views\detaileventp.php(24): CodeIgniter\Debug\Exceptions->errorHandler(2, 'Undefined variable $tgl', 'D:\\TUGAS\\KULIAH\\P2MW\\hehe\\gohitfinal\\app\\Views\\detaileventp.php', 24)
 2 SYSTEMPATH\View\View.php(213): include('D:\\TUGAS\\KULIAH\\P2MW\\hehe\\gohitfinal\\app\\Views\\detaileventp.php')
 3 SYSTEMPATH\View\View.php(216): CodeIgniter\View\View->CodeIgniter\View\{closure}()
 4 SYSTEMPATH\Common.php(1184): CodeIgniter\View\View->render('detaileventp', [], true)
 5 APPPATH\Controllers\DetailEvent.php(481): view('detaileventp', [...])
 6 SYSTEMPATH\CodeIgniter.php(934): App\Controllers\DetailEvent->peserta('css', 'style.css')
 7 SYSTEMPATH\CodeIgniter.php(499): CodeIgniter\CodeIgniter->runController(Object(App\Controllers\DetailEvent))
 8 SYSTEMPATH\CodeIgniter.php(368): CodeIgniter\CodeIgniter->handleRequest(null, Object(Config\Cache), false)
 9 FCPATH\index.php(67): CodeIgniter\CodeIgniter->run()
10 SYSTEMPATH\Commands\Server\rewrite.php(47): require_once('D:\\TUGAS\\KULIAH\\P2MW\\hehe\\gohitfinal\\public\\index.php')
INFO - 2025-05-22 09:22:15 --> Session: Class initialized using 'CodeIgniter\Session\Handlers\FileHandler' driver.
CRITICAL - 2025-05-22 09:22:15 --> Undefined variable $tgl
in APPPATH\Views\detaileventp.php on line 24.
 1 APPPATH\Views\detaileventp.php(24): CodeIgniter\Debug\Exceptions->errorHandler(2, 'Undefined variable $tgl', 'D:\\TUGAS\\KULIAH\\P2MW\\hehe\\gohitfinal\\app\\Views\\detaileventp.php', 24)
 2 SYSTEMPATH\View\View.php(213): include('D:\\TUGAS\\KULIAH\\P2MW\\hehe\\gohitfinal\\app\\Views\\detaileventp.php')
 3 SYSTEMPATH\View\View.php(216): CodeIgniter\View\View->CodeIgniter\View\{closure}()
 4 SYSTEMPATH\Common.php(1184): CodeIgniter\View\View->render('detaileventp', [], true)
 5 APPPATH\Controllers\DetailEvent.php(481): view('detaileventp', [...])
 6 SYSTEMPATH\CodeIgniter.php(934): App\Controllers\DetailEvent->peserta('images', 'bg-01.jpg')
 7 SYSTEMPATH\CodeIgniter.php(499): CodeIgniter\CodeIgniter->runController(Object(App\Controllers\DetailEvent))
 8 SYSTEMPATH\CodeIgniter.php(368): CodeIgniter\CodeIgniter->handleRequest(null, Object(Config\Cache), false)
 9 FCPATH\index.php(67): CodeIgniter\CodeIgniter->run()
10 SYSTEMPATH\Commands\Server\rewrite.php(47): require_once('D:\\TUGAS\\KULIAH\\P2MW\\hehe\\gohitfinal\\public\\index.php')
INFO - 2025-05-22 09:25:17 --> Session: Class initialized using 'CodeIgniter\Session\Handlers\FileHandler' driver.
INFO - 2025-05-22 09:25:17 --> Session: Class initialized using 'CodeIgniter\Session\Handlers\FileHandler' driver.
INFO - 2025-05-22 09:25:17 --> Session: Class initialized using 'CodeIgniter\Session\Handlers\FileHandler' driver.
CRITICAL - 2025-05-22 09:25:17 --> Undefined variable $tgl
in APPPATH\Views\detaileventp.php on line 24.
 1 APPPATH\Views\detaileventp.php(24): CodeIgniter\Debug\Exceptions->errorHandler(2, 'Undefined variable $tgl', 'D:\\TUGAS\\KULIAH\\P2MW\\hehe\\gohitfinal\\app\\Views\\detaileventp.php', 24)
 2 SYSTEMPATH\View\View.php(213): include('D:\\TUGAS\\KULIAH\\P2MW\\hehe\\gohitfinal\\app\\Views\\detaileventp.php')
 3 SYSTEMPATH\View\View.php(216): CodeIgniter\View\View->CodeIgniter\View\{closure}()
 4 SYSTEMPATH\Common.php(1184): CodeIgniter\View\View->render('detaileventp', [], true)
 5 APPPATH\Controllers\DetailEvent.php(481): view('detaileventp', [...])
 6 SYSTEMPATH\CodeIgniter.php(934): App\Controllers\DetailEvent->peserta('css', 'main.css')
 7 SYSTEMPATH\CodeIgniter.php(499): CodeIgniter\CodeIgniter->runController(Object(App\Controllers\DetailEvent))
 8 SYSTEMPATH\CodeIgniter.php(368): CodeIgniter\CodeIgniter->handleRequest(null, Object(Config\Cache), false)
 9 FCPATH\index.php(67): CodeIgniter\CodeIgniter->run()
10 SYSTEMPATH\Commands\Server\rewrite.php(47): require_once('D:\\TUGAS\\KULIAH\\P2MW\\hehe\\gohitfinal\\public\\index.php')
INFO - 2025-05-22 09:25:17 --> Session: Class initialized using 'CodeIgniter\Session\Handlers\FileHandler' driver.
CRITICAL - 2025-05-22 09:25:17 --> Undefined variable $tgl
in APPPATH\Views\detaileventp.php on line 24.
 1 APPPATH\Views\detaileventp.php(24): CodeIgniter\Debug\Exceptions->errorHandler(2, 'Undefined variable $tgl', 'D:\\TUGAS\\KULIAH\\P2MW\\hehe\\gohitfinal\\app\\Views\\detaileventp.php', 24)
 2 SYSTEMPATH\View\View.php(213): include('D:\\TUGAS\\KULIAH\\P2MW\\hehe\\gohitfinal\\app\\Views\\detaileventp.php')
 3 SYSTEMPATH\View\View.php(216): CodeIgniter\View\View->CodeIgniter\View\{closure}()
 4 SYSTEMPATH\Common.php(1184): CodeIgniter\View\View->render('detaileventp', [], true)
 5 APPPATH\Controllers\DetailEvent.php(481): view('detaileventp', [...])
 6 SYSTEMPATH\CodeIgniter.php(934): App\Controllers\DetailEvent->peserta('css', 'style.css')
 7 SYSTEMPATH\CodeIgniter.php(499): CodeIgniter\CodeIgniter->runController(Object(App\Controllers\DetailEvent))
 8 SYSTEMPATH\CodeIgniter.php(368): CodeIgniter\CodeIgniter->handleRequest(null, Object(Config\Cache), false)
 9 FCPATH\index.php(67): CodeIgniter\CodeIgniter->run()
10 SYSTEMPATH\Commands\Server\rewrite.php(47): require_once('D:\\TUGAS\\KULIAH\\P2MW\\hehe\\gohitfinal\\public\\index.php')
INFO - 2025-05-22 09:25:17 --> Session: Class initialized using 'CodeIgniter\Session\Handlers\FileHandler' driver.
CRITICAL - 2025-05-22 09:25:17 --> Undefined variable $tgl
in APPPATH\Views\detaileventp.php on line 24.
 1 APPPATH\Views\detaileventp.php(24): CodeIgniter\Debug\Exceptions->errorHandler(2, 'Undefined variable $tgl', 'D:\\TUGAS\\KULIAH\\P2MW\\hehe\\gohitfinal\\app\\Views\\detaileventp.php', 24)
 2 SYSTEMPATH\View\View.php(213): include('D:\\TUGAS\\KULIAH\\P2MW\\hehe\\gohitfinal\\app\\Views\\detaileventp.php')
 3 SYSTEMPATH\View\View.php(216): CodeIgniter\View\View->CodeIgniter\View\{closure}()
 4 SYSTEMPATH\Common.php(1184): CodeIgniter\View\View->render('detaileventp', [], true)
 5 APPPATH\Controllers\DetailEvent.php(481): view('detaileventp', [...])
 6 SYSTEMPATH\CodeIgniter.php(934): App\Controllers\DetailEvent->peserta('images', 'bg-01.jpg')
 7 SYSTEMPATH\CodeIgniter.php(499): CodeIgniter\CodeIgniter->runController(Object(App\Controllers\DetailEvent))
 8 SYSTEMPATH\CodeIgniter.php(368): CodeIgniter\CodeIgniter->handleRequest(null, Object(Config\Cache), false)
 9 FCPATH\index.php(67): CodeIgniter\CodeIgniter->run()
10 SYSTEMPATH\Commands\Server\rewrite.php(47): require_once('D:\\TUGAS\\KULIAH\\P2MW\\hehe\\gohitfinal\\public\\index.php')
INFO - 2025-05-22 09:25:57 --> Session: Class initialized using 'CodeIgniter\Session\Handlers\FileHandler' driver.
INFO - 2025-05-22 09:25:57 --> Session: Class initialized using 'CodeIgniter\Session\Handlers\FileHandler' driver.
INFO - 2025-05-22 09:25:58 --> Session: Class initialized using 'CodeIgniter\Session\Handlers\FileHandler' driver.
CRITICAL - 2025-05-22 09:25:58 --> Undefined variable $tgl
in APPPATH\Views\detaileventp.php on line 24.
 1 APPPATH\Views\detaileventp.php(24): CodeIgniter\Debug\Exceptions->errorHandler(2, 'Undefined variable $tgl', 'D:\\TUGAS\\KULIAH\\P2MW\\hehe\\gohitfinal\\app\\Views\\detaileventp.php', 24)
 2 SYSTEMPATH\View\View.php(213): include('D:\\TUGAS\\KULIAH\\P2MW\\hehe\\gohitfinal\\app\\Views\\detaileventp.php')
 3 SYSTEMPATH\View\View.php(216): CodeIgniter\View\View->CodeIgniter\View\{closure}()
 4 SYSTEMPATH\Common.php(1184): CodeIgniter\View\View->render('detaileventp', [], true)
 5 APPPATH\Controllers\DetailEvent.php(481): view('detaileventp', [...])
 6 SYSTEMPATH\CodeIgniter.php(934): App\Controllers\DetailEvent->peserta('css', 'main.css')
 7 SYSTEMPATH\CodeIgniter.php(499): CodeIgniter\CodeIgniter->runController(Object(App\Controllers\DetailEvent))
 8 SYSTEMPATH\CodeIgniter.php(368): CodeIgniter\CodeIgniter->handleRequest(null, Object(Config\Cache), false)
 9 FCPATH\index.php(67): CodeIgniter\CodeIgniter->run()
10 SYSTEMPATH\Commands\Server\rewrite.php(47): require_once('D:\\TUGAS\\KULIAH\\P2MW\\hehe\\gohitfinal\\public\\index.php')
INFO - 2025-05-22 09:25:58 --> Session: Class initialized using 'CodeIgniter\Session\Handlers\FileHandler' driver.
CRITICAL - 2025-05-22 09:25:58 --> Undefined variable $tgl
in APPPATH\Views\detaileventp.php on line 24.
 1 APPPATH\Views\detaileventp.php(24): CodeIgniter\Debug\Exceptions->errorHandler(2, 'Undefined variable $tgl', 'D:\\TUGAS\\KULIAH\\P2MW\\hehe\\gohitfinal\\app\\Views\\detaileventp.php', 24)
 2 SYSTEMPATH\View\View.php(213): include('D:\\TUGAS\\KULIAH\\P2MW\\hehe\\gohitfinal\\app\\Views\\detaileventp.php')
 3 SYSTEMPATH\View\View.php(216): CodeIgniter\View\View->CodeIgniter\View\{closure}()
 4 SYSTEMPATH\Common.php(1184): CodeIgniter\View\View->render('detaileventp', [], true)
 5 APPPATH\Controllers\DetailEvent.php(481): view('detaileventp', [...])
 6 SYSTEMPATH\CodeIgniter.php(934): App\Controllers\DetailEvent->peserta('css', 'style.css')
 7 SYSTEMPATH\CodeIgniter.php(499): CodeIgniter\CodeIgniter->runController(Object(App\Controllers\DetailEvent))
 8 SYSTEMPATH\CodeIgniter.php(368): CodeIgniter\CodeIgniter->handleRequest(null, Object(Config\Cache), false)
 9 FCPATH\index.php(67): CodeIgniter\CodeIgniter->run()
10 SYSTEMPATH\Commands\Server\rewrite.php(47): require_once('D:\\TUGAS\\KULIAH\\P2MW\\hehe\\gohitfinal\\public\\index.php')
INFO - 2025-05-22 09:25:58 --> Session: Class initialized using 'CodeIgniter\Session\Handlers\FileHandler' driver.
CRITICAL - 2025-05-22 09:25:58 --> Undefined variable $tgl
in APPPATH\Views\detaileventp.php on line 24.
 1 APPPATH\Views\detaileventp.php(24): CodeIgniter\Debug\Exceptions->errorHandler(2, 'Undefined variable $tgl', 'D:\\TUGAS\\KULIAH\\P2MW\\hehe\\gohitfinal\\app\\Views\\detaileventp.php', 24)
 2 SYSTEMPATH\View\View.php(213): include('D:\\TUGAS\\KULIAH\\P2MW\\hehe\\gohitfinal\\app\\Views\\detaileventp.php')
 3 SYSTEMPATH\View\View.php(216): CodeIgniter\View\View->CodeIgniter\View\{closure}()
 4 SYSTEMPATH\Common.php(1184): CodeIgniter\View\View->render('detaileventp', [], true)
 5 APPPATH\Controllers\DetailEvent.php(481): view('detaileventp', [...])
 6 SYSTEMPATH\CodeIgniter.php(934): App\Controllers\DetailEvent->peserta('images', 'bg-01.jpg')
 7 SYSTEMPATH\CodeIgniter.php(499): CodeIgniter\CodeIgniter->runController(Object(App\Controllers\DetailEvent))
 8 SYSTEMPATH\CodeIgniter.php(368): CodeIgniter\CodeIgniter->handleRequest(null, Object(Config\Cache), false)
 9 FCPATH\index.php(67): CodeIgniter\CodeIgniter->run()
10 SYSTEMPATH\Commands\Server\rewrite.php(47): require_once('D:\\TUGAS\\KULIAH\\P2MW\\hehe\\gohitfinal\\public\\index.php')
INFO - 2025-05-22 09:26:52 --> Session: Class initialized using 'CodeIgniter\Session\Handlers\FileHandler' driver.
INFO - 2025-05-22 09:26:52 --> Session: Class initialized using 'CodeIgniter\Session\Handlers\FileHandler' driver.
INFO - 2025-05-22 09:26:52 --> Session: Class initialized using 'CodeIgniter\Session\Handlers\FileHandler' driver.
CRITICAL - 2025-05-22 09:26:52 --> Undefined variable $tgl
in APPPATH\Views\detaileventp.php on line 24.
 1 APPPATH\Views\detaileventp.php(24): CodeIgniter\Debug\Exceptions->errorHandler(2, 'Undefined variable $tgl', 'D:\\TUGAS\\KULIAH\\P2MW\\hehe\\gohitfinal\\app\\Views\\detaileventp.php', 24)
 2 SYSTEMPATH\View\View.php(213): include('D:\\TUGAS\\KULIAH\\P2MW\\hehe\\gohitfinal\\app\\Views\\detaileventp.php')
 3 SYSTEMPATH\View\View.php(216): CodeIgniter\View\View->CodeIgniter\View\{closure}()
 4 SYSTEMPATH\Common.php(1184): CodeIgniter\View\View->render('detaileventp', [], true)
 5 APPPATH\Controllers\DetailEvent.php(481): view('detaileventp', [...])
 6 SYSTEMPATH\CodeIgniter.php(934): App\Controllers\DetailEvent->peserta('css', 'main.css')
 7 SYSTEMPATH\CodeIgniter.php(499): CodeIgniter\CodeIgniter->runController(Object(App\Controllers\DetailEvent))
 8 SYSTEMPATH\CodeIgniter.php(368): CodeIgniter\CodeIgniter->handleRequest(null, Object(Config\Cache), false)
 9 FCPATH\index.php(67): CodeIgniter\CodeIgniter->run()
10 SYSTEMPATH\Commands\Server\rewrite.php(47): require_once('D:\\TUGAS\\KULIAH\\P2MW\\hehe\\gohitfinal\\public\\index.php')
INFO - 2025-05-22 09:26:52 --> Session: Class initialized using 'CodeIgniter\Session\Handlers\FileHandler' driver.
CRITICAL - 2025-05-22 09:26:52 --> Undefined variable $tgl
in APPPATH\Views\detaileventp.php on line 24.
 1 APPPATH\Views\detaileventp.php(24): CodeIgniter\Debug\Exceptions->errorHandler(2, 'Undefined variable $tgl', 'D:\\TUGAS\\KULIAH\\P2MW\\hehe\\gohitfinal\\app\\Views\\detaileventp.php', 24)
 2 SYSTEMPATH\View\View.php(213): include('D:\\TUGAS\\KULIAH\\P2MW\\hehe\\gohitfinal\\app\\Views\\detaileventp.php')
 3 SYSTEMPATH\View\View.php(216): CodeIgniter\View\View->CodeIgniter\View\{closure}()
 4 SYSTEMPATH\Common.php(1184): CodeIgniter\View\View->render('detaileventp', [], true)
 5 APPPATH\Controllers\DetailEvent.php(481): view('detaileventp', [...])
 6 SYSTEMPATH\CodeIgniter.php(934): App\Controllers\DetailEvent->peserta('css', 'style.css')
 7 SYSTEMPATH\CodeIgniter.php(499): CodeIgniter\CodeIgniter->runController(Object(App\Controllers\DetailEvent))
 8 SYSTEMPATH\CodeIgniter.php(368): CodeIgniter\CodeIgniter->handleRequest(null, Object(Config\Cache), false)
 9 FCPATH\index.php(67): CodeIgniter\CodeIgniter->run()
10 SYSTEMPATH\Commands\Server\rewrite.php(47): require_once('D:\\TUGAS\\KULIAH\\P2MW\\hehe\\gohitfinal\\public\\index.php')
INFO - 2025-05-22 09:26:52 --> Session: Class initialized using 'CodeIgniter\Session\Handlers\FileHandler' driver.
CRITICAL - 2025-05-22 09:26:52 --> Undefined variable $tgl
in APPPATH\Views\detaileventp.php on line 24.
 1 APPPATH\Views\detaileventp.php(24): CodeIgniter\Debug\Exceptions->errorHandler(2, 'Undefined variable $tgl', 'D:\\TUGAS\\KULIAH\\P2MW\\hehe\\gohitfinal\\app\\Views\\detaileventp.php', 24)
 2 SYSTEMPATH\View\View.php(213): include('D:\\TUGAS\\KULIAH\\P2MW\\hehe\\gohitfinal\\app\\Views\\detaileventp.php')
 3 SYSTEMPATH\View\View.php(216): CodeIgniter\View\View->CodeIgniter\View\{closure}()
 4 SYSTEMPATH\Common.php(1184): CodeIgniter\View\View->render('detaileventp', [], true)
 5 APPPATH\Controllers\DetailEvent.php(481): view('detaileventp', [...])
 6 SYSTEMPATH\CodeIgniter.php(934): App\Controllers\DetailEvent->peserta('images', 'bg-01.jpg')
 7 SYSTEMPATH\CodeIgniter.php(499): CodeIgniter\CodeIgniter->runController(Object(App\Controllers\DetailEvent))
 8 SYSTEMPATH\CodeIgniter.php(368): CodeIgniter\CodeIgniter->handleRequest(null, Object(Config\Cache), false)
 9 FCPATH\index.php(67): CodeIgniter\CodeIgniter->run()
10 SYSTEMPATH\Commands\Server\rewrite.php(47): require_once('D:\\TUGAS\\KULIAH\\P2MW\\hehe\\gohitfinal\\public\\index.php')
INFO - 2025-05-22 09:27:30 --> Session: Class initialized using 'CodeIgniter\Session\Handlers\FileHandler' driver.
INFO - 2025-05-22 09:27:30 --> Session: Class initialized using 'CodeIgniter\Session\Handlers\FileHandler' driver.
INFO - 2025-05-22 09:27:31 --> Session: Class initialized using 'CodeIgniter\Session\Handlers\FileHandler' driver.
CRITICAL - 2025-05-22 09:27:31 --> Undefined variable $tgl
in APPPATH\Views\detaileventp.php on line 24.
 1 APPPATH\Views\detaileventp.php(24): CodeIgniter\Debug\Exceptions->errorHandler(2, 'Undefined variable $tgl', 'D:\\TUGAS\\KULIAH\\P2MW\\hehe\\gohitfinal\\app\\Views\\detaileventp.php', 24)
 2 SYSTEMPATH\View\View.php(213): include('D:\\TUGAS\\KULIAH\\P2MW\\hehe\\gohitfinal\\app\\Views\\detaileventp.php')
 3 SYSTEMPATH\View\View.php(216): CodeIgniter\View\View->CodeIgniter\View\{closure}()
 4 SYSTEMPATH\Common.php(1184): CodeIgniter\View\View->render('detaileventp', [], true)
 5 APPPATH\Controllers\DetailEvent.php(481): view('detaileventp', [...])
 6 SYSTEMPATH\CodeIgniter.php(934): App\Controllers\DetailEvent->peserta('css', 'main.css')
 7 SYSTEMPATH\CodeIgniter.php(499): CodeIgniter\CodeIgniter->runController(Object(App\Controllers\DetailEvent))
 8 SYSTEMPATH\CodeIgniter.php(368): CodeIgniter\CodeIgniter->handleRequest(null, Object(Config\Cache), false)
 9 FCPATH\index.php(67): CodeIgniter\CodeIgniter->run()
10 SYSTEMPATH\Commands\Server\rewrite.php(47): require_once('D:\\TUGAS\\KULIAH\\P2MW\\hehe\\gohitfinal\\public\\index.php')
INFO - 2025-05-22 09:27:31 --> Session: Class initialized using 'CodeIgniter\Session\Handlers\FileHandler' driver.
CRITICAL - 2025-05-22 09:27:31 --> Undefined variable $tgl
in APPPATH\Views\detaileventp.php on line 24.
 1 APPPATH\Views\detaileventp.php(24): CodeIgniter\Debug\Exceptions->errorHandler(2, 'Undefined variable $tgl', 'D:\\TUGAS\\KULIAH\\P2MW\\hehe\\gohitfinal\\app\\Views\\detaileventp.php', 24)
 2 SYSTEMPATH\View\View.php(213): include('D:\\TUGAS\\KULIAH\\P2MW\\hehe\\gohitfinal\\app\\Views\\detaileventp.php')
 3 SYSTEMPATH\View\View.php(216): CodeIgniter\View\View->CodeIgniter\View\{closure}()
 4 SYSTEMPATH\Common.php(1184): CodeIgniter\View\View->render('detaileventp', [], true)
 5 APPPATH\Controllers\DetailEvent.php(481): view('detaileventp', [...])
 6 SYSTEMPATH\CodeIgniter.php(934): App\Controllers\DetailEvent->peserta('css', 'style.css')
 7 SYSTEMPATH\CodeIgniter.php(499): CodeIgniter\CodeIgniter->runController(Object(App\Controllers\DetailEvent))
 8 SYSTEMPATH\CodeIgniter.php(368): CodeIgniter\CodeIgniter->handleRequest(null, Object(Config\Cache), false)
 9 FCPATH\index.php(67): CodeIgniter\CodeIgniter->run()
10 SYSTEMPATH\Commands\Server\rewrite.php(47): require_once('D:\\TUGAS\\KULIAH\\P2MW\\hehe\\gohitfinal\\public\\index.php')
INFO - 2025-05-22 09:27:31 --> Session: Class initialized using 'CodeIgniter\Session\Handlers\FileHandler' driver.
CRITICAL - 2025-05-22 09:27:31 --> Undefined variable $tgl
in APPPATH\Views\detaileventp.php on line 24.
 1 APPPATH\Views\detaileventp.php(24): CodeIgniter\Debug\Exceptions->errorHandler(2, 'Undefined variable $tgl', 'D:\\TUGAS\\KULIAH\\P2MW\\hehe\\gohitfinal\\app\\Views\\detaileventp.php', 24)
 2 SYSTEMPATH\View\View.php(213): include('D:\\TUGAS\\KULIAH\\P2MW\\hehe\\gohitfinal\\app\\Views\\detaileventp.php')
 3 SYSTEMPATH\View\View.php(216): CodeIgniter\View\View->CodeIgniter\View\{closure}()
 4 SYSTEMPATH\Common.php(1184): CodeIgniter\View\View->render('detaileventp', [], true)
 5 APPPATH\Controllers\DetailEvent.php(481): view('detaileventp', [...])
 6 SYSTEMPATH\CodeIgniter.php(934): App\Controllers\DetailEvent->peserta('images', 'bg-01.jpg')
 7 SYSTEMPATH\CodeIgniter.php(499): CodeIgniter\CodeIgniter->runController(Object(App\Controllers\DetailEvent))
 8 SYSTEMPATH\CodeIgniter.php(368): CodeIgniter\CodeIgniter->handleRequest(null, Object(Config\Cache), false)
 9 FCPATH\index.php(67): CodeIgniter\CodeIgniter->run()
10 SYSTEMPATH\Commands\Server\rewrite.php(47): require_once('D:\\TUGAS\\KULIAH\\P2MW\\hehe\\gohitfinal\\public\\index.php')
INFO - 2025-05-22 09:27:58 --> Session: Class initialized using 'CodeIgniter\Session\Handlers\FileHandler' driver.
INFO - 2025-05-22 09:27:59 --> Session: Class initialized using 'CodeIgniter\Session\Handlers\FileHandler' driver.
INFO - 2025-05-22 09:27:59 --> Session: Class initialized using 'CodeIgniter\Session\Handlers\FileHandler' driver.
CRITICAL - 2025-05-22 09:27:59 --> Undefined variable $tgl
in APPPATH\Views\detaileventp.php on line 24.
 1 APPPATH\Views\detaileventp.php(24): CodeIgniter\Debug\Exceptions->errorHandler(2, 'Undefined variable $tgl', 'D:\\TUGAS\\KULIAH\\P2MW\\hehe\\gohitfinal\\app\\Views\\detaileventp.php', 24)
 2 SYSTEMPATH\View\View.php(213): include('D:\\TUGAS\\KULIAH\\P2MW\\hehe\\gohitfinal\\app\\Views\\detaileventp.php')
 3 SYSTEMPATH\View\View.php(216): CodeIgniter\View\View->CodeIgniter\View\{closure}()
 4 SYSTEMPATH\Common.php(1184): CodeIgniter\View\View->render('detaileventp', [], true)
 5 APPPATH\Controllers\DetailEvent.php(481): view('detaileventp', [...])
 6 SYSTEMPATH\CodeIgniter.php(934): App\Controllers\DetailEvent->peserta('css', 'main.css')
 7 SYSTEMPATH\CodeIgniter.php(499): CodeIgniter\CodeIgniter->runController(Object(App\Controllers\DetailEvent))
 8 SYSTEMPATH\CodeIgniter.php(368): CodeIgniter\CodeIgniter->handleRequest(null, Object(Config\Cache), false)
 9 FCPATH\index.php(67): CodeIgniter\CodeIgniter->run()
10 SYSTEMPATH\Commands\Server\rewrite.php(47): require_once('D:\\TUGAS\\KULIAH\\P2MW\\hehe\\gohitfinal\\public\\index.php')
INFO - 2025-05-22 09:27:59 --> Session: Class initialized using 'CodeIgniter\Session\Handlers\FileHandler' driver.
CRITICAL - 2025-05-22 09:27:59 --> Undefined variable $tgl
in APPPATH\Views\detaileventp.php on line 24.
 1 APPPATH\Views\detaileventp.php(24): CodeIgniter\Debug\Exceptions->errorHandler(2, 'Undefined variable $tgl', 'D:\\TUGAS\\KULIAH\\P2MW\\hehe\\gohitfinal\\app\\Views\\detaileventp.php', 24)
 2 SYSTEMPATH\View\View.php(213): include('D:\\TUGAS\\KULIAH\\P2MW\\hehe\\gohitfinal\\app\\Views\\detaileventp.php')
 3 SYSTEMPATH\View\View.php(216): CodeIgniter\View\View->CodeIgniter\View\{closure}()
 4 SYSTEMPATH\Common.php(1184): CodeIgniter\View\View->render('detaileventp', [], true)
 5 APPPATH\Controllers\DetailEvent.php(481): view('detaileventp', [...])
 6 SYSTEMPATH\CodeIgniter.php(934): App\Controllers\DetailEvent->peserta('css', 'style.css')
 7 SYSTEMPATH\CodeIgniter.php(499): CodeIgniter\CodeIgniter->runController(Object(App\Controllers\DetailEvent))
 8 SYSTEMPATH\CodeIgniter.php(368): CodeIgniter\CodeIgniter->handleRequest(null, Object(Config\Cache), false)
 9 FCPATH\index.php(67): CodeIgniter\CodeIgniter->run()
10 SYSTEMPATH\Commands\Server\rewrite.php(47): require_once('D:\\TUGAS\\KULIAH\\P2MW\\hehe\\gohitfinal\\public\\index.php')
INFO - 2025-05-22 09:27:59 --> Session: Class initialized using 'CodeIgniter\Session\Handlers\FileHandler' driver.
CRITICAL - 2025-05-22 09:27:59 --> Undefined variable $tgl
in APPPATH\Views\detaileventp.php on line 24.
 1 APPPATH\Views\detaileventp.php(24): CodeIgniter\Debug\Exceptions->errorHandler(2, 'Undefined variable $tgl', 'D:\\TUGAS\\KULIAH\\P2MW\\hehe\\gohitfinal\\app\\Views\\detaileventp.php', 24)
 2 SYSTEMPATH\View\View.php(213): include('D:\\TUGAS\\KULIAH\\P2MW\\hehe\\gohitfinal\\app\\Views\\detaileventp.php')
 3 SYSTEMPATH\View\View.php(216): CodeIgniter\View\View->CodeIgniter\View\{closure}()
 4 SYSTEMPATH\Common.php(1184): CodeIgniter\View\View->render('detaileventp', [], true)
 5 APPPATH\Controllers\DetailEvent.php(481): view('detaileventp', [...])
 6 SYSTEMPATH\CodeIgniter.php(934): App\Controllers\DetailEvent->peserta('images', 'bg-01.jpg')
 7 SYSTEMPATH\CodeIgniter.php(499): CodeIgniter\CodeIgniter->runController(Object(App\Controllers\DetailEvent))
 8 SYSTEMPATH\CodeIgniter.php(368): CodeIgniter\CodeIgniter->handleRequest(null, Object(Config\Cache), false)
 9 FCPATH\index.php(67): CodeIgniter\CodeIgniter->run()
10 SYSTEMPATH\Commands\Server\rewrite.php(47): require_once('D:\\TUGAS\\KULIAH\\P2MW\\hehe\\gohitfinal\\public\\index.php')
INFO - 2025-05-22 09:28:44 --> Session: Class initialized using 'CodeIgniter\Session\Handlers\FileHandler' driver.
INFO - 2025-05-22 09:28:44 --> Session: Class initialized using 'CodeIgniter\Session\Handlers\FileHandler' driver.
INFO - 2025-05-22 09:28:44 --> Session: Class initialized using 'CodeIgniter\Session\Handlers\FileHandler' driver.
CRITICAL - 2025-05-22 09:28:44 --> Undefined variable $tgl
in APPPATH\Views\detaileventp.php on line 24.
 1 APPPATH\Views\detaileventp.php(24): CodeIgniter\Debug\Exceptions->errorHandler(2, 'Undefined variable $tgl', 'D:\\TUGAS\\KULIAH\\P2MW\\hehe\\gohitfinal\\app\\Views\\detaileventp.php', 24)
 2 SYSTEMPATH\View\View.php(213): include('D:\\TUGAS\\KULIAH\\P2MW\\hehe\\gohitfinal\\app\\Views\\detaileventp.php')
 3 SYSTEMPATH\View\View.php(216): CodeIgniter\View\View->CodeIgniter\View\{closure}()
 4 SYSTEMPATH\Common.php(1184): CodeIgniter\View\View->render('detaileventp', [], true)
 5 APPPATH\Controllers\DetailEvent.php(481): view('detaileventp', [...])
 6 SYSTEMPATH\CodeIgniter.php(934): App\Controllers\DetailEvent->peserta('css', 'main.css')
 7 SYSTEMPATH\CodeIgniter.php(499): CodeIgniter\CodeIgniter->runController(Object(App\Controllers\DetailEvent))
 8 SYSTEMPATH\CodeIgniter.php(368): CodeIgniter\CodeIgniter->handleRequest(null, Object(Config\Cache), false)
 9 FCPATH\index.php(67): CodeIgniter\CodeIgniter->run()
10 SYSTEMPATH\Commands\Server\rewrite.php(47): require_once('D:\\TUGAS\\KULIAH\\P2MW\\hehe\\gohitfinal\\public\\index.php')
INFO - 2025-05-22 09:28:44 --> Session: Class initialized using 'CodeIgniter\Session\Handlers\FileHandler' driver.
CRITICAL - 2025-05-22 09:28:44 --> Undefined variable $tgl
in APPPATH\Views\detaileventp.php on line 24.
 1 APPPATH\Views\detaileventp.php(24): CodeIgniter\Debug\Exceptions->errorHandler(2, 'Undefined variable $tgl', 'D:\\TUGAS\\KULIAH\\P2MW\\hehe\\gohitfinal\\app\\Views\\detaileventp.php', 24)
 2 SYSTEMPATH\View\View.php(213): include('D:\\TUGAS\\KULIAH\\P2MW\\hehe\\gohitfinal\\app\\Views\\detaileventp.php')
 3 SYSTEMPATH\View\View.php(216): CodeIgniter\View\View->CodeIgniter\View\{closure}()
 4 SYSTEMPATH\Common.php(1184): CodeIgniter\View\View->render('detaileventp', [], true)
 5 APPPATH\Controllers\DetailEvent.php(481): view('detaileventp', [...])
 6 SYSTEMPATH\CodeIgniter.php(934): App\Controllers\DetailEvent->peserta('css', 'style.css')
 7 SYSTEMPATH\CodeIgniter.php(499): CodeIgniter\CodeIgniter->runController(Object(App\Controllers\DetailEvent))
 8 SYSTEMPATH\CodeIgniter.php(368): CodeIgniter\CodeIgniter->handleRequest(null, Object(Config\Cache), false)
 9 FCPATH\index.php(67): CodeIgniter\CodeIgniter->run()
10 SYSTEMPATH\Commands\Server\rewrite.php(47): require_once('D:\\TUGAS\\KULIAH\\P2MW\\hehe\\gohitfinal\\public\\index.php')
INFO - 2025-05-22 09:28:44 --> Session: Class initialized using 'CodeIgniter\Session\Handlers\FileHandler' driver.
CRITICAL - 2025-05-22 09:28:44 --> Undefined variable $tgl
in APPPATH\Views\detaileventp.php on line 24.
 1 APPPATH\Views\detaileventp.php(24): CodeIgniter\Debug\Exceptions->errorHandler(2, 'Undefined variable $tgl', 'D:\\TUGAS\\KULIAH\\P2MW\\hehe\\gohitfinal\\app\\Views\\detaileventp.php', 24)
 2 SYSTEMPATH\View\View.php(213): include('D:\\TUGAS\\KULIAH\\P2MW\\hehe\\gohitfinal\\app\\Views\\detaileventp.php')
 3 SYSTEMPATH\View\View.php(216): CodeIgniter\View\View->CodeIgniter\View\{closure}()
 4 SYSTEMPATH\Common.php(1184): CodeIgniter\View\View->render('detaileventp', [], true)
 5 APPPATH\Controllers\DetailEvent.php(481): view('detaileventp', [...])
 6 SYSTEMPATH\CodeIgniter.php(934): App\Controllers\DetailEvent->peserta('images', 'bg-01.jpg')
 7 SYSTEMPATH\CodeIgniter.php(499): CodeIgniter\CodeIgniter->runController(Object(App\Controllers\DetailEvent))
 8 SYSTEMPATH\CodeIgniter.php(368): CodeIgniter\CodeIgniter->handleRequest(null, Object(Config\Cache), false)
 9 FCPATH\index.php(67): CodeIgniter\CodeIgniter->run()
10 SYSTEMPATH\Commands\Server\rewrite.php(47): require_once('D:\\TUGAS\\KULIAH\\P2MW\\hehe\\gohitfinal\\public\\index.php')
INFO - 2025-05-22 09:29:34 --> Session: Class initialized using 'CodeIgniter\Session\Handlers\FileHandler' driver.
INFO - 2025-05-22 09:29:34 --> Session: Class initialized using 'CodeIgniter\Session\Handlers\FileHandler' driver.
INFO - 2025-05-22 09:29:34 --> Session: Class initialized using 'CodeIgniter\Session\Handlers\FileHandler' driver.
CRITICAL - 2025-05-22 09:29:34 --> Undefined variable $tgl
in APPPATH\Views\detaileventp.php on line 24.
 1 APPPATH\Views\detaileventp.php(24): CodeIgniter\Debug\Exceptions->errorHandler(2, 'Undefined variable $tgl', 'D:\\TUGAS\\KULIAH\\P2MW\\hehe\\gohitfinal\\app\\Views\\detaileventp.php', 24)
 2 SYSTEMPATH\View\View.php(213): include('D:\\TUGAS\\KULIAH\\P2MW\\hehe\\gohitfinal\\app\\Views\\detaileventp.php')
 3 SYSTEMPATH\View\View.php(216): CodeIgniter\View\View->CodeIgniter\View\{closure}()
 4 SYSTEMPATH\Common.php(1184): CodeIgniter\View\View->render('detaileventp', [], true)
 5 APPPATH\Controllers\DetailEvent.php(481): view('detaileventp', [...])
 6 SYSTEMPATH\CodeIgniter.php(934): App\Controllers\DetailEvent->peserta('css', 'main.css')
 7 SYSTEMPATH\CodeIgniter.php(499): CodeIgniter\CodeIgniter->runController(Object(App\Controllers\DetailEvent))
 8 SYSTEMPATH\CodeIgniter.php(368): CodeIgniter\CodeIgniter->handleRequest(null, Object(Config\Cache), false)
 9 FCPATH\index.php(67): CodeIgniter\CodeIgniter->run()
10 SYSTEMPATH\Commands\Server\rewrite.php(47): require_once('D:\\TUGAS\\KULIAH\\P2MW\\hehe\\gohitfinal\\public\\index.php')
INFO - 2025-05-22 09:29:34 --> Session: Class initialized using 'CodeIgniter\Session\Handlers\FileHandler' driver.
CRITICAL - 2025-05-22 09:29:34 --> Undefined variable $tgl
in APPPATH\Views\detaileventp.php on line 24.
 1 APPPATH\Views\detaileventp.php(24): CodeIgniter\Debug\Exceptions->errorHandler(2, 'Undefined variable $tgl', 'D:\\TUGAS\\KULIAH\\P2MW\\hehe\\gohitfinal\\app\\Views\\detaileventp.php', 24)
 2 SYSTEMPATH\View\View.php(213): include('D:\\TUGAS\\KULIAH\\P2MW\\hehe\\gohitfinal\\app\\Views\\detaileventp.php')
 3 SYSTEMPATH\View\View.php(216): CodeIgniter\View\View->CodeIgniter\View\{closure}()
 4 SYSTEMPATH\Common.php(1184): CodeIgniter\View\View->render('detaileventp', [], true)
 5 APPPATH\Controllers\DetailEvent.php(481): view('detaileventp', [...])
 6 SYSTEMPATH\CodeIgniter.php(934): App\Controllers\DetailEvent->peserta('css', 'style.css')
 7 SYSTEMPATH\CodeIgniter.php(499): CodeIgniter\CodeIgniter->runController(Object(App\Controllers\DetailEvent))
 8 SYSTEMPATH\CodeIgniter.php(368): CodeIgniter\CodeIgniter->handleRequest(null, Object(Config\Cache), false)
 9 FCPATH\index.php(67): CodeIgniter\CodeIgniter->run()
10 SYSTEMPATH\Commands\Server\rewrite.php(47): require_once('D:\\TUGAS\\KULIAH\\P2MW\\hehe\\gohitfinal\\public\\index.php')
INFO - 2025-05-22 09:29:34 --> Session: Class initialized using 'CodeIgniter\Session\Handlers\FileHandler' driver.
CRITICAL - 2025-05-22 09:29:34 --> Undefined variable $tgl
in APPPATH\Views\detaileventp.php on line 24.
 1 APPPATH\Views\detaileventp.php(24): CodeIgniter\Debug\Exceptions->errorHandler(2, 'Undefined variable $tgl', 'D:\\TUGAS\\KULIAH\\P2MW\\hehe\\gohitfinal\\app\\Views\\detaileventp.php', 24)
 2 SYSTEMPATH\View\View.php(213): include('D:\\TUGAS\\KULIAH\\P2MW\\hehe\\gohitfinal\\app\\Views\\detaileventp.php')
 3 SYSTEMPATH\View\View.php(216): CodeIgniter\View\View->CodeIgniter\View\{closure}()
 4 SYSTEMPATH\Common.php(1184): CodeIgniter\View\View->render('detaileventp', [], true)
 5 APPPATH\Controllers\DetailEvent.php(481): view('detaileventp', [...])
 6 SYSTEMPATH\CodeIgniter.php(934): App\Controllers\DetailEvent->peserta('images', 'bg-01.jpg')
 7 SYSTEMPATH\CodeIgniter.php(499): CodeIgniter\CodeIgniter->runController(Object(App\Controllers\DetailEvent))
 8 SYSTEMPATH\CodeIgniter.php(368): CodeIgniter\CodeIgniter->handleRequest(null, Object(Config\Cache), false)
 9 FCPATH\index.php(67): CodeIgniter\CodeIgniter->run()
10 SYSTEMPATH\Commands\Server\rewrite.php(47): require_once('D:\\TUGAS\\KULIAH\\P2MW\\hehe\\gohitfinal\\public\\index.php')
INFO - 2025-05-22 09:30:11 --> Session: Class initialized using 'CodeIgniter\Session\Handlers\FileHandler' driver.
INFO - 2025-05-22 09:30:11 --> Session: Class initialized using 'CodeIgniter\Session\Handlers\FileHandler' driver.
INFO - 2025-05-22 09:30:11 --> Session: Class initialized using 'CodeIgniter\Session\Handlers\FileHandler' driver.
CRITICAL - 2025-05-22 09:30:11 --> Undefined variable $tgl
in APPPATH\Views\detaileventp.php on line 24.
 1 APPPATH\Views\detaileventp.php(24): CodeIgniter\Debug\Exceptions->errorHandler(2, 'Undefined variable $tgl', 'D:\\TUGAS\\KULIAH\\P2MW\\hehe\\gohitfinal\\app\\Views\\detaileventp.php', 24)
 2 SYSTEMPATH\View\View.php(213): include('D:\\TUGAS\\KULIAH\\P2MW\\hehe\\gohitfinal\\app\\Views\\detaileventp.php')
 3 SYSTEMPATH\View\View.php(216): CodeIgniter\View\View->CodeIgniter\View\{closure}()
 4 SYSTEMPATH\Common.php(1184): CodeIgniter\View\View->render('detaileventp', [], true)
 5 APPPATH\Controllers\DetailEvent.php(481): view('detaileventp', [...])
 6 SYSTEMPATH\CodeIgniter.php(934): App\Controllers\DetailEvent->peserta('css', 'main.css')
 7 SYSTEMPATH\CodeIgniter.php(499): CodeIgniter\CodeIgniter->runController(Object(App\Controllers\DetailEvent))
 8 SYSTEMPATH\CodeIgniter.php(368): CodeIgniter\CodeIgniter->handleRequest(null, Object(Config\Cache), false)
 9 FCPATH\index.php(67): CodeIgniter\CodeIgniter->run()
10 SYSTEMPATH\Commands\Server\rewrite.php(47): require_once('D:\\TUGAS\\KULIAH\\P2MW\\hehe\\gohitfinal\\public\\index.php')
INFO - 2025-05-22 09:30:12 --> Session: Class initialized using 'CodeIgniter\Session\Handlers\FileHandler' driver.
CRITICAL - 2025-05-22 09:30:12 --> Undefined variable $tgl
in APPPATH\Views\detaileventp.php on line 24.
 1 APPPATH\Views\detaileventp.php(24): CodeIgniter\Debug\Exceptions->errorHandler(2, 'Undefined variable $tgl', 'D:\\TUGAS\\KULIAH\\P2MW\\hehe\\gohitfinal\\app\\Views\\detaileventp.php', 24)
 2 SYSTEMPATH\View\View.php(213): include('D:\\TUGAS\\KULIAH\\P2MW\\hehe\\gohitfinal\\app\\Views\\detaileventp.php')
 3 SYSTEMPATH\View\View.php(216): CodeIgniter\View\View->CodeIgniter\View\{closure}()
 4 SYSTEMPATH\Common.php(1184): CodeIgniter\View\View->render('detaileventp', [], true)
 5 APPPATH\Controllers\DetailEvent.php(481): view('detaileventp', [...])
 6 SYSTEMPATH\CodeIgniter.php(934): App\Controllers\DetailEvent->peserta('css', 'style.css')
 7 SYSTEMPATH\CodeIgniter.php(499): CodeIgniter\CodeIgniter->runController(Object(App\Controllers\DetailEvent))
 8 SYSTEMPATH\CodeIgniter.php(368): CodeIgniter\CodeIgniter->handleRequest(null, Object(Config\Cache), false)
 9 FCPATH\index.php(67): CodeIgniter\CodeIgniter->run()
10 SYSTEMPATH\Commands\Server\rewrite.php(47): require_once('D:\\TUGAS\\KULIAH\\P2MW\\hehe\\gohitfinal\\public\\index.php')
INFO - 2025-05-22 09:30:12 --> Session: Class initialized using 'CodeIgniter\Session\Handlers\FileHandler' driver.
CRITICAL - 2025-05-22 09:30:12 --> Undefined variable $tgl
in APPPATH\Views\detaileventp.php on line 24.
 1 APPPATH\Views\detaileventp.php(24): CodeIgniter\Debug\Exceptions->errorHandler(2, 'Undefined variable $tgl', 'D:\\TUGAS\\KULIAH\\P2MW\\hehe\\gohitfinal\\app\\Views\\detaileventp.php', 24)
 2 SYSTEMPATH\View\View.php(213): include('D:\\TUGAS\\KULIAH\\P2MW\\hehe\\gohitfinal\\app\\Views\\detaileventp.php')
 3 SYSTEMPATH\View\View.php(216): CodeIgniter\View\View->CodeIgniter\View\{closure}()
 4 SYSTEMPATH\Common.php(1184): CodeIgniter\View\View->render('detaileventp', [], true)
 5 APPPATH\Controllers\DetailEvent.php(481): view('detaileventp', [...])
 6 SYSTEMPATH\CodeIgniter.php(934): App\Controllers\DetailEvent->peserta('images', 'bg-01.jpg')
 7 SYSTEMPATH\CodeIgniter.php(499): CodeIgniter\CodeIgniter->runController(Object(App\Controllers\DetailEvent))
 8 SYSTEMPATH\CodeIgniter.php(368): CodeIgniter\CodeIgniter->handleRequest(null, Object(Config\Cache), false)
 9 FCPATH\index.php(67): CodeIgniter\CodeIgniter->run()
10 SYSTEMPATH\Commands\Server\rewrite.php(47): require_once('D:\\TUGAS\\KULIAH\\P2MW\\hehe\\gohitfinal\\public\\index.php')
INFO - 2025-05-22 09:30:43 --> Session: Class initialized using 'CodeIgniter\Session\Handlers\FileHandler' driver.
INFO - 2025-05-22 09:30:43 --> Session: Class initialized using 'CodeIgniter\Session\Handlers\FileHandler' driver.
INFO - 2025-05-22 09:30:44 --> Session: Class initialized using 'CodeIgniter\Session\Handlers\FileHandler' driver.
CRITICAL - 2025-05-22 09:30:44 --> Undefined variable $tgl
in APPPATH\Views\detaileventp.php on line 24.
 1 APPPATH\Views\detaileventp.php(24): CodeIgniter\Debug\Exceptions->errorHandler(2, 'Undefined variable $tgl', 'D:\\TUGAS\\KULIAH\\P2MW\\hehe\\gohitfinal\\app\\Views\\detaileventp.php', 24)
 2 SYSTEMPATH\View\View.php(213): include('D:\\TUGAS\\KULIAH\\P2MW\\hehe\\gohitfinal\\app\\Views\\detaileventp.php')
 3 SYSTEMPATH\View\View.php(216): CodeIgniter\View\View->CodeIgniter\View\{closure}()
 4 SYSTEMPATH\Common.php(1184): CodeIgniter\View\View->render('detaileventp', [], true)
 5 APPPATH\Controllers\DetailEvent.php(481): view('detaileventp', [...])
 6 SYSTEMPATH\CodeIgniter.php(934): App\Controllers\DetailEvent->peserta('css', 'main.css')
 7 SYSTEMPATH\CodeIgniter.php(499): CodeIgniter\CodeIgniter->runController(Object(App\Controllers\DetailEvent))
 8 SYSTEMPATH\CodeIgniter.php(368): CodeIgniter\CodeIgniter->handleRequest(null, Object(Config\Cache), false)
 9 FCPATH\index.php(67): CodeIgniter\CodeIgniter->run()
10 SYSTEMPATH\Commands\Server\rewrite.php(47): require_once('D:\\TUGAS\\KULIAH\\P2MW\\hehe\\gohitfinal\\public\\index.php')
INFO - 2025-05-22 09:30:44 --> Session: Class initialized using 'CodeIgniter\Session\Handlers\FileHandler' driver.
CRITICAL - 2025-05-22 09:30:44 --> Undefined variable $tgl
in APPPATH\Views\detaileventp.php on line 24.
 1 APPPATH\Views\detaileventp.php(24): CodeIgniter\Debug\Exceptions->errorHandler(2, 'Undefined variable $tgl', 'D:\\TUGAS\\KULIAH\\P2MW\\hehe\\gohitfinal\\app\\Views\\detaileventp.php', 24)
 2 SYSTEMPATH\View\View.php(213): include('D:\\TUGAS\\KULIAH\\P2MW\\hehe\\gohitfinal\\app\\Views\\detaileventp.php')
 3 SYSTEMPATH\View\View.php(216): CodeIgniter\View\View->CodeIgniter\View\{closure}()
 4 SYSTEMPATH\Common.php(1184): CodeIgniter\View\View->render('detaileventp', [], true)
 5 APPPATH\Controllers\DetailEvent.php(481): view('detaileventp', [...])
 6 SYSTEMPATH\CodeIgniter.php(934): App\Controllers\DetailEvent->peserta('css', 'style.css')
 7 SYSTEMPATH\CodeIgniter.php(499): CodeIgniter\CodeIgniter->runController(Object(App\Controllers\DetailEvent))
 8 SYSTEMPATH\CodeIgniter.php(368): CodeIgniter\CodeIgniter->handleRequest(null, Object(Config\Cache), false)
 9 FCPATH\index.php(67): CodeIgniter\CodeIgniter->run()
10 SYSTEMPATH\Commands\Server\rewrite.php(47): require_once('D:\\TUGAS\\KULIAH\\P2MW\\hehe\\gohitfinal\\public\\index.php')
INFO - 2025-05-22 09:30:44 --> Session: Class initialized using 'CodeIgniter\Session\Handlers\FileHandler' driver.
CRITICAL - 2025-05-22 09:30:44 --> Undefined variable $tgl
in APPPATH\Views\detaileventp.php on line 24.
 1 APPPATH\Views\detaileventp.php(24): CodeIgniter\Debug\Exceptions->errorHandler(2, 'Undefined variable $tgl', 'D:\\TUGAS\\KULIAH\\P2MW\\hehe\\gohitfinal\\app\\Views\\detaileventp.php', 24)
 2 SYSTEMPATH\View\View.php(213): include('D:\\TUGAS\\KULIAH\\P2MW\\hehe\\gohitfinal\\app\\Views\\detaileventp.php')
 3 SYSTEMPATH\View\View.php(216): CodeIgniter\View\View->CodeIgniter\View\{closure}()
 4 SYSTEMPATH\Common.php(1184): CodeIgniter\View\View->render('detaileventp', [], true)
 5 APPPATH\Controllers\DetailEvent.php(481): view('detaileventp', [...])
 6 SYSTEMPATH\CodeIgniter.php(934): App\Controllers\DetailEvent->peserta('images', 'bg-01.jpg')
 7 SYSTEMPATH\CodeIgniter.php(499): CodeIgniter\CodeIgniter->runController(Object(App\Controllers\DetailEvent))
 8 SYSTEMPATH\CodeIgniter.php(368): CodeIgniter\CodeIgniter->handleRequest(null, Object(Config\Cache), false)
 9 FCPATH\index.php(67): CodeIgniter\CodeIgniter->run()
10 SYSTEMPATH\Commands\Server\rewrite.php(47): require_once('D:\\TUGAS\\KULIAH\\P2MW\\hehe\\gohitfinal\\public\\index.php')
INFO - 2025-05-22 09:31:17 --> Session: Class initialized using 'CodeIgniter\Session\Handlers\FileHandler' driver.
INFO - 2025-05-22 09:31:17 --> Session: Class initialized using 'CodeIgniter\Session\Handlers\FileHandler' driver.
INFO - 2025-05-22 09:31:17 --> Session: Class initialized using 'CodeIgniter\Session\Handlers\FileHandler' driver.
CRITICAL - 2025-05-22 09:31:17 --> Undefined variable $tgl
in APPPATH\Views\detaileventp.php on line 24.
 1 APPPATH\Views\detaileventp.php(24): CodeIgniter\Debug\Exceptions->errorHandler(2, 'Undefined variable $tgl', 'D:\\TUGAS\\KULIAH\\P2MW\\hehe\\gohitfinal\\app\\Views\\detaileventp.php', 24)
 2 SYSTEMPATH\View\View.php(213): include('D:\\TUGAS\\KULIAH\\P2MW\\hehe\\gohitfinal\\app\\Views\\detaileventp.php')
 3 SYSTEMPATH\View\View.php(216): CodeIgniter\View\View->CodeIgniter\View\{closure}()
 4 SYSTEMPATH\Common.php(1184): CodeIgniter\View\View->render('detaileventp', [], true)
 5 APPPATH\Controllers\DetailEvent.php(481): view('detaileventp', [...])
 6 SYSTEMPATH\CodeIgniter.php(934): App\Controllers\DetailEvent->peserta('css', 'main.css')
 7 SYSTEMPATH\CodeIgniter.php(499): CodeIgniter\CodeIgniter->runController(Object(App\Controllers\DetailEvent))
 8 SYSTEMPATH\CodeIgniter.php(368): CodeIgniter\CodeIgniter->handleRequest(null, Object(Config\Cache), false)
 9 FCPATH\index.php(67): CodeIgniter\CodeIgniter->run()
10 SYSTEMPATH\Commands\Server\rewrite.php(47): require_once('D:\\TUGAS\\KULIAH\\P2MW\\hehe\\gohitfinal\\public\\index.php')
INFO - 2025-05-22 09:31:17 --> Session: Class initialized using 'CodeIgniter\Session\Handlers\FileHandler' driver.
CRITICAL - 2025-05-22 09:31:17 --> Undefined variable $tgl
in APPPATH\Views\detaileventp.php on line 24.
 1 APPPATH\Views\detaileventp.php(24): CodeIgniter\Debug\Exceptions->errorHandler(2, 'Undefined variable $tgl', 'D:\\TUGAS\\KULIAH\\P2MW\\hehe\\gohitfinal\\app\\Views\\detaileventp.php', 24)
 2 SYSTEMPATH\View\View.php(213): include('D:\\TUGAS\\KULIAH\\P2MW\\hehe\\gohitfinal\\app\\Views\\detaileventp.php')
 3 SYSTEMPATH\View\View.php(216): CodeIgniter\View\View->CodeIgniter\View\{closure}()
 4 SYSTEMPATH\Common.php(1184): CodeIgniter\View\View->render('detaileventp', [], true)
 5 APPPATH\Controllers\DetailEvent.php(481): view('detaileventp', [...])
 6 SYSTEMPATH\CodeIgniter.php(934): App\Controllers\DetailEvent->peserta('css', 'style.css')
 7 SYSTEMPATH\CodeIgniter.php(499): CodeIgniter\CodeIgniter->runController(Object(App\Controllers\DetailEvent))
 8 SYSTEMPATH\CodeIgniter.php(368): CodeIgniter\CodeIgniter->handleRequest(null, Object(Config\Cache), false)
 9 FCPATH\index.php(67): CodeIgniter\CodeIgniter->run()
10 SYSTEMPATH\Commands\Server\rewrite.php(47): require_once('D:\\TUGAS\\KULIAH\\P2MW\\hehe\\gohitfinal\\public\\index.php')
INFO - 2025-05-22 09:31:17 --> Session: Class initialized using 'CodeIgniter\Session\Handlers\FileHandler' driver.
CRITICAL - 2025-05-22 09:31:18 --> Undefined variable $tgl
in APPPATH\Views\detaileventp.php on line 24.
 1 APPPATH\Views\detaileventp.php(24): CodeIgniter\Debug\Exceptions->errorHandler(2, 'Undefined variable $tgl', 'D:\\TUGAS\\KULIAH\\P2MW\\hehe\\gohitfinal\\app\\Views\\detaileventp.php', 24)
 2 SYSTEMPATH\View\View.php(213): include('D:\\TUGAS\\KULIAH\\P2MW\\hehe\\gohitfinal\\app\\Views\\detaileventp.php')
 3 SYSTEMPATH\View\View.php(216): CodeIgniter\View\View->CodeIgniter\View\{closure}()
 4 SYSTEMPATH\Common.php(1184): CodeIgniter\View\View->render('detaileventp', [], true)
 5 APPPATH\Controllers\DetailEvent.php(481): view('detaileventp', [...])
 6 SYSTEMPATH\CodeIgniter.php(934): App\Controllers\DetailEvent->peserta('images', 'bg-01.jpg')
 7 SYSTEMPATH\CodeIgniter.php(499): CodeIgniter\CodeIgniter->runController(Object(App\Controllers\DetailEvent))
 8 SYSTEMPATH\CodeIgniter.php(368): CodeIgniter\CodeIgniter->handleRequest(null, Object(Config\Cache), false)
 9 FCPATH\index.php(67): CodeIgniter\CodeIgniter->run()
10 SYSTEMPATH\Commands\Server\rewrite.php(47): require_once('D:\\TUGAS\\KULIAH\\P2MW\\hehe\\gohitfinal\\public\\index.php')
INFO - 2025-05-22 09:31:43 --> Session: Class initialized using 'CodeIgniter\Session\Handlers\FileHandler' driver.
INFO - 2025-05-22 09:31:44 --> Session: Class initialized using 'CodeIgniter\Session\Handlers\FileHandler' driver.
CRITICAL - 2025-05-22 09:31:44 --> Undefined variable $tgl
in APPPATH\Views\detaileventp.php on line 24.
 1 APPPATH\Views\detaileventp.php(24): CodeIgniter\Debug\Exceptions->errorHandler(2, 'Undefined variable $tgl', 'D:\\TUGAS\\KULIAH\\P2MW\\hehe\\gohitfinal\\app\\Views\\detaileventp.php', 24)
 2 SYSTEMPATH\View\View.php(213): include('D:\\TUGAS\\KULIAH\\P2MW\\hehe\\gohitfinal\\app\\Views\\detaileventp.php')
 3 SYSTEMPATH\View\View.php(216): CodeIgniter\View\View->CodeIgniter\View\{closure}()
 4 SYSTEMPATH\Common.php(1184): CodeIgniter\View\View->render('detaileventp', [], true)
 5 APPPATH\Controllers\DetailEvent.php(481): view('detaileventp', [...])
 6 SYSTEMPATH\CodeIgniter.php(934): App\Controllers\DetailEvent->peserta('css', 'main.css')
 7 SYSTEMPATH\CodeIgniter.php(499): CodeIgniter\CodeIgniter->runController(Object(App\Controllers\DetailEvent))
 8 SYSTEMPATH\CodeIgniter.php(368): CodeIgniter\CodeIgniter->handleRequest(null, Object(Config\Cache), false)
 9 FCPATH\index.php(67): CodeIgniter\CodeIgniter->run()
10 SYSTEMPATH\Commands\Server\rewrite.php(47): require_once('D:\\TUGAS\\KULIAH\\P2MW\\hehe\\gohitfinal\\public\\index.php')
INFO - 2025-05-22 09:31:44 --> Session: Class initialized using 'CodeIgniter\Session\Handlers\FileHandler' driver.
CRITICAL - 2025-05-22 09:31:44 --> Undefined variable $tgl
in APPPATH\Views\detaileventp.php on line 24.
 1 APPPATH\Views\detaileventp.php(24): CodeIgniter\Debug\Exceptions->errorHandler(2, 'Undefined variable $tgl', 'D:\\TUGAS\\KULIAH\\P2MW\\hehe\\gohitfinal\\app\\Views\\detaileventp.php', 24)
 2 SYSTEMPATH\View\View.php(213): include('D:\\TUGAS\\KULIAH\\P2MW\\hehe\\gohitfinal\\app\\Views\\detaileventp.php')
 3 SYSTEMPATH\View\View.php(216): CodeIgniter\View\View->CodeIgniter\View\{closure}()
 4 SYSTEMPATH\Common.php(1184): CodeIgniter\View\View->render('detaileventp', [], true)
 5 APPPATH\Controllers\DetailEvent.php(481): view('detaileventp', [...])
 6 SYSTEMPATH\CodeIgniter.php(934): App\Controllers\DetailEvent->peserta('css', 'style.css')
 7 SYSTEMPATH\CodeIgniter.php(499): CodeIgniter\CodeIgniter->runController(Object(App\Controllers\DetailEvent))
 8 SYSTEMPATH\CodeIgniter.php(368): CodeIgniter\CodeIgniter->handleRequest(null, Object(Config\Cache), false)
 9 FCPATH\index.php(67): CodeIgniter\CodeIgniter->run()
10 SYSTEMPATH\Commands\Server\rewrite.php(47): require_once('D:\\TUGAS\\KULIAH\\P2MW\\hehe\\gohitfinal\\public\\index.php')
INFO - 2025-05-22 09:31:44 --> Session: Class initialized using 'CodeIgniter\Session\Handlers\FileHandler' driver.
CRITICAL - 2025-05-22 09:31:44 --> Undefined variable $tgl
in APPPATH\Views\detaileventp.php on line 24.
 1 APPPATH\Views\detaileventp.php(24): CodeIgniter\Debug\Exceptions->errorHandler(2, 'Undefined variable $tgl', 'D:\\TUGAS\\KULIAH\\P2MW\\hehe\\gohitfinal\\app\\Views\\detaileventp.php', 24)
 2 SYSTEMPATH\View\View.php(213): include('D:\\TUGAS\\KULIAH\\P2MW\\hehe\\gohitfinal\\app\\Views\\detaileventp.php')
 3 SYSTEMPATH\View\View.php(216): CodeIgniter\View\View->CodeIgniter\View\{closure}()
 4 SYSTEMPATH\Common.php(1184): CodeIgniter\View\View->render('detaileventp', [], true)
 5 APPPATH\Controllers\DetailEvent.php(481): view('detaileventp', [...])
 6 SYSTEMPATH\CodeIgniter.php(934): App\Controllers\DetailEvent->peserta('images', 'bg-01.jpg')
 7 SYSTEMPATH\CodeIgniter.php(499): CodeIgniter\CodeIgniter->runController(Object(App\Controllers\DetailEvent))
 8 SYSTEMPATH\CodeIgniter.php(368): CodeIgniter\CodeIgniter->handleRequest(null, Object(Config\Cache), false)
 9 FCPATH\index.php(67): CodeIgniter\CodeIgniter->run()
10 SYSTEMPATH\Commands\Server\rewrite.php(47): require_once('D:\\TUGAS\\KULIAH\\P2MW\\hehe\\gohitfinal\\public\\index.php')
INFO - 2025-05-22 09:31:46 --> Session: Class initialized using 'CodeIgniter\Session\Handlers\FileHandler' driver.
INFO - 2025-05-22 09:31:46 --> Session: Class initialized using 'CodeIgniter\Session\Handlers\FileHandler' driver.
INFO - 2025-05-22 09:31:46 --> Session: Class initialized using 'CodeIgniter\Session\Handlers\FileHandler' driver.
CRITICAL - 2025-05-22 09:31:46 --> Undefined variable $tgl
in APPPATH\Views\detaileventp.php on line 24.
 1 APPPATH\Views\detaileventp.php(24): CodeIgniter\Debug\Exceptions->errorHandler(2, 'Undefined variable $tgl', 'D:\\TUGAS\\KULIAH\\P2MW\\hehe\\gohitfinal\\app\\Views\\detaileventp.php', 24)
 2 SYSTEMPATH\View\View.php(213): include('D:\\TUGAS\\KULIAH\\P2MW\\hehe\\gohitfinal\\app\\Views\\detaileventp.php')
 3 SYSTEMPATH\View\View.php(216): CodeIgniter\View\View->CodeIgniter\View\{closure}()
 4 SYSTEMPATH\Common.php(1184): CodeIgniter\View\View->render('detaileventp', [], true)
 5 APPPATH\Controllers\DetailEvent.php(481): view('detaileventp', [...])
 6 SYSTEMPATH\CodeIgniter.php(934): App\Controllers\DetailEvent->peserta('css', 'main.css')
 7 SYSTEMPATH\CodeIgniter.php(499): CodeIgniter\CodeIgniter->runController(Object(App\Controllers\DetailEvent))
 8 SYSTEMPATH\CodeIgniter.php(368): CodeIgniter\CodeIgniter->handleRequest(null, Object(Config\Cache), false)
 9 FCPATH\index.php(67): CodeIgniter\CodeIgniter->run()
10 SYSTEMPATH\Commands\Server\rewrite.php(47): require_once('D:\\TUGAS\\KULIAH\\P2MW\\hehe\\gohitfinal\\public\\index.php')
INFO - 2025-05-22 09:31:47 --> Session: Class initialized using 'CodeIgniter\Session\Handlers\FileHandler' driver.
CRITICAL - 2025-05-22 09:31:47 --> Undefined variable $tgl
in APPPATH\Views\detaileventp.php on line 24.
 1 APPPATH\Views\detaileventp.php(24): CodeIgniter\Debug\Exceptions->errorHandler(2, 'Undefined variable $tgl', 'D:\\TUGAS\\KULIAH\\P2MW\\hehe\\gohitfinal\\app\\Views\\detaileventp.php', 24)
 2 SYSTEMPATH\View\View.php(213): include('D:\\TUGAS\\KULIAH\\P2MW\\hehe\\gohitfinal\\app\\Views\\detaileventp.php')
 3 SYSTEMPATH\View\View.php(216): CodeIgniter\View\View->CodeIgniter\View\{closure}()
 4 SYSTEMPATH\Common.php(1184): CodeIgniter\View\View->render('detaileventp', [], true)
 5 APPPATH\Controllers\DetailEvent.php(481): view('detaileventp', [...])
 6 SYSTEMPATH\CodeIgniter.php(934): App\Controllers\DetailEvent->peserta('css', 'style.css')
 7 SYSTEMPATH\CodeIgniter.php(499): CodeIgniter\CodeIgniter->runController(Object(App\Controllers\DetailEvent))
 8 SYSTEMPATH\CodeIgniter.php(368): CodeIgniter\CodeIgniter->handleRequest(null, Object(Config\Cache), false)
 9 FCPATH\index.php(67): CodeIgniter\CodeIgniter->run()
10 SYSTEMPATH\Commands\Server\rewrite.php(47): require_once('D:\\TUGAS\\KULIAH\\P2MW\\hehe\\gohitfinal\\public\\index.php')
INFO - 2025-05-22 09:31:47 --> Session: Class initialized using 'CodeIgniter\Session\Handlers\FileHandler' driver.
CRITICAL - 2025-05-22 09:31:47 --> Undefined variable $tgl
in APPPATH\Views\detaileventp.php on line 24.
 1 APPPATH\Views\detaileventp.php(24): CodeIgniter\Debug\Exceptions->errorHandler(2, 'Undefined variable $tgl', 'D:\\TUGAS\\KULIAH\\P2MW\\hehe\\gohitfinal\\app\\Views\\detaileventp.php', 24)
 2 SYSTEMPATH\View\View.php(213): include('D:\\TUGAS\\KULIAH\\P2MW\\hehe\\gohitfinal\\app\\Views\\detaileventp.php')
 3 SYSTEMPATH\View\View.php(216): CodeIgniter\View\View->CodeIgniter\View\{closure}()
 4 SYSTEMPATH\Common.php(1184): CodeIgniter\View\View->render('detaileventp', [], true)
 5 APPPATH\Controllers\DetailEvent.php(481): view('detaileventp', [...])
 6 SYSTEMPATH\CodeIgniter.php(934): App\Controllers\DetailEvent->peserta('images', 'bg-01.jpg')
 7 SYSTEMPATH\CodeIgniter.php(499): CodeIgniter\CodeIgniter->runController(Object(App\Controllers\DetailEvent))
 8 SYSTEMPATH\CodeIgniter.php(368): CodeIgniter\CodeIgniter->handleRequest(null, Object(Config\Cache), false)
 9 FCPATH\index.php(67): CodeIgniter\CodeIgniter->run()
10 SYSTEMPATH\Commands\Server\rewrite.php(47): require_once('D:\\TUGAS\\KULIAH\\P2MW\\hehe\\gohitfinal\\public\\index.php')
INFO - 2025-05-22 09:32:18 --> Session: Class initialized using 'CodeIgniter\Session\Handlers\FileHandler' driver.
INFO - 2025-05-22 09:32:18 --> Session: Class initialized using 'CodeIgniter\Session\Handlers\FileHandler' driver.
INFO - 2025-05-22 09:32:18 --> Session: Class initialized using 'CodeIgniter\Session\Handlers\FileHandler' driver.
CRITICAL - 2025-05-22 09:32:18 --> Undefined variable $tgl
in APPPATH\Views\detaileventp.php on line 24.
 1 APPPATH\Views\detaileventp.php(24): CodeIgniter\Debug\Exceptions->errorHandler(2, 'Undefined variable $tgl', 'D:\\TUGAS\\KULIAH\\P2MW\\hehe\\gohitfinal\\app\\Views\\detaileventp.php', 24)
 2 SYSTEMPATH\View\View.php(213): include('D:\\TUGAS\\KULIAH\\P2MW\\hehe\\gohitfinal\\app\\Views\\detaileventp.php')
 3 SYSTEMPATH\View\View.php(216): CodeIgniter\View\View->CodeIgniter\View\{closure}()
 4 SYSTEMPATH\Common.php(1184): CodeIgniter\View\View->render('detaileventp', [], true)
 5 APPPATH\Controllers\DetailEvent.php(481): view('detaileventp', [...])
 6 SYSTEMPATH\CodeIgniter.php(934): App\Controllers\DetailEvent->peserta('css', 'main.css')
 7 SYSTEMPATH\CodeIgniter.php(499): CodeIgniter\CodeIgniter->runController(Object(App\Controllers\DetailEvent))
 8 SYSTEMPATH\CodeIgniter.php(368): CodeIgniter\CodeIgniter->handleRequest(null, Object(Config\Cache), false)
 9 FCPATH\index.php(67): CodeIgniter\CodeIgniter->run()
10 SYSTEMPATH\Commands\Server\rewrite.php(47): require_once('D:\\TUGAS\\KULIAH\\P2MW\\hehe\\gohitfinal\\public\\index.php')
INFO - 2025-05-22 09:32:18 --> Session: Class initialized using 'CodeIgniter\Session\Handlers\FileHandler' driver.
CRITICAL - 2025-05-22 09:32:19 --> Undefined variable $tgl
in APPPATH\Views\detaileventp.php on line 24.
 1 APPPATH\Views\detaileventp.php(24): CodeIgniter\Debug\Exceptions->errorHandler(2, 'Undefined variable $tgl', 'D:\\TUGAS\\KULIAH\\P2MW\\hehe\\gohitfinal\\app\\Views\\detaileventp.php', 24)
 2 SYSTEMPATH\View\View.php(213): include('D:\\TUGAS\\KULIAH\\P2MW\\hehe\\gohitfinal\\app\\Views\\detaileventp.php')
 3 SYSTEMPATH\View\View.php(216): CodeIgniter\View\View->CodeIgniter\View\{closure}()
 4 SYSTEMPATH\Common.php(1184): CodeIgniter\View\View->render('detaileventp', [], true)
 5 APPPATH\Controllers\DetailEvent.php(481): view('detaileventp', [...])
 6 SYSTEMPATH\CodeIgniter.php(934): App\Controllers\DetailEvent->peserta('css', 'style.css')
 7 SYSTEMPATH\CodeIgniter.php(499): CodeIgniter\CodeIgniter->runController(Object(App\Controllers\DetailEvent))
 8 SYSTEMPATH\CodeIgniter.php(368): CodeIgniter\CodeIgniter->handleRequest(null, Object(Config\Cache), false)
 9 FCPATH\index.php(67): CodeIgniter\CodeIgniter->run()
10 SYSTEMPATH\Commands\Server\rewrite.php(47): require_once('D:\\TUGAS\\KULIAH\\P2MW\\hehe\\gohitfinal\\public\\index.php')
INFO - 2025-05-22 09:32:19 --> Session: Class initialized using 'CodeIgniter\Session\Handlers\FileHandler' driver.
CRITICAL - 2025-05-22 09:32:19 --> Undefined variable $tgl
in APPPATH\Views\detaileventp.php on line 24.
 1 APPPATH\Views\detaileventp.php(24): CodeIgniter\Debug\Exceptions->errorHandler(2, 'Undefined variable $tgl', 'D:\\TUGAS\\KULIAH\\P2MW\\hehe\\gohitfinal\\app\\Views\\detaileventp.php', 24)
 2 SYSTEMPATH\View\View.php(213): include('D:\\TUGAS\\KULIAH\\P2MW\\hehe\\gohitfinal\\app\\Views\\detaileventp.php')
 3 SYSTEMPATH\View\View.php(216): CodeIgniter\View\View->CodeIgniter\View\{closure}()
 4 SYSTEMPATH\Common.php(1184): CodeIgniter\View\View->render('detaileventp', [], true)
 5 APPPATH\Controllers\DetailEvent.php(481): view('detaileventp', [...])
 6 SYSTEMPATH\CodeIgniter.php(934): App\Controllers\DetailEvent->peserta('images', 'bg-01.jpg')
 7 SYSTEMPATH\CodeIgniter.php(499): CodeIgniter\CodeIgniter->runController(Object(App\Controllers\DetailEvent))
 8 SYSTEMPATH\CodeIgniter.php(368): CodeIgniter\CodeIgniter->handleRequest(null, Object(Config\Cache), false)
 9 FCPATH\index.php(67): CodeIgniter\CodeIgniter->run()
10 SYSTEMPATH\Commands\Server\rewrite.php(47): require_once('D:\\TUGAS\\KULIAH\\P2MW\\hehe\\gohitfinal\\public\\index.php')
INFO - 2025-05-22 09:36:17 --> Session: Class initialized using 'CodeIgniter\Session\Handlers\FileHandler' driver.
INFO - 2025-05-22 09:36:17 --> Session: Class initialized using 'CodeIgniter\Session\Handlers\FileHandler' driver.
CRITICAL - 2025-05-22 09:36:18 --> Undefined variable $tgl
in APPPATH\Views\detaileventp.php on line 24.
 1 APPPATH\Views\detaileventp.php(24): CodeIgniter\Debug\Exceptions->errorHandler(2, 'Undefined variable $tgl', 'D:\\TUGAS\\KULIAH\\P2MW\\hehe\\gohitfinal\\app\\Views\\detaileventp.php', 24)
 2 SYSTEMPATH\View\View.php(213): include('D:\\TUGAS\\KULIAH\\P2MW\\hehe\\gohitfinal\\app\\Views\\detaileventp.php')
 3 SYSTEMPATH\View\View.php(216): CodeIgniter\View\View->CodeIgniter\View\{closure}()
 4 SYSTEMPATH\Common.php(1184): CodeIgniter\View\View->render('detaileventp', [], true)
 5 APPPATH\Controllers\DetailEvent.php(481): view('detaileventp', [...])
 6 SYSTEMPATH\CodeIgniter.php(934): App\Controllers\DetailEvent->peserta('css', 'main.css')
 7 SYSTEMPATH\CodeIgniter.php(499): CodeIgniter\CodeIgniter->runController(Object(App\Controllers\DetailEvent))
 8 SYSTEMPATH\CodeIgniter.php(368): CodeIgniter\CodeIgniter->handleRequest(null, Object(Config\Cache), false)
 9 FCPATH\index.php(67): CodeIgniter\CodeIgniter->run()
10 SYSTEMPATH\Commands\Server\rewrite.php(47): require_once('D:\\TUGAS\\KULIAH\\P2MW\\hehe\\gohitfinal\\public\\index.php')
INFO - 2025-05-22 09:36:18 --> Session: Class initialized using 'CodeIgniter\Session\Handlers\FileHandler' driver.
CRITICAL - 2025-05-22 09:36:18 --> Undefined variable $tgl
in APPPATH\Views\detaileventp.php on line 24.
 1 APPPATH\Views\detaileventp.php(24): CodeIgniter\Debug\Exceptions->errorHandler(2, 'Undefined variable $tgl', 'D:\\TUGAS\\KULIAH\\P2MW\\hehe\\gohitfinal\\app\\Views\\detaileventp.php', 24)
 2 SYSTEMPATH\View\View.php(213): include('D:\\TUGAS\\KULIAH\\P2MW\\hehe\\gohitfinal\\app\\Views\\detaileventp.php')
 3 SYSTEMPATH\View\View.php(216): CodeIgniter\View\View->CodeIgniter\View\{closure}()
 4 SYSTEMPATH\Common.php(1184): CodeIgniter\View\View->render('detaileventp', [], true)
 5 APPPATH\Controllers\DetailEvent.php(481): view('detaileventp', [...])
 6 SYSTEMPATH\CodeIgniter.php(934): App\Controllers\DetailEvent->peserta('css', 'style.css')
 7 SYSTEMPATH\CodeIgniter.php(499): CodeIgniter\CodeIgniter->runController(Object(App\Controllers\DetailEvent))
 8 SYSTEMPATH\CodeIgniter.php(368): CodeIgniter\CodeIgniter->handleRequest(null, Object(Config\Cache), false)
 9 FCPATH\index.php(67): CodeIgniter\CodeIgniter->run()
10 SYSTEMPATH\Commands\Server\rewrite.php(47): require_once('D:\\TUGAS\\KULIAH\\P2MW\\hehe\\gohitfinal\\public\\index.php')
INFO - 2025-05-22 09:36:18 --> Session: Class initialized using 'CodeIgniter\Session\Handlers\FileHandler' driver.
CRITICAL - 2025-05-22 09:36:18 --> Undefined variable $tgl
in APPPATH\Views\detaileventp.php on line 24.
 1 APPPATH\Views\detaileventp.php(24): CodeIgniter\Debug\Exceptions->errorHandler(2, 'Undefined variable $tgl', 'D:\\TUGAS\\KULIAH\\P2MW\\hehe\\gohitfinal\\app\\Views\\detaileventp.php', 24)
 2 SYSTEMPATH\View\View.php(213): include('D:\\TUGAS\\KULIAH\\P2MW\\hehe\\gohitfinal\\app\\Views\\detaileventp.php')
 3 SYSTEMPATH\View\View.php(216): CodeIgniter\View\View->CodeIgniter\View\{closure}()
 4 SYSTEMPATH\Common.php(1184): CodeIgniter\View\View->render('detaileventp', [], true)
 5 APPPATH\Controllers\DetailEvent.php(481): view('detaileventp', [...])
 6 SYSTEMPATH\CodeIgniter.php(934): App\Controllers\DetailEvent->peserta('images', 'bg-01.jpg')
 7 SYSTEMPATH\CodeIgniter.php(499): CodeIgniter\CodeIgniter->runController(Object(App\Controllers\DetailEvent))
 8 SYSTEMPATH\CodeIgniter.php(368): CodeIgniter\CodeIgniter->handleRequest(null, Object(Config\Cache), false)
 9 FCPATH\index.php(67): CodeIgniter\CodeIgniter->run()
10 SYSTEMPATH\Commands\Server\rewrite.php(47): require_once('D:\\TUGAS\\KULIAH\\P2MW\\hehe\\gohitfinal\\public\\index.php')
INFO - 2025-05-22 09:36:21 --> Session: Class initialized using 'CodeIgniter\Session\Handlers\FileHandler' driver.
INFO - 2025-05-22 09:36:21 --> Session: Class initialized using 'CodeIgniter\Session\Handlers\FileHandler' driver.
INFO - 2025-05-22 09:36:21 --> Session: Class initialized using 'CodeIgniter\Session\Handlers\FileHandler' driver.
CRITICAL - 2025-05-22 09:36:21 --> Undefined variable $tgl
in APPPATH\Views\detaileventp.php on line 24.
 1 APPPATH\Views\detaileventp.php(24): CodeIgniter\Debug\Exceptions->errorHandler(2, 'Undefined variable $tgl', 'D:\\TUGAS\\KULIAH\\P2MW\\hehe\\gohitfinal\\app\\Views\\detaileventp.php', 24)
 2 SYSTEMPATH\View\View.php(213): include('D:\\TUGAS\\KULIAH\\P2MW\\hehe\\gohitfinal\\app\\Views\\detaileventp.php')
 3 SYSTEMPATH\View\View.php(216): CodeIgniter\View\View->CodeIgniter\View\{closure}()
 4 SYSTEMPATH\Common.php(1184): CodeIgniter\View\View->render('detaileventp', [], true)
 5 APPPATH\Controllers\DetailEvent.php(481): view('detaileventp', [...])
 6 SYSTEMPATH\CodeIgniter.php(934): App\Controllers\DetailEvent->peserta('css', 'main.css')
 7 SYSTEMPATH\CodeIgniter.php(499): CodeIgniter\CodeIgniter->runController(Object(App\Controllers\DetailEvent))
 8 SYSTEMPATH\CodeIgniter.php(368): CodeIgniter\CodeIgniter->handleRequest(null, Object(Config\Cache), false)
 9 FCPATH\index.php(67): CodeIgniter\CodeIgniter->run()
10 SYSTEMPATH\Commands\Server\rewrite.php(47): require_once('D:\\TUGAS\\KULIAH\\P2MW\\hehe\\gohitfinal\\public\\index.php')
INFO - 2025-05-22 09:36:22 --> Session: Class initialized using 'CodeIgniter\Session\Handlers\FileHandler' driver.
CRITICAL - 2025-05-22 09:36:22 --> Undefined variable $tgl
in APPPATH\Views\detaileventp.php on line 24.
 1 APPPATH\Views\detaileventp.php(24): CodeIgniter\Debug\Exceptions->errorHandler(2, 'Undefined variable $tgl', 'D:\\TUGAS\\KULIAH\\P2MW\\hehe\\gohitfinal\\app\\Views\\detaileventp.php', 24)
 2 SYSTEMPATH\View\View.php(213): include('D:\\TUGAS\\KULIAH\\P2MW\\hehe\\gohitfinal\\app\\Views\\detaileventp.php')
 3 SYSTEMPATH\View\View.php(216): CodeIgniter\View\View->CodeIgniter\View\{closure}()
 4 SYSTEMPATH\Common.php(1184): CodeIgniter\View\View->render('detaileventp', [], true)
 5 APPPATH\Controllers\DetailEvent.php(481): view('detaileventp', [...])
 6 SYSTEMPATH\CodeIgniter.php(934): App\Controllers\DetailEvent->peserta('css', 'style.css')
 7 SYSTEMPATH\CodeIgniter.php(499): CodeIgniter\CodeIgniter->runController(Object(App\Controllers\DetailEvent))
 8 SYSTEMPATH\CodeIgniter.php(368): CodeIgniter\CodeIgniter->handleRequest(null, Object(Config\Cache), false)
 9 FCPATH\index.php(67): CodeIgniter\CodeIgniter->run()
10 SYSTEMPATH\Commands\Server\rewrite.php(47): require_once('D:\\TUGAS\\KULIAH\\P2MW\\hehe\\gohitfinal\\public\\index.php')
INFO - 2025-05-22 09:36:22 --> Session: Class initialized using 'CodeIgniter\Session\Handlers\FileHandler' driver.
CRITICAL - 2025-05-22 09:36:22 --> Undefined variable $tgl
in APPPATH\Views\detaileventp.php on line 24.
 1 APPPATH\Views\detaileventp.php(24): CodeIgniter\Debug\Exceptions->errorHandler(2, 'Undefined variable $tgl', 'D:\\TUGAS\\KULIAH\\P2MW\\hehe\\gohitfinal\\app\\Views\\detaileventp.php', 24)
 2 SYSTEMPATH\View\View.php(213): include('D:\\TUGAS\\KULIAH\\P2MW\\hehe\\gohitfinal\\app\\Views\\detaileventp.php')
 3 SYSTEMPATH\View\View.php(216): CodeIgniter\View\View->CodeIgniter\View\{closure}()
 4 SYSTEMPATH\Common.php(1184): CodeIgniter\View\View->render('detaileventp', [], true)
 5 APPPATH\Controllers\DetailEvent.php(481): view('detaileventp', [...])
 6 SYSTEMPATH\CodeIgniter.php(934): App\Controllers\DetailEvent->peserta('images', 'bg-01.jpg')
 7 SYSTEMPATH\CodeIgniter.php(499): CodeIgniter\CodeIgniter->runController(Object(App\Controllers\DetailEvent))
 8 SYSTEMPATH\CodeIgniter.php(368): CodeIgniter\CodeIgniter->handleRequest(null, Object(Config\Cache), false)
 9 FCPATH\index.php(67): CodeIgniter\CodeIgniter->run()
10 SYSTEMPATH\Commands\Server\rewrite.php(47): require_once('D:\\TUGAS\\KULIAH\\P2MW\\hehe\\gohitfinal\\public\\index.php')
INFO - 2025-05-22 09:37:28 --> Session: Class initialized using 'CodeIgniter\Session\Handlers\FileHandler' driver.
INFO - 2025-05-22 09:37:29 --> Session: Class initialized using 'CodeIgniter\Session\Handlers\FileHandler' driver.
CRITICAL - 2025-05-22 09:37:29 --> Undefined variable $tgl
in APPPATH\Views\detaileventp.php on line 24.
 1 APPPATH\Views\detaileventp.php(24): CodeIgniter\Debug\Exceptions->errorHandler(2, 'Undefined variable $tgl', 'D:\\TUGAS\\KULIAH\\P2MW\\hehe\\gohitfinal\\app\\Views\\detaileventp.php', 24)
 2 SYSTEMPATH\View\View.php(213): include('D:\\TUGAS\\KULIAH\\P2MW\\hehe\\gohitfinal\\app\\Views\\detaileventp.php')
 3 SYSTEMPATH\View\View.php(216): CodeIgniter\View\View->CodeIgniter\View\{closure}()
 4 SYSTEMPATH\Common.php(1184): CodeIgniter\View\View->render('detaileventp', [], true)
 5 APPPATH\Controllers\DetailEvent.php(481): view('detaileventp', [...])
 6 SYSTEMPATH\CodeIgniter.php(934): App\Controllers\DetailEvent->peserta('css', 'main.css')
 7 SYSTEMPATH\CodeIgniter.php(499): CodeIgniter\CodeIgniter->runController(Object(App\Controllers\DetailEvent))
 8 SYSTEMPATH\CodeIgniter.php(368): CodeIgniter\CodeIgniter->handleRequest(null, Object(Config\Cache), false)
 9 FCPATH\index.php(67): CodeIgniter\CodeIgniter->run()
10 SYSTEMPATH\Commands\Server\rewrite.php(47): require_once('D:\\TUGAS\\KULIAH\\P2MW\\hehe\\gohitfinal\\public\\index.php')
INFO - 2025-05-22 09:37:29 --> Session: Class initialized using 'CodeIgniter\Session\Handlers\FileHandler' driver.
CRITICAL - 2025-05-22 09:37:29 --> Undefined variable $tgl
in APPPATH\Views\detaileventp.php on line 24.
 1 APPPATH\Views\detaileventp.php(24): CodeIgniter\Debug\Exceptions->errorHandler(2, 'Undefined variable $tgl', 'D:\\TUGAS\\KULIAH\\P2MW\\hehe\\gohitfinal\\app\\Views\\detaileventp.php', 24)
 2 SYSTEMPATH\View\View.php(213): include('D:\\TUGAS\\KULIAH\\P2MW\\hehe\\gohitfinal\\app\\Views\\detaileventp.php')
 3 SYSTEMPATH\View\View.php(216): CodeIgniter\View\View->CodeIgniter\View\{closure}()
 4 SYSTEMPATH\Common.php(1184): CodeIgniter\View\View->render('detaileventp', [], true)
 5 APPPATH\Controllers\DetailEvent.php(481): view('detaileventp', [...])
 6 SYSTEMPATH\CodeIgniter.php(934): App\Controllers\DetailEvent->peserta('css', 'style.css')
 7 SYSTEMPATH\CodeIgniter.php(499): CodeIgniter\CodeIgniter->runController(Object(App\Controllers\DetailEvent))
 8 SYSTEMPATH\CodeIgniter.php(368): CodeIgniter\CodeIgniter->handleRequest(null, Object(Config\Cache), false)
 9 FCPATH\index.php(67): CodeIgniter\CodeIgniter->run()
10 SYSTEMPATH\Commands\Server\rewrite.php(47): require_once('D:\\TUGAS\\KULIAH\\P2MW\\hehe\\gohitfinal\\public\\index.php')
INFO - 2025-05-22 09:37:29 --> Session: Class initialized using 'CodeIgniter\Session\Handlers\FileHandler' driver.
CRITICAL - 2025-05-22 09:37:29 --> Undefined variable $tgl
in APPPATH\Views\detaileventp.php on line 24.
 1 APPPATH\Views\detaileventp.php(24): CodeIgniter\Debug\Exceptions->errorHandler(2, 'Undefined variable $tgl', 'D:\\TUGAS\\KULIAH\\P2MW\\hehe\\gohitfinal\\app\\Views\\detaileventp.php', 24)
 2 SYSTEMPATH\View\View.php(213): include('D:\\TUGAS\\KULIAH\\P2MW\\hehe\\gohitfinal\\app\\Views\\detaileventp.php')
 3 SYSTEMPATH\View\View.php(216): CodeIgniter\View\View->CodeIgniter\View\{closure}()
 4 SYSTEMPATH\Common.php(1184): CodeIgniter\View\View->render('detaileventp', [], true)
 5 APPPATH\Controllers\DetailEvent.php(481): view('detaileventp', [...])
 6 SYSTEMPATH\CodeIgniter.php(934): App\Controllers\DetailEvent->peserta('images', 'bg-01.jpg')
 7 SYSTEMPATH\CodeIgniter.php(499): CodeIgniter\CodeIgniter->runController(Object(App\Controllers\DetailEvent))
 8 SYSTEMPATH\CodeIgniter.php(368): CodeIgniter\CodeIgniter->handleRequest(null, Object(Config\Cache), false)
 9 FCPATH\index.php(67): CodeIgniter\CodeIgniter->run()
10 SYSTEMPATH\Commands\Server\rewrite.php(47): require_once('D:\\TUGAS\\KULIAH\\P2MW\\hehe\\gohitfinal\\public\\index.php')
INFO - 2025-05-22 09:37:31 --> Session: Class initialized using 'CodeIgniter\Session\Handlers\FileHandler' driver.
INFO - 2025-05-22 09:37:31 --> Session: Class initialized using 'CodeIgniter\Session\Handlers\FileHandler' driver.
INFO - 2025-05-22 09:37:31 --> Session: Class initialized using 'CodeIgniter\Session\Handlers\FileHandler' driver.
CRITICAL - 2025-05-22 09:37:31 --> Undefined variable $tgl
in APPPATH\Views\detaileventp.php on line 24.
 1 APPPATH\Views\detaileventp.php(24): CodeIgniter\Debug\Exceptions->errorHandler(2, 'Undefined variable $tgl', 'D:\\TUGAS\\KULIAH\\P2MW\\hehe\\gohitfinal\\app\\Views\\detaileventp.php', 24)
 2 SYSTEMPATH\View\View.php(213): include('D:\\TUGAS\\KULIAH\\P2MW\\hehe\\gohitfinal\\app\\Views\\detaileventp.php')
 3 SYSTEMPATH\View\View.php(216): CodeIgniter\View\View->CodeIgniter\View\{closure}()
 4 SYSTEMPATH\Common.php(1184): CodeIgniter\View\View->render('detaileventp', [], true)
 5 APPPATH\Controllers\DetailEvent.php(481): view('detaileventp', [...])
 6 SYSTEMPATH\CodeIgniter.php(934): App\Controllers\DetailEvent->peserta('css', 'main.css')
 7 SYSTEMPATH\CodeIgniter.php(499): CodeIgniter\CodeIgniter->runController(Object(App\Controllers\DetailEvent))
 8 SYSTEMPATH\CodeIgniter.php(368): CodeIgniter\CodeIgniter->handleRequest(null, Object(Config\Cache), false)
 9 FCPATH\index.php(67): CodeIgniter\CodeIgniter->run()
10 SYSTEMPATH\Commands\Server\rewrite.php(47): require_once('D:\\TUGAS\\KULIAH\\P2MW\\hehe\\gohitfinal\\public\\index.php')
INFO - 2025-05-22 09:37:32 --> Session: Class initialized using 'CodeIgniter\Session\Handlers\FileHandler' driver.
CRITICAL - 2025-05-22 09:37:32 --> Undefined variable $tgl
in APPPATH\Views\detaileventp.php on line 24.
 1 APPPATH\Views\detaileventp.php(24): CodeIgniter\Debug\Exceptions->errorHandler(2, 'Undefined variable $tgl', 'D:\\TUGAS\\KULIAH\\P2MW\\hehe\\gohitfinal\\app\\Views\\detaileventp.php', 24)
 2 SYSTEMPATH\View\View.php(213): include('D:\\TUGAS\\KULIAH\\P2MW\\hehe\\gohitfinal\\app\\Views\\detaileventp.php')
 3 SYSTEMPATH\View\View.php(216): CodeIgniter\View\View->CodeIgniter\View\{closure}()
 4 SYSTEMPATH\Common.php(1184): CodeIgniter\View\View->render('detaileventp', [], true)
 5 APPPATH\Controllers\DetailEvent.php(481): view('detaileventp', [...])
 6 SYSTEMPATH\CodeIgniter.php(934): App\Controllers\DetailEvent->peserta('css', 'style.css')
 7 SYSTEMPATH\CodeIgniter.php(499): CodeIgniter\CodeIgniter->runController(Object(App\Controllers\DetailEvent))
 8 SYSTEMPATH\CodeIgniter.php(368): CodeIgniter\CodeIgniter->handleRequest(null, Object(Config\Cache), false)
 9 FCPATH\index.php(67): CodeIgniter\CodeIgniter->run()
10 SYSTEMPATH\Commands\Server\rewrite.php(47): require_once('D:\\TUGAS\\KULIAH\\P2MW\\hehe\\gohitfinal\\public\\index.php')
INFO - 2025-05-22 09:37:32 --> Session: Class initialized using 'CodeIgniter\Session\Handlers\FileHandler' driver.
CRITICAL - 2025-05-22 09:37:32 --> Undefined variable $tgl
in APPPATH\Views\detaileventp.php on line 24.
 1 APPPATH\Views\detaileventp.php(24): CodeIgniter\Debug\Exceptions->errorHandler(2, 'Undefined variable $tgl', 'D:\\TUGAS\\KULIAH\\P2MW\\hehe\\gohitfinal\\app\\Views\\detaileventp.php', 24)
 2 SYSTEMPATH\View\View.php(213): include('D:\\TUGAS\\KULIAH\\P2MW\\hehe\\gohitfinal\\app\\Views\\detaileventp.php')
 3 SYSTEMPATH\View\View.php(216): CodeIgniter\View\View->CodeIgniter\View\{closure}()
 4 SYSTEMPATH\Common.php(1184): CodeIgniter\View\View->render('detaileventp', [], true)
 5 APPPATH\Controllers\DetailEvent.php(481): view('detaileventp', [...])
 6 SYSTEMPATH\CodeIgniter.php(934): App\Controllers\DetailEvent->peserta('images', 'bg-01.jpg')
 7 SYSTEMPATH\CodeIgniter.php(499): CodeIgniter\CodeIgniter->runController(Object(App\Controllers\DetailEvent))
 8 SYSTEMPATH\CodeIgniter.php(368): CodeIgniter\CodeIgniter->handleRequest(null, Object(Config\Cache), false)
 9 FCPATH\index.php(67): CodeIgniter\CodeIgniter->run()
10 SYSTEMPATH\Commands\Server\rewrite.php(47): require_once('D:\\TUGAS\\KULIAH\\P2MW\\hehe\\gohitfinal\\public\\index.php')
INFO - 2025-05-22 09:38:23 --> Session: Class initialized using 'CodeIgniter\Session\Handlers\FileHandler' driver.
INFO - 2025-05-22 09:38:23 --> Session: Class initialized using 'CodeIgniter\Session\Handlers\FileHandler' driver.
INFO - 2025-05-22 09:38:24 --> Session: Class initialized using 'CodeIgniter\Session\Handlers\FileHandler' driver.
CRITICAL - 2025-05-22 09:38:24 --> Undefined variable $tgl
in APPPATH\Views\detaileventp.php on line 24.
 1 APPPATH\Views\detaileventp.php(24): CodeIgniter\Debug\Exceptions->errorHandler(2, 'Undefined variable $tgl', 'D:\\TUGAS\\KULIAH\\P2MW\\hehe\\gohitfinal\\app\\Views\\detaileventp.php', 24)
 2 SYSTEMPATH\View\View.php(213): include('D:\\TUGAS\\KULIAH\\P2MW\\hehe\\gohitfinal\\app\\Views\\detaileventp.php')
 3 SYSTEMPATH\View\View.php(216): CodeIgniter\View\View->CodeIgniter\View\{closure}()
 4 SYSTEMPATH\Common.php(1184): CodeIgniter\View\View->render('detaileventp', [], true)
 5 APPPATH\Controllers\DetailEvent.php(481): view('detaileventp', [...])
 6 SYSTEMPATH\CodeIgniter.php(934): App\Controllers\DetailEvent->peserta('css', 'main.css')
 7 SYSTEMPATH\CodeIgniter.php(499): CodeIgniter\CodeIgniter->runController(Object(App\Controllers\DetailEvent))
 8 SYSTEMPATH\CodeIgniter.php(368): CodeIgniter\CodeIgniter->handleRequest(null, Object(Config\Cache), false)
 9 FCPATH\index.php(67): CodeIgniter\CodeIgniter->run()
10 SYSTEMPATH\Commands\Server\rewrite.php(47): require_once('D:\\TUGAS\\KULIAH\\P2MW\\hehe\\gohitfinal\\public\\index.php')
INFO - 2025-05-22 09:38:24 --> Session: Class initialized using 'CodeIgniter\Session\Handlers\FileHandler' driver.
CRITICAL - 2025-05-22 09:38:24 --> Undefined variable $tgl
in APPPATH\Views\detaileventp.php on line 24.
 1 APPPATH\Views\detaileventp.php(24): CodeIgniter\Debug\Exceptions->errorHandler(2, 'Undefined variable $tgl', 'D:\\TUGAS\\KULIAH\\P2MW\\hehe\\gohitfinal\\app\\Views\\detaileventp.php', 24)
 2 SYSTEMPATH\View\View.php(213): include('D:\\TUGAS\\KULIAH\\P2MW\\hehe\\gohitfinal\\app\\Views\\detaileventp.php')
 3 SYSTEMPATH\View\View.php(216): CodeIgniter\View\View->CodeIgniter\View\{closure}()
 4 SYSTEMPATH\Common.php(1184): CodeIgniter\View\View->render('detaileventp', [], true)
 5 APPPATH\Controllers\DetailEvent.php(481): view('detaileventp', [...])
 6 SYSTEMPATH\CodeIgniter.php(934): App\Controllers\DetailEvent->peserta('css', 'style.css')
 7 SYSTEMPATH\CodeIgniter.php(499): CodeIgniter\CodeIgniter->runController(Object(App\Controllers\DetailEvent))
 8 SYSTEMPATH\CodeIgniter.php(368): CodeIgniter\CodeIgniter->handleRequest(null, Object(Config\Cache), false)
 9 FCPATH\index.php(67): CodeIgniter\CodeIgniter->run()
10 SYSTEMPATH\Commands\Server\rewrite.php(47): require_once('D:\\TUGAS\\KULIAH\\P2MW\\hehe\\gohitfinal\\public\\index.php')
INFO - 2025-05-22 09:38:24 --> Session: Class initialized using 'CodeIgniter\Session\Handlers\FileHandler' driver.
CRITICAL - 2025-05-22 09:38:24 --> Undefined variable $tgl
in APPPATH\Views\detaileventp.php on line 24.
 1 APPPATH\Views\detaileventp.php(24): CodeIgniter\Debug\Exceptions->errorHandler(2, 'Undefined variable $tgl', 'D:\\TUGAS\\KULIAH\\P2MW\\hehe\\gohitfinal\\app\\Views\\detaileventp.php', 24)
 2 SYSTEMPATH\View\View.php(213): include('D:\\TUGAS\\KULIAH\\P2MW\\hehe\\gohitfinal\\app\\Views\\detaileventp.php')
 3 SYSTEMPATH\View\View.php(216): CodeIgniter\View\View->CodeIgniter\View\{closure}()
 4 SYSTEMPATH\Common.php(1184): CodeIgniter\View\View->render('detaileventp', [], true)
 5 APPPATH\Controllers\DetailEvent.php(481): view('detaileventp', [...])
 6 SYSTEMPATH\CodeIgniter.php(934): App\Controllers\DetailEvent->peserta('images', 'bg-01.jpg')
 7 SYSTEMPATH\CodeIgniter.php(499): CodeIgniter\CodeIgniter->runController(Object(App\Controllers\DetailEvent))
 8 SYSTEMPATH\CodeIgniter.php(368): CodeIgniter\CodeIgniter->handleRequest(null, Object(Config\Cache), false)
 9 FCPATH\index.php(67): CodeIgniter\CodeIgniter->run()
10 SYSTEMPATH\Commands\Server\rewrite.php(47): require_once('D:\\TUGAS\\KULIAH\\P2MW\\hehe\\gohitfinal\\public\\index.php')
INFO - 2025-05-22 09:38:54 --> Session: Class initialized using 'CodeIgniter\Session\Handlers\FileHandler' driver.
INFO - 2025-05-22 09:38:55 --> Session: Class initialized using 'CodeIgniter\Session\Handlers\FileHandler' driver.
CRITICAL - 2025-05-22 09:38:55 --> Undefined variable $tgl
in APPPATH\Views\detaileventp.php on line 24.
 1 APPPATH\Views\detaileventp.php(24): CodeIgniter\Debug\Exceptions->errorHandler(2, 'Undefined variable $tgl', 'D:\\TUGAS\\KULIAH\\P2MW\\hehe\\gohitfinal\\app\\Views\\detaileventp.php', 24)
 2 SYSTEMPATH\View\View.php(213): include('D:\\TUGAS\\KULIAH\\P2MW\\hehe\\gohitfinal\\app\\Views\\detaileventp.php')
 3 SYSTEMPATH\View\View.php(216): CodeIgniter\View\View->CodeIgniter\View\{closure}()
 4 SYSTEMPATH\Common.php(1184): CodeIgniter\View\View->render('detaileventp', [], true)
 5 APPPATH\Controllers\DetailEvent.php(481): view('detaileventp', [...])
 6 SYSTEMPATH\CodeIgniter.php(934): App\Controllers\DetailEvent->peserta('css', 'main.css')
 7 SYSTEMPATH\CodeIgniter.php(499): CodeIgniter\CodeIgniter->runController(Object(App\Controllers\DetailEvent))
 8 SYSTEMPATH\CodeIgniter.php(368): CodeIgniter\CodeIgniter->handleRequest(null, Object(Config\Cache), false)
 9 FCPATH\index.php(67): CodeIgniter\CodeIgniter->run()
10 SYSTEMPATH\Commands\Server\rewrite.php(47): require_once('D:\\TUGAS\\KULIAH\\P2MW\\hehe\\gohitfinal\\public\\index.php')
INFO - 2025-05-22 09:38:55 --> Session: Class initialized using 'CodeIgniter\Session\Handlers\FileHandler' driver.
CRITICAL - 2025-05-22 09:38:55 --> Undefined variable $tgl
in APPPATH\Views\detaileventp.php on line 24.
 1 APPPATH\Views\detaileventp.php(24): CodeIgniter\Debug\Exceptions->errorHandler(2, 'Undefined variable $tgl', 'D:\\TUGAS\\KULIAH\\P2MW\\hehe\\gohitfinal\\app\\Views\\detaileventp.php', 24)
 2 SYSTEMPATH\View\View.php(213): include('D:\\TUGAS\\KULIAH\\P2MW\\hehe\\gohitfinal\\app\\Views\\detaileventp.php')
 3 SYSTEMPATH\View\View.php(216): CodeIgniter\View\View->CodeIgniter\View\{closure}()
 4 SYSTEMPATH\Common.php(1184): CodeIgniter\View\View->render('detaileventp', [], true)
 5 APPPATH\Controllers\DetailEvent.php(481): view('detaileventp', [...])
 6 SYSTEMPATH\CodeIgniter.php(934): App\Controllers\DetailEvent->peserta('css', 'style.css')
 7 SYSTEMPATH\CodeIgniter.php(499): CodeIgniter\CodeIgniter->runController(Object(App\Controllers\DetailEvent))
 8 SYSTEMPATH\CodeIgniter.php(368): CodeIgniter\CodeIgniter->handleRequest(null, Object(Config\Cache), false)
 9 FCPATH\index.php(67): CodeIgniter\CodeIgniter->run()
10 SYSTEMPATH\Commands\Server\rewrite.php(47): require_once('D:\\TUGAS\\KULIAH\\P2MW\\hehe\\gohitfinal\\public\\index.php')
INFO - 2025-05-22 09:38:55 --> Session: Class initialized using 'CodeIgniter\Session\Handlers\FileHandler' driver.
CRITICAL - 2025-05-22 09:38:55 --> Undefined variable $tgl
in APPPATH\Views\detaileventp.php on line 24.
 1 APPPATH\Views\detaileventp.php(24): CodeIgniter\Debug\Exceptions->errorHandler(2, 'Undefined variable $tgl', 'D:\\TUGAS\\KULIAH\\P2MW\\hehe\\gohitfinal\\app\\Views\\detaileventp.php', 24)
 2 SYSTEMPATH\View\View.php(213): include('D:\\TUGAS\\KULIAH\\P2MW\\hehe\\gohitfinal\\app\\Views\\detaileventp.php')
 3 SYSTEMPATH\View\View.php(216): CodeIgniter\View\View->CodeIgniter\View\{closure}()
 4 SYSTEMPATH\Common.php(1184): CodeIgniter\View\View->render('detaileventp', [], true)
 5 APPPATH\Controllers\DetailEvent.php(481): view('detaileventp', [...])
 6 SYSTEMPATH\CodeIgniter.php(934): App\Controllers\DetailEvent->peserta('images', 'bg-01.jpg')
 7 SYSTEMPATH\CodeIgniter.php(499): CodeIgniter\CodeIgniter->runController(Object(App\Controllers\DetailEvent))
 8 SYSTEMPATH\CodeIgniter.php(368): CodeIgniter\CodeIgniter->handleRequest(null, Object(Config\Cache), false)
 9 FCPATH\index.php(67): CodeIgniter\CodeIgniter->run()
10 SYSTEMPATH\Commands\Server\rewrite.php(47): require_once('D:\\TUGAS\\KULIAH\\P2MW\\hehe\\gohitfinal\\public\\index.php')
INFO - 2025-05-22 09:38:57 --> Session: Class initialized using 'CodeIgniter\Session\Handlers\FileHandler' driver.
INFO - 2025-05-22 09:38:57 --> Session: Class initialized using 'CodeIgniter\Session\Handlers\FileHandler' driver.
INFO - 2025-05-22 09:38:57 --> Session: Class initialized using 'CodeIgniter\Session\Handlers\FileHandler' driver.
CRITICAL - 2025-05-22 09:38:57 --> Undefined variable $tgl
in APPPATH\Views\detaileventp.php on line 24.
 1 APPPATH\Views\detaileventp.php(24): CodeIgniter\Debug\Exceptions->errorHandler(2, 'Undefined variable $tgl', 'D:\\TUGAS\\KULIAH\\P2MW\\hehe\\gohitfinal\\app\\Views\\detaileventp.php', 24)
 2 SYSTEMPATH\View\View.php(213): include('D:\\TUGAS\\KULIAH\\P2MW\\hehe\\gohitfinal\\app\\Views\\detaileventp.php')
 3 SYSTEMPATH\View\View.php(216): CodeIgniter\View\View->CodeIgniter\View\{closure}()
 4 SYSTEMPATH\Common.php(1184): CodeIgniter\View\View->render('detaileventp', [], true)
 5 APPPATH\Controllers\DetailEvent.php(481): view('detaileventp', [...])
 6 SYSTEMPATH\CodeIgniter.php(934): App\Controllers\DetailEvent->peserta('css', 'main.css')
 7 SYSTEMPATH\CodeIgniter.php(499): CodeIgniter\CodeIgniter->runController(Object(App\Controllers\DetailEvent))
 8 SYSTEMPATH\CodeIgniter.php(368): CodeIgniter\CodeIgniter->handleRequest(null, Object(Config\Cache), false)
 9 FCPATH\index.php(67): CodeIgniter\CodeIgniter->run()
10 SYSTEMPATH\Commands\Server\rewrite.php(47): require_once('D:\\TUGAS\\KULIAH\\P2MW\\hehe\\gohitfinal\\public\\index.php')
INFO - 2025-05-22 09:38:57 --> Session: Class initialized using 'CodeIgniter\Session\Handlers\FileHandler' driver.
CRITICAL - 2025-05-22 09:38:57 --> Undefined variable $tgl
in APPPATH\Views\detaileventp.php on line 24.
 1 APPPATH\Views\detaileventp.php(24): CodeIgniter\Debug\Exceptions->errorHandler(2, 'Undefined variable $tgl', 'D:\\TUGAS\\KULIAH\\P2MW\\hehe\\gohitfinal\\app\\Views\\detaileventp.php', 24)
 2 SYSTEMPATH\View\View.php(213): include('D:\\TUGAS\\KULIAH\\P2MW\\hehe\\gohitfinal\\app\\Views\\detaileventp.php')
 3 SYSTEMPATH\View\View.php(216): CodeIgniter\View\View->CodeIgniter\View\{closure}()
 4 SYSTEMPATH\Common.php(1184): CodeIgniter\View\View->render('detaileventp', [], true)
 5 APPPATH\Controllers\DetailEvent.php(481): view('detaileventp', [...])
 6 SYSTEMPATH\CodeIgniter.php(934): App\Controllers\DetailEvent->peserta('css', 'style.css')
 7 SYSTEMPATH\CodeIgniter.php(499): CodeIgniter\CodeIgniter->runController(Object(App\Controllers\DetailEvent))
 8 SYSTEMPATH\CodeIgniter.php(368): CodeIgniter\CodeIgniter->handleRequest(null, Object(Config\Cache), false)
 9 FCPATH\index.php(67): CodeIgniter\CodeIgniter->run()
10 SYSTEMPATH\Commands\Server\rewrite.php(47): require_once('D:\\TUGAS\\KULIAH\\P2MW\\hehe\\gohitfinal\\public\\index.php')
INFO - 2025-05-22 09:38:58 --> Session: Class initialized using 'CodeIgniter\Session\Handlers\FileHandler' driver.
CRITICAL - 2025-05-22 09:38:58 --> Undefined variable $tgl
in APPPATH\Views\detaileventp.php on line 24.
 1 APPPATH\Views\detaileventp.php(24): CodeIgniter\Debug\Exceptions->errorHandler(2, 'Undefined variable $tgl', 'D:\\TUGAS\\KULIAH\\P2MW\\hehe\\gohitfinal\\app\\Views\\detaileventp.php', 24)
 2 SYSTEMPATH\View\View.php(213): include('D:\\TUGAS\\KULIAH\\P2MW\\hehe\\gohitfinal\\app\\Views\\detaileventp.php')
 3 SYSTEMPATH\View\View.php(216): CodeIgniter\View\View->CodeIgniter\View\{closure}()
 4 SYSTEMPATH\Common.php(1184): CodeIgniter\View\View->render('detaileventp', [], true)
 5 APPPATH\Controllers\DetailEvent.php(481): view('detaileventp', [...])
 6 SYSTEMPATH\CodeIgniter.php(934): App\Controllers\DetailEvent->peserta('images', 'bg-01.jpg')
 7 SYSTEMPATH\CodeIgniter.php(499): CodeIgniter\CodeIgniter->runController(Object(App\Controllers\DetailEvent))
 8 SYSTEMPATH\CodeIgniter.php(368): CodeIgniter\CodeIgniter->handleRequest(null, Object(Config\Cache), false)
 9 FCPATH\index.php(67): CodeIgniter\CodeIgniter->run()
10 SYSTEMPATH\Commands\Server\rewrite.php(47): require_once('D:\\TUGAS\\KULIAH\\P2MW\\hehe\\gohitfinal\\public\\index.php')
INFO - 2025-05-22 09:39:31 --> Session: Class initialized using 'CodeIgniter\Session\Handlers\FileHandler' driver.
INFO - 2025-05-22 09:39:31 --> Session: Class initialized using 'CodeIgniter\Session\Handlers\FileHandler' driver.
INFO - 2025-05-22 09:39:32 --> Session: Class initialized using 'CodeIgniter\Session\Handlers\FileHandler' driver.
CRITICAL - 2025-05-22 09:39:32 --> Undefined variable $tgl
in APPPATH\Views\detaileventp.php on line 24.
 1 APPPATH\Views\detaileventp.php(24): CodeIgniter\Debug\Exceptions->errorHandler(2, 'Undefined variable $tgl', 'D:\\TUGAS\\KULIAH\\P2MW\\hehe\\gohitfinal\\app\\Views\\detaileventp.php', 24)
 2 SYSTEMPATH\View\View.php(213): include('D:\\TUGAS\\KULIAH\\P2MW\\hehe\\gohitfinal\\app\\Views\\detaileventp.php')
 3 SYSTEMPATH\View\View.php(216): CodeIgniter\View\View->CodeIgniter\View\{closure}()
 4 SYSTEMPATH\Common.php(1184): CodeIgniter\View\View->render('detaileventp', [], true)
 5 APPPATH\Controllers\DetailEvent.php(481): view('detaileventp', [...])
 6 SYSTEMPATH\CodeIgniter.php(934): App\Controllers\DetailEvent->peserta('css', 'main.css')
 7 SYSTEMPATH\CodeIgniter.php(499): CodeIgniter\CodeIgniter->runController(Object(App\Controllers\DetailEvent))
 8 SYSTEMPATH\CodeIgniter.php(368): CodeIgniter\CodeIgniter->handleRequest(null, Object(Config\Cache), false)
 9 FCPATH\index.php(67): CodeIgniter\CodeIgniter->run()
10 SYSTEMPATH\Commands\Server\rewrite.php(47): require_once('D:\\TUGAS\\KULIAH\\P2MW\\hehe\\gohitfinal\\public\\index.php')
INFO - 2025-05-22 09:39:32 --> Session: Class initialized using 'CodeIgniter\Session\Handlers\FileHandler' driver.
CRITICAL - 2025-05-22 09:39:32 --> Undefined variable $tgl
in APPPATH\Views\detaileventp.php on line 24.
 1 APPPATH\Views\detaileventp.php(24): CodeIgniter\Debug\Exceptions->errorHandler(2, 'Undefined variable $tgl', 'D:\\TUGAS\\KULIAH\\P2MW\\hehe\\gohitfinal\\app\\Views\\detaileventp.php', 24)
 2 SYSTEMPATH\View\View.php(213): include('D:\\TUGAS\\KULIAH\\P2MW\\hehe\\gohitfinal\\app\\Views\\detaileventp.php')
 3 SYSTEMPATH\View\View.php(216): CodeIgniter\View\View->CodeIgniter\View\{closure}()
 4 SYSTEMPATH\Common.php(1184): CodeIgniter\View\View->render('detaileventp', [], true)
 5 APPPATH\Controllers\DetailEvent.php(481): view('detaileventp', [...])
 6 SYSTEMPATH\CodeIgniter.php(934): App\Controllers\DetailEvent->peserta('css', 'style.css')
 7 SYSTEMPATH\CodeIgniter.php(499): CodeIgniter\CodeIgniter->runController(Object(App\Controllers\DetailEvent))
 8 SYSTEMPATH\CodeIgniter.php(368): CodeIgniter\CodeIgniter->handleRequest(null, Object(Config\Cache), false)
 9 FCPATH\index.php(67): CodeIgniter\CodeIgniter->run()
10 SYSTEMPATH\Commands\Server\rewrite.php(47): require_once('D:\\TUGAS\\KULIAH\\P2MW\\hehe\\gohitfinal\\public\\index.php')
INFO - 2025-05-22 09:39:32 --> Session: Class initialized using 'CodeIgniter\Session\Handlers\FileHandler' driver.
CRITICAL - 2025-05-22 09:39:32 --> Undefined variable $tgl
in APPPATH\Views\detaileventp.php on line 24.
 1 APPPATH\Views\detaileventp.php(24): CodeIgniter\Debug\Exceptions->errorHandler(2, 'Undefined variable $tgl', 'D:\\TUGAS\\KULIAH\\P2MW\\hehe\\gohitfinal\\app\\Views\\detaileventp.php', 24)
 2 SYSTEMPATH\View\View.php(213): include('D:\\TUGAS\\KULIAH\\P2MW\\hehe\\gohitfinal\\app\\Views\\detaileventp.php')
 3 SYSTEMPATH\View\View.php(216): CodeIgniter\View\View->CodeIgniter\View\{closure}()
 4 SYSTEMPATH\Common.php(1184): CodeIgniter\View\View->render('detaileventp', [], true)
 5 APPPATH\Controllers\DetailEvent.php(481): view('detaileventp', [...])
 6 SYSTEMPATH\CodeIgniter.php(934): App\Controllers\DetailEvent->peserta('images', 'bg-01.jpg')
 7 SYSTEMPATH\CodeIgniter.php(499): CodeIgniter\CodeIgniter->runController(Object(App\Controllers\DetailEvent))
 8 SYSTEMPATH\CodeIgniter.php(368): CodeIgniter\CodeIgniter->handleRequest(null, Object(Config\Cache), false)
 9 FCPATH\index.php(67): CodeIgniter\CodeIgniter->run()
10 SYSTEMPATH\Commands\Server\rewrite.php(47): require_once('D:\\TUGAS\\KULIAH\\P2MW\\hehe\\gohitfinal\\public\\index.php')
INFO - 2025-05-22 09:40:35 --> Session: Class initialized using 'CodeIgniter\Session\Handlers\FileHandler' driver.
INFO - 2025-05-22 09:40:35 --> Session: Class initialized using 'CodeIgniter\Session\Handlers\FileHandler' driver.
INFO - 2025-05-22 09:40:35 --> Session: Class initialized using 'CodeIgniter\Session\Handlers\FileHandler' driver.
CRITICAL - 2025-05-22 09:40:35 --> Undefined variable $tgl
in APPPATH\Views\detaileventp.php on line 24.
 1 APPPATH\Views\detaileventp.php(24): CodeIgniter\Debug\Exceptions->errorHandler(2, 'Undefined variable $tgl', 'D:\\TUGAS\\KULIAH\\P2MW\\hehe\\gohitfinal\\app\\Views\\detaileventp.php', 24)
 2 SYSTEMPATH\View\View.php(213): include('D:\\TUGAS\\KULIAH\\P2MW\\hehe\\gohitfinal\\app\\Views\\detaileventp.php')
 3 SYSTEMPATH\View\View.php(216): CodeIgniter\View\View->CodeIgniter\View\{closure}()
 4 SYSTEMPATH\Common.php(1184): CodeIgniter\View\View->render('detaileventp', [], true)
 5 APPPATH\Controllers\DetailEvent.php(481): view('detaileventp', [...])
 6 SYSTEMPATH\CodeIgniter.php(934): App\Controllers\DetailEvent->peserta('css', 'main.css')
 7 SYSTEMPATH\CodeIgniter.php(499): CodeIgniter\CodeIgniter->runController(Object(App\Controllers\DetailEvent))
 8 SYSTEMPATH\CodeIgniter.php(368): CodeIgniter\CodeIgniter->handleRequest(null, Object(Config\Cache), false)
 9 FCPATH\index.php(67): CodeIgniter\CodeIgniter->run()
10 SYSTEMPATH\Commands\Server\rewrite.php(47): require_once('D:\\TUGAS\\KULIAH\\P2MW\\hehe\\gohitfinal\\public\\index.php')
INFO - 2025-05-22 09:40:36 --> Session: Class initialized using 'CodeIgniter\Session\Handlers\FileHandler' driver.
CRITICAL - 2025-05-22 09:40:36 --> Undefined variable $tgl
in APPPATH\Views\detaileventp.php on line 24.
 1 APPPATH\Views\detaileventp.php(24): CodeIgniter\Debug\Exceptions->errorHandler(2, 'Undefined variable $tgl', 'D:\\TUGAS\\KULIAH\\P2MW\\hehe\\gohitfinal\\app\\Views\\detaileventp.php', 24)
 2 SYSTEMPATH\View\View.php(213): include('D:\\TUGAS\\KULIAH\\P2MW\\hehe\\gohitfinal\\app\\Views\\detaileventp.php')
 3 SYSTEMPATH\View\View.php(216): CodeIgniter\View\View->CodeIgniter\View\{closure}()
 4 SYSTEMPATH\Common.php(1184): CodeIgniter\View\View->render('detaileventp', [], true)
 5 APPPATH\Controllers\DetailEvent.php(481): view('detaileventp', [...])
 6 SYSTEMPATH\CodeIgniter.php(934): App\Controllers\DetailEvent->peserta('css', 'style.css')
 7 SYSTEMPATH\CodeIgniter.php(499): CodeIgniter\CodeIgniter->runController(Object(App\Controllers\DetailEvent))
 8 SYSTEMPATH\CodeIgniter.php(368): CodeIgniter\CodeIgniter->handleRequest(null, Object(Config\Cache), false)
 9 FCPATH\index.php(67): CodeIgniter\CodeIgniter->run()
10 SYSTEMPATH\Commands\Server\rewrite.php(47): require_once('D:\\TUGAS\\KULIAH\\P2MW\\hehe\\gohitfinal\\public\\index.php')
INFO - 2025-05-22 09:40:36 --> Session: Class initialized using 'CodeIgniter\Session\Handlers\FileHandler' driver.
CRITICAL - 2025-05-22 09:40:36 --> Undefined variable $tgl
in APPPATH\Views\detaileventp.php on line 24.
 1 APPPATH\Views\detaileventp.php(24): CodeIgniter\Debug\Exceptions->errorHandler(2, 'Undefined variable $tgl', 'D:\\TUGAS\\KULIAH\\P2MW\\hehe\\gohitfinal\\app\\Views\\detaileventp.php', 24)
 2 SYSTEMPATH\View\View.php(213): include('D:\\TUGAS\\KULIAH\\P2MW\\hehe\\gohitfinal\\app\\Views\\detaileventp.php')
 3 SYSTEMPATH\View\View.php(216): CodeIgniter\View\View->CodeIgniter\View\{closure}()
 4 SYSTEMPATH\Common.php(1184): CodeIgniter\View\View->render('detaileventp', [], true)
 5 APPPATH\Controllers\DetailEvent.php(481): view('detaileventp', [...])
 6 SYSTEMPATH\CodeIgniter.php(934): App\Controllers\DetailEvent->peserta('images', 'bg-01.jpg')
 7 SYSTEMPATH\CodeIgniter.php(499): CodeIgniter\CodeIgniter->runController(Object(App\Controllers\DetailEvent))
 8 SYSTEMPATH\CodeIgniter.php(368): CodeIgniter\CodeIgniter->handleRequest(null, Object(Config\Cache), false)
 9 FCPATH\index.php(67): CodeIgniter\CodeIgniter->run()
10 SYSTEMPATH\Commands\Server\rewrite.php(47): require_once('D:\\TUGAS\\KULIAH\\P2MW\\hehe\\gohitfinal\\public\\index.php')
INFO - 2025-05-22 09:41:06 --> Session: Class initialized using 'CodeIgniter\Session\Handlers\FileHandler' driver.
INFO - 2025-05-22 09:41:07 --> Session: Class initialized using 'CodeIgniter\Session\Handlers\FileHandler' driver.
INFO - 2025-05-22 09:41:07 --> Session: Class initialized using 'CodeIgniter\Session\Handlers\FileHandler' driver.
CRITICAL - 2025-05-22 09:41:07 --> Undefined variable $tgl
in APPPATH\Views\detaileventp.php on line 24.
 1 APPPATH\Views\detaileventp.php(24): CodeIgniter\Debug\Exceptions->errorHandler(2, 'Undefined variable $tgl', 'D:\\TUGAS\\KULIAH\\P2MW\\hehe\\gohitfinal\\app\\Views\\detaileventp.php', 24)
 2 SYSTEMPATH\View\View.php(213): include('D:\\TUGAS\\KULIAH\\P2MW\\hehe\\gohitfinal\\app\\Views\\detaileventp.php')
 3 SYSTEMPATH\View\View.php(216): CodeIgniter\View\View->CodeIgniter\View\{closure}()
 4 SYSTEMPATH\Common.php(1184): CodeIgniter\View\View->render('detaileventp', [], true)
 5 APPPATH\Controllers\DetailEvent.php(481): view('detaileventp', [...])
 6 SYSTEMPATH\CodeIgniter.php(934): App\Controllers\DetailEvent->peserta('css', 'main.css')
 7 SYSTEMPATH\CodeIgniter.php(499): CodeIgniter\CodeIgniter->runController(Object(App\Controllers\DetailEvent))
 8 SYSTEMPATH\CodeIgniter.php(368): CodeIgniter\CodeIgniter->handleRequest(null, Object(Config\Cache), false)
 9 FCPATH\index.php(67): CodeIgniter\CodeIgniter->run()
10 SYSTEMPATH\Commands\Server\rewrite.php(47): require_once('D:\\TUGAS\\KULIAH\\P2MW\\hehe\\gohitfinal\\public\\index.php')
INFO - 2025-05-22 09:41:07 --> Session: Class initialized using 'CodeIgniter\Session\Handlers\FileHandler' driver.
CRITICAL - 2025-05-22 09:41:07 --> Undefined variable $tgl
in APPPATH\Views\detaileventp.php on line 24.
 1 APPPATH\Views\detaileventp.php(24): CodeIgniter\Debug\Exceptions->errorHandler(2, 'Undefined variable $tgl', 'D:\\TUGAS\\KULIAH\\P2MW\\hehe\\gohitfinal\\app\\Views\\detaileventp.php', 24)
 2 SYSTEMPATH\View\View.php(213): include('D:\\TUGAS\\KULIAH\\P2MW\\hehe\\gohitfinal\\app\\Views\\detaileventp.php')
 3 SYSTEMPATH\View\View.php(216): CodeIgniter\View\View->CodeIgniter\View\{closure}()
 4 SYSTEMPATH\Common.php(1184): CodeIgniter\View\View->render('detaileventp', [], true)
 5 APPPATH\Controllers\DetailEvent.php(481): view('detaileventp', [...])
 6 SYSTEMPATH\CodeIgniter.php(934): App\Controllers\DetailEvent->peserta('css', 'style.css')
 7 SYSTEMPATH\CodeIgniter.php(499): CodeIgniter\CodeIgniter->runController(Object(App\Controllers\DetailEvent))
 8 SYSTEMPATH\CodeIgniter.php(368): CodeIgniter\CodeIgniter->handleRequest(null, Object(Config\Cache), false)
 9 FCPATH\index.php(67): CodeIgniter\CodeIgniter->run()
10 SYSTEMPATH\Commands\Server\rewrite.php(47): require_once('D:\\TUGAS\\KULIAH\\P2MW\\hehe\\gohitfinal\\public\\index.php')
INFO - 2025-05-22 09:41:07 --> Session: Class initialized using 'CodeIgniter\Session\Handlers\FileHandler' driver.
CRITICAL - 2025-05-22 09:41:07 --> Undefined variable $tgl
in APPPATH\Views\detaileventp.php on line 24.
 1 APPPATH\Views\detaileventp.php(24): CodeIgniter\Debug\Exceptions->errorHandler(2, 'Undefined variable $tgl', 'D:\\TUGAS\\KULIAH\\P2MW\\hehe\\gohitfinal\\app\\Views\\detaileventp.php', 24)
 2 SYSTEMPATH\View\View.php(213): include('D:\\TUGAS\\KULIAH\\P2MW\\hehe\\gohitfinal\\app\\Views\\detaileventp.php')
 3 SYSTEMPATH\View\View.php(216): CodeIgniter\View\View->CodeIgniter\View\{closure}()
 4 SYSTEMPATH\Common.php(1184): CodeIgniter\View\View->render('detaileventp', [], true)
 5 APPPATH\Controllers\DetailEvent.php(481): view('detaileventp', [...])
 6 SYSTEMPATH\CodeIgniter.php(934): App\Controllers\DetailEvent->peserta('images', 'bg-01.jpg')
 7 SYSTEMPATH\CodeIgniter.php(499): CodeIgniter\CodeIgniter->runController(Object(App\Controllers\DetailEvent))
 8 SYSTEMPATH\CodeIgniter.php(368): CodeIgniter\CodeIgniter->handleRequest(null, Object(Config\Cache), false)
 9 FCPATH\index.php(67): CodeIgniter\CodeIgniter->run()
10 SYSTEMPATH\Commands\Server\rewrite.php(47): require_once('D:\\TUGAS\\KULIAH\\P2MW\\hehe\\gohitfinal\\public\\index.php')
INFO - 2025-05-22 09:41:52 --> Session: Class initialized using 'CodeIgniter\Session\Handlers\FileHandler' driver.
INFO - 2025-05-22 09:41:52 --> Session: Class initialized using 'CodeIgniter\Session\Handlers\FileHandler' driver.
INFO - 2025-05-22 09:41:53 --> Session: Class initialized using 'CodeIgniter\Session\Handlers\FileHandler' driver.
CRITICAL - 2025-05-22 09:41:53 --> Undefined variable $tgl
in APPPATH\Views\detaileventp.php on line 24.
 1 APPPATH\Views\detaileventp.php(24): CodeIgniter\Debug\Exceptions->errorHandler(2, 'Undefined variable $tgl', 'D:\\TUGAS\\KULIAH\\P2MW\\hehe\\gohitfinal\\app\\Views\\detaileventp.php', 24)
 2 SYSTEMPATH\View\View.php(213): include('D:\\TUGAS\\KULIAH\\P2MW\\hehe\\gohitfinal\\app\\Views\\detaileventp.php')
 3 SYSTEMPATH\View\View.php(216): CodeIgniter\View\View->CodeIgniter\View\{closure}()
 4 SYSTEMPATH\Common.php(1184): CodeIgniter\View\View->render('detaileventp', [], true)
 5 APPPATH\Controllers\DetailEvent.php(481): view('detaileventp', [...])
 6 SYSTEMPATH\CodeIgniter.php(934): App\Controllers\DetailEvent->peserta('css', 'main.css')
 7 SYSTEMPATH\CodeIgniter.php(499): CodeIgniter\CodeIgniter->runController(Object(App\Controllers\DetailEvent))
 8 SYSTEMPATH\CodeIgniter.php(368): CodeIgniter\CodeIgniter->handleRequest(null, Object(Config\Cache), false)
 9 FCPATH\index.php(67): CodeIgniter\CodeIgniter->run()
10 SYSTEMPATH\Commands\Server\rewrite.php(47): require_once('D:\\TUGAS\\KULIAH\\P2MW\\hehe\\gohitfinal\\public\\index.php')
INFO - 2025-05-22 09:41:53 --> Session: Class initialized using 'CodeIgniter\Session\Handlers\FileHandler' driver.
CRITICAL - 2025-05-22 09:41:53 --> Undefined variable $tgl
in APPPATH\Views\detaileventp.php on line 24.
 1 APPPATH\Views\detaileventp.php(24): CodeIgniter\Debug\Exceptions->errorHandler(2, 'Undefined variable $tgl', 'D:\\TUGAS\\KULIAH\\P2MW\\hehe\\gohitfinal\\app\\Views\\detaileventp.php', 24)
 2 SYSTEMPATH\View\View.php(213): include('D:\\TUGAS\\KULIAH\\P2MW\\hehe\\gohitfinal\\app\\Views\\detaileventp.php')
 3 SYSTEMPATH\View\View.php(216): CodeIgniter\View\View->CodeIgniter\View\{closure}()
 4 SYSTEMPATH\Common.php(1184): CodeIgniter\View\View->render('detaileventp', [], true)
 5 APPPATH\Controllers\DetailEvent.php(481): view('detaileventp', [...])
 6 SYSTEMPATH\CodeIgniter.php(934): App\Controllers\DetailEvent->peserta('css', 'style.css')
 7 SYSTEMPATH\CodeIgniter.php(499): CodeIgniter\CodeIgniter->runController(Object(App\Controllers\DetailEvent))
 8 SYSTEMPATH\CodeIgniter.php(368): CodeIgniter\CodeIgniter->handleRequest(null, Object(Config\Cache), false)
 9 FCPATH\index.php(67): CodeIgniter\CodeIgniter->run()
10 SYSTEMPATH\Commands\Server\rewrite.php(47): require_once('D:\\TUGAS\\KULIAH\\P2MW\\hehe\\gohitfinal\\public\\index.php')
INFO - 2025-05-22 09:41:53 --> Session: Class initialized using 'CodeIgniter\Session\Handlers\FileHandler' driver.
CRITICAL - 2025-05-22 09:41:53 --> Undefined variable $tgl
in APPPATH\Views\detaileventp.php on line 24.
 1 APPPATH\Views\detaileventp.php(24): CodeIgniter\Debug\Exceptions->errorHandler(2, 'Undefined variable $tgl', 'D:\\TUGAS\\KULIAH\\P2MW\\hehe\\gohitfinal\\app\\Views\\detaileventp.php', 24)
 2 SYSTEMPATH\View\View.php(213): include('D:\\TUGAS\\KULIAH\\P2MW\\hehe\\gohitfinal\\app\\Views\\detaileventp.php')
 3 SYSTEMPATH\View\View.php(216): CodeIgniter\View\View->CodeIgniter\View\{closure}()
 4 SYSTEMPATH\Common.php(1184): CodeIgniter\View\View->render('detaileventp', [], true)
 5 APPPATH\Controllers\DetailEvent.php(481): view('detaileventp', [...])
 6 SYSTEMPATH\CodeIgniter.php(934): App\Controllers\DetailEvent->peserta('images', 'bg-01.jpg')
 7 SYSTEMPATH\CodeIgniter.php(499): CodeIgniter\CodeIgniter->runController(Object(App\Controllers\DetailEvent))
 8 SYSTEMPATH\CodeIgniter.php(368): CodeIgniter\CodeIgniter->handleRequest(null, Object(Config\Cache), false)
 9 FCPATH\index.php(67): CodeIgniter\CodeIgniter->run()
10 SYSTEMPATH\Commands\Server\rewrite.php(47): require_once('D:\\TUGAS\\KULIAH\\P2MW\\hehe\\gohitfinal\\public\\index.php')
INFO - 2025-05-22 09:42:25 --> Session: Class initialized using 'CodeIgniter\Session\Handlers\FileHandler' driver.
INFO - 2025-05-22 09:42:25 --> Session: Class initialized using 'CodeIgniter\Session\Handlers\FileHandler' driver.
INFO - 2025-05-22 09:42:25 --> Session: Class initialized using 'CodeIgniter\Session\Handlers\FileHandler' driver.
CRITICAL - 2025-05-22 09:42:25 --> Undefined variable $tgl
in APPPATH\Views\detaileventp.php on line 24.
 1 APPPATH\Views\detaileventp.php(24): CodeIgniter\Debug\Exceptions->errorHandler(2, 'Undefined variable $tgl', 'D:\\TUGAS\\KULIAH\\P2MW\\hehe\\gohitfinal\\app\\Views\\detaileventp.php', 24)
 2 SYSTEMPATH\View\View.php(213): include('D:\\TUGAS\\KULIAH\\P2MW\\hehe\\gohitfinal\\app\\Views\\detaileventp.php')
 3 SYSTEMPATH\View\View.php(216): CodeIgniter\View\View->CodeIgniter\View\{closure}()
 4 SYSTEMPATH\Common.php(1184): CodeIgniter\View\View->render('detaileventp', [], true)
 5 APPPATH\Controllers\DetailEvent.php(481): view('detaileventp', [...])
 6 SYSTEMPATH\CodeIgniter.php(934): App\Controllers\DetailEvent->peserta('css', 'main.css')
 7 SYSTEMPATH\CodeIgniter.php(499): CodeIgniter\CodeIgniter->runController(Object(App\Controllers\DetailEvent))
 8 SYSTEMPATH\CodeIgniter.php(368): CodeIgniter\CodeIgniter->handleRequest(null, Object(Config\Cache), false)
 9 FCPATH\index.php(67): CodeIgniter\CodeIgniter->run()
10 SYSTEMPATH\Commands\Server\rewrite.php(47): require_once('D:\\TUGAS\\KULIAH\\P2MW\\hehe\\gohitfinal\\public\\index.php')
INFO - 2025-05-22 09:42:26 --> Session: Class initialized using 'CodeIgniter\Session\Handlers\FileHandler' driver.
CRITICAL - 2025-05-22 09:42:26 --> Undefined variable $tgl
in APPPATH\Views\detaileventp.php on line 24.
 1 APPPATH\Views\detaileventp.php(24): CodeIgniter\Debug\Exceptions->errorHandler(2, 'Undefined variable $tgl', 'D:\\TUGAS\\KULIAH\\P2MW\\hehe\\gohitfinal\\app\\Views\\detaileventp.php', 24)
 2 SYSTEMPATH\View\View.php(213): include('D:\\TUGAS\\KULIAH\\P2MW\\hehe\\gohitfinal\\app\\Views\\detaileventp.php')
 3 SYSTEMPATH\View\View.php(216): CodeIgniter\View\View->CodeIgniter\View\{closure}()
 4 SYSTEMPATH\Common.php(1184): CodeIgniter\View\View->render('detaileventp', [], true)
 5 APPPATH\Controllers\DetailEvent.php(481): view('detaileventp', [...])
 6 SYSTEMPATH\CodeIgniter.php(934): App\Controllers\DetailEvent->peserta('css', 'style.css')
 7 SYSTEMPATH\CodeIgniter.php(499): CodeIgniter\CodeIgniter->runController(Object(App\Controllers\DetailEvent))
 8 SYSTEMPATH\CodeIgniter.php(368): CodeIgniter\CodeIgniter->handleRequest(null, Object(Config\Cache), false)
 9 FCPATH\index.php(67): CodeIgniter\CodeIgniter->run()
10 SYSTEMPATH\Commands\Server\rewrite.php(47): require_once('D:\\TUGAS\\KULIAH\\P2MW\\hehe\\gohitfinal\\public\\index.php')
INFO - 2025-05-22 09:42:26 --> Session: Class initialized using 'CodeIgniter\Session\Handlers\FileHandler' driver.
CRITICAL - 2025-05-22 09:42:26 --> Undefined variable $tgl
in APPPATH\Views\detaileventp.php on line 24.
 1 APPPATH\Views\detaileventp.php(24): CodeIgniter\Debug\Exceptions->errorHandler(2, 'Undefined variable $tgl', 'D:\\TUGAS\\KULIAH\\P2MW\\hehe\\gohitfinal\\app\\Views\\detaileventp.php', 24)
 2 SYSTEMPATH\View\View.php(213): include('D:\\TUGAS\\KULIAH\\P2MW\\hehe\\gohitfinal\\app\\Views\\detaileventp.php')
 3 SYSTEMPATH\View\View.php(216): CodeIgniter\View\View->CodeIgniter\View\{closure}()
 4 SYSTEMPATH\Common.php(1184): CodeIgniter\View\View->render('detaileventp', [], true)
 5 APPPATH\Controllers\DetailEvent.php(481): view('detaileventp', [...])
 6 SYSTEMPATH\CodeIgniter.php(934): App\Controllers\DetailEvent->peserta('images', 'bg-01.jpg')
 7 SYSTEMPATH\CodeIgniter.php(499): CodeIgniter\CodeIgniter->runController(Object(App\Controllers\DetailEvent))
 8 SYSTEMPATH\CodeIgniter.php(368): CodeIgniter\CodeIgniter->handleRequest(null, Object(Config\Cache), false)
 9 FCPATH\index.php(67): CodeIgniter\CodeIgniter->run()
10 SYSTEMPATH\Commands\Server\rewrite.php(47): require_once('D:\\TUGAS\\KULIAH\\P2MW\\hehe\\gohitfinal\\public\\index.php')
INFO - 2025-05-22 09:42:44 --> Session: Class initialized using 'CodeIgniter\Session\Handlers\FileHandler' driver.
INFO - 2025-05-22 09:42:44 --> Session: Class initialized using 'CodeIgniter\Session\Handlers\FileHandler' driver.
INFO - 2025-05-22 09:42:45 --> Session: Class initialized using 'CodeIgniter\Session\Handlers\FileHandler' driver.
CRITICAL - 2025-05-22 09:42:45 --> Undefined variable $tgl
in APPPATH\Views\detaileventp.php on line 24.
 1 APPPATH\Views\detaileventp.php(24): CodeIgniter\Debug\Exceptions->errorHandler(2, 'Undefined variable $tgl', 'D:\\TUGAS\\KULIAH\\P2MW\\hehe\\gohitfinal\\app\\Views\\detaileventp.php', 24)
 2 SYSTEMPATH\View\View.php(213): include('D:\\TUGAS\\KULIAH\\P2MW\\hehe\\gohitfinal\\app\\Views\\detaileventp.php')
 3 SYSTEMPATH\View\View.php(216): CodeIgniter\View\View->CodeIgniter\View\{closure}()
 4 SYSTEMPATH\Common.php(1184): CodeIgniter\View\View->render('detaileventp', [], true)
 5 APPPATH\Controllers\DetailEvent.php(481): view('detaileventp', [...])
 6 SYSTEMPATH\CodeIgniter.php(934): App\Controllers\DetailEvent->peserta('css', 'main.css')
 7 SYSTEMPATH\CodeIgniter.php(499): CodeIgniter\CodeIgniter->runController(Object(App\Controllers\DetailEvent))
 8 SYSTEMPATH\CodeIgniter.php(368): CodeIgniter\CodeIgniter->handleRequest(null, Object(Config\Cache), false)
 9 FCPATH\index.php(67): CodeIgniter\CodeIgniter->run()
10 SYSTEMPATH\Commands\Server\rewrite.php(47): require_once('D:\\TUGAS\\KULIAH\\P2MW\\hehe\\gohitfinal\\public\\index.php')
INFO - 2025-05-22 09:42:45 --> Session: Class initialized using 'CodeIgniter\Session\Handlers\FileHandler' driver.
CRITICAL - 2025-05-22 09:42:45 --> Undefined variable $tgl
in APPPATH\Views\detaileventp.php on line 24.
 1 APPPATH\Views\detaileventp.php(24): CodeIgniter\Debug\Exceptions->errorHandler(2, 'Undefined variable $tgl', 'D:\\TUGAS\\KULIAH\\P2MW\\hehe\\gohitfinal\\app\\Views\\detaileventp.php', 24)
 2 SYSTEMPATH\View\View.php(213): include('D:\\TUGAS\\KULIAH\\P2MW\\hehe\\gohitfinal\\app\\Views\\detaileventp.php')
 3 SYSTEMPATH\View\View.php(216): CodeIgniter\View\View->CodeIgniter\View\{closure}()
 4 SYSTEMPATH\Common.php(1184): CodeIgniter\View\View->render('detaileventp', [], true)
 5 APPPATH\Controllers\DetailEvent.php(481): view('detaileventp', [...])
 6 SYSTEMPATH\CodeIgniter.php(934): App\Controllers\DetailEvent->peserta('css', 'style.css')
 7 SYSTEMPATH\CodeIgniter.php(499): CodeIgniter\CodeIgniter->runController(Object(App\Controllers\DetailEvent))
 8 SYSTEMPATH\CodeIgniter.php(368): CodeIgniter\CodeIgniter->handleRequest(null, Object(Config\Cache), false)
 9 FCPATH\index.php(67): CodeIgniter\CodeIgniter->run()
10 SYSTEMPATH\Commands\Server\rewrite.php(47): require_once('D:\\TUGAS\\KULIAH\\P2MW\\hehe\\gohitfinal\\public\\index.php')
INFO - 2025-05-22 09:42:45 --> Session: Class initialized using 'CodeIgniter\Session\Handlers\FileHandler' driver.
CRITICAL - 2025-05-22 09:42:45 --> Undefined variable $tgl
in APPPATH\Views\detaileventp.php on line 24.
 1 APPPATH\Views\detaileventp.php(24): CodeIgniter\Debug\Exceptions->errorHandler(2, 'Undefined variable $tgl', 'D:\\TUGAS\\KULIAH\\P2MW\\hehe\\gohitfinal\\app\\Views\\detaileventp.php', 24)
 2 SYSTEMPATH\View\View.php(213): include('D:\\TUGAS\\KULIAH\\P2MW\\hehe\\gohitfinal\\app\\Views\\detaileventp.php')
 3 SYSTEMPATH\View\View.php(216): CodeIgniter\View\View->CodeIgniter\View\{closure}()
 4 SYSTEMPATH\Common.php(1184): CodeIgniter\View\View->render('detaileventp', [], true)
 5 APPPATH\Controllers\DetailEvent.php(481): view('detaileventp', [...])
 6 SYSTEMPATH\CodeIgniter.php(934): App\Controllers\DetailEvent->peserta('images', 'bg-01.jpg')
 7 SYSTEMPATH\CodeIgniter.php(499): CodeIgniter\CodeIgniter->runController(Object(App\Controllers\DetailEvent))
 8 SYSTEMPATH\CodeIgniter.php(368): CodeIgniter\CodeIgniter->handleRequest(null, Object(Config\Cache), false)
 9 FCPATH\index.php(67): CodeIgniter\CodeIgniter->run()
10 SYSTEMPATH\Commands\Server\rewrite.php(47): require_once('D:\\TUGAS\\KULIAH\\P2MW\\hehe\\gohitfinal\\public\\index.php')
INFO - 2025-05-22 09:43:12 --> Session: Class initialized using 'CodeIgniter\Session\Handlers\FileHandler' driver.
INFO - 2025-05-22 09:43:13 --> Session: Class initialized using 'CodeIgniter\Session\Handlers\FileHandler' driver.
CRITICAL - 2025-05-22 09:43:13 --> Undefined variable $tgl
in APPPATH\Views\detaileventp.php on line 24.
 1 APPPATH\Views\detaileventp.php(24): CodeIgniter\Debug\Exceptions->errorHandler(2, 'Undefined variable $tgl', 'D:\\TUGAS\\KULIAH\\P2MW\\hehe\\gohitfinal\\app\\Views\\detaileventp.php', 24)
 2 SYSTEMPATH\View\View.php(213): include('D:\\TUGAS\\KULIAH\\P2MW\\hehe\\gohitfinal\\app\\Views\\detaileventp.php')
 3 SYSTEMPATH\View\View.php(216): CodeIgniter\View\View->CodeIgniter\View\{closure}()
 4 SYSTEMPATH\Common.php(1184): CodeIgniter\View\View->render('detaileventp', [], true)
 5 APPPATH\Controllers\DetailEvent.php(481): view('detaileventp', [...])
 6 SYSTEMPATH\CodeIgniter.php(934): App\Controllers\DetailEvent->peserta('css', 'main.css')
 7 SYSTEMPATH\CodeIgniter.php(499): CodeIgniter\CodeIgniter->runController(Object(App\Controllers\DetailEvent))
 8 SYSTEMPATH\CodeIgniter.php(368): CodeIgniter\CodeIgniter->handleRequest(null, Object(Config\Cache), false)
 9 FCPATH\index.php(67): CodeIgniter\CodeIgniter->run()
10 SYSTEMPATH\Commands\Server\rewrite.php(47): require_once('D:\\TUGAS\\KULIAH\\P2MW\\hehe\\gohitfinal\\public\\index.php')
INFO - 2025-05-22 09:43:13 --> Session: Class initialized using 'CodeIgniter\Session\Handlers\FileHandler' driver.
CRITICAL - 2025-05-22 09:43:13 --> Undefined variable $tgl
in APPPATH\Views\detaileventp.php on line 24.
 1 APPPATH\Views\detaileventp.php(24): CodeIgniter\Debug\Exceptions->errorHandler(2, 'Undefined variable $tgl', 'D:\\TUGAS\\KULIAH\\P2MW\\hehe\\gohitfinal\\app\\Views\\detaileventp.php', 24)
 2 SYSTEMPATH\View\View.php(213): include('D:\\TUGAS\\KULIAH\\P2MW\\hehe\\gohitfinal\\app\\Views\\detaileventp.php')
 3 SYSTEMPATH\View\View.php(216): CodeIgniter\View\View->CodeIgniter\View\{closure}()
 4 SYSTEMPATH\Common.php(1184): CodeIgniter\View\View->render('detaileventp', [], true)
 5 APPPATH\Controllers\DetailEvent.php(481): view('detaileventp', [...])
 6 SYSTEMPATH\CodeIgniter.php(934): App\Controllers\DetailEvent->peserta('css', 'style.css')
 7 SYSTEMPATH\CodeIgniter.php(499): CodeIgniter\CodeIgniter->runController(Object(App\Controllers\DetailEvent))
 8 SYSTEMPATH\CodeIgniter.php(368): CodeIgniter\CodeIgniter->handleRequest(null, Object(Config\Cache), false)
 9 FCPATH\index.php(67): CodeIgniter\CodeIgniter->run()
10 SYSTEMPATH\Commands\Server\rewrite.php(47): require_once('D:\\TUGAS\\KULIAH\\P2MW\\hehe\\gohitfinal\\public\\index.php')
INFO - 2025-05-22 09:43:13 --> Session: Class initialized using 'CodeIgniter\Session\Handlers\FileHandler' driver.
CRITICAL - 2025-05-22 09:43:13 --> Undefined variable $tgl
in APPPATH\Views\detaileventp.php on line 24.
 1 APPPATH\Views\detaileventp.php(24): CodeIgniter\Debug\Exceptions->errorHandler(2, 'Undefined variable $tgl', 'D:\\TUGAS\\KULIAH\\P2MW\\hehe\\gohitfinal\\app\\Views\\detaileventp.php', 24)
 2 SYSTEMPATH\View\View.php(213): include('D:\\TUGAS\\KULIAH\\P2MW\\hehe\\gohitfinal\\app\\Views\\detaileventp.php')
 3 SYSTEMPATH\View\View.php(216): CodeIgniter\View\View->CodeIgniter\View\{closure}()
 4 SYSTEMPATH\Common.php(1184): CodeIgniter\View\View->render('detaileventp', [], true)
 5 APPPATH\Controllers\DetailEvent.php(481): view('detaileventp', [...])
 6 SYSTEMPATH\CodeIgniter.php(934): App\Controllers\DetailEvent->peserta('images', 'bg-01.jpg')
 7 SYSTEMPATH\CodeIgniter.php(499): CodeIgniter\CodeIgniter->runController(Object(App\Controllers\DetailEvent))
 8 SYSTEMPATH\CodeIgniter.php(368): CodeIgniter\CodeIgniter->handleRequest(null, Object(Config\Cache), false)
 9 FCPATH\index.php(67): CodeIgniter\CodeIgniter->run()
10 SYSTEMPATH\Commands\Server\rewrite.php(47): require_once('D:\\TUGAS\\KULIAH\\P2MW\\hehe\\gohitfinal\\public\\index.php')
INFO - 2025-05-22 09:43:44 --> Session: Class initialized using 'CodeIgniter\Session\Handlers\FileHandler' driver.
INFO - 2025-05-22 09:43:44 --> Session: Class initialized using 'CodeIgniter\Session\Handlers\FileHandler' driver.
INFO - 2025-05-22 09:43:44 --> Session: Class initialized using 'CodeIgniter\Session\Handlers\FileHandler' driver.
CRITICAL - 2025-05-22 09:43:44 --> Undefined variable $tgl
in APPPATH\Views\detaileventp.php on line 24.
 1 APPPATH\Views\detaileventp.php(24): CodeIgniter\Debug\Exceptions->errorHandler(2, 'Undefined variable $tgl', 'D:\\TUGAS\\KULIAH\\P2MW\\hehe\\gohitfinal\\app\\Views\\detaileventp.php', 24)
 2 SYSTEMPATH\View\View.php(213): include('D:\\TUGAS\\KULIAH\\P2MW\\hehe\\gohitfinal\\app\\Views\\detaileventp.php')
 3 SYSTEMPATH\View\View.php(216): CodeIgniter\View\View->CodeIgniter\View\{closure}()
 4 SYSTEMPATH\Common.php(1184): CodeIgniter\View\View->render('detaileventp', [], true)
 5 APPPATH\Controllers\DetailEvent.php(481): view('detaileventp', [...])
 6 SYSTEMPATH\CodeIgniter.php(934): App\Controllers\DetailEvent->peserta('css', 'main.css')
 7 SYSTEMPATH\CodeIgniter.php(499): CodeIgniter\CodeIgniter->runController(Object(App\Controllers\DetailEvent))
 8 SYSTEMPATH\CodeIgniter.php(368): CodeIgniter\CodeIgniter->handleRequest(null, Object(Config\Cache), false)
 9 FCPATH\index.php(67): CodeIgniter\CodeIgniter->run()
10 SYSTEMPATH\Commands\Server\rewrite.php(47): require_once('D:\\TUGAS\\KULIAH\\P2MW\\hehe\\gohitfinal\\public\\index.php')
INFO - 2025-05-22 09:43:44 --> Session: Class initialized using 'CodeIgniter\Session\Handlers\FileHandler' driver.
CRITICAL - 2025-05-22 09:43:44 --> Undefined variable $tgl
in APPPATH\Views\detaileventp.php on line 24.
 1 APPPATH\Views\detaileventp.php(24): CodeIgniter\Debug\Exceptions->errorHandler(2, 'Undefined variable $tgl', 'D:\\TUGAS\\KULIAH\\P2MW\\hehe\\gohitfinal\\app\\Views\\detaileventp.php', 24)
 2 SYSTEMPATH\View\View.php(213): include('D:\\TUGAS\\KULIAH\\P2MW\\hehe\\gohitfinal\\app\\Views\\detaileventp.php')
 3 SYSTEMPATH\View\View.php(216): CodeIgniter\View\View->CodeIgniter\View\{closure}()
 4 SYSTEMPATH\Common.php(1184): CodeIgniter\View\View->render('detaileventp', [], true)
 5 APPPATH\Controllers\DetailEvent.php(481): view('detaileventp', [...])
 6 SYSTEMPATH\CodeIgniter.php(934): App\Controllers\DetailEvent->peserta('css', 'style.css')
 7 SYSTEMPATH\CodeIgniter.php(499): CodeIgniter\CodeIgniter->runController(Object(App\Controllers\DetailEvent))
 8 SYSTEMPATH\CodeIgniter.php(368): CodeIgniter\CodeIgniter->handleRequest(null, Object(Config\Cache), false)
 9 FCPATH\index.php(67): CodeIgniter\CodeIgniter->run()
10 SYSTEMPATH\Commands\Server\rewrite.php(47): require_once('D:\\TUGAS\\KULIAH\\P2MW\\hehe\\gohitfinal\\public\\index.php')
INFO - 2025-05-22 09:43:45 --> Session: Class initialized using 'CodeIgniter\Session\Handlers\FileHandler' driver.
CRITICAL - 2025-05-22 09:43:45 --> Undefined variable $tgl
in APPPATH\Views\detaileventp.php on line 24.
 1 APPPATH\Views\detaileventp.php(24): CodeIgniter\Debug\Exceptions->errorHandler(2, 'Undefined variable $tgl', 'D:\\TUGAS\\KULIAH\\P2MW\\hehe\\gohitfinal\\app\\Views\\detaileventp.php', 24)
 2 SYSTEMPATH\View\View.php(213): include('D:\\TUGAS\\KULIAH\\P2MW\\hehe\\gohitfinal\\app\\Views\\detaileventp.php')
 3 SYSTEMPATH\View\View.php(216): CodeIgniter\View\View->CodeIgniter\View\{closure}()
 4 SYSTEMPATH\Common.php(1184): CodeIgniter\View\View->render('detaileventp', [], true)
 5 APPPATH\Controllers\DetailEvent.php(481): view('detaileventp', [...])
 6 SYSTEMPATH\CodeIgniter.php(934): App\Controllers\DetailEvent->peserta('images', 'bg-01.jpg')
 7 SYSTEMPATH\CodeIgniter.php(499): CodeIgniter\CodeIgniter->runController(Object(App\Controllers\DetailEvent))
 8 SYSTEMPATH\CodeIgniter.php(368): CodeIgniter\CodeIgniter->handleRequest(null, Object(Config\Cache), false)
 9 FCPATH\index.php(67): CodeIgniter\CodeIgniter->run()
10 SYSTEMPATH\Commands\Server\rewrite.php(47): require_once('D:\\TUGAS\\KULIAH\\P2MW\\hehe\\gohitfinal\\public\\index.php')
INFO - 2025-05-22 09:44:00 --> Session: Class initialized using 'CodeIgniter\Session\Handlers\FileHandler' driver.
INFO - 2025-05-22 09:44:00 --> Session: Class initialized using 'CodeIgniter\Session\Handlers\FileHandler' driver.
INFO - 2025-05-22 09:44:01 --> Session: Class initialized using 'CodeIgniter\Session\Handlers\FileHandler' driver.
CRITICAL - 2025-05-22 09:44:01 --> Undefined variable $tgl
in APPPATH\Views\detaileventp.php on line 24.
 1 APPPATH\Views\detaileventp.php(24): CodeIgniter\Debug\Exceptions->errorHandler(2, 'Undefined variable $tgl', 'D:\\TUGAS\\KULIAH\\P2MW\\hehe\\gohitfinal\\app\\Views\\detaileventp.php', 24)
 2 SYSTEMPATH\View\View.php(213): include('D:\\TUGAS\\KULIAH\\P2MW\\hehe\\gohitfinal\\app\\Views\\detaileventp.php')
 3 SYSTEMPATH\View\View.php(216): CodeIgniter\View\View->CodeIgniter\View\{closure}()
 4 SYSTEMPATH\Common.php(1184): CodeIgniter\View\View->render('detaileventp', [], true)
 5 APPPATH\Controllers\DetailEvent.php(481): view('detaileventp', [...])
 6 SYSTEMPATH\CodeIgniter.php(934): App\Controllers\DetailEvent->peserta('css', 'main.css')
 7 SYSTEMPATH\CodeIgniter.php(499): CodeIgniter\CodeIgniter->runController(Object(App\Controllers\DetailEvent))
 8 SYSTEMPATH\CodeIgniter.php(368): CodeIgniter\CodeIgniter->handleRequest(null, Object(Config\Cache), false)
 9 FCPATH\index.php(67): CodeIgniter\CodeIgniter->run()
10 SYSTEMPATH\Commands\Server\rewrite.php(47): require_once('D:\\TUGAS\\KULIAH\\P2MW\\hehe\\gohitfinal\\public\\index.php')
INFO - 2025-05-22 09:44:01 --> Session: Class initialized using 'CodeIgniter\Session\Handlers\FileHandler' driver.
CRITICAL - 2025-05-22 09:44:01 --> Undefined variable $tgl
in APPPATH\Views\detaileventp.php on line 24.
 1 APPPATH\Views\detaileventp.php(24): CodeIgniter\Debug\Exceptions->errorHandler(2, 'Undefined variable $tgl', 'D:\\TUGAS\\KULIAH\\P2MW\\hehe\\gohitfinal\\app\\Views\\detaileventp.php', 24)
 2 SYSTEMPATH\View\View.php(213): include('D:\\TUGAS\\KULIAH\\P2MW\\hehe\\gohitfinal\\app\\Views\\detaileventp.php')
 3 SYSTEMPATH\View\View.php(216): CodeIgniter\View\View->CodeIgniter\View\{closure}()
 4 SYSTEMPATH\Common.php(1184): CodeIgniter\View\View->render('detaileventp', [], true)
 5 APPPATH\Controllers\DetailEvent.php(481): view('detaileventp', [...])
 6 SYSTEMPATH\CodeIgniter.php(934): App\Controllers\DetailEvent->peserta('css', 'style.css')
 7 SYSTEMPATH\CodeIgniter.php(499): CodeIgniter\CodeIgniter->runController(Object(App\Controllers\DetailEvent))
 8 SYSTEMPATH\CodeIgniter.php(368): CodeIgniter\CodeIgniter->handleRequest(null, Object(Config\Cache), false)
 9 FCPATH\index.php(67): CodeIgniter\CodeIgniter->run()
10 SYSTEMPATH\Commands\Server\rewrite.php(47): require_once('D:\\TUGAS\\KULIAH\\P2MW\\hehe\\gohitfinal\\public\\index.php')
INFO - 2025-05-22 09:44:01 --> Session: Class initialized using 'CodeIgniter\Session\Handlers\FileHandler' driver.
CRITICAL - 2025-05-22 09:44:01 --> Undefined variable $tgl
in APPPATH\Views\detaileventp.php on line 24.
 1 APPPATH\Views\detaileventp.php(24): CodeIgniter\Debug\Exceptions->errorHandler(2, 'Undefined variable $tgl', 'D:\\TUGAS\\KULIAH\\P2MW\\hehe\\gohitfinal\\app\\Views\\detaileventp.php', 24)
 2 SYSTEMPATH\View\View.php(213): include('D:\\TUGAS\\KULIAH\\P2MW\\hehe\\gohitfinal\\app\\Views\\detaileventp.php')
 3 SYSTEMPATH\View\View.php(216): CodeIgniter\View\View->CodeIgniter\View\{closure}()
 4 SYSTEMPATH\Common.php(1184): CodeIgniter\View\View->render('detaileventp', [], true)
 5 APPPATH\Controllers\DetailEvent.php(481): view('detaileventp', [...])
 6 SYSTEMPATH\CodeIgniter.php(934): App\Controllers\DetailEvent->peserta('images', 'bg-01.jpg')
 7 SYSTEMPATH\CodeIgniter.php(499): CodeIgniter\CodeIgniter->runController(Object(App\Controllers\DetailEvent))
 8 SYSTEMPATH\CodeIgniter.php(368): CodeIgniter\CodeIgniter->handleRequest(null, Object(Config\Cache), false)
 9 FCPATH\index.php(67): CodeIgniter\CodeIgniter->run()
10 SYSTEMPATH\Commands\Server\rewrite.php(47): require_once('D:\\TUGAS\\KULIAH\\P2MW\\hehe\\gohitfinal\\public\\index.php')
