INFO - 2025-05-15 02:45:35 --> Session: Class initialized using 'CodeIgniter\Session\Handlers\FileHandler' driver.
CRITICAL - 2025-05-15 02:45:35 --> Trying to access array offset on value of type null
in APPPATH\Controllers\DetailEvent.php on line 66.
 1 APPPATH\Controllers\DetailEvent.php(66): CodeIgniter\Debug\Exceptions->errorHandler(2, 'Trying to access array offset on value of type null', 'D:\\TUGAS\\KULIAH\\P2MW\\hehe\\gohitfinal\\app\\Controllers\\DetailEvent.php', 66)
 2 SYSTEMPATH\CodeIgniter.php(934): App\Controllers\DetailEvent->index('26')
 3 SYSTEMPATH\CodeIgniter.php(499): CodeIgniter\CodeIgniter->runController(Object(App\Controllers\DetailEvent))
 4 SYSTEMPATH\CodeIgniter.php(368): CodeIgniter\CodeIgniter->handleRequest(null, Object(Config\Cache), false)
 5 FCPATH\index.php(67): CodeIgniter\CodeIgniter->run()
 6 SYSTEMPATH\Commands\Server\rewrite.php(47): require_once('D:\\TUGAS\\KULIAH\\P2MW\\hehe\\gohitfinal\\public\\index.php')
INFO - 2025-05-15 02:45:37 --> Session: Class initialized using 'CodeIgniter\Session\Handlers\FileHandler' driver.
CRITICAL - 2025-05-15 02:45:37 --> Trying to access array offset on value of type null
in APPPATH\Controllers\DetailEvent.php on line 66.
 1 APPPATH\Controllers\DetailEvent.php(66): CodeIgniter\Debug\Exceptions->errorHandler(2, 'Trying to access array offset on value of type null', 'D:\\TUGAS\\KULIAH\\P2MW\\hehe\\gohitfinal\\app\\Controllers\\DetailEvent.php', 66)
 2 SYSTEMPATH\CodeIgniter.php(934): App\Controllers\DetailEvent->index('26')
 3 SYSTEMPATH\CodeIgniter.php(499): CodeIgniter\CodeIgniter->runController(Object(App\Controllers\DetailEvent))
 4 SYSTEMPATH\CodeIgniter.php(368): CodeIgniter\CodeIgniter->handleRequest(null, Object(Config\Cache), false)
 5 FCPATH\index.php(67): CodeIgniter\CodeIgniter->run()
 6 SYSTEMPATH\Commands\Server\rewrite.php(47): require_once('D:\\TUGAS\\KULIAH\\P2MW\\hehe\\gohitfinal\\public\\index.php')
INFO - 2025-05-15 02:45:51 --> Session: Class initialized using 'CodeIgniter\Session\Handlers\FileHandler' driver.
INFO - 2025-05-15 02:46:02 --> Session: Class initialized using 'CodeIgniter\Session\Handlers\FileHandler' driver.
INFO - 2025-05-15 02:46:02 --> Session: Class initialized using 'CodeIgniter\Session\Handlers\FileHandler' driver.
INFO - 2025-05-15 02:46:08 --> Session: Class initialized using 'CodeIgniter\Session\Handlers\FileHandler' driver.
INFO - 2025-05-15 02:46:09 --> Session: Class initialized using 'CodeIgniter\Session\Handlers\FileHandler' driver.
CRITICAL - 2025-05-15 02:46:09 --> Undefined variable $title
in APPPATH\Views\partial\header2.php on line 12.
 1 APPPATH\Views\partial\header2.php(12): CodeIgniter\Debug\Exceptions->errorHandler(2, 'Undefined variable $title', 'D:\\TUGAS\\KULIAH\\P2MW\\hehe\\gohitfinal\\app\\Views\\partial\\header2.php', 12)
 2 SYSTEMPATH\View\View.php(213): include('D:\\TUGAS\\KULIAH\\P2MW\\hehe\\gohitfinal\\app\\Views\\partial\\header2.php')
 3 SYSTEMPATH\View\View.php(216): CodeIgniter\View\View->CodeIgniter\View\{closure}()
 4 SYSTEMPATH\View\View.php(431): CodeIgniter\View\View->render('partial/header2', null, true)
 5 APPPATH\Views\allevent.php(1): CodeIgniter\View\View->include('partial/header2')
 6 SYSTEMPATH\View\View.php(213): include('D:\\TUGAS\\KULIAH\\P2MW\\hehe\\gohitfinal\\app\\Views\\allevent.php')
 7 SYSTEMPATH\View\View.php(216): CodeIgniter\View\View->CodeIgniter\View\{closure}()
 8 SYSTEMPATH\Common.php(1184): CodeIgniter\View\View->render('allevent', [], true)
 9 APPPATH\Controllers\DetailEvent.php(458): view('allevent', [...])
10 SYSTEMPATH\CodeIgniter.php(934): App\Controllers\DetailEvent->list('css', 'style.css')
11 SYSTEMPATH\CodeIgniter.php(499): CodeIgniter\CodeIgniter->runController(Object(App\Controllers\DetailEvent))
12 SYSTEMPATH\CodeIgniter.php(368): CodeIgniter\CodeIgniter->handleRequest(null, Object(Config\Cache), false)
13 FCPATH\index.php(67): CodeIgniter\CodeIgniter->run()
14 SYSTEMPATH\Commands\Server\rewrite.php(47): require_once('D:\\TUGAS\\KULIAH\\P2MW\\hehe\\gohitfinal\\public\\index.php')
INFO - 2025-05-15 02:46:09 --> Session: Class initialized using 'CodeIgniter\Session\Handlers\FileHandler' driver.
INFO - 2025-05-15 02:46:10 --> Session: Class initialized using 'CodeIgniter\Session\Handlers\FileHandler' driver.
CRITICAL - 2025-05-15 02:46:10 --> foreach() argument must be of type array|object, null given
in SYSTEMPATH\Database\BaseBuilder.php on line 411.
 1 SYSTEMPATH\Database\BaseBuilder.php(411): CodeIgniter\Debug\Exceptions->errorHandler(2, 'foreach() argument must be of type array|object, null given', 'D:\\TUGAS\\KULIAH\\P2MW\\hehe\\gohitfinal\\system\\Database\\BaseBuilder.php', 411)
 2 SYSTEMPATH\Model.php(840): CodeIgniter\Database\BaseBuilder->select(null)
 3 APPPATH\Models\Fisher.php(20): CodeIgniter\Model->__call('select', [...])
 4 APPPATH\Controllers\DetailEvent.php(66): App\Models\Fisher->getUserPointBySport('3', null)
 5 SYSTEMPATH\CodeIgniter.php(934): App\Controllers\DetailEvent->index('css', 'main.css')
 6 SYSTEMPATH\CodeIgniter.php(499): CodeIgniter\CodeIgniter->runController(Object(App\Controllers\DetailEvent))
 7 SYSTEMPATH\CodeIgniter.php(368): CodeIgniter\CodeIgniter->handleRequest(null, Object(Config\Cache), false)
 8 FCPATH\index.php(67): CodeIgniter\CodeIgniter->run()
 9 SYSTEMPATH\Commands\Server\rewrite.php(47): require_once('D:\\TUGAS\\KULIAH\\P2MW\\hehe\\gohitfinal\\public\\index.php')
INFO - 2025-05-15 02:46:11 --> Session: Class initialized using 'CodeIgniter\Session\Handlers\FileHandler' driver.
CRITICAL - 2025-05-15 02:46:11 --> foreach() argument must be of type array|object, null given
in SYSTEMPATH\Database\BaseBuilder.php on line 411.
 1 SYSTEMPATH\Database\BaseBuilder.php(411): CodeIgniter\Debug\Exceptions->errorHandler(2, 'foreach() argument must be of type array|object, null given', 'D:\\TUGAS\\KULIAH\\P2MW\\hehe\\gohitfinal\\system\\Database\\BaseBuilder.php', 411)
 2 SYSTEMPATH\Model.php(840): CodeIgniter\Database\BaseBuilder->select(null)
 3 APPPATH\Models\Fisher.php(20): CodeIgniter\Model->__call('select', [...])
 4 APPPATH\Controllers\DetailEvent.php(66): App\Models\Fisher->getUserPointBySport('3', null)
 5 SYSTEMPATH\CodeIgniter.php(934): App\Controllers\DetailEvent->index('css', 'style.css')
 6 SYSTEMPATH\CodeIgniter.php(499): CodeIgniter\CodeIgniter->runController(Object(App\Controllers\DetailEvent))
 7 SYSTEMPATH\CodeIgniter.php(368): CodeIgniter\CodeIgniter->handleRequest(null, Object(Config\Cache), false)
 8 FCPATH\index.php(67): CodeIgniter\CodeIgniter->run()
 9 SYSTEMPATH\Commands\Server\rewrite.php(47): require_once('D:\\TUGAS\\KULIAH\\P2MW\\hehe\\gohitfinal\\public\\index.php')
INFO - 2025-05-15 02:46:11 --> Session: Class initialized using 'CodeIgniter\Session\Handlers\FileHandler' driver.
CRITICAL - 2025-05-15 02:46:11 --> foreach() argument must be of type array|object, null given
in SYSTEMPATH\Database\BaseBuilder.php on line 411.
 1 SYSTEMPATH\Database\BaseBuilder.php(411): CodeIgniter\Debug\Exceptions->errorHandler(2, 'foreach() argument must be of type array|object, null given', 'D:\\TUGAS\\KULIAH\\P2MW\\hehe\\gohitfinal\\system\\Database\\BaseBuilder.php', 411)
 2 SYSTEMPATH\Model.php(840): CodeIgniter\Database\BaseBuilder->select(null)
 3 APPPATH\Models\Fisher.php(20): CodeIgniter\Model->__call('select', [...])
 4 APPPATH\Controllers\DetailEvent.php(66): App\Models\Fisher->getUserPointBySport('3', null)
 5 SYSTEMPATH\CodeIgniter.php(934): App\Controllers\DetailEvent->index('images', 'bg-01.jpg')
 6 SYSTEMPATH\CodeIgniter.php(499): CodeIgniter\CodeIgniter->runController(Object(App\Controllers\DetailEvent))
 7 SYSTEMPATH\CodeIgniter.php(368): CodeIgniter\CodeIgniter->handleRequest(null, Object(Config\Cache), false)
 8 FCPATH\index.php(67): CodeIgniter\CodeIgniter->run()
 9 SYSTEMPATH\Commands\Server\rewrite.php(47): require_once('D:\\TUGAS\\KULIAH\\P2MW\\hehe\\gohitfinal\\public\\index.php')
INFO - 2025-05-15 02:46:17 --> Session: Class initialized using 'CodeIgniter\Session\Handlers\FileHandler' driver.
INFO - 2025-05-15 02:46:17 --> Session: Class initialized using 'CodeIgniter\Session\Handlers\FileHandler' driver.
CRITICAL - 2025-05-15 02:46:17 --> Undefined variable $title
in APPPATH\Views\partial\header2.php on line 12.
 1 APPPATH\Views\partial\header2.php(12): CodeIgniter\Debug\Exceptions->errorHandler(2, 'Undefined variable $title', 'D:\\TUGAS\\KULIAH\\P2MW\\hehe\\gohitfinal\\app\\Views\\partial\\header2.php', 12)
 2 SYSTEMPATH\View\View.php(213): include('D:\\TUGAS\\KULIAH\\P2MW\\hehe\\gohitfinal\\app\\Views\\partial\\header2.php')
 3 SYSTEMPATH\View\View.php(216): CodeIgniter\View\View->CodeIgniter\View\{closure}()
 4 SYSTEMPATH\View\View.php(431): CodeIgniter\View\View->render('partial/header2', null, true)
 5 APPPATH\Views\allevent.php(1): CodeIgniter\View\View->include('partial/header2')
 6 SYSTEMPATH\View\View.php(213): include('D:\\TUGAS\\KULIAH\\P2MW\\hehe\\gohitfinal\\app\\Views\\allevent.php')
 7 SYSTEMPATH\View\View.php(216): CodeIgniter\View\View->CodeIgniter\View\{closure}()
 8 SYSTEMPATH\Common.php(1184): CodeIgniter\View\View->render('allevent', [], true)
 9 APPPATH\Controllers\DetailEvent.php(458): view('allevent', [...])
10 SYSTEMPATH\CodeIgniter.php(934): App\Controllers\DetailEvent->list('css', 'style.css')
11 SYSTEMPATH\CodeIgniter.php(499): CodeIgniter\CodeIgniter->runController(Object(App\Controllers\DetailEvent))
12 SYSTEMPATH\CodeIgniter.php(368): CodeIgniter\CodeIgniter->handleRequest(null, Object(Config\Cache), false)
13 FCPATH\index.php(67): CodeIgniter\CodeIgniter->run()
14 SYSTEMPATH\Commands\Server\rewrite.php(47): require_once('D:\\TUGAS\\KULIAH\\P2MW\\hehe\\gohitfinal\\public\\index.php')
INFO - 2025-05-15 02:46:20 --> Session: Class initialized using 'CodeIgniter\Session\Handlers\FileHandler' driver.
INFO - 2025-05-15 02:48:31 --> Session: Class initialized using 'CodeIgniter\Session\Handlers\FileHandler' driver.
INFO - 2025-05-15 02:48:59 --> Session: Class initialized using 'CodeIgniter\Session\Handlers\FileHandler' driver.
INFO - 2025-05-15 02:48:59 --> Session: Class initialized using 'CodeIgniter\Session\Handlers\FileHandler' driver.
CRITICAL - 2025-05-15 02:48:59 --> Undefined variable $title
in APPPATH\Views\partial\header2.php on line 12.
 1 APPPATH\Views\partial\header2.php(12): CodeIgniter\Debug\Exceptions->errorHandler(2, 'Undefined variable $title', 'D:\\TUGAS\\KULIAH\\P2MW\\hehe\\gohitfinal\\app\\Views\\partial\\header2.php', 12)
 2 SYSTEMPATH\View\View.php(213): include('D:\\TUGAS\\KULIAH\\P2MW\\hehe\\gohitfinal\\app\\Views\\partial\\header2.php')
 3 SYSTEMPATH\View\View.php(216): CodeIgniter\View\View->CodeIgniter\View\{closure}()
 4 SYSTEMPATH\View\View.php(431): CodeIgniter\View\View->render('partial/header2', null, true)
 5 APPPATH\Views\allevent.php(1): CodeIgniter\View\View->include('partial/header2')
 6 SYSTEMPATH\View\View.php(213): include('D:\\TUGAS\\KULIAH\\P2MW\\hehe\\gohitfinal\\app\\Views\\allevent.php')
 7 SYSTEMPATH\View\View.php(216): CodeIgniter\View\View->CodeIgniter\View\{closure}()
 8 SYSTEMPATH\Common.php(1184): CodeIgniter\View\View->render('allevent', [], true)
 9 APPPATH\Controllers\DetailEvent.php(458): view('allevent', [...])
10 SYSTEMPATH\CodeIgniter.php(934): App\Controllers\DetailEvent->list('css', 'style.css')
11 SYSTEMPATH\CodeIgniter.php(499): CodeIgniter\CodeIgniter->runController(Object(App\Controllers\DetailEvent))
12 SYSTEMPATH\CodeIgniter.php(368): CodeIgniter\CodeIgniter->handleRequest(null, Object(Config\Cache), false)
13 FCPATH\index.php(67): CodeIgniter\CodeIgniter->run()
14 SYSTEMPATH\Commands\Server\rewrite.php(47): require_once('D:\\TUGAS\\KULIAH\\P2MW\\hehe\\gohitfinal\\public\\index.php')
INFO - 2025-05-15 02:50:39 --> Session: Class initialized using 'CodeIgniter\Session\Handlers\FileHandler' driver.
INFO - 2025-05-15 02:52:16 --> Session: Class initialized using 'CodeIgniter\Session\Handlers\FileHandler' driver.
INFO - 2025-05-15 02:52:34 --> Session: Class initialized using 'CodeIgniter\Session\Handlers\FileHandler' driver.
INFO - 2025-05-15 02:52:51 --> Session: Class initialized using 'CodeIgniter\Session\Handlers\FileHandler' driver.
INFO - 2025-05-15 02:53:07 --> Session: Class initialized using 'CodeIgniter\Session\Handlers\FileHandler' driver.
INFO - 2025-05-15 02:54:14 --> Session: Class initialized using 'CodeIgniter\Session\Handlers\FileHandler' driver.
INFO - 2025-05-15 02:55:34 --> Session: Class initialized using 'CodeIgniter\Session\Handlers\FileHandler' driver.
INFO - 2025-05-15 02:55:48 --> Session: Class initialized using 'CodeIgniter\Session\Handlers\FileHandler' driver.
INFO - 2025-05-15 02:56:01 --> Session: Class initialized using 'CodeIgniter\Session\Handlers\FileHandler' driver.
INFO - 2025-05-15 02:56:22 --> Session: Class initialized using 'CodeIgniter\Session\Handlers\FileHandler' driver.
CRITICAL - 2025-05-15 02:56:23 --> Can't use function return value in write context
in APPPATH\Views\home.php on line 76.
 1 [internal function]: CodeIgniter\Debug\Exceptions->shutdownHandler()
INFO - 2025-05-15 02:56:37 --> Session: Class initialized using 'CodeIgniter\Session\Handlers\FileHandler' driver.
INFO - 2025-05-15 03:02:14 --> Session: Class initialized using 'CodeIgniter\Session\Handlers\FileHandler' driver.
INFO - 2025-05-15 03:03:28 --> Session: Class initialized using 'CodeIgniter\Session\Handlers\FileHandler' driver.
INFO - 2025-05-15 03:03:34 --> Session: Class initialized using 'CodeIgniter\Session\Handlers\FileHandler' driver.
ERROR - 2025-05-15 03:03:34 --> mysqli_sql_exception: Unknown column 'Pimpong' in 'field list' in D:\TUGAS\KULIAH\P2MW\hehe\gohitfinal\system\Database\MySQLi\Connection.php:295
Stack trace:
#0 D:\TUGAS\KULIAH\P2MW\hehe\gohitfinal\system\Database\MySQLi\Connection.php(295): mysqli->query('SELECT `Pimpong...', 0)
#1 D:\TUGAS\KULIAH\P2MW\hehe\gohitfinal\system\Database\BaseConnection.php(691): CodeIgniter\Database\MySQLi\Connection->execute('SELECT `Pimpong...')
#2 D:\TUGAS\KULIAH\P2MW\hehe\gohitfinal\system\Database\BaseConnection.php(605): CodeIgniter\Database\BaseConnection->simpleQuery('SELECT `Pimpong...')
#3 D:\TUGAS\KULIAH\P2MW\hehe\gohitfinal\system\Database\BaseBuilder.php(1616): CodeIgniter\Database\BaseConnection->query('SELECT `Pimpong...', Array, false)
#4 D:\TUGAS\KULIAH\P2MW\hehe\gohitfinal\system\Model.php(268): CodeIgniter\Database\BaseBuilder->get()
#5 D:\TUGAS\KULIAH\P2MW\hehe\gohitfinal\system\BaseModel.php(656): CodeIgniter\Model->doFirst()
#6 D:\TUGAS\KULIAH\P2MW\hehe\gohitfinal\app\Models\Fisher.php(21): CodeIgniter\BaseModel->first()
#7 D:\TUGAS\KULIAH\P2MW\hehe\gohitfinal\app\Controllers\DetailEvent.php(66): App\Models\Fisher->getUserPointBySport('3', 'Pimpong')
#8 D:\TUGAS\KULIAH\P2MW\hehe\gohitfinal\system\CodeIgniter.php(934): App\Controllers\DetailEvent->index('41')
#9 D:\TUGAS\KULIAH\P2MW\hehe\gohitfinal\system\CodeIgniter.php(499): CodeIgniter\CodeIgniter->runController(Object(App\Controllers\DetailEvent))
#10 D:\TUGAS\KULIAH\P2MW\hehe\gohitfinal\system\CodeIgniter.php(368): CodeIgniter\CodeIgniter->handleRequest(NULL, Object(Config\Cache), false)
#11 D:\TUGAS\KULIAH\P2MW\hehe\gohitfinal\public\index.php(67): CodeIgniter\CodeIgniter->run()
#12 D:\TUGAS\KULIAH\P2MW\hehe\gohitfinal\system\Commands\Server\rewrite.php(47): require_once('D:\\TUGAS\\KULIAH...')
#13 {main}
CRITICAL - 2025-05-15 03:03:34 --> Unknown column 'Pimpong' in 'field list'
in SYSTEMPATH\Database\MySQLi\Connection.php on line 295.
 1 SYSTEMPATH\Database\MySQLi\Connection.php(295): mysqli->query('SELECT `Pimpong`
FROM `point`
WHERE `id_user` = \'3\'
 LIMIT 1', 0)
 2 SYSTEMPATH\Database\BaseConnection.php(691): CodeIgniter\Database\MySQLi\Connection->execute('SELECT `Pimpong`
FROM `point`
WHERE `id_user` = \'3\'
 LIMIT 1')
 3 SYSTEMPATH\Database\BaseConnection.php(605): CodeIgniter\Database\BaseConnection->simpleQuery('SELECT `Pimpong`
FROM `point`
WHERE `id_user` = \'3\'
 LIMIT 1')
 4 SYSTEMPATH\Database\BaseBuilder.php(1616): CodeIgniter\Database\BaseConnection->query('SELECT `Pimpong`
FROM `point`
WHERE `id_user` = :id_user:
 LIMIT 1', [...], false)
 5 SYSTEMPATH\Model.php(268): CodeIgniter\Database\BaseBuilder->get()
 6 SYSTEMPATH\BaseModel.php(656): CodeIgniter\Model->doFirst()
 7 APPPATH\Models\Fisher.php(21): CodeIgniter\BaseModel->first()
 8 APPPATH\Controllers\DetailEvent.php(66): App\Models\Fisher->getUserPointBySport('3', 'Pimpong')
 9 SYSTEMPATH\CodeIgniter.php(934): App\Controllers\DetailEvent->index('41')
10 SYSTEMPATH\CodeIgniter.php(499): CodeIgniter\CodeIgniter->runController(Object(App\Controllers\DetailEvent))
11 SYSTEMPATH\CodeIgniter.php(368): CodeIgniter\CodeIgniter->handleRequest(null, Object(Config\Cache), false)
12 FCPATH\index.php(67): CodeIgniter\CodeIgniter->run()
13 SYSTEMPATH\Commands\Server\rewrite.php(47): require_once('D:\\TUGAS\\KULIAH\\P2MW\\hehe\\gohitfinal\\public\\index.php')
INFO - 2025-05-15 03:04:44 --> Session: Class initialized using 'CodeIgniter\Session\Handlers\FileHandler' driver.
INFO - 2025-05-15 03:04:44 --> Session: Class initialized using 'CodeIgniter\Session\Handlers\FileHandler' driver.
CRITICAL - 2025-05-15 03:04:44 --> foreach() argument must be of type array|object, null given
in SYSTEMPATH\Database\BaseBuilder.php on line 411.
 1 SYSTEMPATH\Database\BaseBuilder.php(411): CodeIgniter\Debug\Exceptions->errorHandler(2, 'foreach() argument must be of type array|object, null given', 'D:\\TUGAS\\KULIAH\\P2MW\\hehe\\gohitfinal\\system\\Database\\BaseBuilder.php', 411)
 2 SYSTEMPATH\Model.php(840): CodeIgniter\Database\BaseBuilder->select(null)
 3 APPPATH\Models\Fisher.php(20): CodeIgniter\Model->__call('select', [...])
 4 APPPATH\Controllers\DetailEvent.php(66): App\Models\Fisher->getUserPointBySport('3', null)
 5 SYSTEMPATH\CodeIgniter.php(934): App\Controllers\DetailEvent->index('css', 'main.css')
 6 SYSTEMPATH\CodeIgniter.php(499): CodeIgniter\CodeIgniter->runController(Object(App\Controllers\DetailEvent))
 7 SYSTEMPATH\CodeIgniter.php(368): CodeIgniter\CodeIgniter->handleRequest(null, Object(Config\Cache), false)
 8 FCPATH\index.php(67): CodeIgniter\CodeIgniter->run()
 9 SYSTEMPATH\Commands\Server\rewrite.php(47): require_once('D:\\TUGAS\\KULIAH\\P2MW\\hehe\\gohitfinal\\public\\index.php')
INFO - 2025-05-15 03:04:44 --> Session: Class initialized using 'CodeIgniter\Session\Handlers\FileHandler' driver.
CRITICAL - 2025-05-15 03:04:44 --> foreach() argument must be of type array|object, null given
in SYSTEMPATH\Database\BaseBuilder.php on line 411.
 1 SYSTEMPATH\Database\BaseBuilder.php(411): CodeIgniter\Debug\Exceptions->errorHandler(2, 'foreach() argument must be of type array|object, null given', 'D:\\TUGAS\\KULIAH\\P2MW\\hehe\\gohitfinal\\system\\Database\\BaseBuilder.php', 411)
 2 SYSTEMPATH\Model.php(840): CodeIgniter\Database\BaseBuilder->select(null)
 3 APPPATH\Models\Fisher.php(20): CodeIgniter\Model->__call('select', [...])
 4 APPPATH\Controllers\DetailEvent.php(66): App\Models\Fisher->getUserPointBySport('3', null)
 5 SYSTEMPATH\CodeIgniter.php(934): App\Controllers\DetailEvent->index('css', 'style.css')
 6 SYSTEMPATH\CodeIgniter.php(499): CodeIgniter\CodeIgniter->runController(Object(App\Controllers\DetailEvent))
 7 SYSTEMPATH\CodeIgniter.php(368): CodeIgniter\CodeIgniter->handleRequest(null, Object(Config\Cache), false)
 8 FCPATH\index.php(67): CodeIgniter\CodeIgniter->run()
 9 SYSTEMPATH\Commands\Server\rewrite.php(47): require_once('D:\\TUGAS\\KULIAH\\P2MW\\hehe\\gohitfinal\\public\\index.php')
INFO - 2025-05-15 03:04:44 --> Session: Class initialized using 'CodeIgniter\Session\Handlers\FileHandler' driver.
CRITICAL - 2025-05-15 03:04:44 --> foreach() argument must be of type array|object, null given
in SYSTEMPATH\Database\BaseBuilder.php on line 411.
 1 SYSTEMPATH\Database\BaseBuilder.php(411): CodeIgniter\Debug\Exceptions->errorHandler(2, 'foreach() argument must be of type array|object, null given', 'D:\\TUGAS\\KULIAH\\P2MW\\hehe\\gohitfinal\\system\\Database\\BaseBuilder.php', 411)
 2 SYSTEMPATH\Model.php(840): CodeIgniter\Database\BaseBuilder->select(null)
 3 APPPATH\Models\Fisher.php(20): CodeIgniter\Model->__call('select', [...])
 4 APPPATH\Controllers\DetailEvent.php(66): App\Models\Fisher->getUserPointBySport('3', null)
 5 SYSTEMPATH\CodeIgniter.php(934): App\Controllers\DetailEvent->index('images', 'bg-01.jpg')
 6 SYSTEMPATH\CodeIgniter.php(499): CodeIgniter\CodeIgniter->runController(Object(App\Controllers\DetailEvent))
 7 SYSTEMPATH\CodeIgniter.php(368): CodeIgniter\CodeIgniter->handleRequest(null, Object(Config\Cache), false)
 8 FCPATH\index.php(67): CodeIgniter\CodeIgniter->run()
 9 SYSTEMPATH\Commands\Server\rewrite.php(47): require_once('D:\\TUGAS\\KULIAH\\P2MW\\hehe\\gohitfinal\\public\\index.php')
INFO - 2025-05-15 03:05:16 --> Session: Class initialized using 'CodeIgniter\Session\Handlers\FileHandler' driver.
INFO - 2025-05-15 03:05:21 --> Session: Class initialized using 'CodeIgniter\Session\Handlers\FileHandler' driver.
ERROR - 2025-05-15 03:05:21 --> mysqli_sql_exception: Unknown column 'Pimpong' in 'field list' in D:\TUGAS\KULIAH\P2MW\hehe\gohitfinal\system\Database\MySQLi\Connection.php:295
Stack trace:
#0 D:\TUGAS\KULIAH\P2MW\hehe\gohitfinal\system\Database\MySQLi\Connection.php(295): mysqli->query('SELECT `Pimpong...', 0)
#1 D:\TUGAS\KULIAH\P2MW\hehe\gohitfinal\system\Database\BaseConnection.php(691): CodeIgniter\Database\MySQLi\Connection->execute('SELECT `Pimpong...')
#2 D:\TUGAS\KULIAH\P2MW\hehe\gohitfinal\system\Database\BaseConnection.php(605): CodeIgniter\Database\BaseConnection->simpleQuery('SELECT `Pimpong...')
#3 D:\TUGAS\KULIAH\P2MW\hehe\gohitfinal\system\Database\BaseBuilder.php(1616): CodeIgniter\Database\BaseConnection->query('SELECT `Pimpong...', Array, false)
#4 D:\TUGAS\KULIAH\P2MW\hehe\gohitfinal\system\Model.php(268): CodeIgniter\Database\BaseBuilder->get()
#5 D:\TUGAS\KULIAH\P2MW\hehe\gohitfinal\system\BaseModel.php(656): CodeIgniter\Model->doFirst()
#6 D:\TUGAS\KULIAH\P2MW\hehe\gohitfinal\app\Models\Fisher.php(21): CodeIgniter\BaseModel->first()
#7 D:\TUGAS\KULIAH\P2MW\hehe\gohitfinal\app\Controllers\DetailEvent.php(66): App\Models\Fisher->getUserPointBySport('3', 'Pimpong')
#8 D:\TUGAS\KULIAH\P2MW\hehe\gohitfinal\system\CodeIgniter.php(934): App\Controllers\DetailEvent->index('41')
#9 D:\TUGAS\KULIAH\P2MW\hehe\gohitfinal\system\CodeIgniter.php(499): CodeIgniter\CodeIgniter->runController(Object(App\Controllers\DetailEvent))
#10 D:\TUGAS\KULIAH\P2MW\hehe\gohitfinal\system\CodeIgniter.php(368): CodeIgniter\CodeIgniter->handleRequest(NULL, Object(Config\Cache), false)
#11 D:\TUGAS\KULIAH\P2MW\hehe\gohitfinal\public\index.php(67): CodeIgniter\CodeIgniter->run()
#12 D:\TUGAS\KULIAH\P2MW\hehe\gohitfinal\system\Commands\Server\rewrite.php(47): require_once('D:\\TUGAS\\KULIAH...')
#13 {main}
CRITICAL - 2025-05-15 03:05:21 --> Unknown column 'Pimpong' in 'field list'
in SYSTEMPATH\Database\MySQLi\Connection.php on line 295.
 1 SYSTEMPATH\Database\MySQLi\Connection.php(295): mysqli->query('SELECT `Pimpong`
FROM `point`
WHERE `id_user` = \'3\'
 LIMIT 1', 0)
 2 SYSTEMPATH\Database\BaseConnection.php(691): CodeIgniter\Database\MySQLi\Connection->execute('SELECT `Pimpong`
FROM `point`
WHERE `id_user` = \'3\'
 LIMIT 1')
 3 SYSTEMPATH\Database\BaseConnection.php(605): CodeIgniter\Database\BaseConnection->simpleQuery('SELECT `Pimpong`
FROM `point`
WHERE `id_user` = \'3\'
 LIMIT 1')
 4 SYSTEMPATH\Database\BaseBuilder.php(1616): CodeIgniter\Database\BaseConnection->query('SELECT `Pimpong`
FROM `point`
WHERE `id_user` = :id_user:
 LIMIT 1', [...], false)
 5 SYSTEMPATH\Model.php(268): CodeIgniter\Database\BaseBuilder->get()
 6 SYSTEMPATH\BaseModel.php(656): CodeIgniter\Model->doFirst()
 7 APPPATH\Models\Fisher.php(21): CodeIgniter\BaseModel->first()
 8 APPPATH\Controllers\DetailEvent.php(66): App\Models\Fisher->getUserPointBySport('3', 'Pimpong')
 9 SYSTEMPATH\CodeIgniter.php(934): App\Controllers\DetailEvent->index('41')
10 SYSTEMPATH\CodeIgniter.php(499): CodeIgniter\CodeIgniter->runController(Object(App\Controllers\DetailEvent))
11 SYSTEMPATH\CodeIgniter.php(368): CodeIgniter\CodeIgniter->handleRequest(null, Object(Config\Cache), false)
12 FCPATH\index.php(67): CodeIgniter\CodeIgniter->run()
13 SYSTEMPATH\Commands\Server\rewrite.php(47): require_once('D:\\TUGAS\\KULIAH\\P2MW\\hehe\\gohitfinal\\public\\index.php')
INFO - 2025-05-15 03:06:27 --> Session: Class initialized using 'CodeIgniter\Session\Handlers\FileHandler' driver.
INFO - 2025-05-15 03:06:27 --> Session: Class initialized using 'CodeIgniter\Session\Handlers\FileHandler' driver.
CRITICAL - 2025-05-15 03:06:27 --> foreach() argument must be of type array|object, null given
in SYSTEMPATH\Database\BaseBuilder.php on line 411.
 1 SYSTEMPATH\Database\BaseBuilder.php(411): CodeIgniter\Debug\Exceptions->errorHandler(2, 'foreach() argument must be of type array|object, null given', 'D:\\TUGAS\\KULIAH\\P2MW\\hehe\\gohitfinal\\system\\Database\\BaseBuilder.php', 411)
 2 SYSTEMPATH\Model.php(840): CodeIgniter\Database\BaseBuilder->select(null)
 3 APPPATH\Models\Fisher.php(20): CodeIgniter\Model->__call('select', [...])
 4 APPPATH\Controllers\DetailEvent.php(66): App\Models\Fisher->getUserPointBySport('3', null)
 5 SYSTEMPATH\CodeIgniter.php(934): App\Controllers\DetailEvent->index('css', 'main.css')
 6 SYSTEMPATH\CodeIgniter.php(499): CodeIgniter\CodeIgniter->runController(Object(App\Controllers\DetailEvent))
 7 SYSTEMPATH\CodeIgniter.php(368): CodeIgniter\CodeIgniter->handleRequest(null, Object(Config\Cache), false)
 8 FCPATH\index.php(67): CodeIgniter\CodeIgniter->run()
 9 SYSTEMPATH\Commands\Server\rewrite.php(47): require_once('D:\\TUGAS\\KULIAH\\P2MW\\hehe\\gohitfinal\\public\\index.php')
INFO - 2025-05-15 03:06:27 --> Session: Class initialized using 'CodeIgniter\Session\Handlers\FileHandler' driver.
CRITICAL - 2025-05-15 03:06:27 --> foreach() argument must be of type array|object, null given
in SYSTEMPATH\Database\BaseBuilder.php on line 411.
 1 SYSTEMPATH\Database\BaseBuilder.php(411): CodeIgniter\Debug\Exceptions->errorHandler(2, 'foreach() argument must be of type array|object, null given', 'D:\\TUGAS\\KULIAH\\P2MW\\hehe\\gohitfinal\\system\\Database\\BaseBuilder.php', 411)
 2 SYSTEMPATH\Model.php(840): CodeIgniter\Database\BaseBuilder->select(null)
 3 APPPATH\Models\Fisher.php(20): CodeIgniter\Model->__call('select', [...])
 4 APPPATH\Controllers\DetailEvent.php(66): App\Models\Fisher->getUserPointBySport('3', null)
 5 SYSTEMPATH\CodeIgniter.php(934): App\Controllers\DetailEvent->index('css', 'style.css')
 6 SYSTEMPATH\CodeIgniter.php(499): CodeIgniter\CodeIgniter->runController(Object(App\Controllers\DetailEvent))
 7 SYSTEMPATH\CodeIgniter.php(368): CodeIgniter\CodeIgniter->handleRequest(null, Object(Config\Cache), false)
 8 FCPATH\index.php(67): CodeIgniter\CodeIgniter->run()
 9 SYSTEMPATH\Commands\Server\rewrite.php(47): require_once('D:\\TUGAS\\KULIAH\\P2MW\\hehe\\gohitfinal\\public\\index.php')
INFO - 2025-05-15 03:06:28 --> Session: Class initialized using 'CodeIgniter\Session\Handlers\FileHandler' driver.
CRITICAL - 2025-05-15 03:06:28 --> foreach() argument must be of type array|object, null given
in SYSTEMPATH\Database\BaseBuilder.php on line 411.
 1 SYSTEMPATH\Database\BaseBuilder.php(411): CodeIgniter\Debug\Exceptions->errorHandler(2, 'foreach() argument must be of type array|object, null given', 'D:\\TUGAS\\KULIAH\\P2MW\\hehe\\gohitfinal\\system\\Database\\BaseBuilder.php', 411)
 2 SYSTEMPATH\Model.php(840): CodeIgniter\Database\BaseBuilder->select(null)
 3 APPPATH\Models\Fisher.php(20): CodeIgniter\Model->__call('select', [...])
 4 APPPATH\Controllers\DetailEvent.php(66): App\Models\Fisher->getUserPointBySport('3', null)
 5 SYSTEMPATH\CodeIgniter.php(934): App\Controllers\DetailEvent->index('images', 'bg-01.jpg')
 6 SYSTEMPATH\CodeIgniter.php(499): CodeIgniter\CodeIgniter->runController(Object(App\Controllers\DetailEvent))
 7 SYSTEMPATH\CodeIgniter.php(368): CodeIgniter\CodeIgniter->handleRequest(null, Object(Config\Cache), false)
 8 FCPATH\index.php(67): CodeIgniter\CodeIgniter->run()
 9 SYSTEMPATH\Commands\Server\rewrite.php(47): require_once('D:\\TUGAS\\KULIAH\\P2MW\\hehe\\gohitfinal\\public\\index.php')
INFO - 2025-05-15 03:08:18 --> Session: Class initialized using 'CodeIgniter\Session\Handlers\FileHandler' driver.
INFO - 2025-05-15 03:08:53 --> Session: Class initialized using 'CodeIgniter\Session\Handlers\FileHandler' driver.
INFO - 2025-05-15 03:09:30 --> Session: Class initialized using 'CodeIgniter\Session\Handlers\FileHandler' driver.
INFO - 2025-05-15 03:12:01 --> Session: Class initialized using 'CodeIgniter\Session\Handlers\FileHandler' driver.
INFO - 2025-05-15 03:13:00 --> Session: Class initialized using 'CodeIgniter\Session\Handlers\FileHandler' driver.
INFO - 2025-05-15 03:13:00 --> Session: Class initialized using 'CodeIgniter\Session\Handlers\FileHandler' driver.
INFO - 2025-05-15 03:13:08 --> Session: Class initialized using 'CodeIgniter\Session\Handlers\FileHandler' driver.
INFO - 2025-05-15 03:13:08 --> Session: Class initialized using 'CodeIgniter\Session\Handlers\FileHandler' driver.
CRITICAL - 2025-05-15 03:13:08 --> foreach() argument must be of type array|object, null given
in SYSTEMPATH\Database\BaseBuilder.php on line 411.
 1 SYSTEMPATH\Database\BaseBuilder.php(411): CodeIgniter\Debug\Exceptions->errorHandler(2, 'foreach() argument must be of type array|object, null given', 'D:\\TUGAS\\KULIAH\\P2MW\\hehe\\gohitfinal\\system\\Database\\BaseBuilder.php', 411)
 2 SYSTEMPATH\Model.php(840): CodeIgniter\Database\BaseBuilder->select(null)
 3 APPPATH\Models\Fisher.php(20): CodeIgniter\Model->__call('select', [...])
 4 APPPATH\Controllers\DetailEvent.php(66): App\Models\Fisher->getUserPointBySport('53', null)
 5 SYSTEMPATH\CodeIgniter.php(934): App\Controllers\DetailEvent->index('css', 'main.css')
 6 SYSTEMPATH\CodeIgniter.php(499): CodeIgniter\CodeIgniter->runController(Object(App\Controllers\DetailEvent))
 7 SYSTEMPATH\CodeIgniter.php(368): CodeIgniter\CodeIgniter->handleRequest(null, Object(Config\Cache), false)
 8 FCPATH\index.php(67): CodeIgniter\CodeIgniter->run()
 9 SYSTEMPATH\Commands\Server\rewrite.php(47): require_once('D:\\TUGAS\\KULIAH\\P2MW\\hehe\\gohitfinal\\public\\index.php')
INFO - 2025-05-15 03:13:09 --> Session: Class initialized using 'CodeIgniter\Session\Handlers\FileHandler' driver.
CRITICAL - 2025-05-15 03:13:09 --> foreach() argument must be of type array|object, null given
in SYSTEMPATH\Database\BaseBuilder.php on line 411.
 1 SYSTEMPATH\Database\BaseBuilder.php(411): CodeIgniter\Debug\Exceptions->errorHandler(2, 'foreach() argument must be of type array|object, null given', 'D:\\TUGAS\\KULIAH\\P2MW\\hehe\\gohitfinal\\system\\Database\\BaseBuilder.php', 411)
 2 SYSTEMPATH\Model.php(840): CodeIgniter\Database\BaseBuilder->select(null)
 3 APPPATH\Models\Fisher.php(20): CodeIgniter\Model->__call('select', [...])
 4 APPPATH\Controllers\DetailEvent.php(66): App\Models\Fisher->getUserPointBySport('53', null)
 5 SYSTEMPATH\CodeIgniter.php(934): App\Controllers\DetailEvent->index('css', 'style.css')
 6 SYSTEMPATH\CodeIgniter.php(499): CodeIgniter\CodeIgniter->runController(Object(App\Controllers\DetailEvent))
 7 SYSTEMPATH\CodeIgniter.php(368): CodeIgniter\CodeIgniter->handleRequest(null, Object(Config\Cache), false)
 8 FCPATH\index.php(67): CodeIgniter\CodeIgniter->run()
 9 SYSTEMPATH\Commands\Server\rewrite.php(47): require_once('D:\\TUGAS\\KULIAH\\P2MW\\hehe\\gohitfinal\\public\\index.php')
INFO - 2025-05-15 03:13:09 --> Session: Class initialized using 'CodeIgniter\Session\Handlers\FileHandler' driver.
CRITICAL - 2025-05-15 03:13:09 --> foreach() argument must be of type array|object, null given
in SYSTEMPATH\Database\BaseBuilder.php on line 411.
 1 SYSTEMPATH\Database\BaseBuilder.php(411): CodeIgniter\Debug\Exceptions->errorHandler(2, 'foreach() argument must be of type array|object, null given', 'D:\\TUGAS\\KULIAH\\P2MW\\hehe\\gohitfinal\\system\\Database\\BaseBuilder.php', 411)
 2 SYSTEMPATH\Model.php(840): CodeIgniter\Database\BaseBuilder->select(null)
 3 APPPATH\Models\Fisher.php(20): CodeIgniter\Model->__call('select', [...])
 4 APPPATH\Controllers\DetailEvent.php(66): App\Models\Fisher->getUserPointBySport('53', null)
 5 SYSTEMPATH\CodeIgniter.php(934): App\Controllers\DetailEvent->index('images', 'bg-01.jpg')
 6 SYSTEMPATH\CodeIgniter.php(499): CodeIgniter\CodeIgniter->runController(Object(App\Controllers\DetailEvent))
 7 SYSTEMPATH\CodeIgniter.php(368): CodeIgniter\CodeIgniter->handleRequest(null, Object(Config\Cache), false)
 8 FCPATH\index.php(67): CodeIgniter\CodeIgniter->run()
 9 SYSTEMPATH\Commands\Server\rewrite.php(47): require_once('D:\\TUGAS\\KULIAH\\P2MW\\hehe\\gohitfinal\\public\\index.php')
INFO - 2025-05-15 03:18:54 --> Session: Class initialized using 'CodeIgniter\Session\Handlers\FileHandler' driver.
INFO - 2025-05-15 03:18:54 --> Session: Class initialized using 'CodeIgniter\Session\Handlers\FileHandler' driver.
CRITICAL - 2025-05-15 03:18:54 --> Undefined variable $title
in APPPATH\Views\partial\header2.php on line 12.
 1 APPPATH\Views\partial\header2.php(12): CodeIgniter\Debug\Exceptions->errorHandler(2, 'Undefined variable $title', 'D:\\TUGAS\\KULIAH\\P2MW\\hehe\\gohitfinal\\app\\Views\\partial\\header2.php', 12)
 2 SYSTEMPATH\View\View.php(213): include('D:\\TUGAS\\KULIAH\\P2MW\\hehe\\gohitfinal\\app\\Views\\partial\\header2.php')
 3 SYSTEMPATH\View\View.php(216): CodeIgniter\View\View->CodeIgniter\View\{closure}()
 4 SYSTEMPATH\View\View.php(431): CodeIgniter\View\View->render('partial/header2', null, true)
 5 APPPATH\Views\allevent.php(1): CodeIgniter\View\View->include('partial/header2')
 6 SYSTEMPATH\View\View.php(213): include('D:\\TUGAS\\KULIAH\\P2MW\\hehe\\gohitfinal\\app\\Views\\allevent.php')
 7 SYSTEMPATH\View\View.php(216): CodeIgniter\View\View->CodeIgniter\View\{closure}()
 8 SYSTEMPATH\Common.php(1184): CodeIgniter\View\View->render('allevent', [], true)
 9 APPPATH\Controllers\DetailEvent.php(458): view('allevent', [...])
10 SYSTEMPATH\CodeIgniter.php(934): App\Controllers\DetailEvent->list('css', 'style.css')
11 SYSTEMPATH\CodeIgniter.php(499): CodeIgniter\CodeIgniter->runController(Object(App\Controllers\DetailEvent))
12 SYSTEMPATH\CodeIgniter.php(368): CodeIgniter\CodeIgniter->handleRequest(null, Object(Config\Cache), false)
13 FCPATH\index.php(67): CodeIgniter\CodeIgniter->run()
14 SYSTEMPATH\Commands\Server\rewrite.php(47): require_once('D:\\TUGAS\\KULIAH\\P2MW\\hehe\\gohitfinal\\public\\index.php')
INFO - 2025-05-15 03:18:58 --> Session: Class initialized using 'CodeIgniter\Session\Handlers\FileHandler' driver.
INFO - 2025-05-15 03:19:01 --> Session: Class initialized using 'CodeIgniter\Session\Handlers\FileHandler' driver.
INFO - 2025-05-15 03:19:01 --> Session: Class initialized using 'CodeIgniter\Session\Handlers\FileHandler' driver.
CRITICAL - 2025-05-15 03:19:01 --> Undefined variable $title
in APPPATH\Views\partial\header2.php on line 12.
 1 APPPATH\Views\partial\header2.php(12): CodeIgniter\Debug\Exceptions->errorHandler(2, 'Undefined variable $title', 'D:\\TUGAS\\KULIAH\\P2MW\\hehe\\gohitfinal\\app\\Views\\partial\\header2.php', 12)
 2 SYSTEMPATH\View\View.php(213): include('D:\\TUGAS\\KULIAH\\P2MW\\hehe\\gohitfinal\\app\\Views\\partial\\header2.php')
 3 SYSTEMPATH\View\View.php(216): CodeIgniter\View\View->CodeIgniter\View\{closure}()
 4 SYSTEMPATH\View\View.php(431): CodeIgniter\View\View->render('partial/header2', null, true)
 5 APPPATH\Views\allevent.php(1): CodeIgniter\View\View->include('partial/header2')
 6 SYSTEMPATH\View\View.php(213): include('D:\\TUGAS\\KULIAH\\P2MW\\hehe\\gohitfinal\\app\\Views\\allevent.php')
 7 SYSTEMPATH\View\View.php(216): CodeIgniter\View\View->CodeIgniter\View\{closure}()
 8 SYSTEMPATH\Common.php(1184): CodeIgniter\View\View->render('allevent', [], true)
 9 APPPATH\Controllers\DetailEvent.php(458): view('allevent', [...])
10 SYSTEMPATH\CodeIgniter.php(934): App\Controllers\DetailEvent->list('css', 'style.css')
11 SYSTEMPATH\CodeIgniter.php(499): CodeIgniter\CodeIgniter->runController(Object(App\Controllers\DetailEvent))
12 SYSTEMPATH\CodeIgniter.php(368): CodeIgniter\CodeIgniter->handleRequest(null, Object(Config\Cache), false)
13 FCPATH\index.php(67): CodeIgniter\CodeIgniter->run()
14 SYSTEMPATH\Commands\Server\rewrite.php(47): require_once('D:\\TUGAS\\KULIAH\\P2MW\\hehe\\gohitfinal\\public\\index.php')
INFO - 2025-05-15 03:19:04 --> Session: Class initialized using 'CodeIgniter\Session\Handlers\FileHandler' driver.
INFO - 2025-05-15 03:19:04 --> Session: Class initialized using 'CodeIgniter\Session\Handlers\FileHandler' driver.
CRITICAL - 2025-05-15 03:19:04 --> Undefined variable $title
in APPPATH\Views\partial\header2.php on line 12.
 1 APPPATH\Views\partial\header2.php(12): CodeIgniter\Debug\Exceptions->errorHandler(2, 'Undefined variable $title', 'D:\\TUGAS\\KULIAH\\P2MW\\hehe\\gohitfinal\\app\\Views\\partial\\header2.php', 12)
 2 SYSTEMPATH\View\View.php(213): include('D:\\TUGAS\\KULIAH\\P2MW\\hehe\\gohitfinal\\app\\Views\\partial\\header2.php')
 3 SYSTEMPATH\View\View.php(216): CodeIgniter\View\View->CodeIgniter\View\{closure}()
 4 SYSTEMPATH\View\View.php(431): CodeIgniter\View\View->render('partial/header2', null, true)
 5 APPPATH\Views\allevent.php(1): CodeIgniter\View\View->include('partial/header2')
 6 SYSTEMPATH\View\View.php(213): include('D:\\TUGAS\\KULIAH\\P2MW\\hehe\\gohitfinal\\app\\Views\\allevent.php')
 7 SYSTEMPATH\View\View.php(216): CodeIgniter\View\View->CodeIgniter\View\{closure}()
 8 SYSTEMPATH\Common.php(1184): CodeIgniter\View\View->render('allevent', [], true)
 9 APPPATH\Controllers\DetailEvent.php(458): view('allevent', [...])
10 SYSTEMPATH\CodeIgniter.php(934): App\Controllers\DetailEvent->list('css', 'style.css')
11 SYSTEMPATH\CodeIgniter.php(499): CodeIgniter\CodeIgniter->runController(Object(App\Controllers\DetailEvent))
12 SYSTEMPATH\CodeIgniter.php(368): CodeIgniter\CodeIgniter->handleRequest(null, Object(Config\Cache), false)
13 FCPATH\index.php(67): CodeIgniter\CodeIgniter->run()
14 SYSTEMPATH\Commands\Server\rewrite.php(47): require_once('D:\\TUGAS\\KULIAH\\P2MW\\hehe\\gohitfinal\\public\\index.php')
INFO - 2025-05-15 03:19:06 --> Session: Class initialized using 'CodeIgniter\Session\Handlers\FileHandler' driver.
INFO - 2025-05-15 03:19:06 --> Session: Class initialized using 'CodeIgniter\Session\Handlers\FileHandler' driver.
CRITICAL - 2025-05-15 03:19:06 --> Undefined variable $title
in APPPATH\Views\partial\header2.php on line 12.
 1 APPPATH\Views\partial\header2.php(12): CodeIgniter\Debug\Exceptions->errorHandler(2, 'Undefined variable $title', 'D:\\TUGAS\\KULIAH\\P2MW\\hehe\\gohitfinal\\app\\Views\\partial\\header2.php', 12)
 2 SYSTEMPATH\View\View.php(213): include('D:\\TUGAS\\KULIAH\\P2MW\\hehe\\gohitfinal\\app\\Views\\partial\\header2.php')
 3 SYSTEMPATH\View\View.php(216): CodeIgniter\View\View->CodeIgniter\View\{closure}()
 4 SYSTEMPATH\View\View.php(431): CodeIgniter\View\View->render('partial/header2', null, true)
 5 APPPATH\Views\allevent.php(1): CodeIgniter\View\View->include('partial/header2')
 6 SYSTEMPATH\View\View.php(213): include('D:\\TUGAS\\KULIAH\\P2MW\\hehe\\gohitfinal\\app\\Views\\allevent.php')
 7 SYSTEMPATH\View\View.php(216): CodeIgniter\View\View->CodeIgniter\View\{closure}()
 8 SYSTEMPATH\Common.php(1184): CodeIgniter\View\View->render('allevent', [], true)
 9 APPPATH\Controllers\DetailEvent.php(458): view('allevent', [...])
10 SYSTEMPATH\CodeIgniter.php(934): App\Controllers\DetailEvent->list('css', 'style.css')
11 SYSTEMPATH\CodeIgniter.php(499): CodeIgniter\CodeIgniter->runController(Object(App\Controllers\DetailEvent))
12 SYSTEMPATH\CodeIgniter.php(368): CodeIgniter\CodeIgniter->handleRequest(null, Object(Config\Cache), false)
13 FCPATH\index.php(67): CodeIgniter\CodeIgniter->run()
14 SYSTEMPATH\Commands\Server\rewrite.php(47): require_once('D:\\TUGAS\\KULIAH\\P2MW\\hehe\\gohitfinal\\public\\index.php')
INFO - 2025-05-15 03:19:09 --> Session: Class initialized using 'CodeIgniter\Session\Handlers\FileHandler' driver.
CRITICAL - 2025-05-15 03:19:09 --> Undefined variable $title
in APPPATH\Views\partial\header2.php on line 12.
 1 APPPATH\Views\partial\header2.php(12): CodeIgniter\Debug\Exceptions->errorHandler(2, 'Undefined variable $title', 'D:\\TUGAS\\KULIAH\\P2MW\\hehe\\gohitfinal\\app\\Views\\partial\\header2.php', 12)
 2 SYSTEMPATH\View\View.php(213): include('D:\\TUGAS\\KULIAH\\P2MW\\hehe\\gohitfinal\\app\\Views\\partial\\header2.php')
 3 SYSTEMPATH\View\View.php(216): CodeIgniter\View\View->CodeIgniter\View\{closure}()
 4 SYSTEMPATH\View\View.php(431): CodeIgniter\View\View->render('partial/header2', null, true)
 5 APPPATH\Views\allevent.php(1): CodeIgniter\View\View->include('partial/header2')
 6 SYSTEMPATH\View\View.php(213): include('D:\\TUGAS\\KULIAH\\P2MW\\hehe\\gohitfinal\\app\\Views\\allevent.php')
 7 SYSTEMPATH\View\View.php(216): CodeIgniter\View\View->CodeIgniter\View\{closure}()
 8 SYSTEMPATH\Common.php(1184): CodeIgniter\View\View->render('allevent', [], true)
 9 APPPATH\Controllers\DetailEvent.php(458): view('allevent', [...])
10 SYSTEMPATH\CodeIgniter.php(934): App\Controllers\DetailEvent->list('Esport')
11 SYSTEMPATH\CodeIgniter.php(499): CodeIgniter\CodeIgniter->runController(Object(App\Controllers\DetailEvent))
12 SYSTEMPATH\CodeIgniter.php(368): CodeIgniter\CodeIgniter->handleRequest(null, Object(Config\Cache), false)
13 FCPATH\index.php(67): CodeIgniter\CodeIgniter->run()
14 SYSTEMPATH\Commands\Server\rewrite.php(47): require_once('D:\\TUGAS\\KULIAH\\P2MW\\hehe\\gohitfinal\\public\\index.php')
INFO - 2025-05-15 03:19:50 --> Session: Class initialized using 'CodeIgniter\Session\Handlers\FileHandler' driver.
INFO - 2025-05-15 03:19:50 --> Session: Class initialized using 'CodeIgniter\Session\Handlers\FileHandler' driver.
CRITICAL - 2025-05-15 03:19:50 --> Undefined variable $title
in APPPATH\Views\partial\header2.php on line 12.
 1 APPPATH\Views\partial\header2.php(12): CodeIgniter\Debug\Exceptions->errorHandler(2, 'Undefined variable $title', 'D:\\TUGAS\\KULIAH\\P2MW\\hehe\\gohitfinal\\app\\Views\\partial\\header2.php', 12)
 2 SYSTEMPATH\View\View.php(213): include('D:\\TUGAS\\KULIAH\\P2MW\\hehe\\gohitfinal\\app\\Views\\partial\\header2.php')
 3 SYSTEMPATH\View\View.php(216): CodeIgniter\View\View->CodeIgniter\View\{closure}()
 4 SYSTEMPATH\View\View.php(431): CodeIgniter\View\View->render('partial/header2', null, true)
 5 APPPATH\Views\allevent.php(1): CodeIgniter\View\View->include('partial/header2')
 6 SYSTEMPATH\View\View.php(213): include('D:\\TUGAS\\KULIAH\\P2MW\\hehe\\gohitfinal\\app\\Views\\allevent.php')
 7 SYSTEMPATH\View\View.php(216): CodeIgniter\View\View->CodeIgniter\View\{closure}()
 8 SYSTEMPATH\Common.php(1184): CodeIgniter\View\View->render('allevent', [], true)
 9 APPPATH\Controllers\DetailEvent.php(458): view('allevent', [...])
10 SYSTEMPATH\CodeIgniter.php(934): App\Controllers\DetailEvent->list('css', 'style.css')
11 SYSTEMPATH\CodeIgniter.php(499): CodeIgniter\CodeIgniter->runController(Object(App\Controllers\DetailEvent))
12 SYSTEMPATH\CodeIgniter.php(368): CodeIgniter\CodeIgniter->handleRequest(null, Object(Config\Cache), false)
13 FCPATH\index.php(67): CodeIgniter\CodeIgniter->run()
14 SYSTEMPATH\Commands\Server\rewrite.php(47): require_once('D:\\TUGAS\\KULIAH\\P2MW\\hehe\\gohitfinal\\public\\index.php')
INFO - 2025-05-15 03:24:38 --> Session: Class initialized using 'CodeIgniter\Session\Handlers\FileHandler' driver.
INFO - 2025-05-15 03:24:42 --> Session: Class initialized using 'CodeIgniter\Session\Handlers\FileHandler' driver.
INFO - 2025-05-15 03:28:41 --> Session: Class initialized using 'CodeIgniter\Session\Handlers\FileHandler' driver.
INFO - 2025-05-15 03:28:43 --> Session: Class initialized using 'CodeIgniter\Session\Handlers\FileHandler' driver.
INFO - 2025-05-15 03:45:37 --> Session: Class initialized using 'CodeIgniter\Session\Handlers\FileHandler' driver.
INFO - 2025-05-15 03:53:54 --> Session: Class initialized using 'CodeIgniter\Session\Handlers\FileHandler' driver.
INFO - 2025-05-15 03:54:07 --> Session: Class initialized using 'CodeIgniter\Session\Handlers\FileHandler' driver.
ERROR - 2025-05-15 03:54:07 --> mysqli_sql_exception: You have an error in your SQL syntax; check the manual that corresponds to your MariaDB server version for the right syntax to use near ')
ORDER BY `Esport` DESC' at line 3 in D:\TUGAS\KULIAH\P2MW\hehe\gohitfinal\system\Database\MySQLi\Connection.php:295
Stack trace:
#0 D:\TUGAS\KULIAH\P2MW\hehe\gohitfinal\system\Database\MySQLi\Connection.php(295): mysqli->query('SELECT `id_user...', 0)
#1 D:\TUGAS\KULIAH\P2MW\hehe\gohitfinal\system\Database\BaseConnection.php(691): CodeIgniter\Database\MySQLi\Connection->execute('SELECT `id_user...')
#2 D:\TUGAS\KULIAH\P2MW\hehe\gohitfinal\system\Database\BaseConnection.php(605): CodeIgniter\Database\BaseConnection->simpleQuery('SELECT `id_user...')
#3 D:\TUGAS\KULIAH\P2MW\hehe\gohitfinal\system\Database\BaseBuilder.php(1616): CodeIgniter\Database\BaseConnection->query('SELECT `id_user...', Array, false)
#4 D:\TUGAS\KULIAH\P2MW\hehe\gohitfinal\system\Model.php(241): CodeIgniter\Database\BaseBuilder->get()
#5 D:\TUGAS\KULIAH\P2MW\hehe\gohitfinal\system\BaseModel.php(618): CodeIgniter\Model->doFindAll(0, 0)
#6 D:\TUGAS\KULIAH\P2MW\hehe\gohitfinal\app\Controllers\DetailEvent.php(376): CodeIgniter\BaseModel->findAll()
#7 D:\TUGAS\KULIAH\P2MW\hehe\gohitfinal\system\CodeIgniter.php(934): App\Controllers\DetailEvent->peserta('44')
#8 D:\TUGAS\KULIAH\P2MW\hehe\gohitfinal\system\CodeIgniter.php(499): CodeIgniter\CodeIgniter->runController(Object(App\Controllers\DetailEvent))
#9 D:\TUGAS\KULIAH\P2MW\hehe\gohitfinal\system\CodeIgniter.php(368): CodeIgniter\CodeIgniter->handleRequest(NULL, Object(Config\Cache), false)
#10 D:\TUGAS\KULIAH\P2MW\hehe\gohitfinal\public\index.php(67): CodeIgniter\CodeIgniter->run()
#11 D:\TUGAS\KULIAH\P2MW\hehe\gohitfinal\system\Commands\Server\rewrite.php(47): require_once('D:\\TUGAS\\KULIAH...')
#12 {main}
CRITICAL - 2025-05-15 03:54:07 --> You have an error in your SQL syntax; check the manual that corresponds to your MariaDB server version for the right syntax to use near ')
ORDER BY `Esport` DESC' at line 3
in SYSTEMPATH\Database\MySQLi\Connection.php on line 295.
 1 SYSTEMPATH\Database\MySQLi\Connection.php(295): mysqli->query('SELECT `id_user`, `Esport`
FROM `point`
WHERE `id_user` IN ()
ORDER BY `Esport` DESC', 0)
 2 SYSTEMPATH\Database\BaseConnection.php(691): CodeIgniter\Database\MySQLi\Connection->execute('SELECT `id_user`, `Esport`
FROM `point`
WHERE `id_user` IN ()
ORDER BY `Esport` DESC')
 3 SYSTEMPATH\Database\BaseConnection.php(605): CodeIgniter\Database\BaseConnection->simpleQuery('SELECT `id_user`, `Esport`
FROM `point`
WHERE `id_user` IN ()
ORDER BY `Esport` DESC')
 4 SYSTEMPATH\Database\BaseBuilder.php(1616): CodeIgniter\Database\BaseConnection->query('SELECT `id_user`, `Esport`
FROM `point`
WHERE `id_user` IN :id_user:
ORDER BY `Esport` DESC', [...], false)
 5 SYSTEMPATH\Model.php(241): CodeIgniter\Database\BaseBuilder->get()
 6 SYSTEMPATH\BaseModel.php(618): CodeIgniter\Model->doFindAll(0, 0)
 7 APPPATH\Controllers\DetailEvent.php(376): CodeIgniter\BaseModel->findAll()
 8 SYSTEMPATH\CodeIgniter.php(934): App\Controllers\DetailEvent->peserta('44')
 9 SYSTEMPATH\CodeIgniter.php(499): CodeIgniter\CodeIgniter->runController(Object(App\Controllers\DetailEvent))
10 SYSTEMPATH\CodeIgniter.php(368): CodeIgniter\CodeIgniter->handleRequest(null, Object(Config\Cache), false)
11 FCPATH\index.php(67): CodeIgniter\CodeIgniter->run()
12 SYSTEMPATH\Commands\Server\rewrite.php(47): require_once('D:\\TUGAS\\KULIAH\\P2MW\\hehe\\gohitfinal\\public\\index.php')
INFO - 2025-05-15 03:54:38 --> Session: Class initialized using 'CodeIgniter\Session\Handlers\FileHandler' driver.
INFO - 2025-05-15 03:54:39 --> Session: Class initialized using 'CodeIgniter\Session\Handlers\FileHandler' driver.
INFO - 2025-05-15 03:54:42 --> Session: Class initialized using 'CodeIgniter\Session\Handlers\FileHandler' driver.
ERROR - 2025-05-15 03:54:42 --> mysqli_sql_exception: You have an error in your SQL syntax; check the manual that corresponds to your MariaDB server version for the right syntax to use near ')
ORDER BY `Esport` DESC' at line 3 in D:\TUGAS\KULIAH\P2MW\hehe\gohitfinal\system\Database\MySQLi\Connection.php:295
Stack trace:
#0 D:\TUGAS\KULIAH\P2MW\hehe\gohitfinal\system\Database\MySQLi\Connection.php(295): mysqli->query('SELECT `id_user...', 0)
#1 D:\TUGAS\KULIAH\P2MW\hehe\gohitfinal\system\Database\BaseConnection.php(691): CodeIgniter\Database\MySQLi\Connection->execute('SELECT `id_user...')
#2 D:\TUGAS\KULIAH\P2MW\hehe\gohitfinal\system\Database\BaseConnection.php(605): CodeIgniter\Database\BaseConnection->simpleQuery('SELECT `id_user...')
#3 D:\TUGAS\KULIAH\P2MW\hehe\gohitfinal\system\Database\BaseBuilder.php(1616): CodeIgniter\Database\BaseConnection->query('SELECT `id_user...', Array, false)
#4 D:\TUGAS\KULIAH\P2MW\hehe\gohitfinal\system\Model.php(241): CodeIgniter\Database\BaseBuilder->get()
#5 D:\TUGAS\KULIAH\P2MW\hehe\gohitfinal\system\BaseModel.php(618): CodeIgniter\Model->doFindAll(0, 0)
#6 D:\TUGAS\KULIAH\P2MW\hehe\gohitfinal\app\Controllers\DetailEvent.php(376): CodeIgniter\BaseModel->findAll()
#7 D:\TUGAS\KULIAH\P2MW\hehe\gohitfinal\system\CodeIgniter.php(934): App\Controllers\DetailEvent->peserta('44')
#8 D:\TUGAS\KULIAH\P2MW\hehe\gohitfinal\system\CodeIgniter.php(499): CodeIgniter\CodeIgniter->runController(Object(App\Controllers\DetailEvent))
#9 D:\TUGAS\KULIAH\P2MW\hehe\gohitfinal\system\CodeIgniter.php(368): CodeIgniter\CodeIgniter->handleRequest(NULL, Object(Config\Cache), false)
#10 D:\TUGAS\KULIAH\P2MW\hehe\gohitfinal\public\index.php(67): CodeIgniter\CodeIgniter->run()
#11 D:\TUGAS\KULIAH\P2MW\hehe\gohitfinal\system\Commands\Server\rewrite.php(47): require_once('D:\\TUGAS\\KULIAH...')
#12 {main}
CRITICAL - 2025-05-15 03:54:42 --> You have an error in your SQL syntax; check the manual that corresponds to your MariaDB server version for the right syntax to use near ')
ORDER BY `Esport` DESC' at line 3
in SYSTEMPATH\Database\MySQLi\Connection.php on line 295.
 1 SYSTEMPATH\Database\MySQLi\Connection.php(295): mysqli->query('SELECT `id_user`, `Esport`
FROM `point`
WHERE `id_user` IN ()
ORDER BY `Esport` DESC', 0)
 2 SYSTEMPATH\Database\BaseConnection.php(691): CodeIgniter\Database\MySQLi\Connection->execute('SELECT `id_user`, `Esport`
FROM `point`
WHERE `id_user` IN ()
ORDER BY `Esport` DESC')
 3 SYSTEMPATH\Database\BaseConnection.php(605): CodeIgniter\Database\BaseConnection->simpleQuery('SELECT `id_user`, `Esport`
FROM `point`
WHERE `id_user` IN ()
ORDER BY `Esport` DESC')
 4 SYSTEMPATH\Database\BaseBuilder.php(1616): CodeIgniter\Database\BaseConnection->query('SELECT `id_user`, `Esport`
FROM `point`
WHERE `id_user` IN :id_user:
ORDER BY `Esport` DESC', [...], false)
 5 SYSTEMPATH\Model.php(241): CodeIgniter\Database\BaseBuilder->get()
 6 SYSTEMPATH\BaseModel.php(618): CodeIgniter\Model->doFindAll(0, 0)
 7 APPPATH\Controllers\DetailEvent.php(376): CodeIgniter\BaseModel->findAll()
 8 SYSTEMPATH\CodeIgniter.php(934): App\Controllers\DetailEvent->peserta('44')
 9 SYSTEMPATH\CodeIgniter.php(499): CodeIgniter\CodeIgniter->runController(Object(App\Controllers\DetailEvent))
10 SYSTEMPATH\CodeIgniter.php(368): CodeIgniter\CodeIgniter->handleRequest(null, Object(Config\Cache), false)
11 FCPATH\index.php(67): CodeIgniter\CodeIgniter->run()
12 SYSTEMPATH\Commands\Server\rewrite.php(47): require_once('D:\\TUGAS\\KULIAH\\P2MW\\hehe\\gohitfinal\\public\\index.php')
INFO - 2025-05-15 03:54:45 --> Session: Class initialized using 'CodeIgniter\Session\Handlers\FileHandler' driver.
INFO - 2025-05-15 03:54:46 --> Session: Class initialized using 'CodeIgniter\Session\Handlers\FileHandler' driver.
INFO - 2025-05-15 03:54:46 --> Session: Class initialized using 'CodeIgniter\Session\Handlers\FileHandler' driver.
CRITICAL - 2025-05-15 03:54:46 --> CodeIgniter\Database\BaseBuilder::orderBy(): Argument #1 ($orderBy) must be of type string, null given, called in D:\TUGAS\KULIAH\P2MW\hehe\gohitfinal\system\Model.php on line 840
in SYSTEMPATH\Database\BaseBuilder.php on line 1438.
 1 SYSTEMPATH\Model.php(840): CodeIgniter\Database\BaseBuilder->orderBy(null, 'DESC')
 2 APPPATH\Controllers\DetailEvent.php(375): CodeIgniter\Model->__call('orderBy', [...])
 3 SYSTEMPATH\CodeIgniter.php(934): App\Controllers\DetailEvent->peserta('css', 'main.css')
 4 SYSTEMPATH\CodeIgniter.php(499): CodeIgniter\CodeIgniter->runController(Object(App\Controllers\DetailEvent))
 5 SYSTEMPATH\CodeIgniter.php(368): CodeIgniter\CodeIgniter->handleRequest(null, Object(Config\Cache), false)
 6 FCPATH\index.php(67): CodeIgniter\CodeIgniter->run()
 7 SYSTEMPATH\Commands\Server\rewrite.php(47): require_once('D:\\TUGAS\\KULIAH\\P2MW\\hehe\\gohitfinal\\public\\index.php')
INFO - 2025-05-15 03:54:46 --> Session: Class initialized using 'CodeIgniter\Session\Handlers\FileHandler' driver.
CRITICAL - 2025-05-15 03:54:46 --> CodeIgniter\Database\BaseBuilder::orderBy(): Argument #1 ($orderBy) must be of type string, null given, called in D:\TUGAS\KULIAH\P2MW\hehe\gohitfinal\system\Model.php on line 840
in SYSTEMPATH\Database\BaseBuilder.php on line 1438.
 1 SYSTEMPATH\Model.php(840): CodeIgniter\Database\BaseBuilder->orderBy(null, 'DESC')
 2 APPPATH\Controllers\DetailEvent.php(375): CodeIgniter\Model->__call('orderBy', [...])
 3 SYSTEMPATH\CodeIgniter.php(934): App\Controllers\DetailEvent->peserta('css', 'style.css')
 4 SYSTEMPATH\CodeIgniter.php(499): CodeIgniter\CodeIgniter->runController(Object(App\Controllers\DetailEvent))
 5 SYSTEMPATH\CodeIgniter.php(368): CodeIgniter\CodeIgniter->handleRequest(null, Object(Config\Cache), false)
 6 FCPATH\index.php(67): CodeIgniter\CodeIgniter->run()
 7 SYSTEMPATH\Commands\Server\rewrite.php(47): require_once('D:\\TUGAS\\KULIAH\\P2MW\\hehe\\gohitfinal\\public\\index.php')
INFO - 2025-05-15 03:54:46 --> Session: Class initialized using 'CodeIgniter\Session\Handlers\FileHandler' driver.
CRITICAL - 2025-05-15 03:54:46 --> CodeIgniter\Database\BaseBuilder::orderBy(): Argument #1 ($orderBy) must be of type string, null given, called in D:\TUGAS\KULIAH\P2MW\hehe\gohitfinal\system\Model.php on line 840
in SYSTEMPATH\Database\BaseBuilder.php on line 1438.
 1 SYSTEMPATH\Model.php(840): CodeIgniter\Database\BaseBuilder->orderBy(null, 'DESC')
 2 APPPATH\Controllers\DetailEvent.php(375): CodeIgniter\Model->__call('orderBy', [...])
 3 SYSTEMPATH\CodeIgniter.php(934): App\Controllers\DetailEvent->peserta('images', 'bg-01.jpg')
 4 SYSTEMPATH\CodeIgniter.php(499): CodeIgniter\CodeIgniter->runController(Object(App\Controllers\DetailEvent))
 5 SYSTEMPATH\CodeIgniter.php(368): CodeIgniter\CodeIgniter->handleRequest(null, Object(Config\Cache), false)
 6 FCPATH\index.php(67): CodeIgniter\CodeIgniter->run()
 7 SYSTEMPATH\Commands\Server\rewrite.php(47): require_once('D:\\TUGAS\\KULIAH\\P2MW\\hehe\\gohitfinal\\public\\index.php')
INFO - 2025-05-15 03:54:48 --> Session: Class initialized using 'CodeIgniter\Session\Handlers\FileHandler' driver.
INFO - 2025-05-15 03:54:49 --> Session: Class initialized using 'CodeIgniter\Session\Handlers\FileHandler' driver.
ERROR - 2025-05-15 03:54:49 --> mysqli_sql_exception: You have an error in your SQL syntax; check the manual that corresponds to your MariaDB server version for the right syntax to use near ')
ORDER BY `Esport` DESC' at line 3 in D:\TUGAS\KULIAH\P2MW\hehe\gohitfinal\system\Database\MySQLi\Connection.php:295
Stack trace:
#0 D:\TUGAS\KULIAH\P2MW\hehe\gohitfinal\system\Database\MySQLi\Connection.php(295): mysqli->query('SELECT `id_user...', 0)
#1 D:\TUGAS\KULIAH\P2MW\hehe\gohitfinal\system\Database\BaseConnection.php(691): CodeIgniter\Database\MySQLi\Connection->execute('SELECT `id_user...')
#2 D:\TUGAS\KULIAH\P2MW\hehe\gohitfinal\system\Database\BaseConnection.php(605): CodeIgniter\Database\BaseConnection->simpleQuery('SELECT `id_user...')
#3 D:\TUGAS\KULIAH\P2MW\hehe\gohitfinal\system\Database\BaseBuilder.php(1616): CodeIgniter\Database\BaseConnection->query('SELECT `id_user...', Array, false)
#4 D:\TUGAS\KULIAH\P2MW\hehe\gohitfinal\system\Model.php(241): CodeIgniter\Database\BaseBuilder->get()
#5 D:\TUGAS\KULIAH\P2MW\hehe\gohitfinal\system\BaseModel.php(618): CodeIgniter\Model->doFindAll(0, 0)
#6 D:\TUGAS\KULIAH\P2MW\hehe\gohitfinal\app\Controllers\DetailEvent.php(376): CodeIgniter\BaseModel->findAll()
#7 D:\TUGAS\KULIAH\P2MW\hehe\gohitfinal\system\CodeIgniter.php(934): App\Controllers\DetailEvent->peserta('44')
#8 D:\TUGAS\KULIAH\P2MW\hehe\gohitfinal\system\CodeIgniter.php(499): CodeIgniter\CodeIgniter->runController(Object(App\Controllers\DetailEvent))
#9 D:\TUGAS\KULIAH\P2MW\hehe\gohitfinal\system\CodeIgniter.php(368): CodeIgniter\CodeIgniter->handleRequest(NULL, Object(Config\Cache), false)
#10 D:\TUGAS\KULIAH\P2MW\hehe\gohitfinal\public\index.php(67): CodeIgniter\CodeIgniter->run()
#11 D:\TUGAS\KULIAH\P2MW\hehe\gohitfinal\system\Commands\Server\rewrite.php(47): require_once('D:\\TUGAS\\KULIAH...')
#12 {main}
CRITICAL - 2025-05-15 03:54:49 --> You have an error in your SQL syntax; check the manual that corresponds to your MariaDB server version for the right syntax to use near ')
ORDER BY `Esport` DESC' at line 3
in SYSTEMPATH\Database\MySQLi\Connection.php on line 295.
 1 SYSTEMPATH\Database\MySQLi\Connection.php(295): mysqli->query('SELECT `id_user`, `Esport`
FROM `point`
WHERE `id_user` IN ()
ORDER BY `Esport` DESC', 0)
 2 SYSTEMPATH\Database\BaseConnection.php(691): CodeIgniter\Database\MySQLi\Connection->execute('SELECT `id_user`, `Esport`
FROM `point`
WHERE `id_user` IN ()
ORDER BY `Esport` DESC')
 3 SYSTEMPATH\Database\BaseConnection.php(605): CodeIgniter\Database\BaseConnection->simpleQuery('SELECT `id_user`, `Esport`
FROM `point`
WHERE `id_user` IN ()
ORDER BY `Esport` DESC')
 4 SYSTEMPATH\Database\BaseBuilder.php(1616): CodeIgniter\Database\BaseConnection->query('SELECT `id_user`, `Esport`
FROM `point`
WHERE `id_user` IN :id_user:
ORDER BY `Esport` DESC', [...], false)
 5 SYSTEMPATH\Model.php(241): CodeIgniter\Database\BaseBuilder->get()
 6 SYSTEMPATH\BaseModel.php(618): CodeIgniter\Model->doFindAll(0, 0)
 7 APPPATH\Controllers\DetailEvent.php(376): CodeIgniter\BaseModel->findAll()
 8 SYSTEMPATH\CodeIgniter.php(934): App\Controllers\DetailEvent->peserta('44')
 9 SYSTEMPATH\CodeIgniter.php(499): CodeIgniter\CodeIgniter->runController(Object(App\Controllers\DetailEvent))
10 SYSTEMPATH\CodeIgniter.php(368): CodeIgniter\CodeIgniter->handleRequest(null, Object(Config\Cache), false)
11 FCPATH\index.php(67): CodeIgniter\CodeIgniter->run()
12 SYSTEMPATH\Commands\Server\rewrite.php(47): require_once('D:\\TUGAS\\KULIAH\\P2MW\\hehe\\gohitfinal\\public\\index.php')
INFO - 2025-05-15 03:56:05 --> Session: Class initialized using 'CodeIgniter\Session\Handlers\FileHandler' driver.
INFO - 2025-05-15 03:56:06 --> Session: Class initialized using 'CodeIgniter\Session\Handlers\FileHandler' driver.
ERROR - 2025-05-15 03:56:06 --> mysqli_sql_exception: You have an error in your SQL syntax; check the manual that corresponds to your MariaDB server version for the right syntax to use near ')
ORDER BY `Esport` DESC' at line 3 in D:\TUGAS\KULIAH\P2MW\hehe\gohitfinal\system\Database\MySQLi\Connection.php:295
Stack trace:
#0 D:\TUGAS\KULIAH\P2MW\hehe\gohitfinal\system\Database\MySQLi\Connection.php(295): mysqli->query('SELECT `id_user...', 0)
#1 D:\TUGAS\KULIAH\P2MW\hehe\gohitfinal\system\Database\BaseConnection.php(691): CodeIgniter\Database\MySQLi\Connection->execute('SELECT `id_user...')
#2 D:\TUGAS\KULIAH\P2MW\hehe\gohitfinal\system\Database\BaseConnection.php(605): CodeIgniter\Database\BaseConnection->simpleQuery('SELECT `id_user...')
#3 D:\TUGAS\KULIAH\P2MW\hehe\gohitfinal\system\Database\BaseBuilder.php(1616): CodeIgniter\Database\BaseConnection->query('SELECT `id_user...', Array, false)
#4 D:\TUGAS\KULIAH\P2MW\hehe\gohitfinal\system\Model.php(241): CodeIgniter\Database\BaseBuilder->get()
#5 D:\TUGAS\KULIAH\P2MW\hehe\gohitfinal\system\BaseModel.php(618): CodeIgniter\Model->doFindAll(0, 0)
#6 D:\TUGAS\KULIAH\P2MW\hehe\gohitfinal\app\Controllers\DetailEvent.php(376): CodeIgniter\BaseModel->findAll()
#7 D:\TUGAS\KULIAH\P2MW\hehe\gohitfinal\system\CodeIgniter.php(934): App\Controllers\DetailEvent->peserta('43')
#8 D:\TUGAS\KULIAH\P2MW\hehe\gohitfinal\system\CodeIgniter.php(499): CodeIgniter\CodeIgniter->runController(Object(App\Controllers\DetailEvent))
#9 D:\TUGAS\KULIAH\P2MW\hehe\gohitfinal\system\CodeIgniter.php(368): CodeIgniter\CodeIgniter->handleRequest(NULL, Object(Config\Cache), false)
#10 D:\TUGAS\KULIAH\P2MW\hehe\gohitfinal\public\index.php(67): CodeIgniter\CodeIgniter->run()
#11 D:\TUGAS\KULIAH\P2MW\hehe\gohitfinal\system\Commands\Server\rewrite.php(47): require_once('D:\\TUGAS\\KULIAH...')
#12 {main}
CRITICAL - 2025-05-15 03:56:06 --> You have an error in your SQL syntax; check the manual that corresponds to your MariaDB server version for the right syntax to use near ')
ORDER BY `Esport` DESC' at line 3
in SYSTEMPATH\Database\MySQLi\Connection.php on line 295.
 1 SYSTEMPATH\Database\MySQLi\Connection.php(295): mysqli->query('SELECT `id_user`, `Esport`
FROM `point`
WHERE `id_user` IN ()
ORDER BY `Esport` DESC', 0)
 2 SYSTEMPATH\Database\BaseConnection.php(691): CodeIgniter\Database\MySQLi\Connection->execute('SELECT `id_user`, `Esport`
FROM `point`
WHERE `id_user` IN ()
ORDER BY `Esport` DESC')
 3 SYSTEMPATH\Database\BaseConnection.php(605): CodeIgniter\Database\BaseConnection->simpleQuery('SELECT `id_user`, `Esport`
FROM `point`
WHERE `id_user` IN ()
ORDER BY `Esport` DESC')
 4 SYSTEMPATH\Database\BaseBuilder.php(1616): CodeIgniter\Database\BaseConnection->query('SELECT `id_user`, `Esport`
FROM `point`
WHERE `id_user` IN :id_user:
ORDER BY `Esport` DESC', [...], false)
 5 SYSTEMPATH\Model.php(241): CodeIgniter\Database\BaseBuilder->get()
 6 SYSTEMPATH\BaseModel.php(618): CodeIgniter\Model->doFindAll(0, 0)
 7 APPPATH\Controllers\DetailEvent.php(376): CodeIgniter\BaseModel->findAll()
 8 SYSTEMPATH\CodeIgniter.php(934): App\Controllers\DetailEvent->peserta('43')
 9 SYSTEMPATH\CodeIgniter.php(499): CodeIgniter\CodeIgniter->runController(Object(App\Controllers\DetailEvent))
10 SYSTEMPATH\CodeIgniter.php(368): CodeIgniter\CodeIgniter->handleRequest(null, Object(Config\Cache), false)
11 FCPATH\index.php(67): CodeIgniter\CodeIgniter->run()
12 SYSTEMPATH\Commands\Server\rewrite.php(47): require_once('D:\\TUGAS\\KULIAH\\P2MW\\hehe\\gohitfinal\\public\\index.php')
INFO - 2025-05-15 03:56:08 --> Session: Class initialized using 'CodeIgniter\Session\Handlers\FileHandler' driver.
INFO - 2025-05-15 03:56:09 --> Session: Class initialized using 'CodeIgniter\Session\Handlers\FileHandler' driver.
ERROR - 2025-05-15 03:56:09 --> mysqli_sql_exception: You have an error in your SQL syntax; check the manual that corresponds to your MariaDB server version for the right syntax to use near ')
ORDER BY `Badminton` DESC' at line 3 in D:\TUGAS\KULIAH\P2MW\hehe\gohitfinal\system\Database\MySQLi\Connection.php:295
Stack trace:
#0 D:\TUGAS\KULIAH\P2MW\hehe\gohitfinal\system\Database\MySQLi\Connection.php(295): mysqli->query('SELECT `id_user...', 0)
#1 D:\TUGAS\KULIAH\P2MW\hehe\gohitfinal\system\Database\BaseConnection.php(691): CodeIgniter\Database\MySQLi\Connection->execute('SELECT `id_user...')
#2 D:\TUGAS\KULIAH\P2MW\hehe\gohitfinal\system\Database\BaseConnection.php(605): CodeIgniter\Database\BaseConnection->simpleQuery('SELECT `id_user...')
#3 D:\TUGAS\KULIAH\P2MW\hehe\gohitfinal\system\Database\BaseBuilder.php(1616): CodeIgniter\Database\BaseConnection->query('SELECT `id_user...', Array, false)
#4 D:\TUGAS\KULIAH\P2MW\hehe\gohitfinal\system\Model.php(241): CodeIgniter\Database\BaseBuilder->get()
#5 D:\TUGAS\KULIAH\P2MW\hehe\gohitfinal\system\BaseModel.php(618): CodeIgniter\Model->doFindAll(0, 0)
#6 D:\TUGAS\KULIAH\P2MW\hehe\gohitfinal\app\Controllers\DetailEvent.php(376): CodeIgniter\BaseModel->findAll()
#7 D:\TUGAS\KULIAH\P2MW\hehe\gohitfinal\system\CodeIgniter.php(934): App\Controllers\DetailEvent->peserta('42')
#8 D:\TUGAS\KULIAH\P2MW\hehe\gohitfinal\system\CodeIgniter.php(499): CodeIgniter\CodeIgniter->runController(Object(App\Controllers\DetailEvent))
#9 D:\TUGAS\KULIAH\P2MW\hehe\gohitfinal\system\CodeIgniter.php(368): CodeIgniter\CodeIgniter->handleRequest(NULL, Object(Config\Cache), false)
#10 D:\TUGAS\KULIAH\P2MW\hehe\gohitfinal\public\index.php(67): CodeIgniter\CodeIgniter->run()
#11 D:\TUGAS\KULIAH\P2MW\hehe\gohitfinal\system\Commands\Server\rewrite.php(47): require_once('D:\\TUGAS\\KULIAH...')
#12 {main}
CRITICAL - 2025-05-15 03:56:09 --> You have an error in your SQL syntax; check the manual that corresponds to your MariaDB server version for the right syntax to use near ')
ORDER BY `Badminton` DESC' at line 3
in SYSTEMPATH\Database\MySQLi\Connection.php on line 295.
 1 SYSTEMPATH\Database\MySQLi\Connection.php(295): mysqli->query('SELECT `id_user`, `Badminton`
FROM `point`
WHERE `id_user` IN ()
ORDER BY `Badminton` DESC', 0)
 2 SYSTEMPATH\Database\BaseConnection.php(691): CodeIgniter\Database\MySQLi\Connection->execute('SELECT `id_user`, `Badminton`
FROM `point`
WHERE `id_user` IN ()
ORDER BY `Badminton` DESC')
 3 SYSTEMPATH\Database\BaseConnection.php(605): CodeIgniter\Database\BaseConnection->simpleQuery('SELECT `id_user`, `Badminton`
FROM `point`
WHERE `id_user` IN ()
ORDER BY `Badminton` DESC')
 4 SYSTEMPATH\Database\BaseBuilder.php(1616): CodeIgniter\Database\BaseConnection->query('SELECT `id_user`, `Badminton`
FROM `point`
WHERE `id_user` IN :id_user:
ORDER BY `Badminton` DESC', [...], false)
 5 SYSTEMPATH\Model.php(241): CodeIgniter\Database\BaseBuilder->get()
 6 SYSTEMPATH\BaseModel.php(618): CodeIgniter\Model->doFindAll(0, 0)
 7 APPPATH\Controllers\DetailEvent.php(376): CodeIgniter\BaseModel->findAll()
 8 SYSTEMPATH\CodeIgniter.php(934): App\Controllers\DetailEvent->peserta('42')
 9 SYSTEMPATH\CodeIgniter.php(499): CodeIgniter\CodeIgniter->runController(Object(App\Controllers\DetailEvent))
10 SYSTEMPATH\CodeIgniter.php(368): CodeIgniter\CodeIgniter->handleRequest(null, Object(Config\Cache), false)
11 FCPATH\index.php(67): CodeIgniter\CodeIgniter->run()
12 SYSTEMPATH\Commands\Server\rewrite.php(47): require_once('D:\\TUGAS\\KULIAH\\P2MW\\hehe\\gohitfinal\\public\\index.php')
INFO - 2025-05-15 03:56:11 --> Session: Class initialized using 'CodeIgniter\Session\Handlers\FileHandler' driver.
INFO - 2025-05-15 03:56:13 --> Session: Class initialized using 'CodeIgniter\Session\Handlers\FileHandler' driver.
ERROR - 2025-05-15 03:56:13 --> mysqli_sql_exception: You have an error in your SQL syntax; check the manual that corresponds to your MariaDB server version for the right syntax to use near ')
ORDER BY `Esport` DESC' at line 3 in D:\TUGAS\KULIAH\P2MW\hehe\gohitfinal\system\Database\MySQLi\Connection.php:295
Stack trace:
#0 D:\TUGAS\KULIAH\P2MW\hehe\gohitfinal\system\Database\MySQLi\Connection.php(295): mysqli->query('SELECT `id_user...', 0)
#1 D:\TUGAS\KULIAH\P2MW\hehe\gohitfinal\system\Database\BaseConnection.php(691): CodeIgniter\Database\MySQLi\Connection->execute('SELECT `id_user...')
#2 D:\TUGAS\KULIAH\P2MW\hehe\gohitfinal\system\Database\BaseConnection.php(605): CodeIgniter\Database\BaseConnection->simpleQuery('SELECT `id_user...')
#3 D:\TUGAS\KULIAH\P2MW\hehe\gohitfinal\system\Database\BaseBuilder.php(1616): CodeIgniter\Database\BaseConnection->query('SELECT `id_user...', Array, false)
#4 D:\TUGAS\KULIAH\P2MW\hehe\gohitfinal\system\Model.php(241): CodeIgniter\Database\BaseBuilder->get()
#5 D:\TUGAS\KULIAH\P2MW\hehe\gohitfinal\system\BaseModel.php(618): CodeIgniter\Model->doFindAll(0, 0)
#6 D:\TUGAS\KULIAH\P2MW\hehe\gohitfinal\app\Controllers\DetailEvent.php(376): CodeIgniter\BaseModel->findAll()
#7 D:\TUGAS\KULIAH\P2MW\hehe\gohitfinal\system\CodeIgniter.php(934): App\Controllers\DetailEvent->peserta('44')
#8 D:\TUGAS\KULIAH\P2MW\hehe\gohitfinal\system\CodeIgniter.php(499): CodeIgniter\CodeIgniter->runController(Object(App\Controllers\DetailEvent))
#9 D:\TUGAS\KULIAH\P2MW\hehe\gohitfinal\system\CodeIgniter.php(368): CodeIgniter\CodeIgniter->handleRequest(NULL, Object(Config\Cache), false)
#10 D:\TUGAS\KULIAH\P2MW\hehe\gohitfinal\public\index.php(67): CodeIgniter\CodeIgniter->run()
#11 D:\TUGAS\KULIAH\P2MW\hehe\gohitfinal\system\Commands\Server\rewrite.php(47): require_once('D:\\TUGAS\\KULIAH...')
#12 {main}
CRITICAL - 2025-05-15 03:56:13 --> You have an error in your SQL syntax; check the manual that corresponds to your MariaDB server version for the right syntax to use near ')
ORDER BY `Esport` DESC' at line 3
in SYSTEMPATH\Database\MySQLi\Connection.php on line 295.
 1 SYSTEMPATH\Database\MySQLi\Connection.php(295): mysqli->query('SELECT `id_user`, `Esport`
FROM `point`
WHERE `id_user` IN ()
ORDER BY `Esport` DESC', 0)
 2 SYSTEMPATH\Database\BaseConnection.php(691): CodeIgniter\Database\MySQLi\Connection->execute('SELECT `id_user`, `Esport`
FROM `point`
WHERE `id_user` IN ()
ORDER BY `Esport` DESC')
 3 SYSTEMPATH\Database\BaseConnection.php(605): CodeIgniter\Database\BaseConnection->simpleQuery('SELECT `id_user`, `Esport`
FROM `point`
WHERE `id_user` IN ()
ORDER BY `Esport` DESC')
 4 SYSTEMPATH\Database\BaseBuilder.php(1616): CodeIgniter\Database\BaseConnection->query('SELECT `id_user`, `Esport`
FROM `point`
WHERE `id_user` IN :id_user:
ORDER BY `Esport` DESC', [...], false)
 5 SYSTEMPATH\Model.php(241): CodeIgniter\Database\BaseBuilder->get()
 6 SYSTEMPATH\BaseModel.php(618): CodeIgniter\Model->doFindAll(0, 0)
 7 APPPATH\Controllers\DetailEvent.php(376): CodeIgniter\BaseModel->findAll()
 8 SYSTEMPATH\CodeIgniter.php(934): App\Controllers\DetailEvent->peserta('44')
 9 SYSTEMPATH\CodeIgniter.php(499): CodeIgniter\CodeIgniter->runController(Object(App\Controllers\DetailEvent))
10 SYSTEMPATH\CodeIgniter.php(368): CodeIgniter\CodeIgniter->handleRequest(null, Object(Config\Cache), false)
11 FCPATH\index.php(67): CodeIgniter\CodeIgniter->run()
12 SYSTEMPATH\Commands\Server\rewrite.php(47): require_once('D:\\TUGAS\\KULIAH\\P2MW\\hehe\\gohitfinal\\public\\index.php')
INFO - 2025-05-15 03:58:00 --> Session: Class initialized using 'CodeIgniter\Session\Handlers\FileHandler' driver.
INFO - 2025-05-15 03:58:00 --> Session: Class initialized using 'CodeIgniter\Session\Handlers\FileHandler' driver.
CRITICAL - 2025-05-15 03:58:01 --> Undefined variable $tgl
in APPPATH\Views\detaileventp.php on line 24.
 1 APPPATH\Views\detaileventp.php(24): CodeIgniter\Debug\Exceptions->errorHandler(2, 'Undefined variable $tgl', 'D:\\TUGAS\\KULIAH\\P2MW\\hehe\\gohitfinal\\app\\Views\\detaileventp.php', 24)
 2 SYSTEMPATH\View\View.php(213): include('D:\\TUGAS\\KULIAH\\P2MW\\hehe\\gohitfinal\\app\\Views\\detaileventp.php')
 3 SYSTEMPATH\View\View.php(216): CodeIgniter\View\View->CodeIgniter\View\{closure}()
 4 SYSTEMPATH\Common.php(1184): CodeIgniter\View\View->render('detaileventp', [], true)
 5 APPPATH\Controllers\DetailEvent.php(427): view('detaileventp', [...])
 6 SYSTEMPATH\CodeIgniter.php(934): App\Controllers\DetailEvent->peserta('css', 'main.css')
 7 SYSTEMPATH\CodeIgniter.php(499): CodeIgniter\CodeIgniter->runController(Object(App\Controllers\DetailEvent))
 8 SYSTEMPATH\CodeIgniter.php(368): CodeIgniter\CodeIgniter->handleRequest(null, Object(Config\Cache), false)
 9 FCPATH\index.php(67): CodeIgniter\CodeIgniter->run()
10 SYSTEMPATH\Commands\Server\rewrite.php(47): require_once('D:\\TUGAS\\KULIAH\\P2MW\\hehe\\gohitfinal\\public\\index.php')
INFO - 2025-05-15 03:58:01 --> Session: Class initialized using 'CodeIgniter\Session\Handlers\FileHandler' driver.
CRITICAL - 2025-05-15 03:58:01 --> Undefined variable $tgl
in APPPATH\Views\detaileventp.php on line 24.
 1 APPPATH\Views\detaileventp.php(24): CodeIgniter\Debug\Exceptions->errorHandler(2, 'Undefined variable $tgl', 'D:\\TUGAS\\KULIAH\\P2MW\\hehe\\gohitfinal\\app\\Views\\detaileventp.php', 24)
 2 SYSTEMPATH\View\View.php(213): include('D:\\TUGAS\\KULIAH\\P2MW\\hehe\\gohitfinal\\app\\Views\\detaileventp.php')
 3 SYSTEMPATH\View\View.php(216): CodeIgniter\View\View->CodeIgniter\View\{closure}()
 4 SYSTEMPATH\Common.php(1184): CodeIgniter\View\View->render('detaileventp', [], true)
 5 APPPATH\Controllers\DetailEvent.php(427): view('detaileventp', [...])
 6 SYSTEMPATH\CodeIgniter.php(934): App\Controllers\DetailEvent->peserta('css', 'style.css')
 7 SYSTEMPATH\CodeIgniter.php(499): CodeIgniter\CodeIgniter->runController(Object(App\Controllers\DetailEvent))
 8 SYSTEMPATH\CodeIgniter.php(368): CodeIgniter\CodeIgniter->handleRequest(null, Object(Config\Cache), false)
 9 FCPATH\index.php(67): CodeIgniter\CodeIgniter->run()
10 SYSTEMPATH\Commands\Server\rewrite.php(47): require_once('D:\\TUGAS\\KULIAH\\P2MW\\hehe\\gohitfinal\\public\\index.php')
INFO - 2025-05-15 03:58:01 --> Session: Class initialized using 'CodeIgniter\Session\Handlers\FileHandler' driver.
CRITICAL - 2025-05-15 03:58:01 --> Undefined variable $tgl
in APPPATH\Views\detaileventp.php on line 24.
 1 APPPATH\Views\detaileventp.php(24): CodeIgniter\Debug\Exceptions->errorHandler(2, 'Undefined variable $tgl', 'D:\\TUGAS\\KULIAH\\P2MW\\hehe\\gohitfinal\\app\\Views\\detaileventp.php', 24)
 2 SYSTEMPATH\View\View.php(213): include('D:\\TUGAS\\KULIAH\\P2MW\\hehe\\gohitfinal\\app\\Views\\detaileventp.php')
 3 SYSTEMPATH\View\View.php(216): CodeIgniter\View\View->CodeIgniter\View\{closure}()
 4 SYSTEMPATH\Common.php(1184): CodeIgniter\View\View->render('detaileventp', [], true)
 5 APPPATH\Controllers\DetailEvent.php(427): view('detaileventp', [...])
 6 SYSTEMPATH\CodeIgniter.php(934): App\Controllers\DetailEvent->peserta('images', 'bg-01.jpg')
 7 SYSTEMPATH\CodeIgniter.php(499): CodeIgniter\CodeIgniter->runController(Object(App\Controllers\DetailEvent))
 8 SYSTEMPATH\CodeIgniter.php(368): CodeIgniter\CodeIgniter->handleRequest(null, Object(Config\Cache), false)
 9 FCPATH\index.php(67): CodeIgniter\CodeIgniter->run()
10 SYSTEMPATH\Commands\Server\rewrite.php(47): require_once('D:\\TUGAS\\KULIAH\\P2MW\\hehe\\gohitfinal\\public\\index.php')
INFO - 2025-05-15 03:58:18 --> Session: Class initialized using 'CodeIgniter\Session\Handlers\FileHandler' driver.
INFO - 2025-05-15 03:58:19 --> Session: Class initialized using 'CodeIgniter\Session\Handlers\FileHandler' driver.
INFO - 2025-05-15 03:58:19 --> Session: Class initialized using 'CodeIgniter\Session\Handlers\FileHandler' driver.
CRITICAL - 2025-05-15 03:58:19 --> Undefined variable $tgl
in APPPATH\Views\detaileventp.php on line 24.
 1 APPPATH\Views\detaileventp.php(24): CodeIgniter\Debug\Exceptions->errorHandler(2, 'Undefined variable $tgl', 'D:\\TUGAS\\KULIAH\\P2MW\\hehe\\gohitfinal\\app\\Views\\detaileventp.php', 24)
 2 SYSTEMPATH\View\View.php(213): include('D:\\TUGAS\\KULIAH\\P2MW\\hehe\\gohitfinal\\app\\Views\\detaileventp.php')
 3 SYSTEMPATH\View\View.php(216): CodeIgniter\View\View->CodeIgniter\View\{closure}()
 4 SYSTEMPATH\Common.php(1184): CodeIgniter\View\View->render('detaileventp', [], true)
 5 APPPATH\Controllers\DetailEvent.php(427): view('detaileventp', [...])
 6 SYSTEMPATH\CodeIgniter.php(934): App\Controllers\DetailEvent->peserta('css', 'main.css')
 7 SYSTEMPATH\CodeIgniter.php(499): CodeIgniter\CodeIgniter->runController(Object(App\Controllers\DetailEvent))
 8 SYSTEMPATH\CodeIgniter.php(368): CodeIgniter\CodeIgniter->handleRequest(null, Object(Config\Cache), false)
 9 FCPATH\index.php(67): CodeIgniter\CodeIgniter->run()
10 SYSTEMPATH\Commands\Server\rewrite.php(47): require_once('D:\\TUGAS\\KULIAH\\P2MW\\hehe\\gohitfinal\\public\\index.php')
INFO - 2025-05-15 03:58:19 --> Session: Class initialized using 'CodeIgniter\Session\Handlers\FileHandler' driver.
CRITICAL - 2025-05-15 03:58:19 --> Undefined variable $tgl
in APPPATH\Views\detaileventp.php on line 24.
 1 APPPATH\Views\detaileventp.php(24): CodeIgniter\Debug\Exceptions->errorHandler(2, 'Undefined variable $tgl', 'D:\\TUGAS\\KULIAH\\P2MW\\hehe\\gohitfinal\\app\\Views\\detaileventp.php', 24)
 2 SYSTEMPATH\View\View.php(213): include('D:\\TUGAS\\KULIAH\\P2MW\\hehe\\gohitfinal\\app\\Views\\detaileventp.php')
 3 SYSTEMPATH\View\View.php(216): CodeIgniter\View\View->CodeIgniter\View\{closure}()
 4 SYSTEMPATH\Common.php(1184): CodeIgniter\View\View->render('detaileventp', [], true)
 5 APPPATH\Controllers\DetailEvent.php(427): view('detaileventp', [...])
 6 SYSTEMPATH\CodeIgniter.php(934): App\Controllers\DetailEvent->peserta('css', 'style.css')
 7 SYSTEMPATH\CodeIgniter.php(499): CodeIgniter\CodeIgniter->runController(Object(App\Controllers\DetailEvent))
 8 SYSTEMPATH\CodeIgniter.php(368): CodeIgniter\CodeIgniter->handleRequest(null, Object(Config\Cache), false)
 9 FCPATH\index.php(67): CodeIgniter\CodeIgniter->run()
10 SYSTEMPATH\Commands\Server\rewrite.php(47): require_once('D:\\TUGAS\\KULIAH\\P2MW\\hehe\\gohitfinal\\public\\index.php')
INFO - 2025-05-15 03:58:19 --> Session: Class initialized using 'CodeIgniter\Session\Handlers\FileHandler' driver.
CRITICAL - 2025-05-15 03:58:19 --> Undefined variable $tgl
in APPPATH\Views\detaileventp.php on line 24.
 1 APPPATH\Views\detaileventp.php(24): CodeIgniter\Debug\Exceptions->errorHandler(2, 'Undefined variable $tgl', 'D:\\TUGAS\\KULIAH\\P2MW\\hehe\\gohitfinal\\app\\Views\\detaileventp.php', 24)
 2 SYSTEMPATH\View\View.php(213): include('D:\\TUGAS\\KULIAH\\P2MW\\hehe\\gohitfinal\\app\\Views\\detaileventp.php')
 3 SYSTEMPATH\View\View.php(216): CodeIgniter\View\View->CodeIgniter\View\{closure}()
 4 SYSTEMPATH\Common.php(1184): CodeIgniter\View\View->render('detaileventp', [], true)
 5 APPPATH\Controllers\DetailEvent.php(427): view('detaileventp', [...])
 6 SYSTEMPATH\CodeIgniter.php(934): App\Controllers\DetailEvent->peserta('images', 'bg-01.jpg')
 7 SYSTEMPATH\CodeIgniter.php(499): CodeIgniter\CodeIgniter->runController(Object(App\Controllers\DetailEvent))
 8 SYSTEMPATH\CodeIgniter.php(368): CodeIgniter\CodeIgniter->handleRequest(null, Object(Config\Cache), false)
 9 FCPATH\index.php(67): CodeIgniter\CodeIgniter->run()
10 SYSTEMPATH\Commands\Server\rewrite.php(47): require_once('D:\\TUGAS\\KULIAH\\P2MW\\hehe\\gohitfinal\\public\\index.php')
INFO - 2025-05-15 03:58:30 --> Session: Class initialized using 'CodeIgniter\Session\Handlers\FileHandler' driver.
INFO - 2025-05-15 03:58:30 --> Session: Class initialized using 'CodeIgniter\Session\Handlers\FileHandler' driver.
CRITICAL - 2025-05-15 03:58:30 --> Undefined variable $tgl
in APPPATH\Views\detaileventp.php on line 24.
 1 APPPATH\Views\detaileventp.php(24): CodeIgniter\Debug\Exceptions->errorHandler(2, 'Undefined variable $tgl', 'D:\\TUGAS\\KULIAH\\P2MW\\hehe\\gohitfinal\\app\\Views\\detaileventp.php', 24)
 2 SYSTEMPATH\View\View.php(213): include('D:\\TUGAS\\KULIAH\\P2MW\\hehe\\gohitfinal\\app\\Views\\detaileventp.php')
 3 SYSTEMPATH\View\View.php(216): CodeIgniter\View\View->CodeIgniter\View\{closure}()
 4 SYSTEMPATH\Common.php(1184): CodeIgniter\View\View->render('detaileventp', [], true)
 5 APPPATH\Controllers\DetailEvent.php(427): view('detaileventp', [...])
 6 SYSTEMPATH\CodeIgniter.php(934): App\Controllers\DetailEvent->peserta('css', 'main.css')
 7 SYSTEMPATH\CodeIgniter.php(499): CodeIgniter\CodeIgniter->runController(Object(App\Controllers\DetailEvent))
 8 SYSTEMPATH\CodeIgniter.php(368): CodeIgniter\CodeIgniter->handleRequest(null, Object(Config\Cache), false)
 9 FCPATH\index.php(67): CodeIgniter\CodeIgniter->run()
10 SYSTEMPATH\Commands\Server\rewrite.php(47): require_once('D:\\TUGAS\\KULIAH\\P2MW\\hehe\\gohitfinal\\public\\index.php')
INFO - 2025-05-15 03:58:30 --> Session: Class initialized using 'CodeIgniter\Session\Handlers\FileHandler' driver.
CRITICAL - 2025-05-15 03:58:30 --> Undefined variable $tgl
in APPPATH\Views\detaileventp.php on line 24.
 1 APPPATH\Views\detaileventp.php(24): CodeIgniter\Debug\Exceptions->errorHandler(2, 'Undefined variable $tgl', 'D:\\TUGAS\\KULIAH\\P2MW\\hehe\\gohitfinal\\app\\Views\\detaileventp.php', 24)
 2 SYSTEMPATH\View\View.php(213): include('D:\\TUGAS\\KULIAH\\P2MW\\hehe\\gohitfinal\\app\\Views\\detaileventp.php')
 3 SYSTEMPATH\View\View.php(216): CodeIgniter\View\View->CodeIgniter\View\{closure}()
 4 SYSTEMPATH\Common.php(1184): CodeIgniter\View\View->render('detaileventp', [], true)
 5 APPPATH\Controllers\DetailEvent.php(427): view('detaileventp', [...])
 6 SYSTEMPATH\CodeIgniter.php(934): App\Controllers\DetailEvent->peserta('css', 'style.css')
 7 SYSTEMPATH\CodeIgniter.php(499): CodeIgniter\CodeIgniter->runController(Object(App\Controllers\DetailEvent))
 8 SYSTEMPATH\CodeIgniter.php(368): CodeIgniter\CodeIgniter->handleRequest(null, Object(Config\Cache), false)
 9 FCPATH\index.php(67): CodeIgniter\CodeIgniter->run()
10 SYSTEMPATH\Commands\Server\rewrite.php(47): require_once('D:\\TUGAS\\KULIAH\\P2MW\\hehe\\gohitfinal\\public\\index.php')
INFO - 2025-05-15 03:58:30 --> Session: Class initialized using 'CodeIgniter\Session\Handlers\FileHandler' driver.
CRITICAL - 2025-05-15 03:58:30 --> Undefined variable $tgl
in APPPATH\Views\detaileventp.php on line 24.
 1 APPPATH\Views\detaileventp.php(24): CodeIgniter\Debug\Exceptions->errorHandler(2, 'Undefined variable $tgl', 'D:\\TUGAS\\KULIAH\\P2MW\\hehe\\gohitfinal\\app\\Views\\detaileventp.php', 24)
 2 SYSTEMPATH\View\View.php(213): include('D:\\TUGAS\\KULIAH\\P2MW\\hehe\\gohitfinal\\app\\Views\\detaileventp.php')
 3 SYSTEMPATH\View\View.php(216): CodeIgniter\View\View->CodeIgniter\View\{closure}()
 4 SYSTEMPATH\Common.php(1184): CodeIgniter\View\View->render('detaileventp', [], true)
 5 APPPATH\Controllers\DetailEvent.php(427): view('detaileventp', [...])
 6 SYSTEMPATH\CodeIgniter.php(934): App\Controllers\DetailEvent->peserta('images', 'bg-01.jpg')
 7 SYSTEMPATH\CodeIgniter.php(499): CodeIgniter\CodeIgniter->runController(Object(App\Controllers\DetailEvent))
 8 SYSTEMPATH\CodeIgniter.php(368): CodeIgniter\CodeIgniter->handleRequest(null, Object(Config\Cache), false)
 9 FCPATH\index.php(67): CodeIgniter\CodeIgniter->run()
10 SYSTEMPATH\Commands\Server\rewrite.php(47): require_once('D:\\TUGAS\\KULIAH\\P2MW\\hehe\\gohitfinal\\public\\index.php')
INFO - 2025-05-15 03:58:33 --> Session: Class initialized using 'CodeIgniter\Session\Handlers\FileHandler' driver.
INFO - 2025-05-15 03:58:34 --> Session: Class initialized using 'CodeIgniter\Session\Handlers\FileHandler' driver.
INFO - 2025-05-15 03:58:35 --> Session: Class initialized using 'CodeIgniter\Session\Handlers\FileHandler' driver.
CRITICAL - 2025-05-15 03:58:35 --> Undefined variable $tgl
in APPPATH\Views\detaileventp.php on line 24.
 1 APPPATH\Views\detaileventp.php(24): CodeIgniter\Debug\Exceptions->errorHandler(2, 'Undefined variable $tgl', 'D:\\TUGAS\\KULIAH\\P2MW\\hehe\\gohitfinal\\app\\Views\\detaileventp.php', 24)
 2 SYSTEMPATH\View\View.php(213): include('D:\\TUGAS\\KULIAH\\P2MW\\hehe\\gohitfinal\\app\\Views\\detaileventp.php')
 3 SYSTEMPATH\View\View.php(216): CodeIgniter\View\View->CodeIgniter\View\{closure}()
 4 SYSTEMPATH\Common.php(1184): CodeIgniter\View\View->render('detaileventp', [], true)
 5 APPPATH\Controllers\DetailEvent.php(427): view('detaileventp', [...])
 6 SYSTEMPATH\CodeIgniter.php(934): App\Controllers\DetailEvent->peserta('css', 'main.css')
 7 SYSTEMPATH\CodeIgniter.php(499): CodeIgniter\CodeIgniter->runController(Object(App\Controllers\DetailEvent))
 8 SYSTEMPATH\CodeIgniter.php(368): CodeIgniter\CodeIgniter->handleRequest(null, Object(Config\Cache), false)
 9 FCPATH\index.php(67): CodeIgniter\CodeIgniter->run()
10 SYSTEMPATH\Commands\Server\rewrite.php(47): require_once('D:\\TUGAS\\KULIAH\\P2MW\\hehe\\gohitfinal\\public\\index.php')
INFO - 2025-05-15 03:58:35 --> Session: Class initialized using 'CodeIgniter\Session\Handlers\FileHandler' driver.
CRITICAL - 2025-05-15 03:58:35 --> Undefined variable $tgl
in APPPATH\Views\detaileventp.php on line 24.
 1 APPPATH\Views\detaileventp.php(24): CodeIgniter\Debug\Exceptions->errorHandler(2, 'Undefined variable $tgl', 'D:\\TUGAS\\KULIAH\\P2MW\\hehe\\gohitfinal\\app\\Views\\detaileventp.php', 24)
 2 SYSTEMPATH\View\View.php(213): include('D:\\TUGAS\\KULIAH\\P2MW\\hehe\\gohitfinal\\app\\Views\\detaileventp.php')
 3 SYSTEMPATH\View\View.php(216): CodeIgniter\View\View->CodeIgniter\View\{closure}()
 4 SYSTEMPATH\Common.php(1184): CodeIgniter\View\View->render('detaileventp', [], true)
 5 APPPATH\Controllers\DetailEvent.php(427): view('detaileventp', [...])
 6 SYSTEMPATH\CodeIgniter.php(934): App\Controllers\DetailEvent->peserta('css', 'style.css')
 7 SYSTEMPATH\CodeIgniter.php(499): CodeIgniter\CodeIgniter->runController(Object(App\Controllers\DetailEvent))
 8 SYSTEMPATH\CodeIgniter.php(368): CodeIgniter\CodeIgniter->handleRequest(null, Object(Config\Cache), false)
 9 FCPATH\index.php(67): CodeIgniter\CodeIgniter->run()
10 SYSTEMPATH\Commands\Server\rewrite.php(47): require_once('D:\\TUGAS\\KULIAH\\P2MW\\hehe\\gohitfinal\\public\\index.php')
INFO - 2025-05-15 03:58:35 --> Session: Class initialized using 'CodeIgniter\Session\Handlers\FileHandler' driver.
CRITICAL - 2025-05-15 03:58:35 --> Undefined variable $tgl
in APPPATH\Views\detaileventp.php on line 24.
 1 APPPATH\Views\detaileventp.php(24): CodeIgniter\Debug\Exceptions->errorHandler(2, 'Undefined variable $tgl', 'D:\\TUGAS\\KULIAH\\P2MW\\hehe\\gohitfinal\\app\\Views\\detaileventp.php', 24)
 2 SYSTEMPATH\View\View.php(213): include('D:\\TUGAS\\KULIAH\\P2MW\\hehe\\gohitfinal\\app\\Views\\detaileventp.php')
 3 SYSTEMPATH\View\View.php(216): CodeIgniter\View\View->CodeIgniter\View\{closure}()
 4 SYSTEMPATH\Common.php(1184): CodeIgniter\View\View->render('detaileventp', [], true)
 5 APPPATH\Controllers\DetailEvent.php(427): view('detaileventp', [...])
 6 SYSTEMPATH\CodeIgniter.php(934): App\Controllers\DetailEvent->peserta('images', 'bg-01.jpg')
 7 SYSTEMPATH\CodeIgniter.php(499): CodeIgniter\CodeIgniter->runController(Object(App\Controllers\DetailEvent))
 8 SYSTEMPATH\CodeIgniter.php(368): CodeIgniter\CodeIgniter->handleRequest(null, Object(Config\Cache), false)
 9 FCPATH\index.php(67): CodeIgniter\CodeIgniter->run()
10 SYSTEMPATH\Commands\Server\rewrite.php(47): require_once('D:\\TUGAS\\KULIAH\\P2MW\\hehe\\gohitfinal\\public\\index.php')
INFO - 2025-05-15 04:00:14 --> Session: Class initialized using 'CodeIgniter\Session\Handlers\FileHandler' driver.
INFO - 2025-05-15 04:00:15 --> Session: Class initialized using 'CodeIgniter\Session\Handlers\FileHandler' driver.
CRITICAL - 2025-05-15 04:00:15 --> Undefined variable $tgl
in APPPATH\Views\detaileventp.php on line 24.
 1 APPPATH\Views\detaileventp.php(24): CodeIgniter\Debug\Exceptions->errorHandler(2, 'Undefined variable $tgl', 'D:\\TUGAS\\KULIAH\\P2MW\\hehe\\gohitfinal\\app\\Views\\detaileventp.php', 24)
 2 SYSTEMPATH\View\View.php(213): include('D:\\TUGAS\\KULIAH\\P2MW\\hehe\\gohitfinal\\app\\Views\\detaileventp.php')
 3 SYSTEMPATH\View\View.php(216): CodeIgniter\View\View->CodeIgniter\View\{closure}()
 4 SYSTEMPATH\Common.php(1184): CodeIgniter\View\View->render('detaileventp', [], true)
 5 APPPATH\Controllers\DetailEvent.php(427): view('detaileventp', [...])
 6 SYSTEMPATH\CodeIgniter.php(934): App\Controllers\DetailEvent->peserta('css', 'main.css')
 7 SYSTEMPATH\CodeIgniter.php(499): CodeIgniter\CodeIgniter->runController(Object(App\Controllers\DetailEvent))
 8 SYSTEMPATH\CodeIgniter.php(368): CodeIgniter\CodeIgniter->handleRequest(null, Object(Config\Cache), false)
 9 FCPATH\index.php(67): CodeIgniter\CodeIgniter->run()
10 SYSTEMPATH\Commands\Server\rewrite.php(47): require_once('D:\\TUGAS\\KULIAH\\P2MW\\hehe\\gohitfinal\\public\\index.php')
INFO - 2025-05-15 04:00:15 --> Session: Class initialized using 'CodeIgniter\Session\Handlers\FileHandler' driver.
CRITICAL - 2025-05-15 04:00:15 --> Undefined variable $tgl
in APPPATH\Views\detaileventp.php on line 24.
 1 APPPATH\Views\detaileventp.php(24): CodeIgniter\Debug\Exceptions->errorHandler(2, 'Undefined variable $tgl', 'D:\\TUGAS\\KULIAH\\P2MW\\hehe\\gohitfinal\\app\\Views\\detaileventp.php', 24)
 2 SYSTEMPATH\View\View.php(213): include('D:\\TUGAS\\KULIAH\\P2MW\\hehe\\gohitfinal\\app\\Views\\detaileventp.php')
 3 SYSTEMPATH\View\View.php(216): CodeIgniter\View\View->CodeIgniter\View\{closure}()
 4 SYSTEMPATH\Common.php(1184): CodeIgniter\View\View->render('detaileventp', [], true)
 5 APPPATH\Controllers\DetailEvent.php(427): view('detaileventp', [...])
 6 SYSTEMPATH\CodeIgniter.php(934): App\Controllers\DetailEvent->peserta('css', 'style.css')
 7 SYSTEMPATH\CodeIgniter.php(499): CodeIgniter\CodeIgniter->runController(Object(App\Controllers\DetailEvent))
 8 SYSTEMPATH\CodeIgniter.php(368): CodeIgniter\CodeIgniter->handleRequest(null, Object(Config\Cache), false)
 9 FCPATH\index.php(67): CodeIgniter\CodeIgniter->run()
10 SYSTEMPATH\Commands\Server\rewrite.php(47): require_once('D:\\TUGAS\\KULIAH\\P2MW\\hehe\\gohitfinal\\public\\index.php')
INFO - 2025-05-15 04:00:15 --> Session: Class initialized using 'CodeIgniter\Session\Handlers\FileHandler' driver.
CRITICAL - 2025-05-15 04:00:15 --> Undefined variable $tgl
in APPPATH\Views\detaileventp.php on line 24.
 1 APPPATH\Views\detaileventp.php(24): CodeIgniter\Debug\Exceptions->errorHandler(2, 'Undefined variable $tgl', 'D:\\TUGAS\\KULIAH\\P2MW\\hehe\\gohitfinal\\app\\Views\\detaileventp.php', 24)
 2 SYSTEMPATH\View\View.php(213): include('D:\\TUGAS\\KULIAH\\P2MW\\hehe\\gohitfinal\\app\\Views\\detaileventp.php')
 3 SYSTEMPATH\View\View.php(216): CodeIgniter\View\View->CodeIgniter\View\{closure}()
 4 SYSTEMPATH\Common.php(1184): CodeIgniter\View\View->render('detaileventp', [], true)
 5 APPPATH\Controllers\DetailEvent.php(427): view('detaileventp', [...])
 6 SYSTEMPATH\CodeIgniter.php(934): App\Controllers\DetailEvent->peserta('images', 'bg-01.jpg')
 7 SYSTEMPATH\CodeIgniter.php(499): CodeIgniter\CodeIgniter->runController(Object(App\Controllers\DetailEvent))
 8 SYSTEMPATH\CodeIgniter.php(368): CodeIgniter\CodeIgniter->handleRequest(null, Object(Config\Cache), false)
 9 FCPATH\index.php(67): CodeIgniter\CodeIgniter->run()
10 SYSTEMPATH\Commands\Server\rewrite.php(47): require_once('D:\\TUGAS\\KULIAH\\P2MW\\hehe\\gohitfinal\\public\\index.php')
INFO - 2025-05-15 04:10:20 --> Session: Class initialized using 'CodeIgniter\Session\Handlers\FileHandler' driver.
INFO - 2025-05-15 04:10:20 --> Session: Class initialized using 'CodeIgniter\Session\Handlers\FileHandler' driver.
CRITICAL - 2025-05-15 04:10:20 --> Undefined variable $tgl
in APPPATH\Views\detaileventp.php on line 24.
 1 APPPATH\Views\detaileventp.php(24): CodeIgniter\Debug\Exceptions->errorHandler(2, 'Undefined variable $tgl', 'D:\\TUGAS\\KULIAH\\P2MW\\hehe\\gohitfinal\\app\\Views\\detaileventp.php', 24)
 2 SYSTEMPATH\View\View.php(213): include('D:\\TUGAS\\KULIAH\\P2MW\\hehe\\gohitfinal\\app\\Views\\detaileventp.php')
 3 SYSTEMPATH\View\View.php(216): CodeIgniter\View\View->CodeIgniter\View\{closure}()
 4 SYSTEMPATH\Common.php(1184): CodeIgniter\View\View->render('detaileventp', [], true)
 5 APPPATH\Controllers\DetailEvent.php(427): view('detaileventp', [...])
 6 SYSTEMPATH\CodeIgniter.php(934): App\Controllers\DetailEvent->peserta('css', 'main.css')
 7 SYSTEMPATH\CodeIgniter.php(499): CodeIgniter\CodeIgniter->runController(Object(App\Controllers\DetailEvent))
 8 SYSTEMPATH\CodeIgniter.php(368): CodeIgniter\CodeIgniter->handleRequest(null, Object(Config\Cache), false)
 9 FCPATH\index.php(67): CodeIgniter\CodeIgniter->run()
10 SYSTEMPATH\Commands\Server\rewrite.php(47): require_once('D:\\TUGAS\\KULIAH\\P2MW\\hehe\\gohitfinal\\public\\index.php')
INFO - 2025-05-15 04:10:21 --> Session: Class initialized using 'CodeIgniter\Session\Handlers\FileHandler' driver.
CRITICAL - 2025-05-15 04:10:21 --> Undefined variable $tgl
in APPPATH\Views\detaileventp.php on line 24.
 1 APPPATH\Views\detaileventp.php(24): CodeIgniter\Debug\Exceptions->errorHandler(2, 'Undefined variable $tgl', 'D:\\TUGAS\\KULIAH\\P2MW\\hehe\\gohitfinal\\app\\Views\\detaileventp.php', 24)
 2 SYSTEMPATH\View\View.php(213): include('D:\\TUGAS\\KULIAH\\P2MW\\hehe\\gohitfinal\\app\\Views\\detaileventp.php')
 3 SYSTEMPATH\View\View.php(216): CodeIgniter\View\View->CodeIgniter\View\{closure}()
 4 SYSTEMPATH\Common.php(1184): CodeIgniter\View\View->render('detaileventp', [], true)
 5 APPPATH\Controllers\DetailEvent.php(427): view('detaileventp', [...])
 6 SYSTEMPATH\CodeIgniter.php(934): App\Controllers\DetailEvent->peserta('css', 'style.css')
 7 SYSTEMPATH\CodeIgniter.php(499): CodeIgniter\CodeIgniter->runController(Object(App\Controllers\DetailEvent))
 8 SYSTEMPATH\CodeIgniter.php(368): CodeIgniter\CodeIgniter->handleRequest(null, Object(Config\Cache), false)
 9 FCPATH\index.php(67): CodeIgniter\CodeIgniter->run()
10 SYSTEMPATH\Commands\Server\rewrite.php(47): require_once('D:\\TUGAS\\KULIAH\\P2MW\\hehe\\gohitfinal\\public\\index.php')
INFO - 2025-05-15 04:10:21 --> Session: Class initialized using 'CodeIgniter\Session\Handlers\FileHandler' driver.
CRITICAL - 2025-05-15 04:10:21 --> Undefined variable $tgl
in APPPATH\Views\detaileventp.php on line 24.
 1 APPPATH\Views\detaileventp.php(24): CodeIgniter\Debug\Exceptions->errorHandler(2, 'Undefined variable $tgl', 'D:\\TUGAS\\KULIAH\\P2MW\\hehe\\gohitfinal\\app\\Views\\detaileventp.php', 24)
 2 SYSTEMPATH\View\View.php(213): include('D:\\TUGAS\\KULIAH\\P2MW\\hehe\\gohitfinal\\app\\Views\\detaileventp.php')
 3 SYSTEMPATH\View\View.php(216): CodeIgniter\View\View->CodeIgniter\View\{closure}()
 4 SYSTEMPATH\Common.php(1184): CodeIgniter\View\View->render('detaileventp', [], true)
 5 APPPATH\Controllers\DetailEvent.php(427): view('detaileventp', [...])
 6 SYSTEMPATH\CodeIgniter.php(934): App\Controllers\DetailEvent->peserta('images', 'bg-01.jpg')
 7 SYSTEMPATH\CodeIgniter.php(499): CodeIgniter\CodeIgniter->runController(Object(App\Controllers\DetailEvent))
 8 SYSTEMPATH\CodeIgniter.php(368): CodeIgniter\CodeIgniter->handleRequest(null, Object(Config\Cache), false)
 9 FCPATH\index.php(67): CodeIgniter\CodeIgniter->run()
10 SYSTEMPATH\Commands\Server\rewrite.php(47): require_once('D:\\TUGAS\\KULIAH\\P2MW\\hehe\\gohitfinal\\public\\index.php')
INFO - 2025-05-15 04:15:51 --> Session: Class initialized using 'CodeIgniter\Session\Handlers\FileHandler' driver.
INFO - 2025-05-15 04:15:53 --> Session: Class initialized using 'CodeIgniter\Session\Handlers\FileHandler' driver.
INFO - 2025-05-15 04:16:26 --> Session: Class initialized using 'CodeIgniter\Session\Handlers\FileHandler' driver.
INFO - 2025-05-15 07:59:08 --> Session: Class initialized using 'CodeIgniter\Session\Handlers\FileHandler' driver.
INFO - 2025-05-15 07:59:11 --> Session: Class initialized using 'CodeIgniter\Session\Handlers\FileHandler' driver.
CRITICAL - 2025-05-15 07:59:11 --> Trying to access array offset on value of type null
in APPPATH\Controllers\DetailEvent.php on line 66.
 1 APPPATH\Controllers\DetailEvent.php(66): CodeIgniter\Debug\Exceptions->errorHandler(2, 'Trying to access array offset on value of type null', 'D:\\TUGAS\\KULIAH\\P2MW\\hehe\\gohitfinal\\app\\Controllers\\DetailEvent.php', 66)
 2 SYSTEMPATH\CodeIgniter.php(934): App\Controllers\DetailEvent->index('26')
 3 SYSTEMPATH\CodeIgniter.php(499): CodeIgniter\CodeIgniter->runController(Object(App\Controllers\DetailEvent))
 4 SYSTEMPATH\CodeIgniter.php(368): CodeIgniter\CodeIgniter->handleRequest(null, Object(Config\Cache), false)
 5 FCPATH\index.php(67): CodeIgniter\CodeIgniter->run()
 6 SYSTEMPATH\Commands\Server\rewrite.php(47): require_once('D:\\TUGAS\\KULIAH\\P2MW\\hehe\\gohitfinal\\public\\index.php')
INFO - 2025-05-15 08:00:00 --> Session: Class initialized using 'CodeIgniter\Session\Handlers\FileHandler' driver.
CRITICAL - 2025-05-15 08:00:00 --> Trying to access array offset on value of type null
in APPPATH\Controllers\DetailEvent.php on line 66.
 1 APPPATH\Controllers\DetailEvent.php(66): CodeIgniter\Debug\Exceptions->errorHandler(2, 'Trying to access array offset on value of type null', 'D:\\TUGAS\\KULIAH\\P2MW\\hehe\\gohitfinal\\app\\Controllers\\DetailEvent.php', 66)
 2 SYSTEMPATH\CodeIgniter.php(934): App\Controllers\DetailEvent->index('26')
 3 SYSTEMPATH\CodeIgniter.php(499): CodeIgniter\CodeIgniter->runController(Object(App\Controllers\DetailEvent))
 4 SYSTEMPATH\CodeIgniter.php(368): CodeIgniter\CodeIgniter->handleRequest(null, Object(Config\Cache), false)
 5 FCPATH\index.php(67): CodeIgniter\CodeIgniter->run()
 6 SYSTEMPATH\Commands\Server\rewrite.php(47): require_once('D:\\TUGAS\\KULIAH\\P2MW\\hehe\\gohitfinal\\public\\index.php')
INFO - 2025-05-15 08:00:01 --> Session: Class initialized using 'CodeIgniter\Session\Handlers\FileHandler' driver.
CRITICAL - 2025-05-15 08:00:01 --> Trying to access array offset on value of type null
in APPPATH\Controllers\DetailEvent.php on line 66.
 1 APPPATH\Controllers\DetailEvent.php(66): CodeIgniter\Debug\Exceptions->errorHandler(2, 'Trying to access array offset on value of type null', 'D:\\TUGAS\\KULIAH\\P2MW\\hehe\\gohitfinal\\app\\Controllers\\DetailEvent.php', 66)
 2 SYSTEMPATH\CodeIgniter.php(934): App\Controllers\DetailEvent->index('26')
 3 SYSTEMPATH\CodeIgniter.php(499): CodeIgniter\CodeIgniter->runController(Object(App\Controllers\DetailEvent))
 4 SYSTEMPATH\CodeIgniter.php(368): CodeIgniter\CodeIgniter->handleRequest(null, Object(Config\Cache), false)
 5 FCPATH\index.php(67): CodeIgniter\CodeIgniter->run()
 6 SYSTEMPATH\Commands\Server\rewrite.php(47): require_once('D:\\TUGAS\\KULIAH\\P2MW\\hehe\\gohitfinal\\public\\index.php')
INFO - 2025-05-15 08:00:02 --> Session: Class initialized using 'CodeIgniter\Session\Handlers\FileHandler' driver.
CRITICAL - 2025-05-15 08:00:02 --> Trying to access array offset on value of type null
in APPPATH\Controllers\DetailEvent.php on line 66.
 1 APPPATH\Controllers\DetailEvent.php(66): CodeIgniter\Debug\Exceptions->errorHandler(2, 'Trying to access array offset on value of type null', 'D:\\TUGAS\\KULIAH\\P2MW\\hehe\\gohitfinal\\app\\Controllers\\DetailEvent.php', 66)
 2 SYSTEMPATH\CodeIgniter.php(934): App\Controllers\DetailEvent->index('26')
 3 SYSTEMPATH\CodeIgniter.php(499): CodeIgniter\CodeIgniter->runController(Object(App\Controllers\DetailEvent))
 4 SYSTEMPATH\CodeIgniter.php(368): CodeIgniter\CodeIgniter->handleRequest(null, Object(Config\Cache), false)
 5 FCPATH\index.php(67): CodeIgniter\CodeIgniter->run()
 6 SYSTEMPATH\Commands\Server\rewrite.php(47): require_once('D:\\TUGAS\\KULIAH\\P2MW\\hehe\\gohitfinal\\public\\index.php')
INFO - 2025-05-15 08:00:02 --> Session: Class initialized using 'CodeIgniter\Session\Handlers\FileHandler' driver.
CRITICAL - 2025-05-15 08:00:02 --> Trying to access array offset on value of type null
in APPPATH\Controllers\DetailEvent.php on line 66.
 1 APPPATH\Controllers\DetailEvent.php(66): CodeIgniter\Debug\Exceptions->errorHandler(2, 'Trying to access array offset on value of type null', 'D:\\TUGAS\\KULIAH\\P2MW\\hehe\\gohitfinal\\app\\Controllers\\DetailEvent.php', 66)
 2 SYSTEMPATH\CodeIgniter.php(934): App\Controllers\DetailEvent->index('26')
 3 SYSTEMPATH\CodeIgniter.php(499): CodeIgniter\CodeIgniter->runController(Object(App\Controllers\DetailEvent))
 4 SYSTEMPATH\CodeIgniter.php(368): CodeIgniter\CodeIgniter->handleRequest(null, Object(Config\Cache), false)
 5 FCPATH\index.php(67): CodeIgniter\CodeIgniter->run()
 6 SYSTEMPATH\Commands\Server\rewrite.php(47): require_once('D:\\TUGAS\\KULIAH\\P2MW\\hehe\\gohitfinal\\public\\index.php')
INFO - 2025-05-15 08:00:03 --> Session: Class initialized using 'CodeIgniter\Session\Handlers\FileHandler' driver.
CRITICAL - 2025-05-15 08:00:03 --> Trying to access array offset on value of type null
in APPPATH\Controllers\DetailEvent.php on line 66.
 1 APPPATH\Controllers\DetailEvent.php(66): CodeIgniter\Debug\Exceptions->errorHandler(2, 'Trying to access array offset on value of type null', 'D:\\TUGAS\\KULIAH\\P2MW\\hehe\\gohitfinal\\app\\Controllers\\DetailEvent.php', 66)
 2 SYSTEMPATH\CodeIgniter.php(934): App\Controllers\DetailEvent->index('26')
 3 SYSTEMPATH\CodeIgniter.php(499): CodeIgniter\CodeIgniter->runController(Object(App\Controllers\DetailEvent))
 4 SYSTEMPATH\CodeIgniter.php(368): CodeIgniter\CodeIgniter->handleRequest(null, Object(Config\Cache), false)
 5 FCPATH\index.php(67): CodeIgniter\CodeIgniter->run()
 6 SYSTEMPATH\Commands\Server\rewrite.php(47): require_once('D:\\TUGAS\\KULIAH\\P2MW\\hehe\\gohitfinal\\public\\index.php')
INFO - 2025-05-15 08:00:04 --> Session: Class initialized using 'CodeIgniter\Session\Handlers\FileHandler' driver.
CRITICAL - 2025-05-15 08:00:04 --> Trying to access array offset on value of type null
in APPPATH\Controllers\DetailEvent.php on line 66.
 1 APPPATH\Controllers\DetailEvent.php(66): CodeIgniter\Debug\Exceptions->errorHandler(2, 'Trying to access array offset on value of type null', 'D:\\TUGAS\\KULIAH\\P2MW\\hehe\\gohitfinal\\app\\Controllers\\DetailEvent.php', 66)
 2 SYSTEMPATH\CodeIgniter.php(934): App\Controllers\DetailEvent->index('26')
 3 SYSTEMPATH\CodeIgniter.php(499): CodeIgniter\CodeIgniter->runController(Object(App\Controllers\DetailEvent))
 4 SYSTEMPATH\CodeIgniter.php(368): CodeIgniter\CodeIgniter->handleRequest(null, Object(Config\Cache), false)
 5 FCPATH\index.php(67): CodeIgniter\CodeIgniter->run()
 6 SYSTEMPATH\Commands\Server\rewrite.php(47): require_once('D:\\TUGAS\\KULIAH\\P2MW\\hehe\\gohitfinal\\public\\index.php')
INFO - 2025-05-15 08:01:25 --> Session: Class initialized using 'CodeIgniter\Session\Handlers\FileHandler' driver.
CRITICAL - 2025-05-15 08:01:25 --> Undefined variable $level
in APPPATH\Views\partial\peserta2.php on line 224.
 1 APPPATH\Views\partial\peserta2.php(224): CodeIgniter\Debug\Exceptions->errorHandler(2, 'Undefined variable $level', 'D:\\TUGAS\\KULIAH\\P2MW\\hehe\\gohitfinal\\app\\Views\\partial\\peserta2.php', 224)
 2 SYSTEMPATH\View\View.php(213): include('D:\\TUGAS\\KULIAH\\P2MW\\hehe\\gohitfinal\\app\\Views\\partial\\peserta2.php')
 3 SYSTEMPATH\View\View.php(216): CodeIgniter\View\View->CodeIgniter\View\{closure}()
 4 SYSTEMPATH\View\View.php(431): CodeIgniter\View\View->render('partial/peserta2', null, true)
 5 APPPATH\Views\detailTour.php(65): CodeIgniter\View\View->include('partial/peserta2')
 6 SYSTEMPATH\View\View.php(213): include('D:\\TUGAS\\KULIAH\\P2MW\\hehe\\gohitfinal\\app\\Views\\detailTour.php')
 7 SYSTEMPATH\View\View.php(216): CodeIgniter\View\View->CodeIgniter\View\{closure}()
 8 SYSTEMPATH\Common.php(1184): CodeIgniter\View\View->render('detailTour', [], true)
 9 APPPATH\Controllers\DetailEvent.php(170): view('detailTour', [...])
10 SYSTEMPATH\CodeIgniter.php(934): App\Controllers\DetailEvent->index('26')
11 SYSTEMPATH\CodeIgniter.php(499): CodeIgniter\CodeIgniter->runController(Object(App\Controllers\DetailEvent))
12 SYSTEMPATH\CodeIgniter.php(368): CodeIgniter\CodeIgniter->handleRequest(null, Object(Config\Cache), false)
13 FCPATH\index.php(67): CodeIgniter\CodeIgniter->run()
14 SYSTEMPATH\Commands\Server\rewrite.php(47): require_once('D:\\TUGAS\\KULIAH\\P2MW\\hehe\\gohitfinal\\public\\index.php')
INFO - 2025-05-15 08:01:25 --> Session: Class initialized using 'CodeIgniter\Session\Handlers\FileHandler' driver.
CRITICAL - 2025-05-15 08:01:25 --> foreach() argument must be of type array|object, null given
in SYSTEMPATH\Database\BaseBuilder.php on line 411.
 1 SYSTEMPATH\Database\BaseBuilder.php(411): CodeIgniter\Debug\Exceptions->errorHandler(2, 'foreach() argument must be of type array|object, null given', 'D:\\TUGAS\\KULIAH\\P2MW\\hehe\\gohitfinal\\system\\Database\\BaseBuilder.php', 411)
 2 SYSTEMPATH\Model.php(840): CodeIgniter\Database\BaseBuilder->select(null)
 3 APPPATH\Models\Fisher.php(20): CodeIgniter\Model->__call('select', [...])
 4 APPPATH\Controllers\DetailEvent.php(66): App\Models\Fisher->getUserPointBySport(null, null)
 5 SYSTEMPATH\CodeIgniter.php(934): App\Controllers\DetailEvent->index('css', 'main.css')
 6 SYSTEMPATH\CodeIgniter.php(499): CodeIgniter\CodeIgniter->runController(Object(App\Controllers\DetailEvent))
 7 SYSTEMPATH\CodeIgniter.php(368): CodeIgniter\CodeIgniter->handleRequest(null, Object(Config\Cache), false)
 8 FCPATH\index.php(67): CodeIgniter\CodeIgniter->run()
 9 SYSTEMPATH\Commands\Server\rewrite.php(47): require_once('D:\\TUGAS\\KULIAH\\P2MW\\hehe\\gohitfinal\\public\\index.php')
INFO - 2025-05-15 08:01:25 --> Session: Class initialized using 'CodeIgniter\Session\Handlers\FileHandler' driver.
CRITICAL - 2025-05-15 08:01:25 --> foreach() argument must be of type array|object, null given
in SYSTEMPATH\Database\BaseBuilder.php on line 411.
 1 SYSTEMPATH\Database\BaseBuilder.php(411): CodeIgniter\Debug\Exceptions->errorHandler(2, 'foreach() argument must be of type array|object, null given', 'D:\\TUGAS\\KULIAH\\P2MW\\hehe\\gohitfinal\\system\\Database\\BaseBuilder.php', 411)
 2 SYSTEMPATH\Model.php(840): CodeIgniter\Database\BaseBuilder->select(null)
 3 APPPATH\Models\Fisher.php(20): CodeIgniter\Model->__call('select', [...])
 4 APPPATH\Controllers\DetailEvent.php(66): App\Models\Fisher->getUserPointBySport(null, null)
 5 SYSTEMPATH\CodeIgniter.php(934): App\Controllers\DetailEvent->index('images', 'bg-01.jpg')
 6 SYSTEMPATH\CodeIgniter.php(499): CodeIgniter\CodeIgniter->runController(Object(App\Controllers\DetailEvent))
 7 SYSTEMPATH\CodeIgniter.php(368): CodeIgniter\CodeIgniter->handleRequest(null, Object(Config\Cache), false)
 8 FCPATH\index.php(67): CodeIgniter\CodeIgniter->run()
 9 SYSTEMPATH\Commands\Server\rewrite.php(47): require_once('D:\\TUGAS\\KULIAH\\P2MW\\hehe\\gohitfinal\\public\\index.php')
INFO - 2025-05-15 08:01:27 --> Session: Class initialized using 'CodeIgniter\Session\Handlers\FileHandler' driver.
CRITICAL - 2025-05-15 08:01:27 --> Undefined variable $level
in APPPATH\Views\partial\peserta2.php on line 224.
 1 APPPATH\Views\partial\peserta2.php(224): CodeIgniter\Debug\Exceptions->errorHandler(2, 'Undefined variable $level', 'D:\\TUGAS\\KULIAH\\P2MW\\hehe\\gohitfinal\\app\\Views\\partial\\peserta2.php', 224)
 2 SYSTEMPATH\View\View.php(213): include('D:\\TUGAS\\KULIAH\\P2MW\\hehe\\gohitfinal\\app\\Views\\partial\\peserta2.php')
 3 SYSTEMPATH\View\View.php(216): CodeIgniter\View\View->CodeIgniter\View\{closure}()
 4 SYSTEMPATH\View\View.php(431): CodeIgniter\View\View->render('partial/peserta2', null, true)
 5 APPPATH\Views\detailTour.php(65): CodeIgniter\View\View->include('partial/peserta2')
 6 SYSTEMPATH\View\View.php(213): include('D:\\TUGAS\\KULIAH\\P2MW\\hehe\\gohitfinal\\app\\Views\\detailTour.php')
 7 SYSTEMPATH\View\View.php(216): CodeIgniter\View\View->CodeIgniter\View\{closure}()
 8 SYSTEMPATH\Common.php(1184): CodeIgniter\View\View->render('detailTour', [], true)
 9 APPPATH\Controllers\DetailEvent.php(170): view('detailTour', [...])
10 SYSTEMPATH\CodeIgniter.php(934): App\Controllers\DetailEvent->index('26')
11 SYSTEMPATH\CodeIgniter.php(499): CodeIgniter\CodeIgniter->runController(Object(App\Controllers\DetailEvent))
12 SYSTEMPATH\CodeIgniter.php(368): CodeIgniter\CodeIgniter->handleRequest(null, Object(Config\Cache), false)
13 FCPATH\index.php(67): CodeIgniter\CodeIgniter->run()
14 SYSTEMPATH\Commands\Server\rewrite.php(47): require_once('D:\\TUGAS\\KULIAH\\P2MW\\hehe\\gohitfinal\\public\\index.php')
INFO - 2025-05-15 08:01:27 --> Session: Class initialized using 'CodeIgniter\Session\Handlers\FileHandler' driver.
CRITICAL - 2025-05-15 08:01:27 --> foreach() argument must be of type array|object, null given
in SYSTEMPATH\Database\BaseBuilder.php on line 411.
 1 SYSTEMPATH\Database\BaseBuilder.php(411): CodeIgniter\Debug\Exceptions->errorHandler(2, 'foreach() argument must be of type array|object, null given', 'D:\\TUGAS\\KULIAH\\P2MW\\hehe\\gohitfinal\\system\\Database\\BaseBuilder.php', 411)
 2 SYSTEMPATH\Model.php(840): CodeIgniter\Database\BaseBuilder->select(null)
 3 APPPATH\Models\Fisher.php(20): CodeIgniter\Model->__call('select', [...])
 4 APPPATH\Controllers\DetailEvent.php(66): App\Models\Fisher->getUserPointBySport(null, null)
 5 SYSTEMPATH\CodeIgniter.php(934): App\Controllers\DetailEvent->index('css', 'main.css')
 6 SYSTEMPATH\CodeIgniter.php(499): CodeIgniter\CodeIgniter->runController(Object(App\Controllers\DetailEvent))
 7 SYSTEMPATH\CodeIgniter.php(368): CodeIgniter\CodeIgniter->handleRequest(null, Object(Config\Cache), false)
 8 FCPATH\index.php(67): CodeIgniter\CodeIgniter->run()
 9 SYSTEMPATH\Commands\Server\rewrite.php(47): require_once('D:\\TUGAS\\KULIAH\\P2MW\\hehe\\gohitfinal\\public\\index.php')
INFO - 2025-05-15 08:01:27 --> Session: Class initialized using 'CodeIgniter\Session\Handlers\FileHandler' driver.
CRITICAL - 2025-05-15 08:01:27 --> foreach() argument must be of type array|object, null given
in SYSTEMPATH\Database\BaseBuilder.php on line 411.
 1 SYSTEMPATH\Database\BaseBuilder.php(411): CodeIgniter\Debug\Exceptions->errorHandler(2, 'foreach() argument must be of type array|object, null given', 'D:\\TUGAS\\KULIAH\\P2MW\\hehe\\gohitfinal\\system\\Database\\BaseBuilder.php', 411)
 2 SYSTEMPATH\Model.php(840): CodeIgniter\Database\BaseBuilder->select(null)
 3 APPPATH\Models\Fisher.php(20): CodeIgniter\Model->__call('select', [...])
 4 APPPATH\Controllers\DetailEvent.php(66): App\Models\Fisher->getUserPointBySport(null, null)
 5 SYSTEMPATH\CodeIgniter.php(934): App\Controllers\DetailEvent->index('images', 'bg-01.jpg')
 6 SYSTEMPATH\CodeIgniter.php(499): CodeIgniter\CodeIgniter->runController(Object(App\Controllers\DetailEvent))
 7 SYSTEMPATH\CodeIgniter.php(368): CodeIgniter\CodeIgniter->handleRequest(null, Object(Config\Cache), false)
 8 FCPATH\index.php(67): CodeIgniter\CodeIgniter->run()
 9 SYSTEMPATH\Commands\Server\rewrite.php(47): require_once('D:\\TUGAS\\KULIAH\\P2MW\\hehe\\gohitfinal\\public\\index.php')
INFO - 2025-05-15 08:03:03 --> Session: Class initialized using 'CodeIgniter\Session\Handlers\FileHandler' driver.
CRITICAL - 2025-05-15 08:03:03 --> Undefined variable $level
in APPPATH\Views\partial\peserta2.php on line 224.
 1 APPPATH\Views\partial\peserta2.php(224): CodeIgniter\Debug\Exceptions->errorHandler(2, 'Undefined variable $level', 'D:\\TUGAS\\KULIAH\\P2MW\\hehe\\gohitfinal\\app\\Views\\partial\\peserta2.php', 224)
 2 SYSTEMPATH\View\View.php(213): include('D:\\TUGAS\\KULIAH\\P2MW\\hehe\\gohitfinal\\app\\Views\\partial\\peserta2.php')
 3 SYSTEMPATH\View\View.php(216): CodeIgniter\View\View->CodeIgniter\View\{closure}()
 4 SYSTEMPATH\View\View.php(431): CodeIgniter\View\View->render('partial/peserta2', null, true)
 5 APPPATH\Views\detailTour.php(65): CodeIgniter\View\View->include('partial/peserta2')
 6 SYSTEMPATH\View\View.php(213): include('D:\\TUGAS\\KULIAH\\P2MW\\hehe\\gohitfinal\\app\\Views\\detailTour.php')
 7 SYSTEMPATH\View\View.php(216): CodeIgniter\View\View->CodeIgniter\View\{closure}()
 8 SYSTEMPATH\Common.php(1184): CodeIgniter\View\View->render('detailTour', [], true)
 9 APPPATH\Controllers\DetailEvent.php(170): view('detailTour', [...])
10 SYSTEMPATH\CodeIgniter.php(934): App\Controllers\DetailEvent->index('26')
11 SYSTEMPATH\CodeIgniter.php(499): CodeIgniter\CodeIgniter->runController(Object(App\Controllers\DetailEvent))
12 SYSTEMPATH\CodeIgniter.php(368): CodeIgniter\CodeIgniter->handleRequest(null, Object(Config\Cache), false)
13 FCPATH\index.php(67): CodeIgniter\CodeIgniter->run()
14 SYSTEMPATH\Commands\Server\rewrite.php(47): require_once('D:\\TUGAS\\KULIAH\\P2MW\\hehe\\gohitfinal\\public\\index.php')
INFO - 2025-05-15 08:03:03 --> Session: Class initialized using 'CodeIgniter\Session\Handlers\FileHandler' driver.
CRITICAL - 2025-05-15 08:03:03 --> foreach() argument must be of type array|object, null given
in SYSTEMPATH\Database\BaseBuilder.php on line 411.
 1 SYSTEMPATH\Database\BaseBuilder.php(411): CodeIgniter\Debug\Exceptions->errorHandler(2, 'foreach() argument must be of type array|object, null given', 'D:\\TUGAS\\KULIAH\\P2MW\\hehe\\gohitfinal\\system\\Database\\BaseBuilder.php', 411)
 2 SYSTEMPATH\Model.php(840): CodeIgniter\Database\BaseBuilder->select(null)
 3 APPPATH\Models\Fisher.php(20): CodeIgniter\Model->__call('select', [...])
 4 APPPATH\Controllers\DetailEvent.php(66): App\Models\Fisher->getUserPointBySport(null, null)
 5 SYSTEMPATH\CodeIgniter.php(934): App\Controllers\DetailEvent->index('css', 'main.css')
 6 SYSTEMPATH\CodeIgniter.php(499): CodeIgniter\CodeIgniter->runController(Object(App\Controllers\DetailEvent))
 7 SYSTEMPATH\CodeIgniter.php(368): CodeIgniter\CodeIgniter->handleRequest(null, Object(Config\Cache), false)
 8 FCPATH\index.php(67): CodeIgniter\CodeIgniter->run()
 9 SYSTEMPATH\Commands\Server\rewrite.php(47): require_once('D:\\TUGAS\\KULIAH\\P2MW\\hehe\\gohitfinal\\public\\index.php')
INFO - 2025-05-15 08:03:03 --> Session: Class initialized using 'CodeIgniter\Session\Handlers\FileHandler' driver.
CRITICAL - 2025-05-15 08:03:03 --> foreach() argument must be of type array|object, null given
in SYSTEMPATH\Database\BaseBuilder.php on line 411.
 1 SYSTEMPATH\Database\BaseBuilder.php(411): CodeIgniter\Debug\Exceptions->errorHandler(2, 'foreach() argument must be of type array|object, null given', 'D:\\TUGAS\\KULIAH\\P2MW\\hehe\\gohitfinal\\system\\Database\\BaseBuilder.php', 411)
 2 SYSTEMPATH\Model.php(840): CodeIgniter\Database\BaseBuilder->select(null)
 3 APPPATH\Models\Fisher.php(20): CodeIgniter\Model->__call('select', [...])
 4 APPPATH\Controllers\DetailEvent.php(66): App\Models\Fisher->getUserPointBySport(null, null)
 5 SYSTEMPATH\CodeIgniter.php(934): App\Controllers\DetailEvent->index('images', 'bg-01.jpg')
 6 SYSTEMPATH\CodeIgniter.php(499): CodeIgniter\CodeIgniter->runController(Object(App\Controllers\DetailEvent))
 7 SYSTEMPATH\CodeIgniter.php(368): CodeIgniter\CodeIgniter->handleRequest(null, Object(Config\Cache), false)
 8 FCPATH\index.php(67): CodeIgniter\CodeIgniter->run()
 9 SYSTEMPATH\Commands\Server\rewrite.php(47): require_once('D:\\TUGAS\\KULIAH\\P2MW\\hehe\\gohitfinal\\public\\index.php')
INFO - 2025-05-15 08:03:55 --> Session: Class initialized using 'CodeIgniter\Session\Handlers\FileHandler' driver.
INFO - 2025-05-15 08:03:58 --> Session: Class initialized using 'CodeIgniter\Session\Handlers\FileHandler' driver.
CRITICAL - 2025-05-15 08:03:58 --> Undefined variable $level
in APPPATH\Views\partial\peserta2.php on line 224.
 1 APPPATH\Views\partial\peserta2.php(224): CodeIgniter\Debug\Exceptions->errorHandler(2, 'Undefined variable $level', 'D:\\TUGAS\\KULIAH\\P2MW\\hehe\\gohitfinal\\app\\Views\\partial\\peserta2.php', 224)
 2 SYSTEMPATH\View\View.php(213): include('D:\\TUGAS\\KULIAH\\P2MW\\hehe\\gohitfinal\\app\\Views\\partial\\peserta2.php')
 3 SYSTEMPATH\View\View.php(216): CodeIgniter\View\View->CodeIgniter\View\{closure}()
 4 SYSTEMPATH\View\View.php(431): CodeIgniter\View\View->render('partial/peserta2', null, true)
 5 APPPATH\Views\detailTour.php(65): CodeIgniter\View\View->include('partial/peserta2')
 6 SYSTEMPATH\View\View.php(213): include('D:\\TUGAS\\KULIAH\\P2MW\\hehe\\gohitfinal\\app\\Views\\detailTour.php')
 7 SYSTEMPATH\View\View.php(216): CodeIgniter\View\View->CodeIgniter\View\{closure}()
 8 SYSTEMPATH\Common.php(1184): CodeIgniter\View\View->render('detailTour', [], true)
 9 APPPATH\Controllers\DetailEvent.php(170): view('detailTour', [...])
10 SYSTEMPATH\CodeIgniter.php(934): App\Controllers\DetailEvent->index('26')
11 SYSTEMPATH\CodeIgniter.php(499): CodeIgniter\CodeIgniter->runController(Object(App\Controllers\DetailEvent))
12 SYSTEMPATH\CodeIgniter.php(368): CodeIgniter\CodeIgniter->handleRequest(null, Object(Config\Cache), false)
13 FCPATH\index.php(67): CodeIgniter\CodeIgniter->run()
14 SYSTEMPATH\Commands\Server\rewrite.php(47): require_once('D:\\TUGAS\\KULIAH\\P2MW\\hehe\\gohitfinal\\public\\index.php')
INFO - 2025-05-15 08:03:58 --> Session: Class initialized using 'CodeIgniter\Session\Handlers\FileHandler' driver.
CRITICAL - 2025-05-15 08:03:58 --> foreach() argument must be of type array|object, null given
in SYSTEMPATH\Database\BaseBuilder.php on line 411.
 1 SYSTEMPATH\Database\BaseBuilder.php(411): CodeIgniter\Debug\Exceptions->errorHandler(2, 'foreach() argument must be of type array|object, null given', 'D:\\TUGAS\\KULIAH\\P2MW\\hehe\\gohitfinal\\system\\Database\\BaseBuilder.php', 411)
 2 SYSTEMPATH\Model.php(840): CodeIgniter\Database\BaseBuilder->select(null)
 3 APPPATH\Models\Fisher.php(20): CodeIgniter\Model->__call('select', [...])
 4 APPPATH\Controllers\DetailEvent.php(66): App\Models\Fisher->getUserPointBySport(null, null)
 5 SYSTEMPATH\CodeIgniter.php(934): App\Controllers\DetailEvent->index('css', 'main.css')
 6 SYSTEMPATH\CodeIgniter.php(499): CodeIgniter\CodeIgniter->runController(Object(App\Controllers\DetailEvent))
 7 SYSTEMPATH\CodeIgniter.php(368): CodeIgniter\CodeIgniter->handleRequest(null, Object(Config\Cache), false)
 8 FCPATH\index.php(67): CodeIgniter\CodeIgniter->run()
 9 SYSTEMPATH\Commands\Server\rewrite.php(47): require_once('D:\\TUGAS\\KULIAH\\P2MW\\hehe\\gohitfinal\\public\\index.php')
INFO - 2025-05-15 08:03:58 --> Session: Class initialized using 'CodeIgniter\Session\Handlers\FileHandler' driver.
CRITICAL - 2025-05-15 08:03:58 --> foreach() argument must be of type array|object, null given
in SYSTEMPATH\Database\BaseBuilder.php on line 411.
 1 SYSTEMPATH\Database\BaseBuilder.php(411): CodeIgniter\Debug\Exceptions->errorHandler(2, 'foreach() argument must be of type array|object, null given', 'D:\\TUGAS\\KULIAH\\P2MW\\hehe\\gohitfinal\\system\\Database\\BaseBuilder.php', 411)
 2 SYSTEMPATH\Model.php(840): CodeIgniter\Database\BaseBuilder->select(null)
 3 APPPATH\Models\Fisher.php(20): CodeIgniter\Model->__call('select', [...])
 4 APPPATH\Controllers\DetailEvent.php(66): App\Models\Fisher->getUserPointBySport(null, null)
 5 SYSTEMPATH\CodeIgniter.php(934): App\Controllers\DetailEvent->index('images', 'bg-01.jpg')
 6 SYSTEMPATH\CodeIgniter.php(499): CodeIgniter\CodeIgniter->runController(Object(App\Controllers\DetailEvent))
 7 SYSTEMPATH\CodeIgniter.php(368): CodeIgniter\CodeIgniter->handleRequest(null, Object(Config\Cache), false)
 8 FCPATH\index.php(67): CodeIgniter\CodeIgniter->run()
 9 SYSTEMPATH\Commands\Server\rewrite.php(47): require_once('D:\\TUGAS\\KULIAH\\P2MW\\hehe\\gohitfinal\\public\\index.php')
INFO - 2025-05-15 08:04:08 --> Session: Class initialized using 'CodeIgniter\Session\Handlers\FileHandler' driver.
CRITICAL - 2025-05-15 08:04:08 --> Trying to access array offset on value of type null
in APPPATH\Controllers\DetailEvent.php on line 66.
 1 APPPATH\Controllers\DetailEvent.php(66): CodeIgniter\Debug\Exceptions->errorHandler(2, 'Trying to access array offset on value of type null', 'D:\\TUGAS\\KULIAH\\P2MW\\hehe\\gohitfinal\\app\\Controllers\\DetailEvent.php', 66)
 2 SYSTEMPATH\CodeIgniter.php(934): App\Controllers\DetailEvent->index('26')
 3 SYSTEMPATH\CodeIgniter.php(499): CodeIgniter\CodeIgniter->runController(Object(App\Controllers\DetailEvent))
 4 SYSTEMPATH\CodeIgniter.php(368): CodeIgniter\CodeIgniter->handleRequest(null, Object(Config\Cache), false)
 5 FCPATH\index.php(67): CodeIgniter\CodeIgniter->run()
 6 SYSTEMPATH\Commands\Server\rewrite.php(47): require_once('D:\\TUGAS\\KULIAH\\P2MW\\hehe\\gohitfinal\\public\\index.php')
INFO - 2025-05-15 08:04:59 --> Session: Class initialized using 'CodeIgniter\Session\Handlers\FileHandler' driver.
INFO - 2025-05-15 08:05:00 --> Session: Class initialized using 'CodeIgniter\Session\Handlers\FileHandler' driver.
INFO - 2025-05-15 08:05:03 --> Session: Class initialized using 'CodeIgniter\Session\Handlers\FileHandler' driver.
INFO - 2025-05-15 08:05:05 --> Session: Class initialized using 'CodeIgniter\Session\Handlers\FileHandler' driver.
INFO - 2025-05-15 08:05:05 --> Session: Class initialized using 'CodeIgniter\Session\Handlers\FileHandler' driver.
CRITICAL - 2025-05-15 08:05:05 --> Undefined variable $tgl
in APPPATH\Views\detaileventp.php on line 24.
 1 APPPATH\Views\detaileventp.php(24): CodeIgniter\Debug\Exceptions->errorHandler(2, 'Undefined variable $tgl', 'D:\\TUGAS\\KULIAH\\P2MW\\hehe\\gohitfinal\\app\\Views\\detaileventp.php', 24)
 2 SYSTEMPATH\View\View.php(213): include('D:\\TUGAS\\KULIAH\\P2MW\\hehe\\gohitfinal\\app\\Views\\detaileventp.php')
 3 SYSTEMPATH\View\View.php(216): CodeIgniter\View\View->CodeIgniter\View\{closure}()
 4 SYSTEMPATH\Common.php(1184): CodeIgniter\View\View->render('detaileventp', [], true)
 5 APPPATH\Controllers\DetailEvent.php(429): view('detaileventp', [...])
 6 SYSTEMPATH\CodeIgniter.php(934): App\Controllers\DetailEvent->peserta('css', 'main.css')
 7 SYSTEMPATH\CodeIgniter.php(499): CodeIgniter\CodeIgniter->runController(Object(App\Controllers\DetailEvent))
 8 SYSTEMPATH\CodeIgniter.php(368): CodeIgniter\CodeIgniter->handleRequest(null, Object(Config\Cache), false)
 9 FCPATH\index.php(67): CodeIgniter\CodeIgniter->run()
10 SYSTEMPATH\Commands\Server\rewrite.php(47): require_once('D:\\TUGAS\\KULIAH\\P2MW\\hehe\\gohitfinal\\public\\index.php')
INFO - 2025-05-15 08:05:05 --> Session: Class initialized using 'CodeIgniter\Session\Handlers\FileHandler' driver.
CRITICAL - 2025-05-15 08:05:05 --> Undefined variable $tgl
in APPPATH\Views\detaileventp.php on line 24.
 1 APPPATH\Views\detaileventp.php(24): CodeIgniter\Debug\Exceptions->errorHandler(2, 'Undefined variable $tgl', 'D:\\TUGAS\\KULIAH\\P2MW\\hehe\\gohitfinal\\app\\Views\\detaileventp.php', 24)
 2 SYSTEMPATH\View\View.php(213): include('D:\\TUGAS\\KULIAH\\P2MW\\hehe\\gohitfinal\\app\\Views\\detaileventp.php')
 3 SYSTEMPATH\View\View.php(216): CodeIgniter\View\View->CodeIgniter\View\{closure}()
 4 SYSTEMPATH\Common.php(1184): CodeIgniter\View\View->render('detaileventp', [], true)
 5 APPPATH\Controllers\DetailEvent.php(429): view('detaileventp', [...])
 6 SYSTEMPATH\CodeIgniter.php(934): App\Controllers\DetailEvent->peserta('css', 'style.css')
 7 SYSTEMPATH\CodeIgniter.php(499): CodeIgniter\CodeIgniter->runController(Object(App\Controllers\DetailEvent))
 8 SYSTEMPATH\CodeIgniter.php(368): CodeIgniter\CodeIgniter->handleRequest(null, Object(Config\Cache), false)
 9 FCPATH\index.php(67): CodeIgniter\CodeIgniter->run()
10 SYSTEMPATH\Commands\Server\rewrite.php(47): require_once('D:\\TUGAS\\KULIAH\\P2MW\\hehe\\gohitfinal\\public\\index.php')
INFO - 2025-05-15 08:05:06 --> Session: Class initialized using 'CodeIgniter\Session\Handlers\FileHandler' driver.
CRITICAL - 2025-05-15 08:05:06 --> Undefined variable $tgl
in APPPATH\Views\detaileventp.php on line 24.
 1 APPPATH\Views\detaileventp.php(24): CodeIgniter\Debug\Exceptions->errorHandler(2, 'Undefined variable $tgl', 'D:\\TUGAS\\KULIAH\\P2MW\\hehe\\gohitfinal\\app\\Views\\detaileventp.php', 24)
 2 SYSTEMPATH\View\View.php(213): include('D:\\TUGAS\\KULIAH\\P2MW\\hehe\\gohitfinal\\app\\Views\\detaileventp.php')
 3 SYSTEMPATH\View\View.php(216): CodeIgniter\View\View->CodeIgniter\View\{closure}()
 4 SYSTEMPATH\Common.php(1184): CodeIgniter\View\View->render('detaileventp', [], true)
 5 APPPATH\Controllers\DetailEvent.php(429): view('detaileventp', [...])
 6 SYSTEMPATH\CodeIgniter.php(934): App\Controllers\DetailEvent->peserta('images', 'bg-01.jpg')
 7 SYSTEMPATH\CodeIgniter.php(499): CodeIgniter\CodeIgniter->runController(Object(App\Controllers\DetailEvent))
 8 SYSTEMPATH\CodeIgniter.php(368): CodeIgniter\CodeIgniter->handleRequest(null, Object(Config\Cache), false)
 9 FCPATH\index.php(67): CodeIgniter\CodeIgniter->run()
10 SYSTEMPATH\Commands\Server\rewrite.php(47): require_once('D:\\TUGAS\\KULIAH\\P2MW\\hehe\\gohitfinal\\public\\index.php')
INFO - 2025-05-15 08:05:08 --> Session: Class initialized using 'CodeIgniter\Session\Handlers\FileHandler' driver.
INFO - 2025-05-15 08:05:10 --> Session: Class initialized using 'CodeIgniter\Session\Handlers\FileHandler' driver.
INFO - 2025-05-15 08:05:10 --> Session: Class initialized using 'CodeIgniter\Session\Handlers\FileHandler' driver.
CRITICAL - 2025-05-15 08:05:10 --> Undefined variable $tgl
in APPPATH\Views\detaileventp.php on line 24.
 1 APPPATH\Views\detaileventp.php(24): CodeIgniter\Debug\Exceptions->errorHandler(2, 'Undefined variable $tgl', 'D:\\TUGAS\\KULIAH\\P2MW\\hehe\\gohitfinal\\app\\Views\\detaileventp.php', 24)
 2 SYSTEMPATH\View\View.php(213): include('D:\\TUGAS\\KULIAH\\P2MW\\hehe\\gohitfinal\\app\\Views\\detaileventp.php')
 3 SYSTEMPATH\View\View.php(216): CodeIgniter\View\View->CodeIgniter\View\{closure}()
 4 SYSTEMPATH\Common.php(1184): CodeIgniter\View\View->render('detaileventp', [], true)
 5 APPPATH\Controllers\DetailEvent.php(429): view('detaileventp', [...])
 6 SYSTEMPATH\CodeIgniter.php(934): App\Controllers\DetailEvent->peserta('css', 'main.css')
 7 SYSTEMPATH\CodeIgniter.php(499): CodeIgniter\CodeIgniter->runController(Object(App\Controllers\DetailEvent))
 8 SYSTEMPATH\CodeIgniter.php(368): CodeIgniter\CodeIgniter->handleRequest(null, Object(Config\Cache), false)
 9 FCPATH\index.php(67): CodeIgniter\CodeIgniter->run()
10 SYSTEMPATH\Commands\Server\rewrite.php(47): require_once('D:\\TUGAS\\KULIAH\\P2MW\\hehe\\gohitfinal\\public\\index.php')
INFO - 2025-05-15 08:05:10 --> Session: Class initialized using 'CodeIgniter\Session\Handlers\FileHandler' driver.
CRITICAL - 2025-05-15 08:05:10 --> Undefined variable $tgl
in APPPATH\Views\detaileventp.php on line 24.
 1 APPPATH\Views\detaileventp.php(24): CodeIgniter\Debug\Exceptions->errorHandler(2, 'Undefined variable $tgl', 'D:\\TUGAS\\KULIAH\\P2MW\\hehe\\gohitfinal\\app\\Views\\detaileventp.php', 24)
 2 SYSTEMPATH\View\View.php(213): include('D:\\TUGAS\\KULIAH\\P2MW\\hehe\\gohitfinal\\app\\Views\\detaileventp.php')
 3 SYSTEMPATH\View\View.php(216): CodeIgniter\View\View->CodeIgniter\View\{closure}()
 4 SYSTEMPATH\Common.php(1184): CodeIgniter\View\View->render('detaileventp', [], true)
 5 APPPATH\Controllers\DetailEvent.php(429): view('detaileventp', [...])
 6 SYSTEMPATH\CodeIgniter.php(934): App\Controllers\DetailEvent->peserta('css', 'style.css')
 7 SYSTEMPATH\CodeIgniter.php(499): CodeIgniter\CodeIgniter->runController(Object(App\Controllers\DetailEvent))
 8 SYSTEMPATH\CodeIgniter.php(368): CodeIgniter\CodeIgniter->handleRequest(null, Object(Config\Cache), false)
 9 FCPATH\index.php(67): CodeIgniter\CodeIgniter->run()
10 SYSTEMPATH\Commands\Server\rewrite.php(47): require_once('D:\\TUGAS\\KULIAH\\P2MW\\hehe\\gohitfinal\\public\\index.php')
INFO - 2025-05-15 08:05:10 --> Session: Class initialized using 'CodeIgniter\Session\Handlers\FileHandler' driver.
CRITICAL - 2025-05-15 08:05:10 --> Undefined variable $tgl
in APPPATH\Views\detaileventp.php on line 24.
 1 APPPATH\Views\detaileventp.php(24): CodeIgniter\Debug\Exceptions->errorHandler(2, 'Undefined variable $tgl', 'D:\\TUGAS\\KULIAH\\P2MW\\hehe\\gohitfinal\\app\\Views\\detaileventp.php', 24)
 2 SYSTEMPATH\View\View.php(213): include('D:\\TUGAS\\KULIAH\\P2MW\\hehe\\gohitfinal\\app\\Views\\detaileventp.php')
 3 SYSTEMPATH\View\View.php(216): CodeIgniter\View\View->CodeIgniter\View\{closure}()
 4 SYSTEMPATH\Common.php(1184): CodeIgniter\View\View->render('detaileventp', [], true)
 5 APPPATH\Controllers\DetailEvent.php(429): view('detaileventp', [...])
 6 SYSTEMPATH\CodeIgniter.php(934): App\Controllers\DetailEvent->peserta('images', 'bg-01.jpg')
 7 SYSTEMPATH\CodeIgniter.php(499): CodeIgniter\CodeIgniter->runController(Object(App\Controllers\DetailEvent))
 8 SYSTEMPATH\CodeIgniter.php(368): CodeIgniter\CodeIgniter->handleRequest(null, Object(Config\Cache), false)
 9 FCPATH\index.php(67): CodeIgniter\CodeIgniter->run()
10 SYSTEMPATH\Commands\Server\rewrite.php(47): require_once('D:\\TUGAS\\KULIAH\\P2MW\\hehe\\gohitfinal\\public\\index.php')
INFO - 2025-05-15 08:05:11 --> Session: Class initialized using 'CodeIgniter\Session\Handlers\FileHandler' driver.
INFO - 2025-05-15 08:05:12 --> Session: Class initialized using 'CodeIgniter\Session\Handlers\FileHandler' driver.
INFO - 2025-05-15 08:05:16 --> Session: Class initialized using 'CodeIgniter\Session\Handlers\FileHandler' driver.
INFO - 2025-05-15 08:05:17 --> Session: Class initialized using 'CodeIgniter\Session\Handlers\FileHandler' driver.
CRITICAL - 2025-05-15 08:05:17 --> foreach() argument must be of type array|object, null given
in SYSTEMPATH\Database\BaseBuilder.php on line 411.
 1 SYSTEMPATH\Database\BaseBuilder.php(411): CodeIgniter\Debug\Exceptions->errorHandler(2, 'foreach() argument must be of type array|object, null given', 'D:\\TUGAS\\KULIAH\\P2MW\\hehe\\gohitfinal\\system\\Database\\BaseBuilder.php', 411)
 2 SYSTEMPATH\Model.php(840): CodeIgniter\Database\BaseBuilder->select(null)
 3 APPPATH\Models\Fisher.php(20): CodeIgniter\Model->__call('select', [...])
 4 APPPATH\Controllers\DetailEvent.php(66): App\Models\Fisher->getUserPointBySport(null, null)
 5 SYSTEMPATH\CodeIgniter.php(934): App\Controllers\DetailEvent->index('css', 'main.css')
 6 SYSTEMPATH\CodeIgniter.php(499): CodeIgniter\CodeIgniter->runController(Object(App\Controllers\DetailEvent))
 7 SYSTEMPATH\CodeIgniter.php(368): CodeIgniter\CodeIgniter->handleRequest(null, Object(Config\Cache), false)
 8 FCPATH\index.php(67): CodeIgniter\CodeIgniter->run()
 9 SYSTEMPATH\Commands\Server\rewrite.php(47): require_once('D:\\TUGAS\\KULIAH\\P2MW\\hehe\\gohitfinal\\public\\index.php')
INFO - 2025-05-15 08:05:17 --> Session: Class initialized using 'CodeIgniter\Session\Handlers\FileHandler' driver.
CRITICAL - 2025-05-15 08:05:17 --> foreach() argument must be of type array|object, null given
in SYSTEMPATH\Database\BaseBuilder.php on line 411.
 1 SYSTEMPATH\Database\BaseBuilder.php(411): CodeIgniter\Debug\Exceptions->errorHandler(2, 'foreach() argument must be of type array|object, null given', 'D:\\TUGAS\\KULIAH\\P2MW\\hehe\\gohitfinal\\system\\Database\\BaseBuilder.php', 411)
 2 SYSTEMPATH\Model.php(840): CodeIgniter\Database\BaseBuilder->select(null)
 3 APPPATH\Models\Fisher.php(20): CodeIgniter\Model->__call('select', [...])
 4 APPPATH\Controllers\DetailEvent.php(66): App\Models\Fisher->getUserPointBySport(null, null)
 5 SYSTEMPATH\CodeIgniter.php(934): App\Controllers\DetailEvent->index('css', 'style.css')
 6 SYSTEMPATH\CodeIgniter.php(499): CodeIgniter\CodeIgniter->runController(Object(App\Controllers\DetailEvent))
 7 SYSTEMPATH\CodeIgniter.php(368): CodeIgniter\CodeIgniter->handleRequest(null, Object(Config\Cache), false)
 8 FCPATH\index.php(67): CodeIgniter\CodeIgniter->run()
 9 SYSTEMPATH\Commands\Server\rewrite.php(47): require_once('D:\\TUGAS\\KULIAH\\P2MW\\hehe\\gohitfinal\\public\\index.php')
INFO - 2025-05-15 08:05:17 --> Session: Class initialized using 'CodeIgniter\Session\Handlers\FileHandler' driver.
CRITICAL - 2025-05-15 08:05:17 --> foreach() argument must be of type array|object, null given
in SYSTEMPATH\Database\BaseBuilder.php on line 411.
 1 SYSTEMPATH\Database\BaseBuilder.php(411): CodeIgniter\Debug\Exceptions->errorHandler(2, 'foreach() argument must be of type array|object, null given', 'D:\\TUGAS\\KULIAH\\P2MW\\hehe\\gohitfinal\\system\\Database\\BaseBuilder.php', 411)
 2 SYSTEMPATH\Model.php(840): CodeIgniter\Database\BaseBuilder->select(null)
 3 APPPATH\Models\Fisher.php(20): CodeIgniter\Model->__call('select', [...])
 4 APPPATH\Controllers\DetailEvent.php(66): App\Models\Fisher->getUserPointBySport(null, null)
 5 SYSTEMPATH\CodeIgniter.php(934): App\Controllers\DetailEvent->index('images', 'bg-01.jpg')
 6 SYSTEMPATH\CodeIgniter.php(499): CodeIgniter\CodeIgniter->runController(Object(App\Controllers\DetailEvent))
 7 SYSTEMPATH\CodeIgniter.php(368): CodeIgniter\CodeIgniter->handleRequest(null, Object(Config\Cache), false)
 8 FCPATH\index.php(67): CodeIgniter\CodeIgniter->run()
 9 SYSTEMPATH\Commands\Server\rewrite.php(47): require_once('D:\\TUGAS\\KULIAH\\P2MW\\hehe\\gohitfinal\\public\\index.php')
INFO - 2025-05-15 08:05:27 --> Session: Class initialized using 'CodeIgniter\Session\Handlers\FileHandler' driver.
CRITICAL - 2025-05-15 08:05:27 --> Undefined variable $level
in APPPATH\Views\partial\peserta2.php on line 224.
 1 APPPATH\Views\partial\peserta2.php(224): CodeIgniter\Debug\Exceptions->errorHandler(2, 'Undefined variable $level', 'D:\\TUGAS\\KULIAH\\P2MW\\hehe\\gohitfinal\\app\\Views\\partial\\peserta2.php', 224)
 2 SYSTEMPATH\View\View.php(213): include('D:\\TUGAS\\KULIAH\\P2MW\\hehe\\gohitfinal\\app\\Views\\partial\\peserta2.php')
 3 SYSTEMPATH\View\View.php(216): CodeIgniter\View\View->CodeIgniter\View\{closure}()
 4 SYSTEMPATH\View\View.php(431): CodeIgniter\View\View->render('partial/peserta2', null, true)
 5 APPPATH\Views\detailTour.php(65): CodeIgniter\View\View->include('partial/peserta2')
 6 SYSTEMPATH\View\View.php(213): include('D:\\TUGAS\\KULIAH\\P2MW\\hehe\\gohitfinal\\app\\Views\\detailTour.php')
 7 SYSTEMPATH\View\View.php(216): CodeIgniter\View\View->CodeIgniter\View\{closure}()
 8 SYSTEMPATH\Common.php(1184): CodeIgniter\View\View->render('detailTour', [], true)
 9 APPPATH\Controllers\DetailEvent.php(170): view('detailTour', [...])
10 SYSTEMPATH\CodeIgniter.php(934): App\Controllers\DetailEvent->index('26')
11 SYSTEMPATH\CodeIgniter.php(499): CodeIgniter\CodeIgniter->runController(Object(App\Controllers\DetailEvent))
12 SYSTEMPATH\CodeIgniter.php(368): CodeIgniter\CodeIgniter->handleRequest(null, Object(Config\Cache), false)
13 FCPATH\index.php(67): CodeIgniter\CodeIgniter->run()
14 SYSTEMPATH\Commands\Server\rewrite.php(47): require_once('D:\\TUGAS\\KULIAH\\P2MW\\hehe\\gohitfinal\\public\\index.php')
INFO - 2025-05-15 08:05:28 --> Session: Class initialized using 'CodeIgniter\Session\Handlers\FileHandler' driver.
CRITICAL - 2025-05-15 08:05:28 --> foreach() argument must be of type array|object, null given
in SYSTEMPATH\Database\BaseBuilder.php on line 411.
 1 SYSTEMPATH\Database\BaseBuilder.php(411): CodeIgniter\Debug\Exceptions->errorHandler(2, 'foreach() argument must be of type array|object, null given', 'D:\\TUGAS\\KULIAH\\P2MW\\hehe\\gohitfinal\\system\\Database\\BaseBuilder.php', 411)
 2 SYSTEMPATH\Model.php(840): CodeIgniter\Database\BaseBuilder->select(null)
 3 APPPATH\Models\Fisher.php(20): CodeIgniter\Model->__call('select', [...])
 4 APPPATH\Controllers\DetailEvent.php(66): App\Models\Fisher->getUserPointBySport(null, null)
 5 SYSTEMPATH\CodeIgniter.php(934): App\Controllers\DetailEvent->index('css', 'main.css')
 6 SYSTEMPATH\CodeIgniter.php(499): CodeIgniter\CodeIgniter->runController(Object(App\Controllers\DetailEvent))
 7 SYSTEMPATH\CodeIgniter.php(368): CodeIgniter\CodeIgniter->handleRequest(null, Object(Config\Cache), false)
 8 FCPATH\index.php(67): CodeIgniter\CodeIgniter->run()
 9 SYSTEMPATH\Commands\Server\rewrite.php(47): require_once('D:\\TUGAS\\KULIAH\\P2MW\\hehe\\gohitfinal\\public\\index.php')
INFO - 2025-05-15 08:05:28 --> Session: Class initialized using 'CodeIgniter\Session\Handlers\FileHandler' driver.
CRITICAL - 2025-05-15 08:05:28 --> foreach() argument must be of type array|object, null given
in SYSTEMPATH\Database\BaseBuilder.php on line 411.
 1 SYSTEMPATH\Database\BaseBuilder.php(411): CodeIgniter\Debug\Exceptions->errorHandler(2, 'foreach() argument must be of type array|object, null given', 'D:\\TUGAS\\KULIAH\\P2MW\\hehe\\gohitfinal\\system\\Database\\BaseBuilder.php', 411)
 2 SYSTEMPATH\Model.php(840): CodeIgniter\Database\BaseBuilder->select(null)
 3 APPPATH\Models\Fisher.php(20): CodeIgniter\Model->__call('select', [...])
 4 APPPATH\Controllers\DetailEvent.php(66): App\Models\Fisher->getUserPointBySport(null, null)
 5 SYSTEMPATH\CodeIgniter.php(934): App\Controllers\DetailEvent->index('images', 'bg-01.jpg')
 6 SYSTEMPATH\CodeIgniter.php(499): CodeIgniter\CodeIgniter->runController(Object(App\Controllers\DetailEvent))
 7 SYSTEMPATH\CodeIgniter.php(368): CodeIgniter\CodeIgniter->handleRequest(null, Object(Config\Cache), false)
 8 FCPATH\index.php(67): CodeIgniter\CodeIgniter->run()
 9 SYSTEMPATH\Commands\Server\rewrite.php(47): require_once('D:\\TUGAS\\KULIAH\\P2MW\\hehe\\gohitfinal\\public\\index.php')
INFO - 2025-05-15 08:06:28 --> Session: Class initialized using 'CodeIgniter\Session\Handlers\FileHandler' driver.
INFO - 2025-05-15 08:06:28 --> Session: Class initialized using 'CodeIgniter\Session\Handlers\FileHandler' driver.
CRITICAL - 2025-05-15 08:06:28 --> foreach() argument must be of type array|object, null given
in SYSTEMPATH\Database\BaseBuilder.php on line 411.
 1 SYSTEMPATH\Database\BaseBuilder.php(411): CodeIgniter\Debug\Exceptions->errorHandler(2, 'foreach() argument must be of type array|object, null given', 'D:\\TUGAS\\KULIAH\\P2MW\\hehe\\gohitfinal\\system\\Database\\BaseBuilder.php', 411)
 2 SYSTEMPATH\Model.php(840): CodeIgniter\Database\BaseBuilder->select(null)
 3 APPPATH\Models\Fisher.php(20): CodeIgniter\Model->__call('select', [...])
 4 APPPATH\Controllers\DetailEvent.php(66): App\Models\Fisher->getUserPointBySport(null, null)
 5 SYSTEMPATH\CodeIgniter.php(934): App\Controllers\DetailEvent->index('css', 'main.css')
 6 SYSTEMPATH\CodeIgniter.php(499): CodeIgniter\CodeIgniter->runController(Object(App\Controllers\DetailEvent))
 7 SYSTEMPATH\CodeIgniter.php(368): CodeIgniter\CodeIgniter->handleRequest(null, Object(Config\Cache), false)
 8 FCPATH\index.php(67): CodeIgniter\CodeIgniter->run()
 9 SYSTEMPATH\Commands\Server\rewrite.php(47): require_once('D:\\TUGAS\\KULIAH\\P2MW\\hehe\\gohitfinal\\public\\index.php')
INFO - 2025-05-15 08:06:28 --> Session: Class initialized using 'CodeIgniter\Session\Handlers\FileHandler' driver.
CRITICAL - 2025-05-15 08:06:28 --> foreach() argument must be of type array|object, null given
in SYSTEMPATH\Database\BaseBuilder.php on line 411.
 1 SYSTEMPATH\Database\BaseBuilder.php(411): CodeIgniter\Debug\Exceptions->errorHandler(2, 'foreach() argument must be of type array|object, null given', 'D:\\TUGAS\\KULIAH\\P2MW\\hehe\\gohitfinal\\system\\Database\\BaseBuilder.php', 411)
 2 SYSTEMPATH\Model.php(840): CodeIgniter\Database\BaseBuilder->select(null)
 3 APPPATH\Models\Fisher.php(20): CodeIgniter\Model->__call('select', [...])
 4 APPPATH\Controllers\DetailEvent.php(66): App\Models\Fisher->getUserPointBySport(null, null)
 5 SYSTEMPATH\CodeIgniter.php(934): App\Controllers\DetailEvent->index('css', 'style.css')
 6 SYSTEMPATH\CodeIgniter.php(499): CodeIgniter\CodeIgniter->runController(Object(App\Controllers\DetailEvent))
 7 SYSTEMPATH\CodeIgniter.php(368): CodeIgniter\CodeIgniter->handleRequest(null, Object(Config\Cache), false)
 8 FCPATH\index.php(67): CodeIgniter\CodeIgniter->run()
 9 SYSTEMPATH\Commands\Server\rewrite.php(47): require_once('D:\\TUGAS\\KULIAH\\P2MW\\hehe\\gohitfinal\\public\\index.php')
INFO - 2025-05-15 08:06:29 --> Session: Class initialized using 'CodeIgniter\Session\Handlers\FileHandler' driver.
CRITICAL - 2025-05-15 08:06:29 --> foreach() argument must be of type array|object, null given
in SYSTEMPATH\Database\BaseBuilder.php on line 411.
 1 SYSTEMPATH\Database\BaseBuilder.php(411): CodeIgniter\Debug\Exceptions->errorHandler(2, 'foreach() argument must be of type array|object, null given', 'D:\\TUGAS\\KULIAH\\P2MW\\hehe\\gohitfinal\\system\\Database\\BaseBuilder.php', 411)
 2 SYSTEMPATH\Model.php(840): CodeIgniter\Database\BaseBuilder->select(null)
 3 APPPATH\Models\Fisher.php(20): CodeIgniter\Model->__call('select', [...])
 4 APPPATH\Controllers\DetailEvent.php(66): App\Models\Fisher->getUserPointBySport(null, null)
 5 SYSTEMPATH\CodeIgniter.php(934): App\Controllers\DetailEvent->index('images', 'bg-01.jpg')
 6 SYSTEMPATH\CodeIgniter.php(499): CodeIgniter\CodeIgniter->runController(Object(App\Controllers\DetailEvent))
 7 SYSTEMPATH\CodeIgniter.php(368): CodeIgniter\CodeIgniter->handleRequest(null, Object(Config\Cache), false)
 8 FCPATH\index.php(67): CodeIgniter\CodeIgniter->run()
 9 SYSTEMPATH\Commands\Server\rewrite.php(47): require_once('D:\\TUGAS\\KULIAH\\P2MW\\hehe\\gohitfinal\\public\\index.php')
INFO - 2025-05-15 08:06:39 --> Session: Class initialized using 'CodeIgniter\Session\Handlers\FileHandler' driver.
INFO - 2025-05-15 08:06:39 --> Session: Class initialized using 'CodeIgniter\Session\Handlers\FileHandler' driver.
CRITICAL - 2025-05-15 08:06:39 --> foreach() argument must be of type array|object, null given
in SYSTEMPATH\Database\BaseBuilder.php on line 411.
 1 SYSTEMPATH\Database\BaseBuilder.php(411): CodeIgniter\Debug\Exceptions->errorHandler(2, 'foreach() argument must be of type array|object, null given', 'D:\\TUGAS\\KULIAH\\P2MW\\hehe\\gohitfinal\\system\\Database\\BaseBuilder.php', 411)
 2 SYSTEMPATH\Model.php(840): CodeIgniter\Database\BaseBuilder->select(null)
 3 APPPATH\Models\Fisher.php(20): CodeIgniter\Model->__call('select', [...])
 4 APPPATH\Controllers\DetailEvent.php(66): App\Models\Fisher->getUserPointBySport(null, null)
 5 SYSTEMPATH\CodeIgniter.php(934): App\Controllers\DetailEvent->index('css', 'main.css')
 6 SYSTEMPATH\CodeIgniter.php(499): CodeIgniter\CodeIgniter->runController(Object(App\Controllers\DetailEvent))
 7 SYSTEMPATH\CodeIgniter.php(368): CodeIgniter\CodeIgniter->handleRequest(null, Object(Config\Cache), false)
 8 FCPATH\index.php(67): CodeIgniter\CodeIgniter->run()
 9 SYSTEMPATH\Commands\Server\rewrite.php(47): require_once('D:\\TUGAS\\KULIAH\\P2MW\\hehe\\gohitfinal\\public\\index.php')
INFO - 2025-05-15 08:06:40 --> Session: Class initialized using 'CodeIgniter\Session\Handlers\FileHandler' driver.
CRITICAL - 2025-05-15 08:06:40 --> foreach() argument must be of type array|object, null given
in SYSTEMPATH\Database\BaseBuilder.php on line 411.
 1 SYSTEMPATH\Database\BaseBuilder.php(411): CodeIgniter\Debug\Exceptions->errorHandler(2, 'foreach() argument must be of type array|object, null given', 'D:\\TUGAS\\KULIAH\\P2MW\\hehe\\gohitfinal\\system\\Database\\BaseBuilder.php', 411)
 2 SYSTEMPATH\Model.php(840): CodeIgniter\Database\BaseBuilder->select(null)
 3 APPPATH\Models\Fisher.php(20): CodeIgniter\Model->__call('select', [...])
 4 APPPATH\Controllers\DetailEvent.php(66): App\Models\Fisher->getUserPointBySport(null, null)
 5 SYSTEMPATH\CodeIgniter.php(934): App\Controllers\DetailEvent->index('css', 'style.css')
 6 SYSTEMPATH\CodeIgniter.php(499): CodeIgniter\CodeIgniter->runController(Object(App\Controllers\DetailEvent))
 7 SYSTEMPATH\CodeIgniter.php(368): CodeIgniter\CodeIgniter->handleRequest(null, Object(Config\Cache), false)
 8 FCPATH\index.php(67): CodeIgniter\CodeIgniter->run()
 9 SYSTEMPATH\Commands\Server\rewrite.php(47): require_once('D:\\TUGAS\\KULIAH\\P2MW\\hehe\\gohitfinal\\public\\index.php')
INFO - 2025-05-15 08:06:40 --> Session: Class initialized using 'CodeIgniter\Session\Handlers\FileHandler' driver.
CRITICAL - 2025-05-15 08:06:40 --> foreach() argument must be of type array|object, null given
in SYSTEMPATH\Database\BaseBuilder.php on line 411.
 1 SYSTEMPATH\Database\BaseBuilder.php(411): CodeIgniter\Debug\Exceptions->errorHandler(2, 'foreach() argument must be of type array|object, null given', 'D:\\TUGAS\\KULIAH\\P2MW\\hehe\\gohitfinal\\system\\Database\\BaseBuilder.php', 411)
 2 SYSTEMPATH\Model.php(840): CodeIgniter\Database\BaseBuilder->select(null)
 3 APPPATH\Models\Fisher.php(20): CodeIgniter\Model->__call('select', [...])
 4 APPPATH\Controllers\DetailEvent.php(66): App\Models\Fisher->getUserPointBySport(null, null)
 5 SYSTEMPATH\CodeIgniter.php(934): App\Controllers\DetailEvent->index('images', 'bg-01.jpg')
 6 SYSTEMPATH\CodeIgniter.php(499): CodeIgniter\CodeIgniter->runController(Object(App\Controllers\DetailEvent))
 7 SYSTEMPATH\CodeIgniter.php(368): CodeIgniter\CodeIgniter->handleRequest(null, Object(Config\Cache), false)
 8 FCPATH\index.php(67): CodeIgniter\CodeIgniter->run()
 9 SYSTEMPATH\Commands\Server\rewrite.php(47): require_once('D:\\TUGAS\\KULIAH\\P2MW\\hehe\\gohitfinal\\public\\index.php')
INFO - 2025-05-15 08:06:41 --> Session: Class initialized using 'CodeIgniter\Session\Handlers\FileHandler' driver.
INFO - 2025-05-15 08:06:44 --> Session: Class initialized using 'CodeIgniter\Session\Handlers\FileHandler' driver.
INFO - 2025-05-15 08:06:44 --> Session: Class initialized using 'CodeIgniter\Session\Handlers\FileHandler' driver.
CRITICAL - 2025-05-15 08:06:44 --> foreach() argument must be of type array|object, null given
in SYSTEMPATH\Database\BaseBuilder.php on line 411.
 1 SYSTEMPATH\Database\BaseBuilder.php(411): CodeIgniter\Debug\Exceptions->errorHandler(2, 'foreach() argument must be of type array|object, null given', 'D:\\TUGAS\\KULIAH\\P2MW\\hehe\\gohitfinal\\system\\Database\\BaseBuilder.php', 411)
 2 SYSTEMPATH\Model.php(840): CodeIgniter\Database\BaseBuilder->select(null)
 3 APPPATH\Models\Fisher.php(20): CodeIgniter\Model->__call('select', [...])
 4 APPPATH\Controllers\DetailEvent.php(66): App\Models\Fisher->getUserPointBySport(null, null)
 5 SYSTEMPATH\CodeIgniter.php(934): App\Controllers\DetailEvent->index('css', 'main.css')
 6 SYSTEMPATH\CodeIgniter.php(499): CodeIgniter\CodeIgniter->runController(Object(App\Controllers\DetailEvent))
 7 SYSTEMPATH\CodeIgniter.php(368): CodeIgniter\CodeIgniter->handleRequest(null, Object(Config\Cache), false)
 8 FCPATH\index.php(67): CodeIgniter\CodeIgniter->run()
 9 SYSTEMPATH\Commands\Server\rewrite.php(47): require_once('D:\\TUGAS\\KULIAH\\P2MW\\hehe\\gohitfinal\\public\\index.php')
INFO - 2025-05-15 08:06:44 --> Session: Class initialized using 'CodeIgniter\Session\Handlers\FileHandler' driver.
CRITICAL - 2025-05-15 08:06:44 --> foreach() argument must be of type array|object, null given
in SYSTEMPATH\Database\BaseBuilder.php on line 411.
 1 SYSTEMPATH\Database\BaseBuilder.php(411): CodeIgniter\Debug\Exceptions->errorHandler(2, 'foreach() argument must be of type array|object, null given', 'D:\\TUGAS\\KULIAH\\P2MW\\hehe\\gohitfinal\\system\\Database\\BaseBuilder.php', 411)
 2 SYSTEMPATH\Model.php(840): CodeIgniter\Database\BaseBuilder->select(null)
 3 APPPATH\Models\Fisher.php(20): CodeIgniter\Model->__call('select', [...])
 4 APPPATH\Controllers\DetailEvent.php(66): App\Models\Fisher->getUserPointBySport(null, null)
 5 SYSTEMPATH\CodeIgniter.php(934): App\Controllers\DetailEvent->index('css', 'style.css')
 6 SYSTEMPATH\CodeIgniter.php(499): CodeIgniter\CodeIgniter->runController(Object(App\Controllers\DetailEvent))
 7 SYSTEMPATH\CodeIgniter.php(368): CodeIgniter\CodeIgniter->handleRequest(null, Object(Config\Cache), false)
 8 FCPATH\index.php(67): CodeIgniter\CodeIgniter->run()
 9 SYSTEMPATH\Commands\Server\rewrite.php(47): require_once('D:\\TUGAS\\KULIAH\\P2MW\\hehe\\gohitfinal\\public\\index.php')
INFO - 2025-05-15 08:06:45 --> Session: Class initialized using 'CodeIgniter\Session\Handlers\FileHandler' driver.
CRITICAL - 2025-05-15 08:06:45 --> foreach() argument must be of type array|object, null given
in SYSTEMPATH\Database\BaseBuilder.php on line 411.
 1 SYSTEMPATH\Database\BaseBuilder.php(411): CodeIgniter\Debug\Exceptions->errorHandler(2, 'foreach() argument must be of type array|object, null given', 'D:\\TUGAS\\KULIAH\\P2MW\\hehe\\gohitfinal\\system\\Database\\BaseBuilder.php', 411)
 2 SYSTEMPATH\Model.php(840): CodeIgniter\Database\BaseBuilder->select(null)
 3 APPPATH\Models\Fisher.php(20): CodeIgniter\Model->__call('select', [...])
 4 APPPATH\Controllers\DetailEvent.php(66): App\Models\Fisher->getUserPointBySport(null, null)
 5 SYSTEMPATH\CodeIgniter.php(934): App\Controllers\DetailEvent->index('images', 'bg-01.jpg')
 6 SYSTEMPATH\CodeIgniter.php(499): CodeIgniter\CodeIgniter->runController(Object(App\Controllers\DetailEvent))
 7 SYSTEMPATH\CodeIgniter.php(368): CodeIgniter\CodeIgniter->handleRequest(null, Object(Config\Cache), false)
 8 FCPATH\index.php(67): CodeIgniter\CodeIgniter->run()
 9 SYSTEMPATH\Commands\Server\rewrite.php(47): require_once('D:\\TUGAS\\KULIAH\\P2MW\\hehe\\gohitfinal\\public\\index.php')
INFO - 2025-05-15 08:07:11 --> Session: Class initialized using 'CodeIgniter\Session\Handlers\FileHandler' driver.
INFO - 2025-05-15 08:07:11 --> Session: Class initialized using 'CodeIgniter\Session\Handlers\FileHandler' driver.
INFO - 2025-05-15 08:07:19 --> Session: Class initialized using 'CodeIgniter\Session\Handlers\FileHandler' driver.
CRITICAL - 2025-05-15 08:07:19 --> Undefined variable $allUsers
in APPPATH\Views\partial\peserta2.php on line 178.
 1 APPPATH\Views\partial\peserta2.php(178): CodeIgniter\Debug\Exceptions->errorHandler(2, 'Undefined variable $allUsers', 'D:\\TUGAS\\KULIAH\\P2MW\\hehe\\gohitfinal\\app\\Views\\partial\\peserta2.php', 178)
 2 SYSTEMPATH\View\View.php(213): include('D:\\TUGAS\\KULIAH\\P2MW\\hehe\\gohitfinal\\app\\Views\\partial\\peserta2.php')
 3 SYSTEMPATH\View\View.php(216): CodeIgniter\View\View->CodeIgniter\View\{closure}()
 4 SYSTEMPATH\View\View.php(431): CodeIgniter\View\View->render('partial/peserta2', null, true)
 5 APPPATH\Views\detailTour.php(65): CodeIgniter\View\View->include('partial/peserta2')
 6 SYSTEMPATH\View\View.php(213): include('D:\\TUGAS\\KULIAH\\P2MW\\hehe\\gohitfinal\\app\\Views\\detailTour.php')
 7 SYSTEMPATH\View\View.php(216): CodeIgniter\View\View->CodeIgniter\View\{closure}()
 8 SYSTEMPATH\Common.php(1184): CodeIgniter\View\View->render('detailTour', [], true)
 9 APPPATH\Controllers\DetailEvent.php(271): view('detailTour', [...])
10 SYSTEMPATH\CodeIgniter.php(934): App\Controllers\DetailEvent->index('26')
11 SYSTEMPATH\CodeIgniter.php(499): CodeIgniter\CodeIgniter->runController(Object(App\Controllers\DetailEvent))
12 SYSTEMPATH\CodeIgniter.php(368): CodeIgniter\CodeIgniter->handleRequest(null, Object(Config\Cache), false)
13 FCPATH\index.php(67): CodeIgniter\CodeIgniter->run()
14 SYSTEMPATH\Commands\Server\rewrite.php(47): require_once('D:\\TUGAS\\KULIAH\\P2MW\\hehe\\gohitfinal\\public\\index.php')
INFO - 2025-05-15 08:07:19 --> Session: Class initialized using 'CodeIgniter\Session\Handlers\FileHandler' driver.
CRITICAL - 2025-05-15 08:07:19 --> foreach() argument must be of type array|object, null given
in SYSTEMPATH\Database\BaseBuilder.php on line 411.
 1 SYSTEMPATH\Database\BaseBuilder.php(411): CodeIgniter\Debug\Exceptions->errorHandler(2, 'foreach() argument must be of type array|object, null given', 'D:\\TUGAS\\KULIAH\\P2MW\\hehe\\gohitfinal\\system\\Database\\BaseBuilder.php', 411)
 2 SYSTEMPATH\Model.php(840): CodeIgniter\Database\BaseBuilder->select(null)
 3 APPPATH\Models\Fisher.php(20): CodeIgniter\Model->__call('select', [...])
 4 APPPATH\Controllers\DetailEvent.php(66): App\Models\Fisher->getUserPointBySport(null, null)
 5 SYSTEMPATH\CodeIgniter.php(934): App\Controllers\DetailEvent->index('css', 'main.css')
 6 SYSTEMPATH\CodeIgniter.php(499): CodeIgniter\CodeIgniter->runController(Object(App\Controllers\DetailEvent))
 7 SYSTEMPATH\CodeIgniter.php(368): CodeIgniter\CodeIgniter->handleRequest(null, Object(Config\Cache), false)
 8 FCPATH\index.php(67): CodeIgniter\CodeIgniter->run()
 9 SYSTEMPATH\Commands\Server\rewrite.php(47): require_once('D:\\TUGAS\\KULIAH\\P2MW\\hehe\\gohitfinal\\public\\index.php')
INFO - 2025-05-15 08:07:20 --> Session: Class initialized using 'CodeIgniter\Session\Handlers\FileHandler' driver.
CRITICAL - 2025-05-15 08:07:20 --> foreach() argument must be of type array|object, null given
in SYSTEMPATH\Database\BaseBuilder.php on line 411.
 1 SYSTEMPATH\Database\BaseBuilder.php(411): CodeIgniter\Debug\Exceptions->errorHandler(2, 'foreach() argument must be of type array|object, null given', 'D:\\TUGAS\\KULIAH\\P2MW\\hehe\\gohitfinal\\system\\Database\\BaseBuilder.php', 411)
 2 SYSTEMPATH\Model.php(840): CodeIgniter\Database\BaseBuilder->select(null)
 3 APPPATH\Models\Fisher.php(20): CodeIgniter\Model->__call('select', [...])
 4 APPPATH\Controllers\DetailEvent.php(66): App\Models\Fisher->getUserPointBySport(null, null)
 5 SYSTEMPATH\CodeIgniter.php(934): App\Controllers\DetailEvent->index('images', 'bg-01.jpg')
 6 SYSTEMPATH\CodeIgniter.php(499): CodeIgniter\CodeIgniter->runController(Object(App\Controllers\DetailEvent))
 7 SYSTEMPATH\CodeIgniter.php(368): CodeIgniter\CodeIgniter->handleRequest(null, Object(Config\Cache), false)
 8 FCPATH\index.php(67): CodeIgniter\CodeIgniter->run()
 9 SYSTEMPATH\Commands\Server\rewrite.php(47): require_once('D:\\TUGAS\\KULIAH\\P2MW\\hehe\\gohitfinal\\public\\index.php')
INFO - 2025-05-15 08:08:34 --> Session: Class initialized using 'CodeIgniter\Session\Handlers\FileHandler' driver.
INFO - 2025-05-15 08:08:34 --> Session: Class initialized using 'CodeIgniter\Session\Handlers\FileHandler' driver.
CRITICAL - 2025-05-15 08:08:34 --> foreach() argument must be of type array|object, null given
in SYSTEMPATH\Database\BaseBuilder.php on line 411.
 1 SYSTEMPATH\Database\BaseBuilder.php(411): CodeIgniter\Debug\Exceptions->errorHandler(2, 'foreach() argument must be of type array|object, null given', 'D:\\TUGAS\\KULIAH\\P2MW\\hehe\\gohitfinal\\system\\Database\\BaseBuilder.php', 411)
 2 SYSTEMPATH\Model.php(840): CodeIgniter\Database\BaseBuilder->select(null)
 3 APPPATH\Models\Fisher.php(20): CodeIgniter\Model->__call('select', [...])
 4 APPPATH\Controllers\DetailEvent.php(67): App\Models\Fisher->getUserPointBySport(null, null)
 5 SYSTEMPATH\CodeIgniter.php(934): App\Controllers\DetailEvent->index('css', 'main.css')
 6 SYSTEMPATH\CodeIgniter.php(499): CodeIgniter\CodeIgniter->runController(Object(App\Controllers\DetailEvent))
 7 SYSTEMPATH\CodeIgniter.php(368): CodeIgniter\CodeIgniter->handleRequest(null, Object(Config\Cache), false)
 8 FCPATH\index.php(67): CodeIgniter\CodeIgniter->run()
 9 SYSTEMPATH\Commands\Server\rewrite.php(47): require_once('D:\\TUGAS\\KULIAH\\P2MW\\hehe\\gohitfinal\\public\\index.php')
INFO - 2025-05-15 08:08:34 --> Session: Class initialized using 'CodeIgniter\Session\Handlers\FileHandler' driver.
CRITICAL - 2025-05-15 08:08:34 --> foreach() argument must be of type array|object, null given
in SYSTEMPATH\Database\BaseBuilder.php on line 411.
 1 SYSTEMPATH\Database\BaseBuilder.php(411): CodeIgniter\Debug\Exceptions->errorHandler(2, 'foreach() argument must be of type array|object, null given', 'D:\\TUGAS\\KULIAH\\P2MW\\hehe\\gohitfinal\\system\\Database\\BaseBuilder.php', 411)
 2 SYSTEMPATH\Model.php(840): CodeIgniter\Database\BaseBuilder->select(null)
 3 APPPATH\Models\Fisher.php(20): CodeIgniter\Model->__call('select', [...])
 4 APPPATH\Controllers\DetailEvent.php(67): App\Models\Fisher->getUserPointBySport(null, null)
 5 SYSTEMPATH\CodeIgniter.php(934): App\Controllers\DetailEvent->index('css', 'style.css')
 6 SYSTEMPATH\CodeIgniter.php(499): CodeIgniter\CodeIgniter->runController(Object(App\Controllers\DetailEvent))
 7 SYSTEMPATH\CodeIgniter.php(368): CodeIgniter\CodeIgniter->handleRequest(null, Object(Config\Cache), false)
 8 FCPATH\index.php(67): CodeIgniter\CodeIgniter->run()
 9 SYSTEMPATH\Commands\Server\rewrite.php(47): require_once('D:\\TUGAS\\KULIAH\\P2MW\\hehe\\gohitfinal\\public\\index.php')
INFO - 2025-05-15 08:08:34 --> Session: Class initialized using 'CodeIgniter\Session\Handlers\FileHandler' driver.
CRITICAL - 2025-05-15 08:08:34 --> foreach() argument must be of type array|object, null given
in SYSTEMPATH\Database\BaseBuilder.php on line 411.
 1 SYSTEMPATH\Database\BaseBuilder.php(411): CodeIgniter\Debug\Exceptions->errorHandler(2, 'foreach() argument must be of type array|object, null given', 'D:\\TUGAS\\KULIAH\\P2MW\\hehe\\gohitfinal\\system\\Database\\BaseBuilder.php', 411)
 2 SYSTEMPATH\Model.php(840): CodeIgniter\Database\BaseBuilder->select(null)
 3 APPPATH\Models\Fisher.php(20): CodeIgniter\Model->__call('select', [...])
 4 APPPATH\Controllers\DetailEvent.php(67): App\Models\Fisher->getUserPointBySport(null, null)
 5 SYSTEMPATH\CodeIgniter.php(934): App\Controllers\DetailEvent->index('images', 'bg-01.jpg')
 6 SYSTEMPATH\CodeIgniter.php(499): CodeIgniter\CodeIgniter->runController(Object(App\Controllers\DetailEvent))
 7 SYSTEMPATH\CodeIgniter.php(368): CodeIgniter\CodeIgniter->handleRequest(null, Object(Config\Cache), false)
 8 FCPATH\index.php(67): CodeIgniter\CodeIgniter->run()
 9 SYSTEMPATH\Commands\Server\rewrite.php(47): require_once('D:\\TUGAS\\KULIAH\\P2MW\\hehe\\gohitfinal\\public\\index.php')
INFO - 2025-05-15 08:08:52 --> Session: Class initialized using 'CodeIgniter\Session\Handlers\FileHandler' driver.
INFO - 2025-05-15 08:08:52 --> Session: Class initialized using 'CodeIgniter\Session\Handlers\FileHandler' driver.
CRITICAL - 2025-05-15 08:08:53 --> foreach() argument must be of type array|object, null given
in SYSTEMPATH\Database\BaseBuilder.php on line 411.
 1 SYSTEMPATH\Database\BaseBuilder.php(411): CodeIgniter\Debug\Exceptions->errorHandler(2, 'foreach() argument must be of type array|object, null given', 'D:\\TUGAS\\KULIAH\\P2MW\\hehe\\gohitfinal\\system\\Database\\BaseBuilder.php', 411)
 2 SYSTEMPATH\Model.php(840): CodeIgniter\Database\BaseBuilder->select(null)
 3 APPPATH\Models\Fisher.php(20): CodeIgniter\Model->__call('select', [...])
 4 APPPATH\Controllers\DetailEvent.php(67): App\Models\Fisher->getUserPointBySport(null, null)
 5 SYSTEMPATH\CodeIgniter.php(934): App\Controllers\DetailEvent->index('css', 'main.css')
 6 SYSTEMPATH\CodeIgniter.php(499): CodeIgniter\CodeIgniter->runController(Object(App\Controllers\DetailEvent))
 7 SYSTEMPATH\CodeIgniter.php(368): CodeIgniter\CodeIgniter->handleRequest(null, Object(Config\Cache), false)
 8 FCPATH\index.php(67): CodeIgniter\CodeIgniter->run()
 9 SYSTEMPATH\Commands\Server\rewrite.php(47): require_once('D:\\TUGAS\\KULIAH\\P2MW\\hehe\\gohitfinal\\public\\index.php')
INFO - 2025-05-15 08:08:53 --> Session: Class initialized using 'CodeIgniter\Session\Handlers\FileHandler' driver.
CRITICAL - 2025-05-15 08:08:53 --> foreach() argument must be of type array|object, null given
in SYSTEMPATH\Database\BaseBuilder.php on line 411.
 1 SYSTEMPATH\Database\BaseBuilder.php(411): CodeIgniter\Debug\Exceptions->errorHandler(2, 'foreach() argument must be of type array|object, null given', 'D:\\TUGAS\\KULIAH\\P2MW\\hehe\\gohitfinal\\system\\Database\\BaseBuilder.php', 411)
 2 SYSTEMPATH\Model.php(840): CodeIgniter\Database\BaseBuilder->select(null)
 3 APPPATH\Models\Fisher.php(20): CodeIgniter\Model->__call('select', [...])
 4 APPPATH\Controllers\DetailEvent.php(67): App\Models\Fisher->getUserPointBySport(null, null)
 5 SYSTEMPATH\CodeIgniter.php(934): App\Controllers\DetailEvent->index('css', 'style.css')
 6 SYSTEMPATH\CodeIgniter.php(499): CodeIgniter\CodeIgniter->runController(Object(App\Controllers\DetailEvent))
 7 SYSTEMPATH\CodeIgniter.php(368): CodeIgniter\CodeIgniter->handleRequest(null, Object(Config\Cache), false)
 8 FCPATH\index.php(67): CodeIgniter\CodeIgniter->run()
 9 SYSTEMPATH\Commands\Server\rewrite.php(47): require_once('D:\\TUGAS\\KULIAH\\P2MW\\hehe\\gohitfinal\\public\\index.php')
INFO - 2025-05-15 08:08:53 --> Session: Class initialized using 'CodeIgniter\Session\Handlers\FileHandler' driver.
CRITICAL - 2025-05-15 08:08:53 --> foreach() argument must be of type array|object, null given
in SYSTEMPATH\Database\BaseBuilder.php on line 411.
 1 SYSTEMPATH\Database\BaseBuilder.php(411): CodeIgniter\Debug\Exceptions->errorHandler(2, 'foreach() argument must be of type array|object, null given', 'D:\\TUGAS\\KULIAH\\P2MW\\hehe\\gohitfinal\\system\\Database\\BaseBuilder.php', 411)
 2 SYSTEMPATH\Model.php(840): CodeIgniter\Database\BaseBuilder->select(null)
 3 APPPATH\Models\Fisher.php(20): CodeIgniter\Model->__call('select', [...])
 4 APPPATH\Controllers\DetailEvent.php(67): App\Models\Fisher->getUserPointBySport(null, null)
 5 SYSTEMPATH\CodeIgniter.php(934): App\Controllers\DetailEvent->index('images', 'bg-01.jpg')
 6 SYSTEMPATH\CodeIgniter.php(499): CodeIgniter\CodeIgniter->runController(Object(App\Controllers\DetailEvent))
 7 SYSTEMPATH\CodeIgniter.php(368): CodeIgniter\CodeIgniter->handleRequest(null, Object(Config\Cache), false)
 8 FCPATH\index.php(67): CodeIgniter\CodeIgniter->run()
 9 SYSTEMPATH\Commands\Server\rewrite.php(47): require_once('D:\\TUGAS\\KULIAH\\P2MW\\hehe\\gohitfinal\\public\\index.php')
INFO - 2025-05-15 08:09:49 --> Session: Class initialized using 'CodeIgniter\Session\Handlers\FileHandler' driver.
INFO - 2025-05-15 08:09:49 --> Session: Class initialized using 'CodeIgniter\Session\Handlers\FileHandler' driver.
CRITICAL - 2025-05-15 08:09:49 --> foreach() argument must be of type array|object, null given
in SYSTEMPATH\Database\BaseBuilder.php on line 411.
 1 SYSTEMPATH\Database\BaseBuilder.php(411): CodeIgniter\Debug\Exceptions->errorHandler(2, 'foreach() argument must be of type array|object, null given', 'D:\\TUGAS\\KULIAH\\P2MW\\hehe\\gohitfinal\\system\\Database\\BaseBuilder.php', 411)
 2 SYSTEMPATH\Model.php(840): CodeIgniter\Database\BaseBuilder->select(null)
 3 APPPATH\Models\Fisher.php(20): CodeIgniter\Model->__call('select', [...])
 4 APPPATH\Controllers\DetailEvent.php(67): App\Models\Fisher->getUserPointBySport(null, null)
 5 SYSTEMPATH\CodeIgniter.php(934): App\Controllers\DetailEvent->index('css', 'main.css')
 6 SYSTEMPATH\CodeIgniter.php(499): CodeIgniter\CodeIgniter->runController(Object(App\Controllers\DetailEvent))
 7 SYSTEMPATH\CodeIgniter.php(368): CodeIgniter\CodeIgniter->handleRequest(null, Object(Config\Cache), false)
 8 FCPATH\index.php(67): CodeIgniter\CodeIgniter->run()
 9 SYSTEMPATH\Commands\Server\rewrite.php(47): require_once('D:\\TUGAS\\KULIAH\\P2MW\\hehe\\gohitfinal\\public\\index.php')
INFO - 2025-05-15 08:09:49 --> Session: Class initialized using 'CodeIgniter\Session\Handlers\FileHandler' driver.
CRITICAL - 2025-05-15 08:09:49 --> foreach() argument must be of type array|object, null given
in SYSTEMPATH\Database\BaseBuilder.php on line 411.
 1 SYSTEMPATH\Database\BaseBuilder.php(411): CodeIgniter\Debug\Exceptions->errorHandler(2, 'foreach() argument must be of type array|object, null given', 'D:\\TUGAS\\KULIAH\\P2MW\\hehe\\gohitfinal\\system\\Database\\BaseBuilder.php', 411)
 2 SYSTEMPATH\Model.php(840): CodeIgniter\Database\BaseBuilder->select(null)
 3 APPPATH\Models\Fisher.php(20): CodeIgniter\Model->__call('select', [...])
 4 APPPATH\Controllers\DetailEvent.php(67): App\Models\Fisher->getUserPointBySport(null, null)
 5 SYSTEMPATH\CodeIgniter.php(934): App\Controllers\DetailEvent->index('css', 'style.css')
 6 SYSTEMPATH\CodeIgniter.php(499): CodeIgniter\CodeIgniter->runController(Object(App\Controllers\DetailEvent))
 7 SYSTEMPATH\CodeIgniter.php(368): CodeIgniter\CodeIgniter->handleRequest(null, Object(Config\Cache), false)
 8 FCPATH\index.php(67): CodeIgniter\CodeIgniter->run()
 9 SYSTEMPATH\Commands\Server\rewrite.php(47): require_once('D:\\TUGAS\\KULIAH\\P2MW\\hehe\\gohitfinal\\public\\index.php')
INFO - 2025-05-15 08:09:49 --> Session: Class initialized using 'CodeIgniter\Session\Handlers\FileHandler' driver.
CRITICAL - 2025-05-15 08:09:49 --> foreach() argument must be of type array|object, null given
in SYSTEMPATH\Database\BaseBuilder.php on line 411.
 1 SYSTEMPATH\Database\BaseBuilder.php(411): CodeIgniter\Debug\Exceptions->errorHandler(2, 'foreach() argument must be of type array|object, null given', 'D:\\TUGAS\\KULIAH\\P2MW\\hehe\\gohitfinal\\system\\Database\\BaseBuilder.php', 411)
 2 SYSTEMPATH\Model.php(840): CodeIgniter\Database\BaseBuilder->select(null)
 3 APPPATH\Models\Fisher.php(20): CodeIgniter\Model->__call('select', [...])
 4 APPPATH\Controllers\DetailEvent.php(67): App\Models\Fisher->getUserPointBySport(null, null)
 5 SYSTEMPATH\CodeIgniter.php(934): App\Controllers\DetailEvent->index('images', 'bg-01.jpg')
 6 SYSTEMPATH\CodeIgniter.php(499): CodeIgniter\CodeIgniter->runController(Object(App\Controllers\DetailEvent))
 7 SYSTEMPATH\CodeIgniter.php(368): CodeIgniter\CodeIgniter->handleRequest(null, Object(Config\Cache), false)
 8 FCPATH\index.php(67): CodeIgniter\CodeIgniter->run()
 9 SYSTEMPATH\Commands\Server\rewrite.php(47): require_once('D:\\TUGAS\\KULIAH\\P2MW\\hehe\\gohitfinal\\public\\index.php')
INFO - 2025-05-15 08:10:27 --> Session: Class initialized using 'CodeIgniter\Session\Handlers\FileHandler' driver.
INFO - 2025-05-15 08:10:28 --> Session: Class initialized using 'CodeIgniter\Session\Handlers\FileHandler' driver.
CRITICAL - 2025-05-15 08:10:28 --> foreach() argument must be of type array|object, null given
in SYSTEMPATH\Database\BaseBuilder.php on line 411.
 1 SYSTEMPATH\Database\BaseBuilder.php(411): CodeIgniter\Debug\Exceptions->errorHandler(2, 'foreach() argument must be of type array|object, null given', 'D:\\TUGAS\\KULIAH\\P2MW\\hehe\\gohitfinal\\system\\Database\\BaseBuilder.php', 411)
 2 SYSTEMPATH\Model.php(840): CodeIgniter\Database\BaseBuilder->select(null)
 3 APPPATH\Models\Fisher.php(20): CodeIgniter\Model->__call('select', [...])
 4 APPPATH\Controllers\DetailEvent.php(67): App\Models\Fisher->getUserPointBySport(null, null)
 5 SYSTEMPATH\CodeIgniter.php(934): App\Controllers\DetailEvent->index('css', 'main.css')
 6 SYSTEMPATH\CodeIgniter.php(499): CodeIgniter\CodeIgniter->runController(Object(App\Controllers\DetailEvent))
 7 SYSTEMPATH\CodeIgniter.php(368): CodeIgniter\CodeIgniter->handleRequest(null, Object(Config\Cache), false)
 8 FCPATH\index.php(67): CodeIgniter\CodeIgniter->run()
 9 SYSTEMPATH\Commands\Server\rewrite.php(47): require_once('D:\\TUGAS\\KULIAH\\P2MW\\hehe\\gohitfinal\\public\\index.php')
INFO - 2025-05-15 08:10:28 --> Session: Class initialized using 'CodeIgniter\Session\Handlers\FileHandler' driver.
CRITICAL - 2025-05-15 08:10:28 --> foreach() argument must be of type array|object, null given
in SYSTEMPATH\Database\BaseBuilder.php on line 411.
 1 SYSTEMPATH\Database\BaseBuilder.php(411): CodeIgniter\Debug\Exceptions->errorHandler(2, 'foreach() argument must be of type array|object, null given', 'D:\\TUGAS\\KULIAH\\P2MW\\hehe\\gohitfinal\\system\\Database\\BaseBuilder.php', 411)
 2 SYSTEMPATH\Model.php(840): CodeIgniter\Database\BaseBuilder->select(null)
 3 APPPATH\Models\Fisher.php(20): CodeIgniter\Model->__call('select', [...])
 4 APPPATH\Controllers\DetailEvent.php(67): App\Models\Fisher->getUserPointBySport(null, null)
 5 SYSTEMPATH\CodeIgniter.php(934): App\Controllers\DetailEvent->index('css', 'style.css')
 6 SYSTEMPATH\CodeIgniter.php(499): CodeIgniter\CodeIgniter->runController(Object(App\Controllers\DetailEvent))
 7 SYSTEMPATH\CodeIgniter.php(368): CodeIgniter\CodeIgniter->handleRequest(null, Object(Config\Cache), false)
 8 FCPATH\index.php(67): CodeIgniter\CodeIgniter->run()
 9 SYSTEMPATH\Commands\Server\rewrite.php(47): require_once('D:\\TUGAS\\KULIAH\\P2MW\\hehe\\gohitfinal\\public\\index.php')
INFO - 2025-05-15 08:10:28 --> Session: Class initialized using 'CodeIgniter\Session\Handlers\FileHandler' driver.
CRITICAL - 2025-05-15 08:10:28 --> foreach() argument must be of type array|object, null given
in SYSTEMPATH\Database\BaseBuilder.php on line 411.
 1 SYSTEMPATH\Database\BaseBuilder.php(411): CodeIgniter\Debug\Exceptions->errorHandler(2, 'foreach() argument must be of type array|object, null given', 'D:\\TUGAS\\KULIAH\\P2MW\\hehe\\gohitfinal\\system\\Database\\BaseBuilder.php', 411)
 2 SYSTEMPATH\Model.php(840): CodeIgniter\Database\BaseBuilder->select(null)
 3 APPPATH\Models\Fisher.php(20): CodeIgniter\Model->__call('select', [...])
 4 APPPATH\Controllers\DetailEvent.php(67): App\Models\Fisher->getUserPointBySport(null, null)
 5 SYSTEMPATH\CodeIgniter.php(934): App\Controllers\DetailEvent->index('images', 'bg-01.jpg')
 6 SYSTEMPATH\CodeIgniter.php(499): CodeIgniter\CodeIgniter->runController(Object(App\Controllers\DetailEvent))
 7 SYSTEMPATH\CodeIgniter.php(368): CodeIgniter\CodeIgniter->handleRequest(null, Object(Config\Cache), false)
 8 FCPATH\index.php(67): CodeIgniter\CodeIgniter->run()
 9 SYSTEMPATH\Commands\Server\rewrite.php(47): require_once('D:\\TUGAS\\KULIAH\\P2MW\\hehe\\gohitfinal\\public\\index.php')
INFO - 2025-05-15 08:10:42 --> Session: Class initialized using 'CodeIgniter\Session\Handlers\FileHandler' driver.
INFO - 2025-05-15 08:10:42 --> Session: Class initialized using 'CodeIgniter\Session\Handlers\FileHandler' driver.
CRITICAL - 2025-05-15 08:10:42 --> foreach() argument must be of type array|object, null given
in SYSTEMPATH\Database\BaseBuilder.php on line 411.
 1 SYSTEMPATH\Database\BaseBuilder.php(411): CodeIgniter\Debug\Exceptions->errorHandler(2, 'foreach() argument must be of type array|object, null given', 'D:\\TUGAS\\KULIAH\\P2MW\\hehe\\gohitfinal\\system\\Database\\BaseBuilder.php', 411)
 2 SYSTEMPATH\Model.php(840): CodeIgniter\Database\BaseBuilder->select(null)
 3 APPPATH\Models\Fisher.php(20): CodeIgniter\Model->__call('select', [...])
 4 APPPATH\Controllers\DetailEvent.php(67): App\Models\Fisher->getUserPointBySport(null, null)
 5 SYSTEMPATH\CodeIgniter.php(934): App\Controllers\DetailEvent->index('css', 'main.css')
 6 SYSTEMPATH\CodeIgniter.php(499): CodeIgniter\CodeIgniter->runController(Object(App\Controllers\DetailEvent))
 7 SYSTEMPATH\CodeIgniter.php(368): CodeIgniter\CodeIgniter->handleRequest(null, Object(Config\Cache), false)
 8 FCPATH\index.php(67): CodeIgniter\CodeIgniter->run()
 9 SYSTEMPATH\Commands\Server\rewrite.php(47): require_once('D:\\TUGAS\\KULIAH\\P2MW\\hehe\\gohitfinal\\public\\index.php')
INFO - 2025-05-15 08:10:42 --> Session: Class initialized using 'CodeIgniter\Session\Handlers\FileHandler' driver.
CRITICAL - 2025-05-15 08:10:42 --> foreach() argument must be of type array|object, null given
in SYSTEMPATH\Database\BaseBuilder.php on line 411.
 1 SYSTEMPATH\Database\BaseBuilder.php(411): CodeIgniter\Debug\Exceptions->errorHandler(2, 'foreach() argument must be of type array|object, null given', 'D:\\TUGAS\\KULIAH\\P2MW\\hehe\\gohitfinal\\system\\Database\\BaseBuilder.php', 411)
 2 SYSTEMPATH\Model.php(840): CodeIgniter\Database\BaseBuilder->select(null)
 3 APPPATH\Models\Fisher.php(20): CodeIgniter\Model->__call('select', [...])
 4 APPPATH\Controllers\DetailEvent.php(67): App\Models\Fisher->getUserPointBySport(null, null)
 5 SYSTEMPATH\CodeIgniter.php(934): App\Controllers\DetailEvent->index('css', 'style.css')
 6 SYSTEMPATH\CodeIgniter.php(499): CodeIgniter\CodeIgniter->runController(Object(App\Controllers\DetailEvent))
 7 SYSTEMPATH\CodeIgniter.php(368): CodeIgniter\CodeIgniter->handleRequest(null, Object(Config\Cache), false)
 8 FCPATH\index.php(67): CodeIgniter\CodeIgniter->run()
 9 SYSTEMPATH\Commands\Server\rewrite.php(47): require_once('D:\\TUGAS\\KULIAH\\P2MW\\hehe\\gohitfinal\\public\\index.php')
INFO - 2025-05-15 08:10:43 --> Session: Class initialized using 'CodeIgniter\Session\Handlers\FileHandler' driver.
CRITICAL - 2025-05-15 08:10:43 --> foreach() argument must be of type array|object, null given
in SYSTEMPATH\Database\BaseBuilder.php on line 411.
 1 SYSTEMPATH\Database\BaseBuilder.php(411): CodeIgniter\Debug\Exceptions->errorHandler(2, 'foreach() argument must be of type array|object, null given', 'D:\\TUGAS\\KULIAH\\P2MW\\hehe\\gohitfinal\\system\\Database\\BaseBuilder.php', 411)
 2 SYSTEMPATH\Model.php(840): CodeIgniter\Database\BaseBuilder->select(null)
 3 APPPATH\Models\Fisher.php(20): CodeIgniter\Model->__call('select', [...])
 4 APPPATH\Controllers\DetailEvent.php(67): App\Models\Fisher->getUserPointBySport(null, null)
 5 SYSTEMPATH\CodeIgniter.php(934): App\Controllers\DetailEvent->index('images', 'bg-01.jpg')
 6 SYSTEMPATH\CodeIgniter.php(499): CodeIgniter\CodeIgniter->runController(Object(App\Controllers\DetailEvent))
 7 SYSTEMPATH\CodeIgniter.php(368): CodeIgniter\CodeIgniter->handleRequest(null, Object(Config\Cache), false)
 8 FCPATH\index.php(67): CodeIgniter\CodeIgniter->run()
 9 SYSTEMPATH\Commands\Server\rewrite.php(47): require_once('D:\\TUGAS\\KULIAH\\P2MW\\hehe\\gohitfinal\\public\\index.php')
INFO - 2025-05-15 08:15:04 --> Session: Class initialized using 'CodeIgniter\Session\Handlers\FileHandler' driver.
INFO - 2025-05-15 08:15:05 --> Session: Class initialized using 'CodeIgniter\Session\Handlers\FileHandler' driver.
CRITICAL - 2025-05-15 08:15:05 --> foreach() argument must be of type array|object, null given
in SYSTEMPATH\Database\BaseBuilder.php on line 411.
 1 SYSTEMPATH\Database\BaseBuilder.php(411): CodeIgniter\Debug\Exceptions->errorHandler(2, 'foreach() argument must be of type array|object, null given', 'D:\\TUGAS\\KULIAH\\P2MW\\hehe\\gohitfinal\\system\\Database\\BaseBuilder.php', 411)
 2 SYSTEMPATH\Model.php(840): CodeIgniter\Database\BaseBuilder->select(null)
 3 APPPATH\Models\Fisher.php(20): CodeIgniter\Model->__call('select', [...])
 4 APPPATH\Controllers\DetailEvent.php(67): App\Models\Fisher->getUserPointBySport(null, null)
 5 SYSTEMPATH\CodeIgniter.php(934): App\Controllers\DetailEvent->index('css', 'main.css')
 6 SYSTEMPATH\CodeIgniter.php(499): CodeIgniter\CodeIgniter->runController(Object(App\Controllers\DetailEvent))
 7 SYSTEMPATH\CodeIgniter.php(368): CodeIgniter\CodeIgniter->handleRequest(null, Object(Config\Cache), false)
 8 FCPATH\index.php(67): CodeIgniter\CodeIgniter->run()
 9 SYSTEMPATH\Commands\Server\rewrite.php(47): require_once('D:\\TUGAS\\KULIAH\\P2MW\\hehe\\gohitfinal\\public\\index.php')
INFO - 2025-05-15 08:15:05 --> Session: Class initialized using 'CodeIgniter\Session\Handlers\FileHandler' driver.
CRITICAL - 2025-05-15 08:15:05 --> foreach() argument must be of type array|object, null given
in SYSTEMPATH\Database\BaseBuilder.php on line 411.
 1 SYSTEMPATH\Database\BaseBuilder.php(411): CodeIgniter\Debug\Exceptions->errorHandler(2, 'foreach() argument must be of type array|object, null given', 'D:\\TUGAS\\KULIAH\\P2MW\\hehe\\gohitfinal\\system\\Database\\BaseBuilder.php', 411)
 2 SYSTEMPATH\Model.php(840): CodeIgniter\Database\BaseBuilder->select(null)
 3 APPPATH\Models\Fisher.php(20): CodeIgniter\Model->__call('select', [...])
 4 APPPATH\Controllers\DetailEvent.php(67): App\Models\Fisher->getUserPointBySport(null, null)
 5 SYSTEMPATH\CodeIgniter.php(934): App\Controllers\DetailEvent->index('css', 'style.css')
 6 SYSTEMPATH\CodeIgniter.php(499): CodeIgniter\CodeIgniter->runController(Object(App\Controllers\DetailEvent))
 7 SYSTEMPATH\CodeIgniter.php(368): CodeIgniter\CodeIgniter->handleRequest(null, Object(Config\Cache), false)
 8 FCPATH\index.php(67): CodeIgniter\CodeIgniter->run()
 9 SYSTEMPATH\Commands\Server\rewrite.php(47): require_once('D:\\TUGAS\\KULIAH\\P2MW\\hehe\\gohitfinal\\public\\index.php')
INFO - 2025-05-15 08:15:05 --> Session: Class initialized using 'CodeIgniter\Session\Handlers\FileHandler' driver.
CRITICAL - 2025-05-15 08:15:05 --> foreach() argument must be of type array|object, null given
in SYSTEMPATH\Database\BaseBuilder.php on line 411.
 1 SYSTEMPATH\Database\BaseBuilder.php(411): CodeIgniter\Debug\Exceptions->errorHandler(2, 'foreach() argument must be of type array|object, null given', 'D:\\TUGAS\\KULIAH\\P2MW\\hehe\\gohitfinal\\system\\Database\\BaseBuilder.php', 411)
 2 SYSTEMPATH\Model.php(840): CodeIgniter\Database\BaseBuilder->select(null)
 3 APPPATH\Models\Fisher.php(20): CodeIgniter\Model->__call('select', [...])
 4 APPPATH\Controllers\DetailEvent.php(67): App\Models\Fisher->getUserPointBySport(null, null)
 5 SYSTEMPATH\CodeIgniter.php(934): App\Controllers\DetailEvent->index('images', 'bg-01.jpg')
 6 SYSTEMPATH\CodeIgniter.php(499): CodeIgniter\CodeIgniter->runController(Object(App\Controllers\DetailEvent))
 7 SYSTEMPATH\CodeIgniter.php(368): CodeIgniter\CodeIgniter->handleRequest(null, Object(Config\Cache), false)
 8 FCPATH\index.php(67): CodeIgniter\CodeIgniter->run()
 9 SYSTEMPATH\Commands\Server\rewrite.php(47): require_once('D:\\TUGAS\\KULIAH\\P2MW\\hehe\\gohitfinal\\public\\index.php')
INFO - 2025-05-15 08:20:32 --> Session: Class initialized using 'CodeIgniter\Session\Handlers\FileHandler' driver.
INFO - 2025-05-15 08:20:32 --> Session: Class initialized using 'CodeIgniter\Session\Handlers\FileHandler' driver.
CRITICAL - 2025-05-15 08:20:32 --> foreach() argument must be of type array|object, null given
in SYSTEMPATH\Database\BaseBuilder.php on line 411.
 1 SYSTEMPATH\Database\BaseBuilder.php(411): CodeIgniter\Debug\Exceptions->errorHandler(2, 'foreach() argument must be of type array|object, null given', 'D:\\TUGAS\\KULIAH\\P2MW\\hehe\\gohitfinal\\system\\Database\\BaseBuilder.php', 411)
 2 SYSTEMPATH\Model.php(840): CodeIgniter\Database\BaseBuilder->select(null)
 3 APPPATH\Models\Fisher.php(20): CodeIgniter\Model->__call('select', [...])
 4 APPPATH\Controllers\DetailEvent.php(67): App\Models\Fisher->getUserPointBySport(null, null)
 5 SYSTEMPATH\CodeIgniter.php(934): App\Controllers\DetailEvent->index('css', 'main.css')
 6 SYSTEMPATH\CodeIgniter.php(499): CodeIgniter\CodeIgniter->runController(Object(App\Controllers\DetailEvent))
 7 SYSTEMPATH\CodeIgniter.php(368): CodeIgniter\CodeIgniter->handleRequest(null, Object(Config\Cache), false)
 8 FCPATH\index.php(67): CodeIgniter\CodeIgniter->run()
 9 SYSTEMPATH\Commands\Server\rewrite.php(47): require_once('D:\\TUGAS\\KULIAH\\P2MW\\hehe\\gohitfinal\\public\\index.php')
INFO - 2025-05-15 08:20:32 --> Session: Class initialized using 'CodeIgniter\Session\Handlers\FileHandler' driver.
CRITICAL - 2025-05-15 08:20:32 --> foreach() argument must be of type array|object, null given
in SYSTEMPATH\Database\BaseBuilder.php on line 411.
 1 SYSTEMPATH\Database\BaseBuilder.php(411): CodeIgniter\Debug\Exceptions->errorHandler(2, 'foreach() argument must be of type array|object, null given', 'D:\\TUGAS\\KULIAH\\P2MW\\hehe\\gohitfinal\\system\\Database\\BaseBuilder.php', 411)
 2 SYSTEMPATH\Model.php(840): CodeIgniter\Database\BaseBuilder->select(null)
 3 APPPATH\Models\Fisher.php(20): CodeIgniter\Model->__call('select', [...])
 4 APPPATH\Controllers\DetailEvent.php(67): App\Models\Fisher->getUserPointBySport(null, null)
 5 SYSTEMPATH\CodeIgniter.php(934): App\Controllers\DetailEvent->index('css', 'style.css')
 6 SYSTEMPATH\CodeIgniter.php(499): CodeIgniter\CodeIgniter->runController(Object(App\Controllers\DetailEvent))
 7 SYSTEMPATH\CodeIgniter.php(368): CodeIgniter\CodeIgniter->handleRequest(null, Object(Config\Cache), false)
 8 FCPATH\index.php(67): CodeIgniter\CodeIgniter->run()
 9 SYSTEMPATH\Commands\Server\rewrite.php(47): require_once('D:\\TUGAS\\KULIAH\\P2MW\\hehe\\gohitfinal\\public\\index.php')
INFO - 2025-05-15 08:20:32 --> Session: Class initialized using 'CodeIgniter\Session\Handlers\FileHandler' driver.
CRITICAL - 2025-05-15 08:20:32 --> foreach() argument must be of type array|object, null given
in SYSTEMPATH\Database\BaseBuilder.php on line 411.
 1 SYSTEMPATH\Database\BaseBuilder.php(411): CodeIgniter\Debug\Exceptions->errorHandler(2, 'foreach() argument must be of type array|object, null given', 'D:\\TUGAS\\KULIAH\\P2MW\\hehe\\gohitfinal\\system\\Database\\BaseBuilder.php', 411)
 2 SYSTEMPATH\Model.php(840): CodeIgniter\Database\BaseBuilder->select(null)
 3 APPPATH\Models\Fisher.php(20): CodeIgniter\Model->__call('select', [...])
 4 APPPATH\Controllers\DetailEvent.php(67): App\Models\Fisher->getUserPointBySport(null, null)
 5 SYSTEMPATH\CodeIgniter.php(934): App\Controllers\DetailEvent->index('images', 'bg-01.jpg')
 6 SYSTEMPATH\CodeIgniter.php(499): CodeIgniter\CodeIgniter->runController(Object(App\Controllers\DetailEvent))
 7 SYSTEMPATH\CodeIgniter.php(368): CodeIgniter\CodeIgniter->handleRequest(null, Object(Config\Cache), false)
 8 FCPATH\index.php(67): CodeIgniter\CodeIgniter->run()
 9 SYSTEMPATH\Commands\Server\rewrite.php(47): require_once('D:\\TUGAS\\KULIAH\\P2MW\\hehe\\gohitfinal\\public\\index.php')
INFO - 2025-05-15 08:20:44 --> Session: Class initialized using 'CodeIgniter\Session\Handlers\FileHandler' driver.
INFO - 2025-05-15 08:20:44 --> Session: Class initialized using 'CodeIgniter\Session\Handlers\FileHandler' driver.
CRITICAL - 2025-05-15 08:20:44 --> foreach() argument must be of type array|object, null given
in SYSTEMPATH\Database\BaseBuilder.php on line 411.
 1 SYSTEMPATH\Database\BaseBuilder.php(411): CodeIgniter\Debug\Exceptions->errorHandler(2, 'foreach() argument must be of type array|object, null given', 'D:\\TUGAS\\KULIAH\\P2MW\\hehe\\gohitfinal\\system\\Database\\BaseBuilder.php', 411)
 2 SYSTEMPATH\Model.php(840): CodeIgniter\Database\BaseBuilder->select(null)
 3 APPPATH\Models\Fisher.php(20): CodeIgniter\Model->__call('select', [...])
 4 APPPATH\Controllers\DetailEvent.php(67): App\Models\Fisher->getUserPointBySport(null, null)
 5 SYSTEMPATH\CodeIgniter.php(934): App\Controllers\DetailEvent->index('css', 'main.css')
 6 SYSTEMPATH\CodeIgniter.php(499): CodeIgniter\CodeIgniter->runController(Object(App\Controllers\DetailEvent))
 7 SYSTEMPATH\CodeIgniter.php(368): CodeIgniter\CodeIgniter->handleRequest(null, Object(Config\Cache), false)
 8 FCPATH\index.php(67): CodeIgniter\CodeIgniter->run()
 9 SYSTEMPATH\Commands\Server\rewrite.php(47): require_once('D:\\TUGAS\\KULIAH\\P2MW\\hehe\\gohitfinal\\public\\index.php')
INFO - 2025-05-15 08:20:45 --> Session: Class initialized using 'CodeIgniter\Session\Handlers\FileHandler' driver.
CRITICAL - 2025-05-15 08:20:45 --> foreach() argument must be of type array|object, null given
in SYSTEMPATH\Database\BaseBuilder.php on line 411.
 1 SYSTEMPATH\Database\BaseBuilder.php(411): CodeIgniter\Debug\Exceptions->errorHandler(2, 'foreach() argument must be of type array|object, null given', 'D:\\TUGAS\\KULIAH\\P2MW\\hehe\\gohitfinal\\system\\Database\\BaseBuilder.php', 411)
 2 SYSTEMPATH\Model.php(840): CodeIgniter\Database\BaseBuilder->select(null)
 3 APPPATH\Models\Fisher.php(20): CodeIgniter\Model->__call('select', [...])
 4 APPPATH\Controllers\DetailEvent.php(67): App\Models\Fisher->getUserPointBySport(null, null)
 5 SYSTEMPATH\CodeIgniter.php(934): App\Controllers\DetailEvent->index('css', 'style.css')
 6 SYSTEMPATH\CodeIgniter.php(499): CodeIgniter\CodeIgniter->runController(Object(App\Controllers\DetailEvent))
 7 SYSTEMPATH\CodeIgniter.php(368): CodeIgniter\CodeIgniter->handleRequest(null, Object(Config\Cache), false)
 8 FCPATH\index.php(67): CodeIgniter\CodeIgniter->run()
 9 SYSTEMPATH\Commands\Server\rewrite.php(47): require_once('D:\\TUGAS\\KULIAH\\P2MW\\hehe\\gohitfinal\\public\\index.php')
INFO - 2025-05-15 08:20:45 --> Session: Class initialized using 'CodeIgniter\Session\Handlers\FileHandler' driver.
CRITICAL - 2025-05-15 08:20:45 --> foreach() argument must be of type array|object, null given
in SYSTEMPATH\Database\BaseBuilder.php on line 411.
 1 SYSTEMPATH\Database\BaseBuilder.php(411): CodeIgniter\Debug\Exceptions->errorHandler(2, 'foreach() argument must be of type array|object, null given', 'D:\\TUGAS\\KULIAH\\P2MW\\hehe\\gohitfinal\\system\\Database\\BaseBuilder.php', 411)
 2 SYSTEMPATH\Model.php(840): CodeIgniter\Database\BaseBuilder->select(null)
 3 APPPATH\Models\Fisher.php(20): CodeIgniter\Model->__call('select', [...])
 4 APPPATH\Controllers\DetailEvent.php(67): App\Models\Fisher->getUserPointBySport(null, null)
 5 SYSTEMPATH\CodeIgniter.php(934): App\Controllers\DetailEvent->index('images', 'bg-01.jpg')
 6 SYSTEMPATH\CodeIgniter.php(499): CodeIgniter\CodeIgniter->runController(Object(App\Controllers\DetailEvent))
 7 SYSTEMPATH\CodeIgniter.php(368): CodeIgniter\CodeIgniter->handleRequest(null, Object(Config\Cache), false)
 8 FCPATH\index.php(67): CodeIgniter\CodeIgniter->run()
 9 SYSTEMPATH\Commands\Server\rewrite.php(47): require_once('D:\\TUGAS\\KULIAH\\P2MW\\hehe\\gohitfinal\\public\\index.php')
INFO - 2025-05-15 08:22:07 --> Session: Class initialized using 'CodeIgniter\Session\Handlers\FileHandler' driver.
INFO - 2025-05-15 08:22:07 --> Session: Class initialized using 'CodeIgniter\Session\Handlers\FileHandler' driver.
CRITICAL - 2025-05-15 08:22:07 --> foreach() argument must be of type array|object, null given
in SYSTEMPATH\Database\BaseBuilder.php on line 411.
 1 SYSTEMPATH\Database\BaseBuilder.php(411): CodeIgniter\Debug\Exceptions->errorHandler(2, 'foreach() argument must be of type array|object, null given', 'D:\\TUGAS\\KULIAH\\P2MW\\hehe\\gohitfinal\\system\\Database\\BaseBuilder.php', 411)
 2 SYSTEMPATH\Model.php(840): CodeIgniter\Database\BaseBuilder->select(null)
 3 APPPATH\Models\Fisher.php(20): CodeIgniter\Model->__call('select', [...])
 4 APPPATH\Controllers\DetailEvent.php(67): App\Models\Fisher->getUserPointBySport(null, null)
 5 SYSTEMPATH\CodeIgniter.php(934): App\Controllers\DetailEvent->index('css', 'main.css')
 6 SYSTEMPATH\CodeIgniter.php(499): CodeIgniter\CodeIgniter->runController(Object(App\Controllers\DetailEvent))
 7 SYSTEMPATH\CodeIgniter.php(368): CodeIgniter\CodeIgniter->handleRequest(null, Object(Config\Cache), false)
 8 FCPATH\index.php(67): CodeIgniter\CodeIgniter->run()
 9 SYSTEMPATH\Commands\Server\rewrite.php(47): require_once('D:\\TUGAS\\KULIAH\\P2MW\\hehe\\gohitfinal\\public\\index.php')
INFO - 2025-05-15 08:22:07 --> Session: Class initialized using 'CodeIgniter\Session\Handlers\FileHandler' driver.
CRITICAL - 2025-05-15 08:22:07 --> foreach() argument must be of type array|object, null given
in SYSTEMPATH\Database\BaseBuilder.php on line 411.
 1 SYSTEMPATH\Database\BaseBuilder.php(411): CodeIgniter\Debug\Exceptions->errorHandler(2, 'foreach() argument must be of type array|object, null given', 'D:\\TUGAS\\KULIAH\\P2MW\\hehe\\gohitfinal\\system\\Database\\BaseBuilder.php', 411)
 2 SYSTEMPATH\Model.php(840): CodeIgniter\Database\BaseBuilder->select(null)
 3 APPPATH\Models\Fisher.php(20): CodeIgniter\Model->__call('select', [...])
 4 APPPATH\Controllers\DetailEvent.php(67): App\Models\Fisher->getUserPointBySport(null, null)
 5 SYSTEMPATH\CodeIgniter.php(934): App\Controllers\DetailEvent->index('css', 'style.css')
 6 SYSTEMPATH\CodeIgniter.php(499): CodeIgniter\CodeIgniter->runController(Object(App\Controllers\DetailEvent))
 7 SYSTEMPATH\CodeIgniter.php(368): CodeIgniter\CodeIgniter->handleRequest(null, Object(Config\Cache), false)
 8 FCPATH\index.php(67): CodeIgniter\CodeIgniter->run()
 9 SYSTEMPATH\Commands\Server\rewrite.php(47): require_once('D:\\TUGAS\\KULIAH\\P2MW\\hehe\\gohitfinal\\public\\index.php')
INFO - 2025-05-15 08:22:07 --> Session: Class initialized using 'CodeIgniter\Session\Handlers\FileHandler' driver.
CRITICAL - 2025-05-15 08:22:07 --> foreach() argument must be of type array|object, null given
in SYSTEMPATH\Database\BaseBuilder.php on line 411.
 1 SYSTEMPATH\Database\BaseBuilder.php(411): CodeIgniter\Debug\Exceptions->errorHandler(2, 'foreach() argument must be of type array|object, null given', 'D:\\TUGAS\\KULIAH\\P2MW\\hehe\\gohitfinal\\system\\Database\\BaseBuilder.php', 411)
 2 SYSTEMPATH\Model.php(840): CodeIgniter\Database\BaseBuilder->select(null)
 3 APPPATH\Models\Fisher.php(20): CodeIgniter\Model->__call('select', [...])
 4 APPPATH\Controllers\DetailEvent.php(67): App\Models\Fisher->getUserPointBySport(null, null)
 5 SYSTEMPATH\CodeIgniter.php(934): App\Controllers\DetailEvent->index('images', 'bg-01.jpg')
 6 SYSTEMPATH\CodeIgniter.php(499): CodeIgniter\CodeIgniter->runController(Object(App\Controllers\DetailEvent))
 7 SYSTEMPATH\CodeIgniter.php(368): CodeIgniter\CodeIgniter->handleRequest(null, Object(Config\Cache), false)
 8 FCPATH\index.php(67): CodeIgniter\CodeIgniter->run()
 9 SYSTEMPATH\Commands\Server\rewrite.php(47): require_once('D:\\TUGAS\\KULIAH\\P2MW\\hehe\\gohitfinal\\public\\index.php')
INFO - 2025-05-15 08:22:39 --> Session: Class initialized using 'CodeIgniter\Session\Handlers\FileHandler' driver.
INFO - 2025-05-15 08:22:39 --> Session: Class initialized using 'CodeIgniter\Session\Handlers\FileHandler' driver.
CRITICAL - 2025-05-15 08:22:39 --> foreach() argument must be of type array|object, null given
in SYSTEMPATH\Database\BaseBuilder.php on line 411.
 1 SYSTEMPATH\Database\BaseBuilder.php(411): CodeIgniter\Debug\Exceptions->errorHandler(2, 'foreach() argument must be of type array|object, null given', 'D:\\TUGAS\\KULIAH\\P2MW\\hehe\\gohitfinal\\system\\Database\\BaseBuilder.php', 411)
 2 SYSTEMPATH\Model.php(840): CodeIgniter\Database\BaseBuilder->select(null)
 3 APPPATH\Models\Fisher.php(20): CodeIgniter\Model->__call('select', [...])
 4 APPPATH\Controllers\DetailEvent.php(67): App\Models\Fisher->getUserPointBySport(null, null)
 5 SYSTEMPATH\CodeIgniter.php(934): App\Controllers\DetailEvent->index('css', 'main.css')
 6 SYSTEMPATH\CodeIgniter.php(499): CodeIgniter\CodeIgniter->runController(Object(App\Controllers\DetailEvent))
 7 SYSTEMPATH\CodeIgniter.php(368): CodeIgniter\CodeIgniter->handleRequest(null, Object(Config\Cache), false)
 8 FCPATH\index.php(67): CodeIgniter\CodeIgniter->run()
 9 SYSTEMPATH\Commands\Server\rewrite.php(47): require_once('D:\\TUGAS\\KULIAH\\P2MW\\hehe\\gohitfinal\\public\\index.php')
INFO - 2025-05-15 08:22:39 --> Session: Class initialized using 'CodeIgniter\Session\Handlers\FileHandler' driver.
CRITICAL - 2025-05-15 08:22:39 --> foreach() argument must be of type array|object, null given
in SYSTEMPATH\Database\BaseBuilder.php on line 411.
 1 SYSTEMPATH\Database\BaseBuilder.php(411): CodeIgniter\Debug\Exceptions->errorHandler(2, 'foreach() argument must be of type array|object, null given', 'D:\\TUGAS\\KULIAH\\P2MW\\hehe\\gohitfinal\\system\\Database\\BaseBuilder.php', 411)
 2 SYSTEMPATH\Model.php(840): CodeIgniter\Database\BaseBuilder->select(null)
 3 APPPATH\Models\Fisher.php(20): CodeIgniter\Model->__call('select', [...])
 4 APPPATH\Controllers\DetailEvent.php(67): App\Models\Fisher->getUserPointBySport(null, null)
 5 SYSTEMPATH\CodeIgniter.php(934): App\Controllers\DetailEvent->index('css', 'style.css')
 6 SYSTEMPATH\CodeIgniter.php(499): CodeIgniter\CodeIgniter->runController(Object(App\Controllers\DetailEvent))
 7 SYSTEMPATH\CodeIgniter.php(368): CodeIgniter\CodeIgniter->handleRequest(null, Object(Config\Cache), false)
 8 FCPATH\index.php(67): CodeIgniter\CodeIgniter->run()
 9 SYSTEMPATH\Commands\Server\rewrite.php(47): require_once('D:\\TUGAS\\KULIAH\\P2MW\\hehe\\gohitfinal\\public\\index.php')
INFO - 2025-05-15 08:22:39 --> Session: Class initialized using 'CodeIgniter\Session\Handlers\FileHandler' driver.
CRITICAL - 2025-05-15 08:22:39 --> foreach() argument must be of type array|object, null given
in SYSTEMPATH\Database\BaseBuilder.php on line 411.
 1 SYSTEMPATH\Database\BaseBuilder.php(411): CodeIgniter\Debug\Exceptions->errorHandler(2, 'foreach() argument must be of type array|object, null given', 'D:\\TUGAS\\KULIAH\\P2MW\\hehe\\gohitfinal\\system\\Database\\BaseBuilder.php', 411)
 2 SYSTEMPATH\Model.php(840): CodeIgniter\Database\BaseBuilder->select(null)
 3 APPPATH\Models\Fisher.php(20): CodeIgniter\Model->__call('select', [...])
 4 APPPATH\Controllers\DetailEvent.php(67): App\Models\Fisher->getUserPointBySport(null, null)
 5 SYSTEMPATH\CodeIgniter.php(934): App\Controllers\DetailEvent->index('images', 'bg-01.jpg')
 6 SYSTEMPATH\CodeIgniter.php(499): CodeIgniter\CodeIgniter->runController(Object(App\Controllers\DetailEvent))
 7 SYSTEMPATH\CodeIgniter.php(368): CodeIgniter\CodeIgniter->handleRequest(null, Object(Config\Cache), false)
 8 FCPATH\index.php(67): CodeIgniter\CodeIgniter->run()
 9 SYSTEMPATH\Commands\Server\rewrite.php(47): require_once('D:\\TUGAS\\KULIAH\\P2MW\\hehe\\gohitfinal\\public\\index.php')
INFO - 2025-05-15 08:22:46 --> Session: Class initialized using 'CodeIgniter\Session\Handlers\FileHandler' driver.
INFO - 2025-05-15 08:22:46 --> Session: Class initialized using 'CodeIgniter\Session\Handlers\FileHandler' driver.
CRITICAL - 2025-05-15 08:22:46 --> foreach() argument must be of type array|object, null given
in SYSTEMPATH\Database\BaseBuilder.php on line 411.
 1 SYSTEMPATH\Database\BaseBuilder.php(411): CodeIgniter\Debug\Exceptions->errorHandler(2, 'foreach() argument must be of type array|object, null given', 'D:\\TUGAS\\KULIAH\\P2MW\\hehe\\gohitfinal\\system\\Database\\BaseBuilder.php', 411)
 2 SYSTEMPATH\Model.php(840): CodeIgniter\Database\BaseBuilder->select(null)
 3 APPPATH\Models\Fisher.php(20): CodeIgniter\Model->__call('select', [...])
 4 APPPATH\Controllers\DetailEvent.php(67): App\Models\Fisher->getUserPointBySport(null, null)
 5 SYSTEMPATH\CodeIgniter.php(934): App\Controllers\DetailEvent->index('css', 'main.css')
 6 SYSTEMPATH\CodeIgniter.php(499): CodeIgniter\CodeIgniter->runController(Object(App\Controllers\DetailEvent))
 7 SYSTEMPATH\CodeIgniter.php(368): CodeIgniter\CodeIgniter->handleRequest(null, Object(Config\Cache), false)
 8 FCPATH\index.php(67): CodeIgniter\CodeIgniter->run()
 9 SYSTEMPATH\Commands\Server\rewrite.php(47): require_once('D:\\TUGAS\\KULIAH\\P2MW\\hehe\\gohitfinal\\public\\index.php')
INFO - 2025-05-15 08:22:46 --> Session: Class initialized using 'CodeIgniter\Session\Handlers\FileHandler' driver.
CRITICAL - 2025-05-15 08:22:46 --> foreach() argument must be of type array|object, null given
in SYSTEMPATH\Database\BaseBuilder.php on line 411.
 1 SYSTEMPATH\Database\BaseBuilder.php(411): CodeIgniter\Debug\Exceptions->errorHandler(2, 'foreach() argument must be of type array|object, null given', 'D:\\TUGAS\\KULIAH\\P2MW\\hehe\\gohitfinal\\system\\Database\\BaseBuilder.php', 411)
 2 SYSTEMPATH\Model.php(840): CodeIgniter\Database\BaseBuilder->select(null)
 3 APPPATH\Models\Fisher.php(20): CodeIgniter\Model->__call('select', [...])
 4 APPPATH\Controllers\DetailEvent.php(67): App\Models\Fisher->getUserPointBySport(null, null)
 5 SYSTEMPATH\CodeIgniter.php(934): App\Controllers\DetailEvent->index('css', 'style.css')
 6 SYSTEMPATH\CodeIgniter.php(499): CodeIgniter\CodeIgniter->runController(Object(App\Controllers\DetailEvent))
 7 SYSTEMPATH\CodeIgniter.php(368): CodeIgniter\CodeIgniter->handleRequest(null, Object(Config\Cache), false)
 8 FCPATH\index.php(67): CodeIgniter\CodeIgniter->run()
 9 SYSTEMPATH\Commands\Server\rewrite.php(47): require_once('D:\\TUGAS\\KULIAH\\P2MW\\hehe\\gohitfinal\\public\\index.php')
INFO - 2025-05-15 08:22:46 --> Session: Class initialized using 'CodeIgniter\Session\Handlers\FileHandler' driver.
CRITICAL - 2025-05-15 08:22:46 --> foreach() argument must be of type array|object, null given
in SYSTEMPATH\Database\BaseBuilder.php on line 411.
 1 SYSTEMPATH\Database\BaseBuilder.php(411): CodeIgniter\Debug\Exceptions->errorHandler(2, 'foreach() argument must be of type array|object, null given', 'D:\\TUGAS\\KULIAH\\P2MW\\hehe\\gohitfinal\\system\\Database\\BaseBuilder.php', 411)
 2 SYSTEMPATH\Model.php(840): CodeIgniter\Database\BaseBuilder->select(null)
 3 APPPATH\Models\Fisher.php(20): CodeIgniter\Model->__call('select', [...])
 4 APPPATH\Controllers\DetailEvent.php(67): App\Models\Fisher->getUserPointBySport(null, null)
 5 SYSTEMPATH\CodeIgniter.php(934): App\Controllers\DetailEvent->index('images', 'bg-01.jpg')
 6 SYSTEMPATH\CodeIgniter.php(499): CodeIgniter\CodeIgniter->runController(Object(App\Controllers\DetailEvent))
 7 SYSTEMPATH\CodeIgniter.php(368): CodeIgniter\CodeIgniter->handleRequest(null, Object(Config\Cache), false)
 8 FCPATH\index.php(67): CodeIgniter\CodeIgniter->run()
 9 SYSTEMPATH\Commands\Server\rewrite.php(47): require_once('D:\\TUGAS\\KULIAH\\P2MW\\hehe\\gohitfinal\\public\\index.php')
INFO - 2025-05-15 08:23:06 --> Session: Class initialized using 'CodeIgniter\Session\Handlers\FileHandler' driver.
INFO - 2025-05-15 08:23:06 --> Session: Class initialized using 'CodeIgniter\Session\Handlers\FileHandler' driver.
CRITICAL - 2025-05-15 08:23:06 --> foreach() argument must be of type array|object, null given
in SYSTEMPATH\Database\BaseBuilder.php on line 411.
 1 SYSTEMPATH\Database\BaseBuilder.php(411): CodeIgniter\Debug\Exceptions->errorHandler(2, 'foreach() argument must be of type array|object, null given', 'D:\\TUGAS\\KULIAH\\P2MW\\hehe\\gohitfinal\\system\\Database\\BaseBuilder.php', 411)
 2 SYSTEMPATH\Model.php(840): CodeIgniter\Database\BaseBuilder->select(null)
 3 APPPATH\Models\Fisher.php(20): CodeIgniter\Model->__call('select', [...])
 4 APPPATH\Controllers\DetailEvent.php(67): App\Models\Fisher->getUserPointBySport(null, null)
 5 SYSTEMPATH\CodeIgniter.php(934): App\Controllers\DetailEvent->index('css', 'main.css')
 6 SYSTEMPATH\CodeIgniter.php(499): CodeIgniter\CodeIgniter->runController(Object(App\Controllers\DetailEvent))
 7 SYSTEMPATH\CodeIgniter.php(368): CodeIgniter\CodeIgniter->handleRequest(null, Object(Config\Cache), false)
 8 FCPATH\index.php(67): CodeIgniter\CodeIgniter->run()
 9 SYSTEMPATH\Commands\Server\rewrite.php(47): require_once('D:\\TUGAS\\KULIAH\\P2MW\\hehe\\gohitfinal\\public\\index.php')
INFO - 2025-05-15 08:23:06 --> Session: Class initialized using 'CodeIgniter\Session\Handlers\FileHandler' driver.
CRITICAL - 2025-05-15 08:23:06 --> foreach() argument must be of type array|object, null given
in SYSTEMPATH\Database\BaseBuilder.php on line 411.
 1 SYSTEMPATH\Database\BaseBuilder.php(411): CodeIgniter\Debug\Exceptions->errorHandler(2, 'foreach() argument must be of type array|object, null given', 'D:\\TUGAS\\KULIAH\\P2MW\\hehe\\gohitfinal\\system\\Database\\BaseBuilder.php', 411)
 2 SYSTEMPATH\Model.php(840): CodeIgniter\Database\BaseBuilder->select(null)
 3 APPPATH\Models\Fisher.php(20): CodeIgniter\Model->__call('select', [...])
 4 APPPATH\Controllers\DetailEvent.php(67): App\Models\Fisher->getUserPointBySport(null, null)
 5 SYSTEMPATH\CodeIgniter.php(934): App\Controllers\DetailEvent->index('css', 'style.css')
 6 SYSTEMPATH\CodeIgniter.php(499): CodeIgniter\CodeIgniter->runController(Object(App\Controllers\DetailEvent))
 7 SYSTEMPATH\CodeIgniter.php(368): CodeIgniter\CodeIgniter->handleRequest(null, Object(Config\Cache), false)
 8 FCPATH\index.php(67): CodeIgniter\CodeIgniter->run()
 9 SYSTEMPATH\Commands\Server\rewrite.php(47): require_once('D:\\TUGAS\\KULIAH\\P2MW\\hehe\\gohitfinal\\public\\index.php')
INFO - 2025-05-15 08:23:06 --> Session: Class initialized using 'CodeIgniter\Session\Handlers\FileHandler' driver.
CRITICAL - 2025-05-15 08:23:06 --> foreach() argument must be of type array|object, null given
in SYSTEMPATH\Database\BaseBuilder.php on line 411.
 1 SYSTEMPATH\Database\BaseBuilder.php(411): CodeIgniter\Debug\Exceptions->errorHandler(2, 'foreach() argument must be of type array|object, null given', 'D:\\TUGAS\\KULIAH\\P2MW\\hehe\\gohitfinal\\system\\Database\\BaseBuilder.php', 411)
 2 SYSTEMPATH\Model.php(840): CodeIgniter\Database\BaseBuilder->select(null)
 3 APPPATH\Models\Fisher.php(20): CodeIgniter\Model->__call('select', [...])
 4 APPPATH\Controllers\DetailEvent.php(67): App\Models\Fisher->getUserPointBySport(null, null)
 5 SYSTEMPATH\CodeIgniter.php(934): App\Controllers\DetailEvent->index('images', 'bg-01.jpg')
 6 SYSTEMPATH\CodeIgniter.php(499): CodeIgniter\CodeIgniter->runController(Object(App\Controllers\DetailEvent))
 7 SYSTEMPATH\CodeIgniter.php(368): CodeIgniter\CodeIgniter->handleRequest(null, Object(Config\Cache), false)
 8 FCPATH\index.php(67): CodeIgniter\CodeIgniter->run()
 9 SYSTEMPATH\Commands\Server\rewrite.php(47): require_once('D:\\TUGAS\\KULIAH\\P2MW\\hehe\\gohitfinal\\public\\index.php')
INFO - 2025-05-15 08:23:20 --> Session: Class initialized using 'CodeIgniter\Session\Handlers\FileHandler' driver.
INFO - 2025-05-15 08:23:21 --> Session: Class initialized using 'CodeIgniter\Session\Handlers\FileHandler' driver.
CRITICAL - 2025-05-15 08:23:21 --> foreach() argument must be of type array|object, null given
in SYSTEMPATH\Database\BaseBuilder.php on line 411.
 1 SYSTEMPATH\Database\BaseBuilder.php(411): CodeIgniter\Debug\Exceptions->errorHandler(2, 'foreach() argument must be of type array|object, null given', 'D:\\TUGAS\\KULIAH\\P2MW\\hehe\\gohitfinal\\system\\Database\\BaseBuilder.php', 411)
 2 SYSTEMPATH\Model.php(840): CodeIgniter\Database\BaseBuilder->select(null)
 3 APPPATH\Models\Fisher.php(20): CodeIgniter\Model->__call('select', [...])
 4 APPPATH\Controllers\DetailEvent.php(67): App\Models\Fisher->getUserPointBySport(null, null)
 5 SYSTEMPATH\CodeIgniter.php(934): App\Controllers\DetailEvent->index('css', 'main.css')
 6 SYSTEMPATH\CodeIgniter.php(499): CodeIgniter\CodeIgniter->runController(Object(App\Controllers\DetailEvent))
 7 SYSTEMPATH\CodeIgniter.php(368): CodeIgniter\CodeIgniter->handleRequest(null, Object(Config\Cache), false)
 8 FCPATH\index.php(67): CodeIgniter\CodeIgniter->run()
 9 SYSTEMPATH\Commands\Server\rewrite.php(47): require_once('D:\\TUGAS\\KULIAH\\P2MW\\hehe\\gohitfinal\\public\\index.php')
INFO - 2025-05-15 08:23:21 --> Session: Class initialized using 'CodeIgniter\Session\Handlers\FileHandler' driver.
CRITICAL - 2025-05-15 08:23:21 --> foreach() argument must be of type array|object, null given
in SYSTEMPATH\Database\BaseBuilder.php on line 411.
 1 SYSTEMPATH\Database\BaseBuilder.php(411): CodeIgniter\Debug\Exceptions->errorHandler(2, 'foreach() argument must be of type array|object, null given', 'D:\\TUGAS\\KULIAH\\P2MW\\hehe\\gohitfinal\\system\\Database\\BaseBuilder.php', 411)
 2 SYSTEMPATH\Model.php(840): CodeIgniter\Database\BaseBuilder->select(null)
 3 APPPATH\Models\Fisher.php(20): CodeIgniter\Model->__call('select', [...])
 4 APPPATH\Controllers\DetailEvent.php(67): App\Models\Fisher->getUserPointBySport(null, null)
 5 SYSTEMPATH\CodeIgniter.php(934): App\Controllers\DetailEvent->index('css', 'style.css')
 6 SYSTEMPATH\CodeIgniter.php(499): CodeIgniter\CodeIgniter->runController(Object(App\Controllers\DetailEvent))
 7 SYSTEMPATH\CodeIgniter.php(368): CodeIgniter\CodeIgniter->handleRequest(null, Object(Config\Cache), false)
 8 FCPATH\index.php(67): CodeIgniter\CodeIgniter->run()
 9 SYSTEMPATH\Commands\Server\rewrite.php(47): require_once('D:\\TUGAS\\KULIAH\\P2MW\\hehe\\gohitfinal\\public\\index.php')
INFO - 2025-05-15 08:23:21 --> Session: Class initialized using 'CodeIgniter\Session\Handlers\FileHandler' driver.
CRITICAL - 2025-05-15 08:23:21 --> foreach() argument must be of type array|object, null given
in SYSTEMPATH\Database\BaseBuilder.php on line 411.
 1 SYSTEMPATH\Database\BaseBuilder.php(411): CodeIgniter\Debug\Exceptions->errorHandler(2, 'foreach() argument must be of type array|object, null given', 'D:\\TUGAS\\KULIAH\\P2MW\\hehe\\gohitfinal\\system\\Database\\BaseBuilder.php', 411)
 2 SYSTEMPATH\Model.php(840): CodeIgniter\Database\BaseBuilder->select(null)
 3 APPPATH\Models\Fisher.php(20): CodeIgniter\Model->__call('select', [...])
 4 APPPATH\Controllers\DetailEvent.php(67): App\Models\Fisher->getUserPointBySport(null, null)
 5 SYSTEMPATH\CodeIgniter.php(934): App\Controllers\DetailEvent->index('images', 'bg-01.jpg')
 6 SYSTEMPATH\CodeIgniter.php(499): CodeIgniter\CodeIgniter->runController(Object(App\Controllers\DetailEvent))
 7 SYSTEMPATH\CodeIgniter.php(368): CodeIgniter\CodeIgniter->handleRequest(null, Object(Config\Cache), false)
 8 FCPATH\index.php(67): CodeIgniter\CodeIgniter->run()
 9 SYSTEMPATH\Commands\Server\rewrite.php(47): require_once('D:\\TUGAS\\KULIAH\\P2MW\\hehe\\gohitfinal\\public\\index.php')
INFO - 2025-05-15 08:23:49 --> Session: Class initialized using 'CodeIgniter\Session\Handlers\FileHandler' driver.
INFO - 2025-05-15 08:23:49 --> Session: Class initialized using 'CodeIgniter\Session\Handlers\FileHandler' driver.
CRITICAL - 2025-05-15 08:23:49 --> foreach() argument must be of type array|object, null given
in SYSTEMPATH\Database\BaseBuilder.php on line 411.
 1 SYSTEMPATH\Database\BaseBuilder.php(411): CodeIgniter\Debug\Exceptions->errorHandler(2, 'foreach() argument must be of type array|object, null given', 'D:\\TUGAS\\KULIAH\\P2MW\\hehe\\gohitfinal\\system\\Database\\BaseBuilder.php', 411)
 2 SYSTEMPATH\Model.php(840): CodeIgniter\Database\BaseBuilder->select(null)
 3 APPPATH\Models\Fisher.php(20): CodeIgniter\Model->__call('select', [...])
 4 APPPATH\Controllers\DetailEvent.php(67): App\Models\Fisher->getUserPointBySport(null, null)
 5 SYSTEMPATH\CodeIgniter.php(934): App\Controllers\DetailEvent->index('css', 'main.css')
 6 SYSTEMPATH\CodeIgniter.php(499): CodeIgniter\CodeIgniter->runController(Object(App\Controllers\DetailEvent))
 7 SYSTEMPATH\CodeIgniter.php(368): CodeIgniter\CodeIgniter->handleRequest(null, Object(Config\Cache), false)
 8 FCPATH\index.php(67): CodeIgniter\CodeIgniter->run()
 9 SYSTEMPATH\Commands\Server\rewrite.php(47): require_once('D:\\TUGAS\\KULIAH\\P2MW\\hehe\\gohitfinal\\public\\index.php')
INFO - 2025-05-15 08:23:49 --> Session: Class initialized using 'CodeIgniter\Session\Handlers\FileHandler' driver.
CRITICAL - 2025-05-15 08:23:49 --> foreach() argument must be of type array|object, null given
in SYSTEMPATH\Database\BaseBuilder.php on line 411.
 1 SYSTEMPATH\Database\BaseBuilder.php(411): CodeIgniter\Debug\Exceptions->errorHandler(2, 'foreach() argument must be of type array|object, null given', 'D:\\TUGAS\\KULIAH\\P2MW\\hehe\\gohitfinal\\system\\Database\\BaseBuilder.php', 411)
 2 SYSTEMPATH\Model.php(840): CodeIgniter\Database\BaseBuilder->select(null)
 3 APPPATH\Models\Fisher.php(20): CodeIgniter\Model->__call('select', [...])
 4 APPPATH\Controllers\DetailEvent.php(67): App\Models\Fisher->getUserPointBySport(null, null)
 5 SYSTEMPATH\CodeIgniter.php(934): App\Controllers\DetailEvent->index('css', 'style.css')
 6 SYSTEMPATH\CodeIgniter.php(499): CodeIgniter\CodeIgniter->runController(Object(App\Controllers\DetailEvent))
 7 SYSTEMPATH\CodeIgniter.php(368): CodeIgniter\CodeIgniter->handleRequest(null, Object(Config\Cache), false)
 8 FCPATH\index.php(67): CodeIgniter\CodeIgniter->run()
 9 SYSTEMPATH\Commands\Server\rewrite.php(47): require_once('D:\\TUGAS\\KULIAH\\P2MW\\hehe\\gohitfinal\\public\\index.php')
INFO - 2025-05-15 08:23:49 --> Session: Class initialized using 'CodeIgniter\Session\Handlers\FileHandler' driver.
CRITICAL - 2025-05-15 08:23:50 --> foreach() argument must be of type array|object, null given
in SYSTEMPATH\Database\BaseBuilder.php on line 411.
 1 SYSTEMPATH\Database\BaseBuilder.php(411): CodeIgniter\Debug\Exceptions->errorHandler(2, 'foreach() argument must be of type array|object, null given', 'D:\\TUGAS\\KULIAH\\P2MW\\hehe\\gohitfinal\\system\\Database\\BaseBuilder.php', 411)
 2 SYSTEMPATH\Model.php(840): CodeIgniter\Database\BaseBuilder->select(null)
 3 APPPATH\Models\Fisher.php(20): CodeIgniter\Model->__call('select', [...])
 4 APPPATH\Controllers\DetailEvent.php(67): App\Models\Fisher->getUserPointBySport(null, null)
 5 SYSTEMPATH\CodeIgniter.php(934): App\Controllers\DetailEvent->index('images', 'bg-01.jpg')
 6 SYSTEMPATH\CodeIgniter.php(499): CodeIgniter\CodeIgniter->runController(Object(App\Controllers\DetailEvent))
 7 SYSTEMPATH\CodeIgniter.php(368): CodeIgniter\CodeIgniter->handleRequest(null, Object(Config\Cache), false)
 8 FCPATH\index.php(67): CodeIgniter\CodeIgniter->run()
 9 SYSTEMPATH\Commands\Server\rewrite.php(47): require_once('D:\\TUGAS\\KULIAH\\P2MW\\hehe\\gohitfinal\\public\\index.php')
INFO - 2025-05-15 08:24:06 --> Session: Class initialized using 'CodeIgniter\Session\Handlers\FileHandler' driver.
INFO - 2025-05-15 08:24:06 --> Session: Class initialized using 'CodeIgniter\Session\Handlers\FileHandler' driver.
CRITICAL - 2025-05-15 08:24:06 --> foreach() argument must be of type array|object, null given
in SYSTEMPATH\Database\BaseBuilder.php on line 411.
 1 SYSTEMPATH\Database\BaseBuilder.php(411): CodeIgniter\Debug\Exceptions->errorHandler(2, 'foreach() argument must be of type array|object, null given', 'D:\\TUGAS\\KULIAH\\P2MW\\hehe\\gohitfinal\\system\\Database\\BaseBuilder.php', 411)
 2 SYSTEMPATH\Model.php(840): CodeIgniter\Database\BaseBuilder->select(null)
 3 APPPATH\Models\Fisher.php(20): CodeIgniter\Model->__call('select', [...])
 4 APPPATH\Controllers\DetailEvent.php(67): App\Models\Fisher->getUserPointBySport(null, null)
 5 SYSTEMPATH\CodeIgniter.php(934): App\Controllers\DetailEvent->index('css', 'main.css')
 6 SYSTEMPATH\CodeIgniter.php(499): CodeIgniter\CodeIgniter->runController(Object(App\Controllers\DetailEvent))
 7 SYSTEMPATH\CodeIgniter.php(368): CodeIgniter\CodeIgniter->handleRequest(null, Object(Config\Cache), false)
 8 FCPATH\index.php(67): CodeIgniter\CodeIgniter->run()
 9 SYSTEMPATH\Commands\Server\rewrite.php(47): require_once('D:\\TUGAS\\KULIAH\\P2MW\\hehe\\gohitfinal\\public\\index.php')
INFO - 2025-05-15 08:24:06 --> Session: Class initialized using 'CodeIgniter\Session\Handlers\FileHandler' driver.
CRITICAL - 2025-05-15 08:24:06 --> foreach() argument must be of type array|object, null given
in SYSTEMPATH\Database\BaseBuilder.php on line 411.
 1 SYSTEMPATH\Database\BaseBuilder.php(411): CodeIgniter\Debug\Exceptions->errorHandler(2, 'foreach() argument must be of type array|object, null given', 'D:\\TUGAS\\KULIAH\\P2MW\\hehe\\gohitfinal\\system\\Database\\BaseBuilder.php', 411)
 2 SYSTEMPATH\Model.php(840): CodeIgniter\Database\BaseBuilder->select(null)
 3 APPPATH\Models\Fisher.php(20): CodeIgniter\Model->__call('select', [...])
 4 APPPATH\Controllers\DetailEvent.php(67): App\Models\Fisher->getUserPointBySport(null, null)
 5 SYSTEMPATH\CodeIgniter.php(934): App\Controllers\DetailEvent->index('css', 'style.css')
 6 SYSTEMPATH\CodeIgniter.php(499): CodeIgniter\CodeIgniter->runController(Object(App\Controllers\DetailEvent))
 7 SYSTEMPATH\CodeIgniter.php(368): CodeIgniter\CodeIgniter->handleRequest(null, Object(Config\Cache), false)
 8 FCPATH\index.php(67): CodeIgniter\CodeIgniter->run()
 9 SYSTEMPATH\Commands\Server\rewrite.php(47): require_once('D:\\TUGAS\\KULIAH\\P2MW\\hehe\\gohitfinal\\public\\index.php')
INFO - 2025-05-15 08:24:07 --> Session: Class initialized using 'CodeIgniter\Session\Handlers\FileHandler' driver.
CRITICAL - 2025-05-15 08:24:07 --> foreach() argument must be of type array|object, null given
in SYSTEMPATH\Database\BaseBuilder.php on line 411.
 1 SYSTEMPATH\Database\BaseBuilder.php(411): CodeIgniter\Debug\Exceptions->errorHandler(2, 'foreach() argument must be of type array|object, null given', 'D:\\TUGAS\\KULIAH\\P2MW\\hehe\\gohitfinal\\system\\Database\\BaseBuilder.php', 411)
 2 SYSTEMPATH\Model.php(840): CodeIgniter\Database\BaseBuilder->select(null)
 3 APPPATH\Models\Fisher.php(20): CodeIgniter\Model->__call('select', [...])
 4 APPPATH\Controllers\DetailEvent.php(67): App\Models\Fisher->getUserPointBySport(null, null)
 5 SYSTEMPATH\CodeIgniter.php(934): App\Controllers\DetailEvent->index('images', 'bg-01.jpg')
 6 SYSTEMPATH\CodeIgniter.php(499): CodeIgniter\CodeIgniter->runController(Object(App\Controllers\DetailEvent))
 7 SYSTEMPATH\CodeIgniter.php(368): CodeIgniter\CodeIgniter->handleRequest(null, Object(Config\Cache), false)
 8 FCPATH\index.php(67): CodeIgniter\CodeIgniter->run()
 9 SYSTEMPATH\Commands\Server\rewrite.php(47): require_once('D:\\TUGAS\\KULIAH\\P2MW\\hehe\\gohitfinal\\public\\index.php')
INFO - 2025-05-15 08:29:11 --> Session: Class initialized using 'CodeIgniter\Session\Handlers\FileHandler' driver.
INFO - 2025-05-15 08:29:11 --> Session: Class initialized using 'CodeIgniter\Session\Handlers\FileHandler' driver.
CRITICAL - 2025-05-15 08:29:11 --> foreach() argument must be of type array|object, null given
in SYSTEMPATH\Database\BaseBuilder.php on line 411.
 1 SYSTEMPATH\Database\BaseBuilder.php(411): CodeIgniter\Debug\Exceptions->errorHandler(2, 'foreach() argument must be of type array|object, null given', 'D:\\TUGAS\\KULIAH\\P2MW\\hehe\\gohitfinal\\system\\Database\\BaseBuilder.php', 411)
 2 SYSTEMPATH\Model.php(840): CodeIgniter\Database\BaseBuilder->select(null)
 3 APPPATH\Models\Fisher.php(20): CodeIgniter\Model->__call('select', [...])
 4 APPPATH\Controllers\DetailEvent.php(67): App\Models\Fisher->getUserPointBySport(null, null)
 5 SYSTEMPATH\CodeIgniter.php(934): App\Controllers\DetailEvent->index('css', 'main.css')
 6 SYSTEMPATH\CodeIgniter.php(499): CodeIgniter\CodeIgniter->runController(Object(App\Controllers\DetailEvent))
 7 SYSTEMPATH\CodeIgniter.php(368): CodeIgniter\CodeIgniter->handleRequest(null, Object(Config\Cache), false)
 8 FCPATH\index.php(67): CodeIgniter\CodeIgniter->run()
 9 SYSTEMPATH\Commands\Server\rewrite.php(47): require_once('D:\\TUGAS\\KULIAH\\P2MW\\hehe\\gohitfinal\\public\\index.php')
INFO - 2025-05-15 08:29:11 --> Session: Class initialized using 'CodeIgniter\Session\Handlers\FileHandler' driver.
CRITICAL - 2025-05-15 08:29:11 --> foreach() argument must be of type array|object, null given
in SYSTEMPATH\Database\BaseBuilder.php on line 411.
 1 SYSTEMPATH\Database\BaseBuilder.php(411): CodeIgniter\Debug\Exceptions->errorHandler(2, 'foreach() argument must be of type array|object, null given', 'D:\\TUGAS\\KULIAH\\P2MW\\hehe\\gohitfinal\\system\\Database\\BaseBuilder.php', 411)
 2 SYSTEMPATH\Model.php(840): CodeIgniter\Database\BaseBuilder->select(null)
 3 APPPATH\Models\Fisher.php(20): CodeIgniter\Model->__call('select', [...])
 4 APPPATH\Controllers\DetailEvent.php(67): App\Models\Fisher->getUserPointBySport(null, null)
 5 SYSTEMPATH\CodeIgniter.php(934): App\Controllers\DetailEvent->index('css', 'style.css')
 6 SYSTEMPATH\CodeIgniter.php(499): CodeIgniter\CodeIgniter->runController(Object(App\Controllers\DetailEvent))
 7 SYSTEMPATH\CodeIgniter.php(368): CodeIgniter\CodeIgniter->handleRequest(null, Object(Config\Cache), false)
 8 FCPATH\index.php(67): CodeIgniter\CodeIgniter->run()
 9 SYSTEMPATH\Commands\Server\rewrite.php(47): require_once('D:\\TUGAS\\KULIAH\\P2MW\\hehe\\gohitfinal\\public\\index.php')
INFO - 2025-05-15 08:29:11 --> Session: Class initialized using 'CodeIgniter\Session\Handlers\FileHandler' driver.
CRITICAL - 2025-05-15 08:29:11 --> foreach() argument must be of type array|object, null given
in SYSTEMPATH\Database\BaseBuilder.php on line 411.
 1 SYSTEMPATH\Database\BaseBuilder.php(411): CodeIgniter\Debug\Exceptions->errorHandler(2, 'foreach() argument must be of type array|object, null given', 'D:\\TUGAS\\KULIAH\\P2MW\\hehe\\gohitfinal\\system\\Database\\BaseBuilder.php', 411)
 2 SYSTEMPATH\Model.php(840): CodeIgniter\Database\BaseBuilder->select(null)
 3 APPPATH\Models\Fisher.php(20): CodeIgniter\Model->__call('select', [...])
 4 APPPATH\Controllers\DetailEvent.php(67): App\Models\Fisher->getUserPointBySport(null, null)
 5 SYSTEMPATH\CodeIgniter.php(934): App\Controllers\DetailEvent->index('images', 'bg-01.jpg')
 6 SYSTEMPATH\CodeIgniter.php(499): CodeIgniter\CodeIgniter->runController(Object(App\Controllers\DetailEvent))
 7 SYSTEMPATH\CodeIgniter.php(368): CodeIgniter\CodeIgniter->handleRequest(null, Object(Config\Cache), false)
 8 FCPATH\index.php(67): CodeIgniter\CodeIgniter->run()
 9 SYSTEMPATH\Commands\Server\rewrite.php(47): require_once('D:\\TUGAS\\KULIAH\\P2MW\\hehe\\gohitfinal\\public\\index.php')
INFO - 2025-05-15 08:29:21 --> Session: Class initialized using 'CodeIgniter\Session\Handlers\FileHandler' driver.
INFO - 2025-05-15 08:29:25 --> Session: Class initialized using 'CodeIgniter\Session\Handlers\FileHandler' driver.
CRITICAL - 2025-05-15 08:29:25 --> foreach() argument must be of type array|object, null given
in SYSTEMPATH\Database\BaseBuilder.php on line 411.
 1 SYSTEMPATH\Database\BaseBuilder.php(411): CodeIgniter\Debug\Exceptions->errorHandler(2, 'foreach() argument must be of type array|object, null given', 'D:\\TUGAS\\KULIAH\\P2MW\\hehe\\gohitfinal\\system\\Database\\BaseBuilder.php', 411)
 2 SYSTEMPATH\Model.php(840): CodeIgniter\Database\BaseBuilder->select(null)
 3 APPPATH\Models\Fisher.php(20): CodeIgniter\Model->__call('select', [...])
 4 APPPATH\Controllers\DetailEvent.php(67): App\Models\Fisher->getUserPointBySport(null, null)
 5 SYSTEMPATH\CodeIgniter.php(934): App\Controllers\DetailEvent->index('css', 'main.css')
 6 SYSTEMPATH\CodeIgniter.php(499): CodeIgniter\CodeIgniter->runController(Object(App\Controllers\DetailEvent))
 7 SYSTEMPATH\CodeIgniter.php(368): CodeIgniter\CodeIgniter->handleRequest(null, Object(Config\Cache), false)
 8 FCPATH\index.php(67): CodeIgniter\CodeIgniter->run()
 9 SYSTEMPATH\Commands\Server\rewrite.php(47): require_once('D:\\TUGAS\\KULIAH\\P2MW\\hehe\\gohitfinal\\public\\index.php')
INFO - 2025-05-15 08:29:25 --> Session: Class initialized using 'CodeIgniter\Session\Handlers\FileHandler' driver.
CRITICAL - 2025-05-15 08:29:25 --> foreach() argument must be of type array|object, null given
in SYSTEMPATH\Database\BaseBuilder.php on line 411.
 1 SYSTEMPATH\Database\BaseBuilder.php(411): CodeIgniter\Debug\Exceptions->errorHandler(2, 'foreach() argument must be of type array|object, null given', 'D:\\TUGAS\\KULIAH\\P2MW\\hehe\\gohitfinal\\system\\Database\\BaseBuilder.php', 411)
 2 SYSTEMPATH\Model.php(840): CodeIgniter\Database\BaseBuilder->select(null)
 3 APPPATH\Models\Fisher.php(20): CodeIgniter\Model->__call('select', [...])
 4 APPPATH\Controllers\DetailEvent.php(67): App\Models\Fisher->getUserPointBySport(null, null)
 5 SYSTEMPATH\CodeIgniter.php(934): App\Controllers\DetailEvent->index('css', 'style.css')
 6 SYSTEMPATH\CodeIgniter.php(499): CodeIgniter\CodeIgniter->runController(Object(App\Controllers\DetailEvent))
 7 SYSTEMPATH\CodeIgniter.php(368): CodeIgniter\CodeIgniter->handleRequest(null, Object(Config\Cache), false)
 8 FCPATH\index.php(67): CodeIgniter\CodeIgniter->run()
 9 SYSTEMPATH\Commands\Server\rewrite.php(47): require_once('D:\\TUGAS\\KULIAH\\P2MW\\hehe\\gohitfinal\\public\\index.php')
INFO - 2025-05-15 08:29:34 --> Session: Class initialized using 'CodeIgniter\Session\Handlers\FileHandler' driver.
INFO - 2025-05-15 08:29:34 --> Session: Class initialized using 'CodeIgniter\Session\Handlers\FileHandler' driver.
CRITICAL - 2025-05-15 08:29:34 --> foreach() argument must be of type array|object, null given
in SYSTEMPATH\Database\BaseBuilder.php on line 411.
 1 SYSTEMPATH\Database\BaseBuilder.php(411): CodeIgniter\Debug\Exceptions->errorHandler(2, 'foreach() argument must be of type array|object, null given', 'D:\\TUGAS\\KULIAH\\P2MW\\hehe\\gohitfinal\\system\\Database\\BaseBuilder.php', 411)
 2 SYSTEMPATH\Model.php(840): CodeIgniter\Database\BaseBuilder->select(null)
 3 APPPATH\Models\Fisher.php(20): CodeIgniter\Model->__call('select', [...])
 4 APPPATH\Controllers\DetailEvent.php(67): App\Models\Fisher->getUserPointBySport(null, null)
 5 SYSTEMPATH\CodeIgniter.php(934): App\Controllers\DetailEvent->index('css', 'main.css')
 6 SYSTEMPATH\CodeIgniter.php(499): CodeIgniter\CodeIgniter->runController(Object(App\Controllers\DetailEvent))
 7 SYSTEMPATH\CodeIgniter.php(368): CodeIgniter\CodeIgniter->handleRequest(null, Object(Config\Cache), false)
 8 FCPATH\index.php(67): CodeIgniter\CodeIgniter->run()
 9 SYSTEMPATH\Commands\Server\rewrite.php(47): require_once('D:\\TUGAS\\KULIAH\\P2MW\\hehe\\gohitfinal\\public\\index.php')
INFO - 2025-05-15 08:29:34 --> Session: Class initialized using 'CodeIgniter\Session\Handlers\FileHandler' driver.
CRITICAL - 2025-05-15 08:29:34 --> foreach() argument must be of type array|object, null given
in SYSTEMPATH\Database\BaseBuilder.php on line 411.
 1 SYSTEMPATH\Database\BaseBuilder.php(411): CodeIgniter\Debug\Exceptions->errorHandler(2, 'foreach() argument must be of type array|object, null given', 'D:\\TUGAS\\KULIAH\\P2MW\\hehe\\gohitfinal\\system\\Database\\BaseBuilder.php', 411)
 2 SYSTEMPATH\Model.php(840): CodeIgniter\Database\BaseBuilder->select(null)
 3 APPPATH\Models\Fisher.php(20): CodeIgniter\Model->__call('select', [...])
 4 APPPATH\Controllers\DetailEvent.php(67): App\Models\Fisher->getUserPointBySport(null, null)
 5 SYSTEMPATH\CodeIgniter.php(934): App\Controllers\DetailEvent->index('css', 'style.css')
 6 SYSTEMPATH\CodeIgniter.php(499): CodeIgniter\CodeIgniter->runController(Object(App\Controllers\DetailEvent))
 7 SYSTEMPATH\CodeIgniter.php(368): CodeIgniter\CodeIgniter->handleRequest(null, Object(Config\Cache), false)
 8 FCPATH\index.php(67): CodeIgniter\CodeIgniter->run()
 9 SYSTEMPATH\Commands\Server\rewrite.php(47): require_once('D:\\TUGAS\\KULIAH\\P2MW\\hehe\\gohitfinal\\public\\index.php')
INFO - 2025-05-15 08:29:35 --> Session: Class initialized using 'CodeIgniter\Session\Handlers\FileHandler' driver.
CRITICAL - 2025-05-15 08:29:35 --> foreach() argument must be of type array|object, null given
in SYSTEMPATH\Database\BaseBuilder.php on line 411.
 1 SYSTEMPATH\Database\BaseBuilder.php(411): CodeIgniter\Debug\Exceptions->errorHandler(2, 'foreach() argument must be of type array|object, null given', 'D:\\TUGAS\\KULIAH\\P2MW\\hehe\\gohitfinal\\system\\Database\\BaseBuilder.php', 411)
 2 SYSTEMPATH\Model.php(840): CodeIgniter\Database\BaseBuilder->select(null)
 3 APPPATH\Models\Fisher.php(20): CodeIgniter\Model->__call('select', [...])
 4 APPPATH\Controllers\DetailEvent.php(67): App\Models\Fisher->getUserPointBySport(null, null)
 5 SYSTEMPATH\CodeIgniter.php(934): App\Controllers\DetailEvent->index('images', 'bg-01.jpg')
 6 SYSTEMPATH\CodeIgniter.php(499): CodeIgniter\CodeIgniter->runController(Object(App\Controllers\DetailEvent))
 7 SYSTEMPATH\CodeIgniter.php(368): CodeIgniter\CodeIgniter->handleRequest(null, Object(Config\Cache), false)
 8 FCPATH\index.php(67): CodeIgniter\CodeIgniter->run()
 9 SYSTEMPATH\Commands\Server\rewrite.php(47): require_once('D:\\TUGAS\\KULIAH\\P2MW\\hehe\\gohitfinal\\public\\index.php')
INFO - 2025-05-15 08:32:20 --> Session: Class initialized using 'CodeIgniter\Session\Handlers\FileHandler' driver.
INFO - 2025-05-15 08:32:20 --> Session: Class initialized using 'CodeIgniter\Session\Handlers\FileHandler' driver.
CRITICAL - 2025-05-15 08:32:20 --> foreach() argument must be of type array|object, null given
in SYSTEMPATH\Database\BaseBuilder.php on line 411.
 1 SYSTEMPATH\Database\BaseBuilder.php(411): CodeIgniter\Debug\Exceptions->errorHandler(2, 'foreach() argument must be of type array|object, null given', 'D:\\TUGAS\\KULIAH\\P2MW\\hehe\\gohitfinal\\system\\Database\\BaseBuilder.php', 411)
 2 SYSTEMPATH\Model.php(840): CodeIgniter\Database\BaseBuilder->select(null)
 3 APPPATH\Models\Fisher.php(20): CodeIgniter\Model->__call('select', [...])
 4 APPPATH\Controllers\DetailEvent.php(67): App\Models\Fisher->getUserPointBySport(null, null)
 5 SYSTEMPATH\CodeIgniter.php(934): App\Controllers\DetailEvent->index('css', 'main.css')
 6 SYSTEMPATH\CodeIgniter.php(499): CodeIgniter\CodeIgniter->runController(Object(App\Controllers\DetailEvent))
 7 SYSTEMPATH\CodeIgniter.php(368): CodeIgniter\CodeIgniter->handleRequest(null, Object(Config\Cache), false)
 8 FCPATH\index.php(67): CodeIgniter\CodeIgniter->run()
 9 SYSTEMPATH\Commands\Server\rewrite.php(47): require_once('D:\\TUGAS\\KULIAH\\P2MW\\hehe\\gohitfinal\\public\\index.php')
INFO - 2025-05-15 08:32:20 --> Session: Class initialized using 'CodeIgniter\Session\Handlers\FileHandler' driver.
CRITICAL - 2025-05-15 08:32:20 --> foreach() argument must be of type array|object, null given
in SYSTEMPATH\Database\BaseBuilder.php on line 411.
 1 SYSTEMPATH\Database\BaseBuilder.php(411): CodeIgniter\Debug\Exceptions->errorHandler(2, 'foreach() argument must be of type array|object, null given', 'D:\\TUGAS\\KULIAH\\P2MW\\hehe\\gohitfinal\\system\\Database\\BaseBuilder.php', 411)
 2 SYSTEMPATH\Model.php(840): CodeIgniter\Database\BaseBuilder->select(null)
 3 APPPATH\Models\Fisher.php(20): CodeIgniter\Model->__call('select', [...])
 4 APPPATH\Controllers\DetailEvent.php(67): App\Models\Fisher->getUserPointBySport(null, null)
 5 SYSTEMPATH\CodeIgniter.php(934): App\Controllers\DetailEvent->index('css', 'style.css')
 6 SYSTEMPATH\CodeIgniter.php(499): CodeIgniter\CodeIgniter->runController(Object(App\Controllers\DetailEvent))
 7 SYSTEMPATH\CodeIgniter.php(368): CodeIgniter\CodeIgniter->handleRequest(null, Object(Config\Cache), false)
 8 FCPATH\index.php(67): CodeIgniter\CodeIgniter->run()
 9 SYSTEMPATH\Commands\Server\rewrite.php(47): require_once('D:\\TUGAS\\KULIAH\\P2MW\\hehe\\gohitfinal\\public\\index.php')
INFO - 2025-05-15 08:32:20 --> Session: Class initialized using 'CodeIgniter\Session\Handlers\FileHandler' driver.
CRITICAL - 2025-05-15 08:32:20 --> foreach() argument must be of type array|object, null given
in SYSTEMPATH\Database\BaseBuilder.php on line 411.
 1 SYSTEMPATH\Database\BaseBuilder.php(411): CodeIgniter\Debug\Exceptions->errorHandler(2, 'foreach() argument must be of type array|object, null given', 'D:\\TUGAS\\KULIAH\\P2MW\\hehe\\gohitfinal\\system\\Database\\BaseBuilder.php', 411)
 2 SYSTEMPATH\Model.php(840): CodeIgniter\Database\BaseBuilder->select(null)
 3 APPPATH\Models\Fisher.php(20): CodeIgniter\Model->__call('select', [...])
 4 APPPATH\Controllers\DetailEvent.php(67): App\Models\Fisher->getUserPointBySport(null, null)
 5 SYSTEMPATH\CodeIgniter.php(934): App\Controllers\DetailEvent->index('images', 'bg-01.jpg')
 6 SYSTEMPATH\CodeIgniter.php(499): CodeIgniter\CodeIgniter->runController(Object(App\Controllers\DetailEvent))
 7 SYSTEMPATH\CodeIgniter.php(368): CodeIgniter\CodeIgniter->handleRequest(null, Object(Config\Cache), false)
 8 FCPATH\index.php(67): CodeIgniter\CodeIgniter->run()
 9 SYSTEMPATH\Commands\Server\rewrite.php(47): require_once('D:\\TUGAS\\KULIAH\\P2MW\\hehe\\gohitfinal\\public\\index.php')
INFO - 2025-05-15 08:32:44 --> Session: Class initialized using 'CodeIgniter\Session\Handlers\FileHandler' driver.
INFO - 2025-05-15 08:32:44 --> Session: Class initialized using 'CodeIgniter\Session\Handlers\FileHandler' driver.
CRITICAL - 2025-05-15 08:32:44 --> foreach() argument must be of type array|object, null given
in SYSTEMPATH\Database\BaseBuilder.php on line 411.
 1 SYSTEMPATH\Database\BaseBuilder.php(411): CodeIgniter\Debug\Exceptions->errorHandler(2, 'foreach() argument must be of type array|object, null given', 'D:\\TUGAS\\KULIAH\\P2MW\\hehe\\gohitfinal\\system\\Database\\BaseBuilder.php', 411)
 2 SYSTEMPATH\Model.php(840): CodeIgniter\Database\BaseBuilder->select(null)
 3 APPPATH\Models\Fisher.php(20): CodeIgniter\Model->__call('select', [...])
 4 APPPATH\Controllers\DetailEvent.php(67): App\Models\Fisher->getUserPointBySport(null, null)
 5 SYSTEMPATH\CodeIgniter.php(934): App\Controllers\DetailEvent->index('css', 'main.css')
 6 SYSTEMPATH\CodeIgniter.php(499): CodeIgniter\CodeIgniter->runController(Object(App\Controllers\DetailEvent))
 7 SYSTEMPATH\CodeIgniter.php(368): CodeIgniter\CodeIgniter->handleRequest(null, Object(Config\Cache), false)
 8 FCPATH\index.php(67): CodeIgniter\CodeIgniter->run()
 9 SYSTEMPATH\Commands\Server\rewrite.php(47): require_once('D:\\TUGAS\\KULIAH\\P2MW\\hehe\\gohitfinal\\public\\index.php')
INFO - 2025-05-15 08:32:44 --> Session: Class initialized using 'CodeIgniter\Session\Handlers\FileHandler' driver.
CRITICAL - 2025-05-15 08:32:44 --> foreach() argument must be of type array|object, null given
in SYSTEMPATH\Database\BaseBuilder.php on line 411.
 1 SYSTEMPATH\Database\BaseBuilder.php(411): CodeIgniter\Debug\Exceptions->errorHandler(2, 'foreach() argument must be of type array|object, null given', 'D:\\TUGAS\\KULIAH\\P2MW\\hehe\\gohitfinal\\system\\Database\\BaseBuilder.php', 411)
 2 SYSTEMPATH\Model.php(840): CodeIgniter\Database\BaseBuilder->select(null)
 3 APPPATH\Models\Fisher.php(20): CodeIgniter\Model->__call('select', [...])
 4 APPPATH\Controllers\DetailEvent.php(67): App\Models\Fisher->getUserPointBySport(null, null)
 5 SYSTEMPATH\CodeIgniter.php(934): App\Controllers\DetailEvent->index('css', 'style.css')
 6 SYSTEMPATH\CodeIgniter.php(499): CodeIgniter\CodeIgniter->runController(Object(App\Controllers\DetailEvent))
 7 SYSTEMPATH\CodeIgniter.php(368): CodeIgniter\CodeIgniter->handleRequest(null, Object(Config\Cache), false)
 8 FCPATH\index.php(67): CodeIgniter\CodeIgniter->run()
 9 SYSTEMPATH\Commands\Server\rewrite.php(47): require_once('D:\\TUGAS\\KULIAH\\P2MW\\hehe\\gohitfinal\\public\\index.php')
INFO - 2025-05-15 08:32:44 --> Session: Class initialized using 'CodeIgniter\Session\Handlers\FileHandler' driver.
CRITICAL - 2025-05-15 08:32:44 --> foreach() argument must be of type array|object, null given
in SYSTEMPATH\Database\BaseBuilder.php on line 411.
 1 SYSTEMPATH\Database\BaseBuilder.php(411): CodeIgniter\Debug\Exceptions->errorHandler(2, 'foreach() argument must be of type array|object, null given', 'D:\\TUGAS\\KULIAH\\P2MW\\hehe\\gohitfinal\\system\\Database\\BaseBuilder.php', 411)
 2 SYSTEMPATH\Model.php(840): CodeIgniter\Database\BaseBuilder->select(null)
 3 APPPATH\Models\Fisher.php(20): CodeIgniter\Model->__call('select', [...])
 4 APPPATH\Controllers\DetailEvent.php(67): App\Models\Fisher->getUserPointBySport(null, null)
 5 SYSTEMPATH\CodeIgniter.php(934): App\Controllers\DetailEvent->index('images', 'bg-01.jpg')
 6 SYSTEMPATH\CodeIgniter.php(499): CodeIgniter\CodeIgniter->runController(Object(App\Controllers\DetailEvent))
 7 SYSTEMPATH\CodeIgniter.php(368): CodeIgniter\CodeIgniter->handleRequest(null, Object(Config\Cache), false)
 8 FCPATH\index.php(67): CodeIgniter\CodeIgniter->run()
 9 SYSTEMPATH\Commands\Server\rewrite.php(47): require_once('D:\\TUGAS\\KULIAH\\P2MW\\hehe\\gohitfinal\\public\\index.php')
INFO - 2025-05-15 08:32:52 --> Session: Class initialized using 'CodeIgniter\Session\Handlers\FileHandler' driver.
INFO - 2025-05-15 08:32:52 --> Session: Class initialized using 'CodeIgniter\Session\Handlers\FileHandler' driver.
CRITICAL - 2025-05-15 08:32:52 --> foreach() argument must be of type array|object, null given
in SYSTEMPATH\Database\BaseBuilder.php on line 411.
 1 SYSTEMPATH\Database\BaseBuilder.php(411): CodeIgniter\Debug\Exceptions->errorHandler(2, 'foreach() argument must be of type array|object, null given', 'D:\\TUGAS\\KULIAH\\P2MW\\hehe\\gohitfinal\\system\\Database\\BaseBuilder.php', 411)
 2 SYSTEMPATH\Model.php(840): CodeIgniter\Database\BaseBuilder->select(null)
 3 APPPATH\Models\Fisher.php(20): CodeIgniter\Model->__call('select', [...])
 4 APPPATH\Controllers\DetailEvent.php(67): App\Models\Fisher->getUserPointBySport(null, null)
 5 SYSTEMPATH\CodeIgniter.php(934): App\Controllers\DetailEvent->index('css', 'main.css')
 6 SYSTEMPATH\CodeIgniter.php(499): CodeIgniter\CodeIgniter->runController(Object(App\Controllers\DetailEvent))
 7 SYSTEMPATH\CodeIgniter.php(368): CodeIgniter\CodeIgniter->handleRequest(null, Object(Config\Cache), false)
 8 FCPATH\index.php(67): CodeIgniter\CodeIgniter->run()
 9 SYSTEMPATH\Commands\Server\rewrite.php(47): require_once('D:\\TUGAS\\KULIAH\\P2MW\\hehe\\gohitfinal\\public\\index.php')
INFO - 2025-05-15 08:32:52 --> Session: Class initialized using 'CodeIgniter\Session\Handlers\FileHandler' driver.
CRITICAL - 2025-05-15 08:32:52 --> foreach() argument must be of type array|object, null given
in SYSTEMPATH\Database\BaseBuilder.php on line 411.
 1 SYSTEMPATH\Database\BaseBuilder.php(411): CodeIgniter\Debug\Exceptions->errorHandler(2, 'foreach() argument must be of type array|object, null given', 'D:\\TUGAS\\KULIAH\\P2MW\\hehe\\gohitfinal\\system\\Database\\BaseBuilder.php', 411)
 2 SYSTEMPATH\Model.php(840): CodeIgniter\Database\BaseBuilder->select(null)
 3 APPPATH\Models\Fisher.php(20): CodeIgniter\Model->__call('select', [...])
 4 APPPATH\Controllers\DetailEvent.php(67): App\Models\Fisher->getUserPointBySport(null, null)
 5 SYSTEMPATH\CodeIgniter.php(934): App\Controllers\DetailEvent->index('css', 'style.css')
 6 SYSTEMPATH\CodeIgniter.php(499): CodeIgniter\CodeIgniter->runController(Object(App\Controllers\DetailEvent))
 7 SYSTEMPATH\CodeIgniter.php(368): CodeIgniter\CodeIgniter->handleRequest(null, Object(Config\Cache), false)
 8 FCPATH\index.php(67): CodeIgniter\CodeIgniter->run()
 9 SYSTEMPATH\Commands\Server\rewrite.php(47): require_once('D:\\TUGAS\\KULIAH\\P2MW\\hehe\\gohitfinal\\public\\index.php')
INFO - 2025-05-15 08:32:53 --> Session: Class initialized using 'CodeIgniter\Session\Handlers\FileHandler' driver.
CRITICAL - 2025-05-15 08:32:53 --> foreach() argument must be of type array|object, null given
in SYSTEMPATH\Database\BaseBuilder.php on line 411.
 1 SYSTEMPATH\Database\BaseBuilder.php(411): CodeIgniter\Debug\Exceptions->errorHandler(2, 'foreach() argument must be of type array|object, null given', 'D:\\TUGAS\\KULIAH\\P2MW\\hehe\\gohitfinal\\system\\Database\\BaseBuilder.php', 411)
 2 SYSTEMPATH\Model.php(840): CodeIgniter\Database\BaseBuilder->select(null)
 3 APPPATH\Models\Fisher.php(20): CodeIgniter\Model->__call('select', [...])
 4 APPPATH\Controllers\DetailEvent.php(67): App\Models\Fisher->getUserPointBySport(null, null)
 5 SYSTEMPATH\CodeIgniter.php(934): App\Controllers\DetailEvent->index('images', 'bg-01.jpg')
 6 SYSTEMPATH\CodeIgniter.php(499): CodeIgniter\CodeIgniter->runController(Object(App\Controllers\DetailEvent))
 7 SYSTEMPATH\CodeIgniter.php(368): CodeIgniter\CodeIgniter->handleRequest(null, Object(Config\Cache), false)
 8 FCPATH\index.php(67): CodeIgniter\CodeIgniter->run()
 9 SYSTEMPATH\Commands\Server\rewrite.php(47): require_once('D:\\TUGAS\\KULIAH\\P2MW\\hehe\\gohitfinal\\public\\index.php')
INFO - 2025-05-15 08:33:36 --> Session: Class initialized using 'CodeIgniter\Session\Handlers\FileHandler' driver.
INFO - 2025-05-15 08:33:36 --> Session: Class initialized using 'CodeIgniter\Session\Handlers\FileHandler' driver.
CRITICAL - 2025-05-15 08:33:36 --> foreach() argument must be of type array|object, null given
in SYSTEMPATH\Database\BaseBuilder.php on line 411.
 1 SYSTEMPATH\Database\BaseBuilder.php(411): CodeIgniter\Debug\Exceptions->errorHandler(2, 'foreach() argument must be of type array|object, null given', 'D:\\TUGAS\\KULIAH\\P2MW\\hehe\\gohitfinal\\system\\Database\\BaseBuilder.php', 411)
 2 SYSTEMPATH\Model.php(840): CodeIgniter\Database\BaseBuilder->select(null)
 3 APPPATH\Models\Fisher.php(20): CodeIgniter\Model->__call('select', [...])
 4 APPPATH\Controllers\DetailEvent.php(67): App\Models\Fisher->getUserPointBySport(null, null)
 5 SYSTEMPATH\CodeIgniter.php(934): App\Controllers\DetailEvent->index('css', 'main.css')
 6 SYSTEMPATH\CodeIgniter.php(499): CodeIgniter\CodeIgniter->runController(Object(App\Controllers\DetailEvent))
 7 SYSTEMPATH\CodeIgniter.php(368): CodeIgniter\CodeIgniter->handleRequest(null, Object(Config\Cache), false)
 8 FCPATH\index.php(67): CodeIgniter\CodeIgniter->run()
 9 SYSTEMPATH\Commands\Server\rewrite.php(47): require_once('D:\\TUGAS\\KULIAH\\P2MW\\hehe\\gohitfinal\\public\\index.php')
INFO - 2025-05-15 08:33:36 --> Session: Class initialized using 'CodeIgniter\Session\Handlers\FileHandler' driver.
CRITICAL - 2025-05-15 08:33:36 --> foreach() argument must be of type array|object, null given
in SYSTEMPATH\Database\BaseBuilder.php on line 411.
 1 SYSTEMPATH\Database\BaseBuilder.php(411): CodeIgniter\Debug\Exceptions->errorHandler(2, 'foreach() argument must be of type array|object, null given', 'D:\\TUGAS\\KULIAH\\P2MW\\hehe\\gohitfinal\\system\\Database\\BaseBuilder.php', 411)
 2 SYSTEMPATH\Model.php(840): CodeIgniter\Database\BaseBuilder->select(null)
 3 APPPATH\Models\Fisher.php(20): CodeIgniter\Model->__call('select', [...])
 4 APPPATH\Controllers\DetailEvent.php(67): App\Models\Fisher->getUserPointBySport(null, null)
 5 SYSTEMPATH\CodeIgniter.php(934): App\Controllers\DetailEvent->index('css', 'style.css')
 6 SYSTEMPATH\CodeIgniter.php(499): CodeIgniter\CodeIgniter->runController(Object(App\Controllers\DetailEvent))
 7 SYSTEMPATH\CodeIgniter.php(368): CodeIgniter\CodeIgniter->handleRequest(null, Object(Config\Cache), false)
 8 FCPATH\index.php(67): CodeIgniter\CodeIgniter->run()
 9 SYSTEMPATH\Commands\Server\rewrite.php(47): require_once('D:\\TUGAS\\KULIAH\\P2MW\\hehe\\gohitfinal\\public\\index.php')
INFO - 2025-05-15 08:33:36 --> Session: Class initialized using 'CodeIgniter\Session\Handlers\FileHandler' driver.
CRITICAL - 2025-05-15 08:33:36 --> foreach() argument must be of type array|object, null given
in SYSTEMPATH\Database\BaseBuilder.php on line 411.
 1 SYSTEMPATH\Database\BaseBuilder.php(411): CodeIgniter\Debug\Exceptions->errorHandler(2, 'foreach() argument must be of type array|object, null given', 'D:\\TUGAS\\KULIAH\\P2MW\\hehe\\gohitfinal\\system\\Database\\BaseBuilder.php', 411)
 2 SYSTEMPATH\Model.php(840): CodeIgniter\Database\BaseBuilder->select(null)
 3 APPPATH\Models\Fisher.php(20): CodeIgniter\Model->__call('select', [...])
 4 APPPATH\Controllers\DetailEvent.php(67): App\Models\Fisher->getUserPointBySport(null, null)
 5 SYSTEMPATH\CodeIgniter.php(934): App\Controllers\DetailEvent->index('images', 'bg-01.jpg')
 6 SYSTEMPATH\CodeIgniter.php(499): CodeIgniter\CodeIgniter->runController(Object(App\Controllers\DetailEvent))
 7 SYSTEMPATH\CodeIgniter.php(368): CodeIgniter\CodeIgniter->handleRequest(null, Object(Config\Cache), false)
 8 FCPATH\index.php(67): CodeIgniter\CodeIgniter->run()
 9 SYSTEMPATH\Commands\Server\rewrite.php(47): require_once('D:\\TUGAS\\KULIAH\\P2MW\\hehe\\gohitfinal\\public\\index.php')
INFO - 2025-05-15 08:33:45 --> Session: Class initialized using 'CodeIgniter\Session\Handlers\FileHandler' driver.
CRITICAL - 2025-05-15 08:33:45 --> foreach() argument must be of type array|object, null given
in SYSTEMPATH\Database\BaseBuilder.php on line 411.
 1 SYSTEMPATH\Database\BaseBuilder.php(411): CodeIgniter\Debug\Exceptions->errorHandler(2, 'foreach() argument must be of type array|object, null given', 'D:\\TUGAS\\KULIAH\\P2MW\\hehe\\gohitfinal\\system\\Database\\BaseBuilder.php', 411)
 2 SYSTEMPATH\Model.php(840): CodeIgniter\Database\BaseBuilder->select(null)
 3 APPPATH\Models\Fisher.php(20): CodeIgniter\Model->__call('select', [...])
 4 APPPATH\Controllers\DetailEvent.php(67): App\Models\Fisher->getUserPointBySport(null, null)
 5 SYSTEMPATH\CodeIgniter.php(934): App\Controllers\DetailEvent->index('css', 'main.css')
 6 SYSTEMPATH\CodeIgniter.php(499): CodeIgniter\CodeIgniter->runController(Object(App\Controllers\DetailEvent))
 7 SYSTEMPATH\CodeIgniter.php(368): CodeIgniter\CodeIgniter->handleRequest(null, Object(Config\Cache), false)
 8 FCPATH\index.php(67): CodeIgniter\CodeIgniter->run()
 9 SYSTEMPATH\Commands\Server\rewrite.php(47): require_once('D:\\TUGAS\\KULIAH\\P2MW\\hehe\\gohitfinal\\public\\index.php')
INFO - 2025-05-15 08:33:45 --> Session: Class initialized using 'CodeIgniter\Session\Handlers\FileHandler' driver.
CRITICAL - 2025-05-15 08:33:45 --> foreach() argument must be of type array|object, null given
in SYSTEMPATH\Database\BaseBuilder.php on line 411.
 1 SYSTEMPATH\Database\BaseBuilder.php(411): CodeIgniter\Debug\Exceptions->errorHandler(2, 'foreach() argument must be of type array|object, null given', 'D:\\TUGAS\\KULIAH\\P2MW\\hehe\\gohitfinal\\system\\Database\\BaseBuilder.php', 411)
 2 SYSTEMPATH\Model.php(840): CodeIgniter\Database\BaseBuilder->select(null)
 3 APPPATH\Models\Fisher.php(20): CodeIgniter\Model->__call('select', [...])
 4 APPPATH\Controllers\DetailEvent.php(67): App\Models\Fisher->getUserPointBySport(null, null)
 5 SYSTEMPATH\CodeIgniter.php(934): App\Controllers\DetailEvent->index('css', 'style.css')
 6 SYSTEMPATH\CodeIgniter.php(499): CodeIgniter\CodeIgniter->runController(Object(App\Controllers\DetailEvent))
 7 SYSTEMPATH\CodeIgniter.php(368): CodeIgniter\CodeIgniter->handleRequest(null, Object(Config\Cache), false)
 8 FCPATH\index.php(67): CodeIgniter\CodeIgniter->run()
 9 SYSTEMPATH\Commands\Server\rewrite.php(47): require_once('D:\\TUGAS\\KULIAH\\P2MW\\hehe\\gohitfinal\\public\\index.php')
INFO - 2025-05-15 08:34:45 --> Session: Class initialized using 'CodeIgniter\Session\Handlers\FileHandler' driver.
INFO - 2025-05-15 08:34:45 --> Session: Class initialized using 'CodeIgniter\Session\Handlers\FileHandler' driver.
CRITICAL - 2025-05-15 08:34:45 --> foreach() argument must be of type array|object, null given
in SYSTEMPATH\Database\BaseBuilder.php on line 411.
 1 SYSTEMPATH\Database\BaseBuilder.php(411): CodeIgniter\Debug\Exceptions->errorHandler(2, 'foreach() argument must be of type array|object, null given', 'D:\\TUGAS\\KULIAH\\P2MW\\hehe\\gohitfinal\\system\\Database\\BaseBuilder.php', 411)
 2 SYSTEMPATH\Model.php(840): CodeIgniter\Database\BaseBuilder->select(null)
 3 APPPATH\Models\Fisher.php(20): CodeIgniter\Model->__call('select', [...])
 4 APPPATH\Controllers\DetailEvent.php(67): App\Models\Fisher->getUserPointBySport(null, null)
 5 SYSTEMPATH\CodeIgniter.php(934): App\Controllers\DetailEvent->index('css', 'main.css')
 6 SYSTEMPATH\CodeIgniter.php(499): CodeIgniter\CodeIgniter->runController(Object(App\Controllers\DetailEvent))
 7 SYSTEMPATH\CodeIgniter.php(368): CodeIgniter\CodeIgniter->handleRequest(null, Object(Config\Cache), false)
 8 FCPATH\index.php(67): CodeIgniter\CodeIgniter->run()
 9 SYSTEMPATH\Commands\Server\rewrite.php(47): require_once('D:\\TUGAS\\KULIAH\\P2MW\\hehe\\gohitfinal\\public\\index.php')
INFO - 2025-05-15 08:34:46 --> Session: Class initialized using 'CodeIgniter\Session\Handlers\FileHandler' driver.
CRITICAL - 2025-05-15 08:34:46 --> foreach() argument must be of type array|object, null given
in SYSTEMPATH\Database\BaseBuilder.php on line 411.
 1 SYSTEMPATH\Database\BaseBuilder.php(411): CodeIgniter\Debug\Exceptions->errorHandler(2, 'foreach() argument must be of type array|object, null given', 'D:\\TUGAS\\KULIAH\\P2MW\\hehe\\gohitfinal\\system\\Database\\BaseBuilder.php', 411)
 2 SYSTEMPATH\Model.php(840): CodeIgniter\Database\BaseBuilder->select(null)
 3 APPPATH\Models\Fisher.php(20): CodeIgniter\Model->__call('select', [...])
 4 APPPATH\Controllers\DetailEvent.php(67): App\Models\Fisher->getUserPointBySport(null, null)
 5 SYSTEMPATH\CodeIgniter.php(934): App\Controllers\DetailEvent->index('css', 'style.css')
 6 SYSTEMPATH\CodeIgniter.php(499): CodeIgniter\CodeIgniter->runController(Object(App\Controllers\DetailEvent))
 7 SYSTEMPATH\CodeIgniter.php(368): CodeIgniter\CodeIgniter->handleRequest(null, Object(Config\Cache), false)
 8 FCPATH\index.php(67): CodeIgniter\CodeIgniter->run()
 9 SYSTEMPATH\Commands\Server\rewrite.php(47): require_once('D:\\TUGAS\\KULIAH\\P2MW\\hehe\\gohitfinal\\public\\index.php')
INFO - 2025-05-15 08:34:46 --> Session: Class initialized using 'CodeIgniter\Session\Handlers\FileHandler' driver.
CRITICAL - 2025-05-15 08:34:46 --> foreach() argument must be of type array|object, null given
in SYSTEMPATH\Database\BaseBuilder.php on line 411.
 1 SYSTEMPATH\Database\BaseBuilder.php(411): CodeIgniter\Debug\Exceptions->errorHandler(2, 'foreach() argument must be of type array|object, null given', 'D:\\TUGAS\\KULIAH\\P2MW\\hehe\\gohitfinal\\system\\Database\\BaseBuilder.php', 411)
 2 SYSTEMPATH\Model.php(840): CodeIgniter\Database\BaseBuilder->select(null)
 3 APPPATH\Models\Fisher.php(20): CodeIgniter\Model->__call('select', [...])
 4 APPPATH\Controllers\DetailEvent.php(67): App\Models\Fisher->getUserPointBySport(null, null)
 5 SYSTEMPATH\CodeIgniter.php(934): App\Controllers\DetailEvent->index('images', 'bg-01.jpg')
 6 SYSTEMPATH\CodeIgniter.php(499): CodeIgniter\CodeIgniter->runController(Object(App\Controllers\DetailEvent))
 7 SYSTEMPATH\CodeIgniter.php(368): CodeIgniter\CodeIgniter->handleRequest(null, Object(Config\Cache), false)
 8 FCPATH\index.php(67): CodeIgniter\CodeIgniter->run()
 9 SYSTEMPATH\Commands\Server\rewrite.php(47): require_once('D:\\TUGAS\\KULIAH\\P2MW\\hehe\\gohitfinal\\public\\index.php')
INFO - 2025-05-15 08:35:07 --> Session: Class initialized using 'CodeIgniter\Session\Handlers\FileHandler' driver.
INFO - 2025-05-15 08:35:07 --> Session: Class initialized using 'CodeIgniter\Session\Handlers\FileHandler' driver.
CRITICAL - 2025-05-15 08:35:07 --> foreach() argument must be of type array|object, null given
in SYSTEMPATH\Database\BaseBuilder.php on line 411.
 1 SYSTEMPATH\Database\BaseBuilder.php(411): CodeIgniter\Debug\Exceptions->errorHandler(2, 'foreach() argument must be of type array|object, null given', 'D:\\TUGAS\\KULIAH\\P2MW\\hehe\\gohitfinal\\system\\Database\\BaseBuilder.php', 411)
 2 SYSTEMPATH\Model.php(840): CodeIgniter\Database\BaseBuilder->select(null)
 3 APPPATH\Models\Fisher.php(20): CodeIgniter\Model->__call('select', [...])
 4 APPPATH\Controllers\DetailEvent.php(67): App\Models\Fisher->getUserPointBySport(null, null)
 5 SYSTEMPATH\CodeIgniter.php(934): App\Controllers\DetailEvent->index('css', 'main.css')
 6 SYSTEMPATH\CodeIgniter.php(499): CodeIgniter\CodeIgniter->runController(Object(App\Controllers\DetailEvent))
 7 SYSTEMPATH\CodeIgniter.php(368): CodeIgniter\CodeIgniter->handleRequest(null, Object(Config\Cache), false)
 8 FCPATH\index.php(67): CodeIgniter\CodeIgniter->run()
 9 SYSTEMPATH\Commands\Server\rewrite.php(47): require_once('D:\\TUGAS\\KULIAH\\P2MW\\hehe\\gohitfinal\\public\\index.php')
INFO - 2025-05-15 08:35:07 --> Session: Class initialized using 'CodeIgniter\Session\Handlers\FileHandler' driver.
CRITICAL - 2025-05-15 08:35:07 --> foreach() argument must be of type array|object, null given
in SYSTEMPATH\Database\BaseBuilder.php on line 411.
 1 SYSTEMPATH\Database\BaseBuilder.php(411): CodeIgniter\Debug\Exceptions->errorHandler(2, 'foreach() argument must be of type array|object, null given', 'D:\\TUGAS\\KULIAH\\P2MW\\hehe\\gohitfinal\\system\\Database\\BaseBuilder.php', 411)
 2 SYSTEMPATH\Model.php(840): CodeIgniter\Database\BaseBuilder->select(null)
 3 APPPATH\Models\Fisher.php(20): CodeIgniter\Model->__call('select', [...])
 4 APPPATH\Controllers\DetailEvent.php(67): App\Models\Fisher->getUserPointBySport(null, null)
 5 SYSTEMPATH\CodeIgniter.php(934): App\Controllers\DetailEvent->index('css', 'style.css')
 6 SYSTEMPATH\CodeIgniter.php(499): CodeIgniter\CodeIgniter->runController(Object(App\Controllers\DetailEvent))
 7 SYSTEMPATH\CodeIgniter.php(368): CodeIgniter\CodeIgniter->handleRequest(null, Object(Config\Cache), false)
 8 FCPATH\index.php(67): CodeIgniter\CodeIgniter->run()
 9 SYSTEMPATH\Commands\Server\rewrite.php(47): require_once('D:\\TUGAS\\KULIAH\\P2MW\\hehe\\gohitfinal\\public\\index.php')
INFO - 2025-05-15 08:35:12 --> Session: Class initialized using 'CodeIgniter\Session\Handlers\FileHandler' driver.
INFO - 2025-05-15 08:35:12 --> Session: Class initialized using 'CodeIgniter\Session\Handlers\FileHandler' driver.
CRITICAL - 2025-05-15 08:35:12 --> foreach() argument must be of type array|object, null given
in SYSTEMPATH\Database\BaseBuilder.php on line 411.
 1 SYSTEMPATH\Database\BaseBuilder.php(411): CodeIgniter\Debug\Exceptions->errorHandler(2, 'foreach() argument must be of type array|object, null given', 'D:\\TUGAS\\KULIAH\\P2MW\\hehe\\gohitfinal\\system\\Database\\BaseBuilder.php', 411)
 2 SYSTEMPATH\Model.php(840): CodeIgniter\Database\BaseBuilder->select(null)
 3 APPPATH\Models\Fisher.php(20): CodeIgniter\Model->__call('select', [...])
 4 APPPATH\Controllers\DetailEvent.php(67): App\Models\Fisher->getUserPointBySport(null, null)
 5 SYSTEMPATH\CodeIgniter.php(934): App\Controllers\DetailEvent->index('css', 'main.css')
 6 SYSTEMPATH\CodeIgniter.php(499): CodeIgniter\CodeIgniter->runController(Object(App\Controllers\DetailEvent))
 7 SYSTEMPATH\CodeIgniter.php(368): CodeIgniter\CodeIgniter->handleRequest(null, Object(Config\Cache), false)
 8 FCPATH\index.php(67): CodeIgniter\CodeIgniter->run()
 9 SYSTEMPATH\Commands\Server\rewrite.php(47): require_once('D:\\TUGAS\\KULIAH\\P2MW\\hehe\\gohitfinal\\public\\index.php')
INFO - 2025-05-15 08:35:12 --> Session: Class initialized using 'CodeIgniter\Session\Handlers\FileHandler' driver.
CRITICAL - 2025-05-15 08:35:12 --> foreach() argument must be of type array|object, null given
in SYSTEMPATH\Database\BaseBuilder.php on line 411.
 1 SYSTEMPATH\Database\BaseBuilder.php(411): CodeIgniter\Debug\Exceptions->errorHandler(2, 'foreach() argument must be of type array|object, null given', 'D:\\TUGAS\\KULIAH\\P2MW\\hehe\\gohitfinal\\system\\Database\\BaseBuilder.php', 411)
 2 SYSTEMPATH\Model.php(840): CodeIgniter\Database\BaseBuilder->select(null)
 3 APPPATH\Models\Fisher.php(20): CodeIgniter\Model->__call('select', [...])
 4 APPPATH\Controllers\DetailEvent.php(67): App\Models\Fisher->getUserPointBySport(null, null)
 5 SYSTEMPATH\CodeIgniter.php(934): App\Controllers\DetailEvent->index('css', 'style.css')
 6 SYSTEMPATH\CodeIgniter.php(499): CodeIgniter\CodeIgniter->runController(Object(App\Controllers\DetailEvent))
 7 SYSTEMPATH\CodeIgniter.php(368): CodeIgniter\CodeIgniter->handleRequest(null, Object(Config\Cache), false)
 8 FCPATH\index.php(67): CodeIgniter\CodeIgniter->run()
 9 SYSTEMPATH\Commands\Server\rewrite.php(47): require_once('D:\\TUGAS\\KULIAH\\P2MW\\hehe\\gohitfinal\\public\\index.php')
INFO - 2025-05-15 08:35:13 --> Session: Class initialized using 'CodeIgniter\Session\Handlers\FileHandler' driver.
CRITICAL - 2025-05-15 08:35:13 --> foreach() argument must be of type array|object, null given
in SYSTEMPATH\Database\BaseBuilder.php on line 411.
 1 SYSTEMPATH\Database\BaseBuilder.php(411): CodeIgniter\Debug\Exceptions->errorHandler(2, 'foreach() argument must be of type array|object, null given', 'D:\\TUGAS\\KULIAH\\P2MW\\hehe\\gohitfinal\\system\\Database\\BaseBuilder.php', 411)
 2 SYSTEMPATH\Model.php(840): CodeIgniter\Database\BaseBuilder->select(null)
 3 APPPATH\Models\Fisher.php(20): CodeIgniter\Model->__call('select', [...])
 4 APPPATH\Controllers\DetailEvent.php(67): App\Models\Fisher->getUserPointBySport(null, null)
 5 SYSTEMPATH\CodeIgniter.php(934): App\Controllers\DetailEvent->index('images', 'bg-01.jpg')
 6 SYSTEMPATH\CodeIgniter.php(499): CodeIgniter\CodeIgniter->runController(Object(App\Controllers\DetailEvent))
 7 SYSTEMPATH\CodeIgniter.php(368): CodeIgniter\CodeIgniter->handleRequest(null, Object(Config\Cache), false)
 8 FCPATH\index.php(67): CodeIgniter\CodeIgniter->run()
 9 SYSTEMPATH\Commands\Server\rewrite.php(47): require_once('D:\\TUGAS\\KULIAH\\P2MW\\hehe\\gohitfinal\\public\\index.php')
INFO - 2025-05-15 08:35:26 --> Session: Class initialized using 'CodeIgniter\Session\Handlers\FileHandler' driver.
INFO - 2025-05-15 08:35:26 --> Session: Class initialized using 'CodeIgniter\Session\Handlers\FileHandler' driver.
CRITICAL - 2025-05-15 08:35:26 --> foreach() argument must be of type array|object, null given
in SYSTEMPATH\Database\BaseBuilder.php on line 411.
 1 SYSTEMPATH\Database\BaseBuilder.php(411): CodeIgniter\Debug\Exceptions->errorHandler(2, 'foreach() argument must be of type array|object, null given', 'D:\\TUGAS\\KULIAH\\P2MW\\hehe\\gohitfinal\\system\\Database\\BaseBuilder.php', 411)
 2 SYSTEMPATH\Model.php(840): CodeIgniter\Database\BaseBuilder->select(null)
 3 APPPATH\Models\Fisher.php(20): CodeIgniter\Model->__call('select', [...])
 4 APPPATH\Controllers\DetailEvent.php(67): App\Models\Fisher->getUserPointBySport(null, null)
 5 SYSTEMPATH\CodeIgniter.php(934): App\Controllers\DetailEvent->index('css', 'main.css')
 6 SYSTEMPATH\CodeIgniter.php(499): CodeIgniter\CodeIgniter->runController(Object(App\Controllers\DetailEvent))
 7 SYSTEMPATH\CodeIgniter.php(368): CodeIgniter\CodeIgniter->handleRequest(null, Object(Config\Cache), false)
 8 FCPATH\index.php(67): CodeIgniter\CodeIgniter->run()
 9 SYSTEMPATH\Commands\Server\rewrite.php(47): require_once('D:\\TUGAS\\KULIAH\\P2MW\\hehe\\gohitfinal\\public\\index.php')
INFO - 2025-05-15 08:35:26 --> Session: Class initialized using 'CodeIgniter\Session\Handlers\FileHandler' driver.
CRITICAL - 2025-05-15 08:35:26 --> foreach() argument must be of type array|object, null given
in SYSTEMPATH\Database\BaseBuilder.php on line 411.
 1 SYSTEMPATH\Database\BaseBuilder.php(411): CodeIgniter\Debug\Exceptions->errorHandler(2, 'foreach() argument must be of type array|object, null given', 'D:\\TUGAS\\KULIAH\\P2MW\\hehe\\gohitfinal\\system\\Database\\BaseBuilder.php', 411)
 2 SYSTEMPATH\Model.php(840): CodeIgniter\Database\BaseBuilder->select(null)
 3 APPPATH\Models\Fisher.php(20): CodeIgniter\Model->__call('select', [...])
 4 APPPATH\Controllers\DetailEvent.php(67): App\Models\Fisher->getUserPointBySport(null, null)
 5 SYSTEMPATH\CodeIgniter.php(934): App\Controllers\DetailEvent->index('css', 'style.css')
 6 SYSTEMPATH\CodeIgniter.php(499): CodeIgniter\CodeIgniter->runController(Object(App\Controllers\DetailEvent))
 7 SYSTEMPATH\CodeIgniter.php(368): CodeIgniter\CodeIgniter->handleRequest(null, Object(Config\Cache), false)
 8 FCPATH\index.php(67): CodeIgniter\CodeIgniter->run()
 9 SYSTEMPATH\Commands\Server\rewrite.php(47): require_once('D:\\TUGAS\\KULIAH\\P2MW\\hehe\\gohitfinal\\public\\index.php')
INFO - 2025-05-15 08:35:26 --> Session: Class initialized using 'CodeIgniter\Session\Handlers\FileHandler' driver.
CRITICAL - 2025-05-15 08:35:26 --> foreach() argument must be of type array|object, null given
in SYSTEMPATH\Database\BaseBuilder.php on line 411.
 1 SYSTEMPATH\Database\BaseBuilder.php(411): CodeIgniter\Debug\Exceptions->errorHandler(2, 'foreach() argument must be of type array|object, null given', 'D:\\TUGAS\\KULIAH\\P2MW\\hehe\\gohitfinal\\system\\Database\\BaseBuilder.php', 411)
 2 SYSTEMPATH\Model.php(840): CodeIgniter\Database\BaseBuilder->select(null)
 3 APPPATH\Models\Fisher.php(20): CodeIgniter\Model->__call('select', [...])
 4 APPPATH\Controllers\DetailEvent.php(67): App\Models\Fisher->getUserPointBySport(null, null)
 5 SYSTEMPATH\CodeIgniter.php(934): App\Controllers\DetailEvent->index('images', 'bg-01.jpg')
 6 SYSTEMPATH\CodeIgniter.php(499): CodeIgniter\CodeIgniter->runController(Object(App\Controllers\DetailEvent))
 7 SYSTEMPATH\CodeIgniter.php(368): CodeIgniter\CodeIgniter->handleRequest(null, Object(Config\Cache), false)
 8 FCPATH\index.php(67): CodeIgniter\CodeIgniter->run()
 9 SYSTEMPATH\Commands\Server\rewrite.php(47): require_once('D:\\TUGAS\\KULIAH\\P2MW\\hehe\\gohitfinal\\public\\index.php')
INFO - 2025-05-15 08:35:36 --> Session: Class initialized using 'CodeIgniter\Session\Handlers\FileHandler' driver.
INFO - 2025-05-15 08:35:36 --> Session: Class initialized using 'CodeIgniter\Session\Handlers\FileHandler' driver.
CRITICAL - 2025-05-15 08:35:36 --> foreach() argument must be of type array|object, null given
in SYSTEMPATH\Database\BaseBuilder.php on line 411.
 1 SYSTEMPATH\Database\BaseBuilder.php(411): CodeIgniter\Debug\Exceptions->errorHandler(2, 'foreach() argument must be of type array|object, null given', 'D:\\TUGAS\\KULIAH\\P2MW\\hehe\\gohitfinal\\system\\Database\\BaseBuilder.php', 411)
 2 SYSTEMPATH\Model.php(840): CodeIgniter\Database\BaseBuilder->select(null)
 3 APPPATH\Models\Fisher.php(20): CodeIgniter\Model->__call('select', [...])
 4 APPPATH\Controllers\DetailEvent.php(67): App\Models\Fisher->getUserPointBySport(null, null)
 5 SYSTEMPATH\CodeIgniter.php(934): App\Controllers\DetailEvent->index('css', 'main.css')
 6 SYSTEMPATH\CodeIgniter.php(499): CodeIgniter\CodeIgniter->runController(Object(App\Controllers\DetailEvent))
 7 SYSTEMPATH\CodeIgniter.php(368): CodeIgniter\CodeIgniter->handleRequest(null, Object(Config\Cache), false)
 8 FCPATH\index.php(67): CodeIgniter\CodeIgniter->run()
 9 SYSTEMPATH\Commands\Server\rewrite.php(47): require_once('D:\\TUGAS\\KULIAH\\P2MW\\hehe\\gohitfinal\\public\\index.php')
INFO - 2025-05-15 08:35:36 --> Session: Class initialized using 'CodeIgniter\Session\Handlers\FileHandler' driver.
CRITICAL - 2025-05-15 08:35:36 --> foreach() argument must be of type array|object, null given
in SYSTEMPATH\Database\BaseBuilder.php on line 411.
 1 SYSTEMPATH\Database\BaseBuilder.php(411): CodeIgniter\Debug\Exceptions->errorHandler(2, 'foreach() argument must be of type array|object, null given', 'D:\\TUGAS\\KULIAH\\P2MW\\hehe\\gohitfinal\\system\\Database\\BaseBuilder.php', 411)
 2 SYSTEMPATH\Model.php(840): CodeIgniter\Database\BaseBuilder->select(null)
 3 APPPATH\Models\Fisher.php(20): CodeIgniter\Model->__call('select', [...])
 4 APPPATH\Controllers\DetailEvent.php(67): App\Models\Fisher->getUserPointBySport(null, null)
 5 SYSTEMPATH\CodeIgniter.php(934): App\Controllers\DetailEvent->index('css', 'style.css')
 6 SYSTEMPATH\CodeIgniter.php(499): CodeIgniter\CodeIgniter->runController(Object(App\Controllers\DetailEvent))
 7 SYSTEMPATH\CodeIgniter.php(368): CodeIgniter\CodeIgniter->handleRequest(null, Object(Config\Cache), false)
 8 FCPATH\index.php(67): CodeIgniter\CodeIgniter->run()
 9 SYSTEMPATH\Commands\Server\rewrite.php(47): require_once('D:\\TUGAS\\KULIAH\\P2MW\\hehe\\gohitfinal\\public\\index.php')
INFO - 2025-05-15 08:35:36 --> Session: Class initialized using 'CodeIgniter\Session\Handlers\FileHandler' driver.
CRITICAL - 2025-05-15 08:35:36 --> foreach() argument must be of type array|object, null given
in SYSTEMPATH\Database\BaseBuilder.php on line 411.
 1 SYSTEMPATH\Database\BaseBuilder.php(411): CodeIgniter\Debug\Exceptions->errorHandler(2, 'foreach() argument must be of type array|object, null given', 'D:\\TUGAS\\KULIAH\\P2MW\\hehe\\gohitfinal\\system\\Database\\BaseBuilder.php', 411)
 2 SYSTEMPATH\Model.php(840): CodeIgniter\Database\BaseBuilder->select(null)
 3 APPPATH\Models\Fisher.php(20): CodeIgniter\Model->__call('select', [...])
 4 APPPATH\Controllers\DetailEvent.php(67): App\Models\Fisher->getUserPointBySport(null, null)
 5 SYSTEMPATH\CodeIgniter.php(934): App\Controllers\DetailEvent->index('images', 'bg-01.jpg')
 6 SYSTEMPATH\CodeIgniter.php(499): CodeIgniter\CodeIgniter->runController(Object(App\Controllers\DetailEvent))
 7 SYSTEMPATH\CodeIgniter.php(368): CodeIgniter\CodeIgniter->handleRequest(null, Object(Config\Cache), false)
 8 FCPATH\index.php(67): CodeIgniter\CodeIgniter->run()
 9 SYSTEMPATH\Commands\Server\rewrite.php(47): require_once('D:\\TUGAS\\KULIAH\\P2MW\\hehe\\gohitfinal\\public\\index.php')
INFO - 2025-05-15 08:40:08 --> Session: Class initialized using 'CodeIgniter\Session\Handlers\FileHandler' driver.
INFO - 2025-05-15 08:40:08 --> Session: Class initialized using 'CodeIgniter\Session\Handlers\FileHandler' driver.
CRITICAL - 2025-05-15 08:40:08 --> foreach() argument must be of type array|object, null given
in SYSTEMPATH\Database\BaseBuilder.php on line 411.
 1 SYSTEMPATH\Database\BaseBuilder.php(411): CodeIgniter\Debug\Exceptions->errorHandler(2, 'foreach() argument must be of type array|object, null given', 'D:\\TUGAS\\KULIAH\\P2MW\\hehe\\gohitfinal\\system\\Database\\BaseBuilder.php', 411)
 2 SYSTEMPATH\Model.php(840): CodeIgniter\Database\BaseBuilder->select(null)
 3 APPPATH\Models\Fisher.php(20): CodeIgniter\Model->__call('select', [...])
 4 APPPATH\Controllers\DetailEvent.php(67): App\Models\Fisher->getUserPointBySport(null, null)
 5 SYSTEMPATH\CodeIgniter.php(934): App\Controllers\DetailEvent->index('css', 'main.css')
 6 SYSTEMPATH\CodeIgniter.php(499): CodeIgniter\CodeIgniter->runController(Object(App\Controllers\DetailEvent))
 7 SYSTEMPATH\CodeIgniter.php(368): CodeIgniter\CodeIgniter->handleRequest(null, Object(Config\Cache), false)
 8 FCPATH\index.php(67): CodeIgniter\CodeIgniter->run()
 9 SYSTEMPATH\Commands\Server\rewrite.php(47): require_once('D:\\TUGAS\\KULIAH\\P2MW\\hehe\\gohitfinal\\public\\index.php')
INFO - 2025-05-15 08:40:08 --> Session: Class initialized using 'CodeIgniter\Session\Handlers\FileHandler' driver.
CRITICAL - 2025-05-15 08:40:08 --> foreach() argument must be of type array|object, null given
in SYSTEMPATH\Database\BaseBuilder.php on line 411.
 1 SYSTEMPATH\Database\BaseBuilder.php(411): CodeIgniter\Debug\Exceptions->errorHandler(2, 'foreach() argument must be of type array|object, null given', 'D:\\TUGAS\\KULIAH\\P2MW\\hehe\\gohitfinal\\system\\Database\\BaseBuilder.php', 411)
 2 SYSTEMPATH\Model.php(840): CodeIgniter\Database\BaseBuilder->select(null)
 3 APPPATH\Models\Fisher.php(20): CodeIgniter\Model->__call('select', [...])
 4 APPPATH\Controllers\DetailEvent.php(67): App\Models\Fisher->getUserPointBySport(null, null)
 5 SYSTEMPATH\CodeIgniter.php(934): App\Controllers\DetailEvent->index('css', 'style.css')
 6 SYSTEMPATH\CodeIgniter.php(499): CodeIgniter\CodeIgniter->runController(Object(App\Controllers\DetailEvent))
 7 SYSTEMPATH\CodeIgniter.php(368): CodeIgniter\CodeIgniter->handleRequest(null, Object(Config\Cache), false)
 8 FCPATH\index.php(67): CodeIgniter\CodeIgniter->run()
 9 SYSTEMPATH\Commands\Server\rewrite.php(47): require_once('D:\\TUGAS\\KULIAH\\P2MW\\hehe\\gohitfinal\\public\\index.php')
INFO - 2025-05-15 08:40:08 --> Session: Class initialized using 'CodeIgniter\Session\Handlers\FileHandler' driver.
CRITICAL - 2025-05-15 08:40:08 --> foreach() argument must be of type array|object, null given
in SYSTEMPATH\Database\BaseBuilder.php on line 411.
 1 SYSTEMPATH\Database\BaseBuilder.php(411): CodeIgniter\Debug\Exceptions->errorHandler(2, 'foreach() argument must be of type array|object, null given', 'D:\\TUGAS\\KULIAH\\P2MW\\hehe\\gohitfinal\\system\\Database\\BaseBuilder.php', 411)
 2 SYSTEMPATH\Model.php(840): CodeIgniter\Database\BaseBuilder->select(null)
 3 APPPATH\Models\Fisher.php(20): CodeIgniter\Model->__call('select', [...])
 4 APPPATH\Controllers\DetailEvent.php(67): App\Models\Fisher->getUserPointBySport(null, null)
 5 SYSTEMPATH\CodeIgniter.php(934): App\Controllers\DetailEvent->index('images', 'bg-01.jpg')
 6 SYSTEMPATH\CodeIgniter.php(499): CodeIgniter\CodeIgniter->runController(Object(App\Controllers\DetailEvent))
 7 SYSTEMPATH\CodeIgniter.php(368): CodeIgniter\CodeIgniter->handleRequest(null, Object(Config\Cache), false)
 8 FCPATH\index.php(67): CodeIgniter\CodeIgniter->run()
 9 SYSTEMPATH\Commands\Server\rewrite.php(47): require_once('D:\\TUGAS\\KULIAH\\P2MW\\hehe\\gohitfinal\\public\\index.php')
INFO - 2025-05-15 08:41:52 --> Session: Class initialized using 'CodeIgniter\Session\Handlers\FileHandler' driver.
INFO - 2025-05-15 08:41:52 --> Session: Class initialized using 'CodeIgniter\Session\Handlers\FileHandler' driver.
CRITICAL - 2025-05-15 08:41:52 --> foreach() argument must be of type array|object, null given
in SYSTEMPATH\Database\BaseBuilder.php on line 411.
 1 SYSTEMPATH\Database\BaseBuilder.php(411): CodeIgniter\Debug\Exceptions->errorHandler(2, 'foreach() argument must be of type array|object, null given', 'D:\\TUGAS\\KULIAH\\P2MW\\hehe\\gohitfinal\\system\\Database\\BaseBuilder.php', 411)
 2 SYSTEMPATH\Model.php(840): CodeIgniter\Database\BaseBuilder->select(null)
 3 APPPATH\Models\Fisher.php(20): CodeIgniter\Model->__call('select', [...])
 4 APPPATH\Controllers\DetailEvent.php(67): App\Models\Fisher->getUserPointBySport(null, null)
 5 SYSTEMPATH\CodeIgniter.php(934): App\Controllers\DetailEvent->index('css', 'main.css')
 6 SYSTEMPATH\CodeIgniter.php(499): CodeIgniter\CodeIgniter->runController(Object(App\Controllers\DetailEvent))
 7 SYSTEMPATH\CodeIgniter.php(368): CodeIgniter\CodeIgniter->handleRequest(null, Object(Config\Cache), false)
 8 FCPATH\index.php(67): CodeIgniter\CodeIgniter->run()
 9 SYSTEMPATH\Commands\Server\rewrite.php(47): require_once('D:\\TUGAS\\KULIAH\\P2MW\\hehe\\gohitfinal\\public\\index.php')
INFO - 2025-05-15 08:41:52 --> Session: Class initialized using 'CodeIgniter\Session\Handlers\FileHandler' driver.
CRITICAL - 2025-05-15 08:41:52 --> foreach() argument must be of type array|object, null given
in SYSTEMPATH\Database\BaseBuilder.php on line 411.
 1 SYSTEMPATH\Database\BaseBuilder.php(411): CodeIgniter\Debug\Exceptions->errorHandler(2, 'foreach() argument must be of type array|object, null given', 'D:\\TUGAS\\KULIAH\\P2MW\\hehe\\gohitfinal\\system\\Database\\BaseBuilder.php', 411)
 2 SYSTEMPATH\Model.php(840): CodeIgniter\Database\BaseBuilder->select(null)
 3 APPPATH\Models\Fisher.php(20): CodeIgniter\Model->__call('select', [...])
 4 APPPATH\Controllers\DetailEvent.php(67): App\Models\Fisher->getUserPointBySport(null, null)
 5 SYSTEMPATH\CodeIgniter.php(934): App\Controllers\DetailEvent->index('css', 'style.css')
 6 SYSTEMPATH\CodeIgniter.php(499): CodeIgniter\CodeIgniter->runController(Object(App\Controllers\DetailEvent))
 7 SYSTEMPATH\CodeIgniter.php(368): CodeIgniter\CodeIgniter->handleRequest(null, Object(Config\Cache), false)
 8 FCPATH\index.php(67): CodeIgniter\CodeIgniter->run()
 9 SYSTEMPATH\Commands\Server\rewrite.php(47): require_once('D:\\TUGAS\\KULIAH\\P2MW\\hehe\\gohitfinal\\public\\index.php')
INFO - 2025-05-15 08:41:53 --> Session: Class initialized using 'CodeIgniter\Session\Handlers\FileHandler' driver.
CRITICAL - 2025-05-15 08:41:53 --> foreach() argument must be of type array|object, null given
in SYSTEMPATH\Database\BaseBuilder.php on line 411.
 1 SYSTEMPATH\Database\BaseBuilder.php(411): CodeIgniter\Debug\Exceptions->errorHandler(2, 'foreach() argument must be of type array|object, null given', 'D:\\TUGAS\\KULIAH\\P2MW\\hehe\\gohitfinal\\system\\Database\\BaseBuilder.php', 411)
 2 SYSTEMPATH\Model.php(840): CodeIgniter\Database\BaseBuilder->select(null)
 3 APPPATH\Models\Fisher.php(20): CodeIgniter\Model->__call('select', [...])
 4 APPPATH\Controllers\DetailEvent.php(67): App\Models\Fisher->getUserPointBySport(null, null)
 5 SYSTEMPATH\CodeIgniter.php(934): App\Controllers\DetailEvent->index('images', 'bg-01.jpg')
 6 SYSTEMPATH\CodeIgniter.php(499): CodeIgniter\CodeIgniter->runController(Object(App\Controllers\DetailEvent))
 7 SYSTEMPATH\CodeIgniter.php(368): CodeIgniter\CodeIgniter->handleRequest(null, Object(Config\Cache), false)
 8 FCPATH\index.php(67): CodeIgniter\CodeIgniter->run()
 9 SYSTEMPATH\Commands\Server\rewrite.php(47): require_once('D:\\TUGAS\\KULIAH\\P2MW\\hehe\\gohitfinal\\public\\index.php')
INFO - 2025-05-15 08:42:04 --> Session: Class initialized using 'CodeIgniter\Session\Handlers\FileHandler' driver.
INFO - 2025-05-15 08:42:06 --> Session: Class initialized using 'CodeIgniter\Session\Handlers\FileHandler' driver.
INFO - 2025-05-15 08:42:56 --> Session: Class initialized using 'CodeIgniter\Session\Handlers\FileHandler' driver.
INFO - 2025-05-15 08:42:59 --> Session: Class initialized using 'CodeIgniter\Session\Handlers\FileHandler' driver.
INFO - 2025-05-15 08:43:00 --> Session: Class initialized using 'CodeIgniter\Session\Handlers\FileHandler' driver.
CRITICAL - 2025-05-15 08:43:00 --> foreach() argument must be of type array|object, null given
in SYSTEMPATH\Database\BaseBuilder.php on line 411.
 1 SYSTEMPATH\Database\BaseBuilder.php(411): CodeIgniter\Debug\Exceptions->errorHandler(2, 'foreach() argument must be of type array|object, null given', 'D:\\TUGAS\\KULIAH\\P2MW\\hehe\\gohitfinal\\system\\Database\\BaseBuilder.php', 411)
 2 SYSTEMPATH\Model.php(840): CodeIgniter\Database\BaseBuilder->select(null)
 3 APPPATH\Models\Fisher.php(20): CodeIgniter\Model->__call('select', [...])
 4 APPPATH\Controllers\DetailEvent.php(67): App\Models\Fisher->getUserPointBySport(null, null)
 5 SYSTEMPATH\CodeIgniter.php(934): App\Controllers\DetailEvent->index('css', 'main.css')
 6 SYSTEMPATH\CodeIgniter.php(499): CodeIgniter\CodeIgniter->runController(Object(App\Controllers\DetailEvent))
 7 SYSTEMPATH\CodeIgniter.php(368): CodeIgniter\CodeIgniter->handleRequest(null, Object(Config\Cache), false)
 8 FCPATH\index.php(67): CodeIgniter\CodeIgniter->run()
 9 SYSTEMPATH\Commands\Server\rewrite.php(47): require_once('D:\\TUGAS\\KULIAH\\P2MW\\hehe\\gohitfinal\\public\\index.php')
INFO - 2025-05-15 08:43:00 --> Session: Class initialized using 'CodeIgniter\Session\Handlers\FileHandler' driver.
CRITICAL - 2025-05-15 08:43:00 --> foreach() argument must be of type array|object, null given
in SYSTEMPATH\Database\BaseBuilder.php on line 411.
 1 SYSTEMPATH\Database\BaseBuilder.php(411): CodeIgniter\Debug\Exceptions->errorHandler(2, 'foreach() argument must be of type array|object, null given', 'D:\\TUGAS\\KULIAH\\P2MW\\hehe\\gohitfinal\\system\\Database\\BaseBuilder.php', 411)
 2 SYSTEMPATH\Model.php(840): CodeIgniter\Database\BaseBuilder->select(null)
 3 APPPATH\Models\Fisher.php(20): CodeIgniter\Model->__call('select', [...])
 4 APPPATH\Controllers\DetailEvent.php(67): App\Models\Fisher->getUserPointBySport(null, null)
 5 SYSTEMPATH\CodeIgniter.php(934): App\Controllers\DetailEvent->index('css', 'style.css')
 6 SYSTEMPATH\CodeIgniter.php(499): CodeIgniter\CodeIgniter->runController(Object(App\Controllers\DetailEvent))
 7 SYSTEMPATH\CodeIgniter.php(368): CodeIgniter\CodeIgniter->handleRequest(null, Object(Config\Cache), false)
 8 FCPATH\index.php(67): CodeIgniter\CodeIgniter->run()
 9 SYSTEMPATH\Commands\Server\rewrite.php(47): require_once('D:\\TUGAS\\KULIAH\\P2MW\\hehe\\gohitfinal\\public\\index.php')
INFO - 2025-05-15 08:43:00 --> Session: Class initialized using 'CodeIgniter\Session\Handlers\FileHandler' driver.
CRITICAL - 2025-05-15 08:43:00 --> foreach() argument must be of type array|object, null given
in SYSTEMPATH\Database\BaseBuilder.php on line 411.
 1 SYSTEMPATH\Database\BaseBuilder.php(411): CodeIgniter\Debug\Exceptions->errorHandler(2, 'foreach() argument must be of type array|object, null given', 'D:\\TUGAS\\KULIAH\\P2MW\\hehe\\gohitfinal\\system\\Database\\BaseBuilder.php', 411)
 2 SYSTEMPATH\Model.php(840): CodeIgniter\Database\BaseBuilder->select(null)
 3 APPPATH\Models\Fisher.php(20): CodeIgniter\Model->__call('select', [...])
 4 APPPATH\Controllers\DetailEvent.php(67): App\Models\Fisher->getUserPointBySport(null, null)
 5 SYSTEMPATH\CodeIgniter.php(934): App\Controllers\DetailEvent->index('images', 'bg-01.jpg')
 6 SYSTEMPATH\CodeIgniter.php(499): CodeIgniter\CodeIgniter->runController(Object(App\Controllers\DetailEvent))
 7 SYSTEMPATH\CodeIgniter.php(368): CodeIgniter\CodeIgniter->handleRequest(null, Object(Config\Cache), false)
 8 FCPATH\index.php(67): CodeIgniter\CodeIgniter->run()
 9 SYSTEMPATH\Commands\Server\rewrite.php(47): require_once('D:\\TUGAS\\KULIAH\\P2MW\\hehe\\gohitfinal\\public\\index.php')
INFO - 2025-05-15 08:43:07 --> Session: Class initialized using 'CodeIgniter\Session\Handlers\FileHandler' driver.
INFO - 2025-05-15 08:43:08 --> Session: Class initialized using 'CodeIgniter\Session\Handlers\FileHandler' driver.
INFO - 2025-05-15 08:47:58 --> Session: Class initialized using 'CodeIgniter\Session\Handlers\FileHandler' driver.
INFO - 2025-05-15 08:48:15 --> Session: Class initialized using 'CodeIgniter\Session\Handlers\FileHandler' driver.
INFO - 2025-05-15 08:48:15 --> Session: Class initialized using 'CodeIgniter\Session\Handlers\FileHandler' driver.
CRITICAL - 2025-05-15 08:48:15 --> foreach() argument must be of type array|object, null given
in SYSTEMPATH\Database\BaseBuilder.php on line 411.
 1 SYSTEMPATH\Database\BaseBuilder.php(411): CodeIgniter\Debug\Exceptions->errorHandler(2, 'foreach() argument must be of type array|object, null given', 'D:\\TUGAS\\KULIAH\\P2MW\\hehe\\gohitfinal\\system\\Database\\BaseBuilder.php', 411)
 2 SYSTEMPATH\Model.php(840): CodeIgniter\Database\BaseBuilder->select(null)
 3 APPPATH\Models\Fisher.php(20): CodeIgniter\Model->__call('select', [...])
 4 APPPATH\Controllers\DetailEvent.php(67): App\Models\Fisher->getUserPointBySport(null, null)
 5 SYSTEMPATH\CodeIgniter.php(934): App\Controllers\DetailEvent->index('css', 'main.css')
 6 SYSTEMPATH\CodeIgniter.php(499): CodeIgniter\CodeIgniter->runController(Object(App\Controllers\DetailEvent))
 7 SYSTEMPATH\CodeIgniter.php(368): CodeIgniter\CodeIgniter->handleRequest(null, Object(Config\Cache), false)
 8 FCPATH\index.php(67): CodeIgniter\CodeIgniter->run()
 9 SYSTEMPATH\Commands\Server\rewrite.php(47): require_once('D:\\TUGAS\\KULIAH\\P2MW\\hehe\\gohitfinal\\public\\index.php')
INFO - 2025-05-15 08:48:15 --> Session: Class initialized using 'CodeIgniter\Session\Handlers\FileHandler' driver.
CRITICAL - 2025-05-15 08:48:15 --> foreach() argument must be of type array|object, null given
in SYSTEMPATH\Database\BaseBuilder.php on line 411.
 1 SYSTEMPATH\Database\BaseBuilder.php(411): CodeIgniter\Debug\Exceptions->errorHandler(2, 'foreach() argument must be of type array|object, null given', 'D:\\TUGAS\\KULIAH\\P2MW\\hehe\\gohitfinal\\system\\Database\\BaseBuilder.php', 411)
 2 SYSTEMPATH\Model.php(840): CodeIgniter\Database\BaseBuilder->select(null)
 3 APPPATH\Models\Fisher.php(20): CodeIgniter\Model->__call('select', [...])
 4 APPPATH\Controllers\DetailEvent.php(67): App\Models\Fisher->getUserPointBySport(null, null)
 5 SYSTEMPATH\CodeIgniter.php(934): App\Controllers\DetailEvent->index('css', 'style.css')
 6 SYSTEMPATH\CodeIgniter.php(499): CodeIgniter\CodeIgniter->runController(Object(App\Controllers\DetailEvent))
 7 SYSTEMPATH\CodeIgniter.php(368): CodeIgniter\CodeIgniter->handleRequest(null, Object(Config\Cache), false)
 8 FCPATH\index.php(67): CodeIgniter\CodeIgniter->run()
 9 SYSTEMPATH\Commands\Server\rewrite.php(47): require_once('D:\\TUGAS\\KULIAH\\P2MW\\hehe\\gohitfinal\\public\\index.php')
INFO - 2025-05-15 08:48:15 --> Session: Class initialized using 'CodeIgniter\Session\Handlers\FileHandler' driver.
CRITICAL - 2025-05-15 08:48:15 --> foreach() argument must be of type array|object, null given
in SYSTEMPATH\Database\BaseBuilder.php on line 411.
 1 SYSTEMPATH\Database\BaseBuilder.php(411): CodeIgniter\Debug\Exceptions->errorHandler(2, 'foreach() argument must be of type array|object, null given', 'D:\\TUGAS\\KULIAH\\P2MW\\hehe\\gohitfinal\\system\\Database\\BaseBuilder.php', 411)
 2 SYSTEMPATH\Model.php(840): CodeIgniter\Database\BaseBuilder->select(null)
 3 APPPATH\Models\Fisher.php(20): CodeIgniter\Model->__call('select', [...])
 4 APPPATH\Controllers\DetailEvent.php(67): App\Models\Fisher->getUserPointBySport(null, null)
 5 SYSTEMPATH\CodeIgniter.php(934): App\Controllers\DetailEvent->index('images', 'bg-01.jpg')
 6 SYSTEMPATH\CodeIgniter.php(499): CodeIgniter\CodeIgniter->runController(Object(App\Controllers\DetailEvent))
 7 SYSTEMPATH\CodeIgniter.php(368): CodeIgniter\CodeIgniter->handleRequest(null, Object(Config\Cache), false)
 8 FCPATH\index.php(67): CodeIgniter\CodeIgniter->run()
 9 SYSTEMPATH\Commands\Server\rewrite.php(47): require_once('D:\\TUGAS\\KULIAH\\P2MW\\hehe\\gohitfinal\\public\\index.php')
INFO - 2025-05-15 08:48:29 --> Session: Class initialized using 'CodeIgniter\Session\Handlers\FileHandler' driver.
INFO - 2025-05-15 08:48:31 --> Session: Class initialized using 'CodeIgniter\Session\Handlers\FileHandler' driver.
INFO - 2025-05-15 08:48:44 --> Session: Class initialized using 'CodeIgniter\Session\Handlers\FileHandler' driver.
INFO - 2025-05-15 08:48:44 --> Session: Class initialized using 'CodeIgniter\Session\Handlers\FileHandler' driver.
CRITICAL - 2025-05-15 08:48:44 --> foreach() argument must be of type array|object, null given
in SYSTEMPATH\Database\BaseBuilder.php on line 411.
 1 SYSTEMPATH\Database\BaseBuilder.php(411): CodeIgniter\Debug\Exceptions->errorHandler(2, 'foreach() argument must be of type array|object, null given', 'D:\\TUGAS\\KULIAH\\P2MW\\hehe\\gohitfinal\\system\\Database\\BaseBuilder.php', 411)
 2 SYSTEMPATH\Model.php(840): CodeIgniter\Database\BaseBuilder->select(null)
 3 APPPATH\Models\Fisher.php(20): CodeIgniter\Model->__call('select', [...])
 4 APPPATH\Controllers\DetailEvent.php(67): App\Models\Fisher->getUserPointBySport(null, null)
 5 SYSTEMPATH\CodeIgniter.php(934): App\Controllers\DetailEvent->index('css', 'main.css')
 6 SYSTEMPATH\CodeIgniter.php(499): CodeIgniter\CodeIgniter->runController(Object(App\Controllers\DetailEvent))
 7 SYSTEMPATH\CodeIgniter.php(368): CodeIgniter\CodeIgniter->handleRequest(null, Object(Config\Cache), false)
 8 FCPATH\index.php(67): CodeIgniter\CodeIgniter->run()
 9 SYSTEMPATH\Commands\Server\rewrite.php(47): require_once('D:\\TUGAS\\KULIAH\\P2MW\\hehe\\gohitfinal\\public\\index.php')
INFO - 2025-05-15 08:48:44 --> Session: Class initialized using 'CodeIgniter\Session\Handlers\FileHandler' driver.
CRITICAL - 2025-05-15 08:48:44 --> foreach() argument must be of type array|object, null given
in SYSTEMPATH\Database\BaseBuilder.php on line 411.
 1 SYSTEMPATH\Database\BaseBuilder.php(411): CodeIgniter\Debug\Exceptions->errorHandler(2, 'foreach() argument must be of type array|object, null given', 'D:\\TUGAS\\KULIAH\\P2MW\\hehe\\gohitfinal\\system\\Database\\BaseBuilder.php', 411)
 2 SYSTEMPATH\Model.php(840): CodeIgniter\Database\BaseBuilder->select(null)
 3 APPPATH\Models\Fisher.php(20): CodeIgniter\Model->__call('select', [...])
 4 APPPATH\Controllers\DetailEvent.php(67): App\Models\Fisher->getUserPointBySport(null, null)
 5 SYSTEMPATH\CodeIgniter.php(934): App\Controllers\DetailEvent->index('css', 'style.css')
 6 SYSTEMPATH\CodeIgniter.php(499): CodeIgniter\CodeIgniter->runController(Object(App\Controllers\DetailEvent))
 7 SYSTEMPATH\CodeIgniter.php(368): CodeIgniter\CodeIgniter->handleRequest(null, Object(Config\Cache), false)
 8 FCPATH\index.php(67): CodeIgniter\CodeIgniter->run()
 9 SYSTEMPATH\Commands\Server\rewrite.php(47): require_once('D:\\TUGAS\\KULIAH\\P2MW\\hehe\\gohitfinal\\public\\index.php')
INFO - 2025-05-15 08:48:44 --> Session: Class initialized using 'CodeIgniter\Session\Handlers\FileHandler' driver.
CRITICAL - 2025-05-15 08:48:44 --> foreach() argument must be of type array|object, null given
in SYSTEMPATH\Database\BaseBuilder.php on line 411.
 1 SYSTEMPATH\Database\BaseBuilder.php(411): CodeIgniter\Debug\Exceptions->errorHandler(2, 'foreach() argument must be of type array|object, null given', 'D:\\TUGAS\\KULIAH\\P2MW\\hehe\\gohitfinal\\system\\Database\\BaseBuilder.php', 411)
 2 SYSTEMPATH\Model.php(840): CodeIgniter\Database\BaseBuilder->select(null)
 3 APPPATH\Models\Fisher.php(20): CodeIgniter\Model->__call('select', [...])
 4 APPPATH\Controllers\DetailEvent.php(67): App\Models\Fisher->getUserPointBySport(null, null)
 5 SYSTEMPATH\CodeIgniter.php(934): App\Controllers\DetailEvent->index('images', 'bg-01.jpg')
 6 SYSTEMPATH\CodeIgniter.php(499): CodeIgniter\CodeIgniter->runController(Object(App\Controllers\DetailEvent))
 7 SYSTEMPATH\CodeIgniter.php(368): CodeIgniter\CodeIgniter->handleRequest(null, Object(Config\Cache), false)
 8 FCPATH\index.php(67): CodeIgniter\CodeIgniter->run()
 9 SYSTEMPATH\Commands\Server\rewrite.php(47): require_once('D:\\TUGAS\\KULIAH\\P2MW\\hehe\\gohitfinal\\public\\index.php')
INFO - 2025-05-15 08:48:51 --> Session: Class initialized using 'CodeIgniter\Session\Handlers\FileHandler' driver.
ERROR - 2025-05-15 08:48:51 --> mysqli_sql_exception: Column 'id_user3' cannot be null in D:\TUGAS\KULIAH\P2MW\hehe\gohitfinal\system\Database\MySQLi\Connection.php:295
Stack trace:
#0 D:\TUGAS\KULIAH\P2MW\hehe\gohitfinal\system\Database\MySQLi\Connection.php(295): mysqli->query('INSERT INTO `pe...', 0)
#1 D:\TUGAS\KULIAH\P2MW\hehe\gohitfinal\system\Database\BaseConnection.php(691): CodeIgniter\Database\MySQLi\Connection->execute('INSERT INTO `pe...')
#2 D:\TUGAS\KULIAH\P2MW\hehe\gohitfinal\system\Database\BaseConnection.php(605): CodeIgniter\Database\BaseConnection->simpleQuery('INSERT INTO `pe...')
#3 D:\TUGAS\KULIAH\P2MW\hehe\gohitfinal\system\Database\BaseBuilder.php(2309): CodeIgniter\Database\BaseConnection->query('INSERT INTO `pe...', Array, false)
#4 D:\TUGAS\KULIAH\P2MW\hehe\gohitfinal\app\Models\Peserta.php(16): CodeIgniter\Database\BaseBuilder->insert(Array)
#5 D:\TUGAS\KULIAH\P2MW\hehe\gohitfinal\app\Controllers\Join.php(65): App\Models\Peserta->saveuser(Array)
#6 D:\TUGAS\KULIAH\P2MW\hehe\gohitfinal\system\CodeIgniter.php(934): App\Controllers\Join->join()
#7 D:\TUGAS\KULIAH\P2MW\hehe\gohitfinal\system\CodeIgniter.php(499): CodeIgniter\CodeIgniter->runController(Object(App\Controllers\Join))
#8 D:\TUGAS\KULIAH\P2MW\hehe\gohitfinal\system\CodeIgniter.php(368): CodeIgniter\CodeIgniter->handleRequest(NULL, Object(Config\Cache), false)
#9 D:\TUGAS\KULIAH\P2MW\hehe\gohitfinal\public\index.php(67): CodeIgniter\CodeIgniter->run()
#10 D:\TUGAS\KULIAH\P2MW\hehe\gohitfinal\system\Commands\Server\rewrite.php(47): require_once('D:\\TUGAS\\KULIAH...')
#11 {main}
CRITICAL - 2025-05-15 08:48:51 --> Column 'id_user3' cannot be null
in SYSTEMPATH\Database\MySQLi\Connection.php on line 295.
 1 SYSTEMPATH\Database\MySQLi\Connection.php(295): mysqli->query('INSERT INTO `peserta` (`id_event`, `id_user`, `id_user1`, `id_user2`, `id_user3`, `id_user4`) VALUES (\'26\', \'5\', \'17\', \'20\', NULL, NULL)', 0)
 2 SYSTEMPATH\Database\BaseConnection.php(691): CodeIgniter\Database\MySQLi\Connection->execute('INSERT INTO `peserta` (`id_event`, `id_user`, `id_user1`, `id_user2`, `id_user3`, `id_user4`) VALUES (\'26\', \'5\', \'17\', \'20\', NULL, NULL)')
 3 SYSTEMPATH\Database\BaseConnection.php(605): CodeIgniter\Database\BaseConnection->simpleQuery('INSERT INTO `peserta` (`id_event`, `id_user`, `id_user1`, `id_user2`, `id_user3`, `id_user4`) VALUES (\'26\', \'5\', \'17\', \'20\', NULL, NULL)')
 4 SYSTEMPATH\Database\BaseBuilder.php(2309): CodeIgniter\Database\BaseConnection->query('INSERT INTO `peserta` (`id_event`, `id_user`, `id_user1`, `id_user2`, `id_user3`, `id_user4`) VALUES (:id_event:, :id_user:, :id_user1:, :id_user2:, :id_user3:, :id_user4:)', [...], false)
 5 APPPATH\Models\Peserta.php(16): CodeIgniter\Database\BaseBuilder->insert([...])
 6 APPPATH\Controllers\Join.php(65): App\Models\Peserta->saveuser([...])
 7 SYSTEMPATH\CodeIgniter.php(934): App\Controllers\Join->join()
 8 SYSTEMPATH\CodeIgniter.php(499): CodeIgniter\CodeIgniter->runController(Object(App\Controllers\Join))
 9 SYSTEMPATH\CodeIgniter.php(368): CodeIgniter\CodeIgniter->handleRequest(null, Object(Config\Cache), false)
10 FCPATH\index.php(67): CodeIgniter\CodeIgniter->run()
11 SYSTEMPATH\Commands\Server\rewrite.php(47): require_once('D:\\TUGAS\\KULIAH\\P2MW\\hehe\\gohitfinal\\public\\index.php')
INFO - 2025-05-15 08:51:28 --> Session: Class initialized using 'CodeIgniter\Session\Handlers\FileHandler' driver.
ERROR - 2025-05-15 08:51:28 --> mysqli_sql_exception: Column 'id_user3' cannot be null in D:\TUGAS\KULIAH\P2MW\hehe\gohitfinal\system\Database\MySQLi\Connection.php:295
Stack trace:
#0 D:\TUGAS\KULIAH\P2MW\hehe\gohitfinal\system\Database\MySQLi\Connection.php(295): mysqli->query('INSERT INTO `pe...', 0)
#1 D:\TUGAS\KULIAH\P2MW\hehe\gohitfinal\system\Database\BaseConnection.php(691): CodeIgniter\Database\MySQLi\Connection->execute('INSERT INTO `pe...')
#2 D:\TUGAS\KULIAH\P2MW\hehe\gohitfinal\system\Database\BaseConnection.php(605): CodeIgniter\Database\BaseConnection->simpleQuery('INSERT INTO `pe...')
#3 D:\TUGAS\KULIAH\P2MW\hehe\gohitfinal\system\Database\BaseBuilder.php(2309): CodeIgniter\Database\BaseConnection->query('INSERT INTO `pe...', Array, false)
#4 D:\TUGAS\KULIAH\P2MW\hehe\gohitfinal\app\Models\Peserta.php(16): CodeIgniter\Database\BaseBuilder->insert(Array)
#5 D:\TUGAS\KULIAH\P2MW\hehe\gohitfinal\app\Controllers\Join.php(67): App\Models\Peserta->saveuser(Array)
#6 D:\TUGAS\KULIAH\P2MW\hehe\gohitfinal\system\CodeIgniter.php(934): App\Controllers\Join->join()
#7 D:\TUGAS\KULIAH\P2MW\hehe\gohitfinal\system\CodeIgniter.php(499): CodeIgniter\CodeIgniter->runController(Object(App\Controllers\Join))
#8 D:\TUGAS\KULIAH\P2MW\hehe\gohitfinal\system\CodeIgniter.php(368): CodeIgniter\CodeIgniter->handleRequest(NULL, Object(Config\Cache), false)
#9 D:\TUGAS\KULIAH\P2MW\hehe\gohitfinal\public\index.php(67): CodeIgniter\CodeIgniter->run()
#10 D:\TUGAS\KULIAH\P2MW\hehe\gohitfinal\system\Commands\Server\rewrite.php(47): require_once('D:\\TUGAS\\KULIAH...')
#11 {main}
CRITICAL - 2025-05-15 08:51:28 --> Column 'id_user3' cannot be null
in SYSTEMPATH\Database\MySQLi\Connection.php on line 295.
 1 SYSTEMPATH\Database\MySQLi\Connection.php(295): mysqli->query('INSERT INTO `peserta` (`id_event`, `id_user`, `id_user1`, `id_user2`, `id_user3`, `id_user4`) VALUES (\'26\', \'5\', \'17\', \'20\', NULL, NULL)', 0)
 2 SYSTEMPATH\Database\BaseConnection.php(691): CodeIgniter\Database\MySQLi\Connection->execute('INSERT INTO `peserta` (`id_event`, `id_user`, `id_user1`, `id_user2`, `id_user3`, `id_user4`) VALUES (\'26\', \'5\', \'17\', \'20\', NULL, NULL)')
 3 SYSTEMPATH\Database\BaseConnection.php(605): CodeIgniter\Database\BaseConnection->simpleQuery('INSERT INTO `peserta` (`id_event`, `id_user`, `id_user1`, `id_user2`, `id_user3`, `id_user4`) VALUES (\'26\', \'5\', \'17\', \'20\', NULL, NULL)')
 4 SYSTEMPATH\Database\BaseBuilder.php(2309): CodeIgniter\Database\BaseConnection->query('INSERT INTO `peserta` (`id_event`, `id_user`, `id_user1`, `id_user2`, `id_user3`, `id_user4`) VALUES (:id_event:, :id_user:, :id_user1:, :id_user2:, :id_user3:, :id_user4:)', [...], false)
 5 APPPATH\Models\Peserta.php(16): CodeIgniter\Database\BaseBuilder->insert([...])
 6 APPPATH\Controllers\Join.php(67): App\Models\Peserta->saveuser([...])
 7 SYSTEMPATH\CodeIgniter.php(934): App\Controllers\Join->join()
 8 SYSTEMPATH\CodeIgniter.php(499): CodeIgniter\CodeIgniter->runController(Object(App\Controllers\Join))
 9 SYSTEMPATH\CodeIgniter.php(368): CodeIgniter\CodeIgniter->handleRequest(null, Object(Config\Cache), false)
10 FCPATH\index.php(67): CodeIgniter\CodeIgniter->run()
11 SYSTEMPATH\Commands\Server\rewrite.php(47): require_once('D:\\TUGAS\\KULIAH\\P2MW\\hehe\\gohitfinal\\public\\index.php')
INFO - 2025-05-15 08:51:32 --> Session: Class initialized using 'CodeIgniter\Session\Handlers\FileHandler' driver.
ERROR - 2025-05-15 08:51:32 --> mysqli_sql_exception: Column 'id_user3' cannot be null in D:\TUGAS\KULIAH\P2MW\hehe\gohitfinal\system\Database\MySQLi\Connection.php:295
Stack trace:
#0 D:\TUGAS\KULIAH\P2MW\hehe\gohitfinal\system\Database\MySQLi\Connection.php(295): mysqli->query('INSERT INTO `pe...', 0)
#1 D:\TUGAS\KULIAH\P2MW\hehe\gohitfinal\system\Database\BaseConnection.php(691): CodeIgniter\Database\MySQLi\Connection->execute('INSERT INTO `pe...')
#2 D:\TUGAS\KULIAH\P2MW\hehe\gohitfinal\system\Database\BaseConnection.php(605): CodeIgniter\Database\BaseConnection->simpleQuery('INSERT INTO `pe...')
#3 D:\TUGAS\KULIAH\P2MW\hehe\gohitfinal\system\Database\BaseBuilder.php(2309): CodeIgniter\Database\BaseConnection->query('INSERT INTO `pe...', Array, false)
#4 D:\TUGAS\KULIAH\P2MW\hehe\gohitfinal\app\Models\Peserta.php(16): CodeIgniter\Database\BaseBuilder->insert(Array)
#5 D:\TUGAS\KULIAH\P2MW\hehe\gohitfinal\app\Controllers\Join.php(67): App\Models\Peserta->saveuser(Array)
#6 D:\TUGAS\KULIAH\P2MW\hehe\gohitfinal\system\CodeIgniter.php(934): App\Controllers\Join->join()
#7 D:\TUGAS\KULIAH\P2MW\hehe\gohitfinal\system\CodeIgniter.php(499): CodeIgniter\CodeIgniter->runController(Object(App\Controllers\Join))
#8 D:\TUGAS\KULIAH\P2MW\hehe\gohitfinal\system\CodeIgniter.php(368): CodeIgniter\CodeIgniter->handleRequest(NULL, Object(Config\Cache), false)
#9 D:\TUGAS\KULIAH\P2MW\hehe\gohitfinal\public\index.php(67): CodeIgniter\CodeIgniter->run()
#10 D:\TUGAS\KULIAH\P2MW\hehe\gohitfinal\system\Commands\Server\rewrite.php(47): require_once('D:\\TUGAS\\KULIAH...')
#11 {main}
CRITICAL - 2025-05-15 08:51:32 --> Column 'id_user3' cannot be null
in SYSTEMPATH\Database\MySQLi\Connection.php on line 295.
 1 SYSTEMPATH\Database\MySQLi\Connection.php(295): mysqli->query('INSERT INTO `peserta` (`id_event`, `id_user`, `id_user1`, `id_user2`, `id_user3`, `id_user4`) VALUES (\'26\', \'5\', \'17\', \'20\', NULL, NULL)', 0)
 2 SYSTEMPATH\Database\BaseConnection.php(691): CodeIgniter\Database\MySQLi\Connection->execute('INSERT INTO `peserta` (`id_event`, `id_user`, `id_user1`, `id_user2`, `id_user3`, `id_user4`) VALUES (\'26\', \'5\', \'17\', \'20\', NULL, NULL)')
 3 SYSTEMPATH\Database\BaseConnection.php(605): CodeIgniter\Database\BaseConnection->simpleQuery('INSERT INTO `peserta` (`id_event`, `id_user`, `id_user1`, `id_user2`, `id_user3`, `id_user4`) VALUES (\'26\', \'5\', \'17\', \'20\', NULL, NULL)')
 4 SYSTEMPATH\Database\BaseBuilder.php(2309): CodeIgniter\Database\BaseConnection->query('INSERT INTO `peserta` (`id_event`, `id_user`, `id_user1`, `id_user2`, `id_user3`, `id_user4`) VALUES (:id_event:, :id_user:, :id_user1:, :id_user2:, :id_user3:, :id_user4:)', [...], false)
 5 APPPATH\Models\Peserta.php(16): CodeIgniter\Database\BaseBuilder->insert([...])
 6 APPPATH\Controllers\Join.php(67): App\Models\Peserta->saveuser([...])
 7 SYSTEMPATH\CodeIgniter.php(934): App\Controllers\Join->join()
 8 SYSTEMPATH\CodeIgniter.php(499): CodeIgniter\CodeIgniter->runController(Object(App\Controllers\Join))
 9 SYSTEMPATH\CodeIgniter.php(368): CodeIgniter\CodeIgniter->handleRequest(null, Object(Config\Cache), false)
10 FCPATH\index.php(67): CodeIgniter\CodeIgniter->run()
11 SYSTEMPATH\Commands\Server\rewrite.php(47): require_once('D:\\TUGAS\\KULIAH\\P2MW\\hehe\\gohitfinal\\public\\index.php')
INFO - 2025-05-15 08:51:34 --> Session: Class initialized using 'CodeIgniter\Session\Handlers\FileHandler' driver.
INFO - 2025-05-15 08:51:34 --> Session: Class initialized using 'CodeIgniter\Session\Handlers\FileHandler' driver.
CRITICAL - 2025-05-15 08:51:34 --> foreach() argument must be of type array|object, null given
in SYSTEMPATH\Database\BaseBuilder.php on line 411.
 1 SYSTEMPATH\Database\BaseBuilder.php(411): CodeIgniter\Debug\Exceptions->errorHandler(2, 'foreach() argument must be of type array|object, null given', 'D:\\TUGAS\\KULIAH\\P2MW\\hehe\\gohitfinal\\system\\Database\\BaseBuilder.php', 411)
 2 SYSTEMPATH\Model.php(840): CodeIgniter\Database\BaseBuilder->select(null)
 3 APPPATH\Models\Fisher.php(20): CodeIgniter\Model->__call('select', [...])
 4 APPPATH\Controllers\DetailEvent.php(67): App\Models\Fisher->getUserPointBySport(null, null)
 5 SYSTEMPATH\CodeIgniter.php(934): App\Controllers\DetailEvent->index('css', 'main.css')
 6 SYSTEMPATH\CodeIgniter.php(499): CodeIgniter\CodeIgniter->runController(Object(App\Controllers\DetailEvent))
 7 SYSTEMPATH\CodeIgniter.php(368): CodeIgniter\CodeIgniter->handleRequest(null, Object(Config\Cache), false)
 8 FCPATH\index.php(67): CodeIgniter\CodeIgniter->run()
 9 SYSTEMPATH\Commands\Server\rewrite.php(47): require_once('D:\\TUGAS\\KULIAH\\P2MW\\hehe\\gohitfinal\\public\\index.php')
INFO - 2025-05-15 08:51:35 --> Session: Class initialized using 'CodeIgniter\Session\Handlers\FileHandler' driver.
CRITICAL - 2025-05-15 08:51:35 --> foreach() argument must be of type array|object, null given
in SYSTEMPATH\Database\BaseBuilder.php on line 411.
 1 SYSTEMPATH\Database\BaseBuilder.php(411): CodeIgniter\Debug\Exceptions->errorHandler(2, 'foreach() argument must be of type array|object, null given', 'D:\\TUGAS\\KULIAH\\P2MW\\hehe\\gohitfinal\\system\\Database\\BaseBuilder.php', 411)
 2 SYSTEMPATH\Model.php(840): CodeIgniter\Database\BaseBuilder->select(null)
 3 APPPATH\Models\Fisher.php(20): CodeIgniter\Model->__call('select', [...])
 4 APPPATH\Controllers\DetailEvent.php(67): App\Models\Fisher->getUserPointBySport(null, null)
 5 SYSTEMPATH\CodeIgniter.php(934): App\Controllers\DetailEvent->index('css', 'style.css')
 6 SYSTEMPATH\CodeIgniter.php(499): CodeIgniter\CodeIgniter->runController(Object(App\Controllers\DetailEvent))
 7 SYSTEMPATH\CodeIgniter.php(368): CodeIgniter\CodeIgniter->handleRequest(null, Object(Config\Cache), false)
 8 FCPATH\index.php(67): CodeIgniter\CodeIgniter->run()
 9 SYSTEMPATH\Commands\Server\rewrite.php(47): require_once('D:\\TUGAS\\KULIAH\\P2MW\\hehe\\gohitfinal\\public\\index.php')
INFO - 2025-05-15 08:51:35 --> Session: Class initialized using 'CodeIgniter\Session\Handlers\FileHandler' driver.
CRITICAL - 2025-05-15 08:51:35 --> foreach() argument must be of type array|object, null given
in SYSTEMPATH\Database\BaseBuilder.php on line 411.
 1 SYSTEMPATH\Database\BaseBuilder.php(411): CodeIgniter\Debug\Exceptions->errorHandler(2, 'foreach() argument must be of type array|object, null given', 'D:\\TUGAS\\KULIAH\\P2MW\\hehe\\gohitfinal\\system\\Database\\BaseBuilder.php', 411)
 2 SYSTEMPATH\Model.php(840): CodeIgniter\Database\BaseBuilder->select(null)
 3 APPPATH\Models\Fisher.php(20): CodeIgniter\Model->__call('select', [...])
 4 APPPATH\Controllers\DetailEvent.php(67): App\Models\Fisher->getUserPointBySport(null, null)
 5 SYSTEMPATH\CodeIgniter.php(934): App\Controllers\DetailEvent->index('images', 'bg-01.jpg')
 6 SYSTEMPATH\CodeIgniter.php(499): CodeIgniter\CodeIgniter->runController(Object(App\Controllers\DetailEvent))
 7 SYSTEMPATH\CodeIgniter.php(368): CodeIgniter\CodeIgniter->handleRequest(null, Object(Config\Cache), false)
 8 FCPATH\index.php(67): CodeIgniter\CodeIgniter->run()
 9 SYSTEMPATH\Commands\Server\rewrite.php(47): require_once('D:\\TUGAS\\KULIAH\\P2MW\\hehe\\gohitfinal\\public\\index.php')
INFO - 2025-05-15 08:51:41 --> Session: Class initialized using 'CodeIgniter\Session\Handlers\FileHandler' driver.
ERROR - 2025-05-15 08:51:41 --> mysqli_sql_exception: Column 'id_user3' cannot be null in D:\TUGAS\KULIAH\P2MW\hehe\gohitfinal\system\Database\MySQLi\Connection.php:295
Stack trace:
#0 D:\TUGAS\KULIAH\P2MW\hehe\gohitfinal\system\Database\MySQLi\Connection.php(295): mysqli->query('INSERT INTO `pe...', 0)
#1 D:\TUGAS\KULIAH\P2MW\hehe\gohitfinal\system\Database\BaseConnection.php(691): CodeIgniter\Database\MySQLi\Connection->execute('INSERT INTO `pe...')
#2 D:\TUGAS\KULIAH\P2MW\hehe\gohitfinal\system\Database\BaseConnection.php(605): CodeIgniter\Database\BaseConnection->simpleQuery('INSERT INTO `pe...')
#3 D:\TUGAS\KULIAH\P2MW\hehe\gohitfinal\system\Database\BaseBuilder.php(2309): CodeIgniter\Database\BaseConnection->query('INSERT INTO `pe...', Array, false)
#4 D:\TUGAS\KULIAH\P2MW\hehe\gohitfinal\app\Models\Peserta.php(16): CodeIgniter\Database\BaseBuilder->insert(Array)
#5 D:\TUGAS\KULIAH\P2MW\hehe\gohitfinal\app\Controllers\Join.php(67): App\Models\Peserta->saveuser(Array)
#6 D:\TUGAS\KULIAH\P2MW\hehe\gohitfinal\system\CodeIgniter.php(934): App\Controllers\Join->join()
#7 D:\TUGAS\KULIAH\P2MW\hehe\gohitfinal\system\CodeIgniter.php(499): CodeIgniter\CodeIgniter->runController(Object(App\Controllers\Join))
#8 D:\TUGAS\KULIAH\P2MW\hehe\gohitfinal\system\CodeIgniter.php(368): CodeIgniter\CodeIgniter->handleRequest(NULL, Object(Config\Cache), false)
#9 D:\TUGAS\KULIAH\P2MW\hehe\gohitfinal\public\index.php(67): CodeIgniter\CodeIgniter->run()
#10 D:\TUGAS\KULIAH\P2MW\hehe\gohitfinal\system\Commands\Server\rewrite.php(47): require_once('D:\\TUGAS\\KULIAH...')
#11 {main}
CRITICAL - 2025-05-15 08:51:41 --> Column 'id_user3' cannot be null
in SYSTEMPATH\Database\MySQLi\Connection.php on line 295.
 1 SYSTEMPATH\Database\MySQLi\Connection.php(295): mysqli->query('INSERT INTO `peserta` (`id_event`, `id_user`, `id_user1`, `id_user2`, `id_user3`, `id_user4`) VALUES (\'26\', \'5\', \'13\', \'19\', NULL, NULL)', 0)
 2 SYSTEMPATH\Database\BaseConnection.php(691): CodeIgniter\Database\MySQLi\Connection->execute('INSERT INTO `peserta` (`id_event`, `id_user`, `id_user1`, `id_user2`, `id_user3`, `id_user4`) VALUES (\'26\', \'5\', \'13\', \'19\', NULL, NULL)')
 3 SYSTEMPATH\Database\BaseConnection.php(605): CodeIgniter\Database\BaseConnection->simpleQuery('INSERT INTO `peserta` (`id_event`, `id_user`, `id_user1`, `id_user2`, `id_user3`, `id_user4`) VALUES (\'26\', \'5\', \'13\', \'19\', NULL, NULL)')
 4 SYSTEMPATH\Database\BaseBuilder.php(2309): CodeIgniter\Database\BaseConnection->query('INSERT INTO `peserta` (`id_event`, `id_user`, `id_user1`, `id_user2`, `id_user3`, `id_user4`) VALUES (:id_event:, :id_user:, :id_user1:, :id_user2:, :id_user3:, :id_user4:)', [...], false)
 5 APPPATH\Models\Peserta.php(16): CodeIgniter\Database\BaseBuilder->insert([...])
 6 APPPATH\Controllers\Join.php(67): App\Models\Peserta->saveuser([...])
 7 SYSTEMPATH\CodeIgniter.php(934): App\Controllers\Join->join()
 8 SYSTEMPATH\CodeIgniter.php(499): CodeIgniter\CodeIgniter->runController(Object(App\Controllers\Join))
 9 SYSTEMPATH\CodeIgniter.php(368): CodeIgniter\CodeIgniter->handleRequest(null, Object(Config\Cache), false)
10 FCPATH\index.php(67): CodeIgniter\CodeIgniter->run()
11 SYSTEMPATH\Commands\Server\rewrite.php(47): require_once('D:\\TUGAS\\KULIAH\\P2MW\\hehe\\gohitfinal\\public\\index.php')
INFO - 2025-05-15 09:06:28 --> Session: Class initialized using 'CodeIgniter\Session\Handlers\FileHandler' driver.
INFO - 2025-05-15 09:06:28 --> Session: Class initialized using 'CodeIgniter\Session\Handlers\FileHandler' driver.
CRITICAL - 2025-05-15 09:06:28 --> foreach() argument must be of type array|object, null given
in SYSTEMPATH\Database\BaseBuilder.php on line 411.
 1 SYSTEMPATH\Database\BaseBuilder.php(411): CodeIgniter\Debug\Exceptions->errorHandler(2, 'foreach() argument must be of type array|object, null given', 'D:\\TUGAS\\KULIAH\\P2MW\\hehe\\gohitfinal\\system\\Database\\BaseBuilder.php', 411)
 2 SYSTEMPATH\Model.php(840): CodeIgniter\Database\BaseBuilder->select(null)
 3 APPPATH\Models\Fisher.php(20): CodeIgniter\Model->__call('select', [...])
 4 APPPATH\Controllers\DetailEvent.php(67): App\Models\Fisher->getUserPointBySport(null, null)
 5 SYSTEMPATH\CodeIgniter.php(934): App\Controllers\DetailEvent->index('css', 'main.css')
 6 SYSTEMPATH\CodeIgniter.php(499): CodeIgniter\CodeIgniter->runController(Object(App\Controllers\DetailEvent))
 7 SYSTEMPATH\CodeIgniter.php(368): CodeIgniter\CodeIgniter->handleRequest(null, Object(Config\Cache), false)
 8 FCPATH\index.php(67): CodeIgniter\CodeIgniter->run()
 9 SYSTEMPATH\Commands\Server\rewrite.php(47): require_once('D:\\TUGAS\\KULIAH\\P2MW\\hehe\\gohitfinal\\public\\index.php')
INFO - 2025-05-15 09:06:28 --> Session: Class initialized using 'CodeIgniter\Session\Handlers\FileHandler' driver.
CRITICAL - 2025-05-15 09:06:28 --> foreach() argument must be of type array|object, null given
in SYSTEMPATH\Database\BaseBuilder.php on line 411.
 1 SYSTEMPATH\Database\BaseBuilder.php(411): CodeIgniter\Debug\Exceptions->errorHandler(2, 'foreach() argument must be of type array|object, null given', 'D:\\TUGAS\\KULIAH\\P2MW\\hehe\\gohitfinal\\system\\Database\\BaseBuilder.php', 411)
 2 SYSTEMPATH\Model.php(840): CodeIgniter\Database\BaseBuilder->select(null)
 3 APPPATH\Models\Fisher.php(20): CodeIgniter\Model->__call('select', [...])
 4 APPPATH\Controllers\DetailEvent.php(67): App\Models\Fisher->getUserPointBySport(null, null)
 5 SYSTEMPATH\CodeIgniter.php(934): App\Controllers\DetailEvent->index('css', 'style.css')
 6 SYSTEMPATH\CodeIgniter.php(499): CodeIgniter\CodeIgniter->runController(Object(App\Controllers\DetailEvent))
 7 SYSTEMPATH\CodeIgniter.php(368): CodeIgniter\CodeIgniter->handleRequest(null, Object(Config\Cache), false)
 8 FCPATH\index.php(67): CodeIgniter\CodeIgniter->run()
 9 SYSTEMPATH\Commands\Server\rewrite.php(47): require_once('D:\\TUGAS\\KULIAH\\P2MW\\hehe\\gohitfinal\\public\\index.php')
INFO - 2025-05-15 09:06:28 --> Session: Class initialized using 'CodeIgniter\Session\Handlers\FileHandler' driver.
CRITICAL - 2025-05-15 09:06:28 --> foreach() argument must be of type array|object, null given
in SYSTEMPATH\Database\BaseBuilder.php on line 411.
 1 SYSTEMPATH\Database\BaseBuilder.php(411): CodeIgniter\Debug\Exceptions->errorHandler(2, 'foreach() argument must be of type array|object, null given', 'D:\\TUGAS\\KULIAH\\P2MW\\hehe\\gohitfinal\\system\\Database\\BaseBuilder.php', 411)
 2 SYSTEMPATH\Model.php(840): CodeIgniter\Database\BaseBuilder->select(null)
 3 APPPATH\Models\Fisher.php(20): CodeIgniter\Model->__call('select', [...])
 4 APPPATH\Controllers\DetailEvent.php(67): App\Models\Fisher->getUserPointBySport(null, null)
 5 SYSTEMPATH\CodeIgniter.php(934): App\Controllers\DetailEvent->index('images', 'bg-01.jpg')
 6 SYSTEMPATH\CodeIgniter.php(499): CodeIgniter\CodeIgniter->runController(Object(App\Controllers\DetailEvent))
 7 SYSTEMPATH\CodeIgniter.php(368): CodeIgniter\CodeIgniter->handleRequest(null, Object(Config\Cache), false)
 8 FCPATH\index.php(67): CodeIgniter\CodeIgniter->run()
 9 SYSTEMPATH\Commands\Server\rewrite.php(47): require_once('D:\\TUGAS\\KULIAH\\P2MW\\hehe\\gohitfinal\\public\\index.php')
INFO - 2025-05-15 09:06:30 --> Session: Class initialized using 'CodeIgniter\Session\Handlers\FileHandler' driver.
INFO - 2025-05-15 09:06:30 --> Session: Class initialized using 'CodeIgniter\Session\Handlers\FileHandler' driver.
CRITICAL - 2025-05-15 09:06:30 --> foreach() argument must be of type array|object, null given
in SYSTEMPATH\Database\BaseBuilder.php on line 411.
 1 SYSTEMPATH\Database\BaseBuilder.php(411): CodeIgniter\Debug\Exceptions->errorHandler(2, 'foreach() argument must be of type array|object, null given', 'D:\\TUGAS\\KULIAH\\P2MW\\hehe\\gohitfinal\\system\\Database\\BaseBuilder.php', 411)
 2 SYSTEMPATH\Model.php(840): CodeIgniter\Database\BaseBuilder->select(null)
 3 APPPATH\Models\Fisher.php(20): CodeIgniter\Model->__call('select', [...])
 4 APPPATH\Controllers\DetailEvent.php(67): App\Models\Fisher->getUserPointBySport(null, null)
 5 SYSTEMPATH\CodeIgniter.php(934): App\Controllers\DetailEvent->index('css', 'main.css')
 6 SYSTEMPATH\CodeIgniter.php(499): CodeIgniter\CodeIgniter->runController(Object(App\Controllers\DetailEvent))
 7 SYSTEMPATH\CodeIgniter.php(368): CodeIgniter\CodeIgniter->handleRequest(null, Object(Config\Cache), false)
 8 FCPATH\index.php(67): CodeIgniter\CodeIgniter->run()
 9 SYSTEMPATH\Commands\Server\rewrite.php(47): require_once('D:\\TUGAS\\KULIAH\\P2MW\\hehe\\gohitfinal\\public\\index.php')
INFO - 2025-05-15 09:06:30 --> Session: Class initialized using 'CodeIgniter\Session\Handlers\FileHandler' driver.
CRITICAL - 2025-05-15 09:06:30 --> foreach() argument must be of type array|object, null given
in SYSTEMPATH\Database\BaseBuilder.php on line 411.
 1 SYSTEMPATH\Database\BaseBuilder.php(411): CodeIgniter\Debug\Exceptions->errorHandler(2, 'foreach() argument must be of type array|object, null given', 'D:\\TUGAS\\KULIAH\\P2MW\\hehe\\gohitfinal\\system\\Database\\BaseBuilder.php', 411)
 2 SYSTEMPATH\Model.php(840): CodeIgniter\Database\BaseBuilder->select(null)
 3 APPPATH\Models\Fisher.php(20): CodeIgniter\Model->__call('select', [...])
 4 APPPATH\Controllers\DetailEvent.php(67): App\Models\Fisher->getUserPointBySport(null, null)
 5 SYSTEMPATH\CodeIgniter.php(934): App\Controllers\DetailEvent->index('css', 'style.css')
 6 SYSTEMPATH\CodeIgniter.php(499): CodeIgniter\CodeIgniter->runController(Object(App\Controllers\DetailEvent))
 7 SYSTEMPATH\CodeIgniter.php(368): CodeIgniter\CodeIgniter->handleRequest(null, Object(Config\Cache), false)
 8 FCPATH\index.php(67): CodeIgniter\CodeIgniter->run()
 9 SYSTEMPATH\Commands\Server\rewrite.php(47): require_once('D:\\TUGAS\\KULIAH\\P2MW\\hehe\\gohitfinal\\public\\index.php')
INFO - 2025-05-15 09:06:30 --> Session: Class initialized using 'CodeIgniter\Session\Handlers\FileHandler' driver.
CRITICAL - 2025-05-15 09:06:30 --> foreach() argument must be of type array|object, null given
in SYSTEMPATH\Database\BaseBuilder.php on line 411.
 1 SYSTEMPATH\Database\BaseBuilder.php(411): CodeIgniter\Debug\Exceptions->errorHandler(2, 'foreach() argument must be of type array|object, null given', 'D:\\TUGAS\\KULIAH\\P2MW\\hehe\\gohitfinal\\system\\Database\\BaseBuilder.php', 411)
 2 SYSTEMPATH\Model.php(840): CodeIgniter\Database\BaseBuilder->select(null)
 3 APPPATH\Models\Fisher.php(20): CodeIgniter\Model->__call('select', [...])
 4 APPPATH\Controllers\DetailEvent.php(67): App\Models\Fisher->getUserPointBySport(null, null)
 5 SYSTEMPATH\CodeIgniter.php(934): App\Controllers\DetailEvent->index('images', 'bg-01.jpg')
 6 SYSTEMPATH\CodeIgniter.php(499): CodeIgniter\CodeIgniter->runController(Object(App\Controllers\DetailEvent))
 7 SYSTEMPATH\CodeIgniter.php(368): CodeIgniter\CodeIgniter->handleRequest(null, Object(Config\Cache), false)
 8 FCPATH\index.php(67): CodeIgniter\CodeIgniter->run()
 9 SYSTEMPATH\Commands\Server\rewrite.php(47): require_once('D:\\TUGAS\\KULIAH\\P2MW\\hehe\\gohitfinal\\public\\index.php')
INFO - 2025-05-15 09:06:57 --> Session: Class initialized using 'CodeIgniter\Session\Handlers\FileHandler' driver.
INFO - 2025-05-15 09:06:59 --> Session: Class initialized using 'CodeIgniter\Session\Handlers\FileHandler' driver.
INFO - 2025-05-15 09:41:01 --> Session: Class initialized using 'CodeIgniter\Session\Handlers\FileHandler' driver.
INFO - 2025-05-15 09:41:04 --> Session: Class initialized using 'CodeIgniter\Session\Handlers\FileHandler' driver.
INFO - 2025-05-15 09:41:04 --> Session: Class initialized using 'CodeIgniter\Session\Handlers\FileHandler' driver.
CRITICAL - 2025-05-15 09:41:04 --> foreach() argument must be of type array|object, null given
in SYSTEMPATH\Database\BaseBuilder.php on line 411.
 1 SYSTEMPATH\Database\BaseBuilder.php(411): CodeIgniter\Debug\Exceptions->errorHandler(2, 'foreach() argument must be of type array|object, null given', 'D:\\TUGAS\\KULIAH\\P2MW\\hehe\\gohitfinal\\system\\Database\\BaseBuilder.php', 411)
 2 SYSTEMPATH\Model.php(840): CodeIgniter\Database\BaseBuilder->select(null)
 3 APPPATH\Models\Fisher.php(20): CodeIgniter\Model->__call('select', [...])
 4 APPPATH\Controllers\DetailEvent.php(67): App\Models\Fisher->getUserPointBySport(null, null)
 5 SYSTEMPATH\CodeIgniter.php(934): App\Controllers\DetailEvent->index('css', 'main.css')
 6 SYSTEMPATH\CodeIgniter.php(499): CodeIgniter\CodeIgniter->runController(Object(App\Controllers\DetailEvent))
 7 SYSTEMPATH\CodeIgniter.php(368): CodeIgniter\CodeIgniter->handleRequest(null, Object(Config\Cache), false)
 8 FCPATH\index.php(67): CodeIgniter\CodeIgniter->run()
 9 SYSTEMPATH\Commands\Server\rewrite.php(47): require_once('D:\\TUGAS\\KULIAH\\P2MW\\hehe\\gohitfinal\\public\\index.php')
INFO - 2025-05-15 09:41:04 --> Session: Class initialized using 'CodeIgniter\Session\Handlers\FileHandler' driver.
CRITICAL - 2025-05-15 09:41:04 --> foreach() argument must be of type array|object, null given
in SYSTEMPATH\Database\BaseBuilder.php on line 411.
 1 SYSTEMPATH\Database\BaseBuilder.php(411): CodeIgniter\Debug\Exceptions->errorHandler(2, 'foreach() argument must be of type array|object, null given', 'D:\\TUGAS\\KULIAH\\P2MW\\hehe\\gohitfinal\\system\\Database\\BaseBuilder.php', 411)
 2 SYSTEMPATH\Model.php(840): CodeIgniter\Database\BaseBuilder->select(null)
 3 APPPATH\Models\Fisher.php(20): CodeIgniter\Model->__call('select', [...])
 4 APPPATH\Controllers\DetailEvent.php(67): App\Models\Fisher->getUserPointBySport(null, null)
 5 SYSTEMPATH\CodeIgniter.php(934): App\Controllers\DetailEvent->index('css', 'style.css')
 6 SYSTEMPATH\CodeIgniter.php(499): CodeIgniter\CodeIgniter->runController(Object(App\Controllers\DetailEvent))
 7 SYSTEMPATH\CodeIgniter.php(368): CodeIgniter\CodeIgniter->handleRequest(null, Object(Config\Cache), false)
 8 FCPATH\index.php(67): CodeIgniter\CodeIgniter->run()
 9 SYSTEMPATH\Commands\Server\rewrite.php(47): require_once('D:\\TUGAS\\KULIAH\\P2MW\\hehe\\gohitfinal\\public\\index.php')
INFO - 2025-05-15 09:41:04 --> Session: Class initialized using 'CodeIgniter\Session\Handlers\FileHandler' driver.
CRITICAL - 2025-05-15 09:41:04 --> foreach() argument must be of type array|object, null given
in SYSTEMPATH\Database\BaseBuilder.php on line 411.
 1 SYSTEMPATH\Database\BaseBuilder.php(411): CodeIgniter\Debug\Exceptions->errorHandler(2, 'foreach() argument must be of type array|object, null given', 'D:\\TUGAS\\KULIAH\\P2MW\\hehe\\gohitfinal\\system\\Database\\BaseBuilder.php', 411)
 2 SYSTEMPATH\Model.php(840): CodeIgniter\Database\BaseBuilder->select(null)
 3 APPPATH\Models\Fisher.php(20): CodeIgniter\Model->__call('select', [...])
 4 APPPATH\Controllers\DetailEvent.php(67): App\Models\Fisher->getUserPointBySport(null, null)
 5 SYSTEMPATH\CodeIgniter.php(934): App\Controllers\DetailEvent->index('images', 'bg-01.jpg')
 6 SYSTEMPATH\CodeIgniter.php(499): CodeIgniter\CodeIgniter->runController(Object(App\Controllers\DetailEvent))
 7 SYSTEMPATH\CodeIgniter.php(368): CodeIgniter\CodeIgniter->handleRequest(null, Object(Config\Cache), false)
 8 FCPATH\index.php(67): CodeIgniter\CodeIgniter->run()
 9 SYSTEMPATH\Commands\Server\rewrite.php(47): require_once('D:\\TUGAS\\KULIAH\\P2MW\\hehe\\gohitfinal\\public\\index.php')
INFO - 2025-05-15 09:41:29 --> Session: Class initialized using 'CodeIgniter\Session\Handlers\FileHandler' driver.
INFO - 2025-05-15 09:41:29 --> Session: Class initialized using 'CodeIgniter\Session\Handlers\FileHandler' driver.
CRITICAL - 2025-05-15 09:41:29 --> foreach() argument must be of type array|object, null given
in SYSTEMPATH\Database\BaseBuilder.php on line 411.
 1 SYSTEMPATH\Database\BaseBuilder.php(411): CodeIgniter\Debug\Exceptions->errorHandler(2, 'foreach() argument must be of type array|object, null given', 'D:\\TUGAS\\KULIAH\\P2MW\\hehe\\gohitfinal\\system\\Database\\BaseBuilder.php', 411)
 2 SYSTEMPATH\Model.php(840): CodeIgniter\Database\BaseBuilder->select(null)
 3 APPPATH\Models\Fisher.php(20): CodeIgniter\Model->__call('select', [...])
 4 APPPATH\Controllers\DetailEvent.php(67): App\Models\Fisher->getUserPointBySport(null, null)
 5 SYSTEMPATH\CodeIgniter.php(934): App\Controllers\DetailEvent->index('css', 'main.css')
 6 SYSTEMPATH\CodeIgniter.php(499): CodeIgniter\CodeIgniter->runController(Object(App\Controllers\DetailEvent))
 7 SYSTEMPATH\CodeIgniter.php(368): CodeIgniter\CodeIgniter->handleRequest(null, Object(Config\Cache), false)
 8 FCPATH\index.php(67): CodeIgniter\CodeIgniter->run()
 9 SYSTEMPATH\Commands\Server\rewrite.php(47): require_once('D:\\TUGAS\\KULIAH\\P2MW\\hehe\\gohitfinal\\public\\index.php')
INFO - 2025-05-15 09:41:29 --> Session: Class initialized using 'CodeIgniter\Session\Handlers\FileHandler' driver.
CRITICAL - 2025-05-15 09:41:29 --> foreach() argument must be of type array|object, null given
in SYSTEMPATH\Database\BaseBuilder.php on line 411.
 1 SYSTEMPATH\Database\BaseBuilder.php(411): CodeIgniter\Debug\Exceptions->errorHandler(2, 'foreach() argument must be of type array|object, null given', 'D:\\TUGAS\\KULIAH\\P2MW\\hehe\\gohitfinal\\system\\Database\\BaseBuilder.php', 411)
 2 SYSTEMPATH\Model.php(840): CodeIgniter\Database\BaseBuilder->select(null)
 3 APPPATH\Models\Fisher.php(20): CodeIgniter\Model->__call('select', [...])
 4 APPPATH\Controllers\DetailEvent.php(67): App\Models\Fisher->getUserPointBySport(null, null)
 5 SYSTEMPATH\CodeIgniter.php(934): App\Controllers\DetailEvent->index('css', 'style.css')
 6 SYSTEMPATH\CodeIgniter.php(499): CodeIgniter\CodeIgniter->runController(Object(App\Controllers\DetailEvent))
 7 SYSTEMPATH\CodeIgniter.php(368): CodeIgniter\CodeIgniter->handleRequest(null, Object(Config\Cache), false)
 8 FCPATH\index.php(67): CodeIgniter\CodeIgniter->run()
 9 SYSTEMPATH\Commands\Server\rewrite.php(47): require_once('D:\\TUGAS\\KULIAH\\P2MW\\hehe\\gohitfinal\\public\\index.php')
INFO - 2025-05-15 09:41:29 --> Session: Class initialized using 'CodeIgniter\Session\Handlers\FileHandler' driver.
CRITICAL - 2025-05-15 09:41:29 --> foreach() argument must be of type array|object, null given
in SYSTEMPATH\Database\BaseBuilder.php on line 411.
 1 SYSTEMPATH\Database\BaseBuilder.php(411): CodeIgniter\Debug\Exceptions->errorHandler(2, 'foreach() argument must be of type array|object, null given', 'D:\\TUGAS\\KULIAH\\P2MW\\hehe\\gohitfinal\\system\\Database\\BaseBuilder.php', 411)
 2 SYSTEMPATH\Model.php(840): CodeIgniter\Database\BaseBuilder->select(null)
 3 APPPATH\Models\Fisher.php(20): CodeIgniter\Model->__call('select', [...])
 4 APPPATH\Controllers\DetailEvent.php(67): App\Models\Fisher->getUserPointBySport(null, null)
 5 SYSTEMPATH\CodeIgniter.php(934): App\Controllers\DetailEvent->index('images', 'bg-01.jpg')
 6 SYSTEMPATH\CodeIgniter.php(499): CodeIgniter\CodeIgniter->runController(Object(App\Controllers\DetailEvent))
 7 SYSTEMPATH\CodeIgniter.php(368): CodeIgniter\CodeIgniter->handleRequest(null, Object(Config\Cache), false)
 8 FCPATH\index.php(67): CodeIgniter\CodeIgniter->run()
 9 SYSTEMPATH\Commands\Server\rewrite.php(47): require_once('D:\\TUGAS\\KULIAH\\P2MW\\hehe\\gohitfinal\\public\\index.php')
INFO - 2025-05-15 09:41:57 --> Session: Class initialized using 'CodeIgniter\Session\Handlers\FileHandler' driver.
INFO - 2025-05-15 09:41:57 --> Session: Class initialized using 'CodeIgniter\Session\Handlers\FileHandler' driver.
CRITICAL - 2025-05-15 09:41:57 --> foreach() argument must be of type array|object, null given
in SYSTEMPATH\Database\BaseBuilder.php on line 411.
 1 SYSTEMPATH\Database\BaseBuilder.php(411): CodeIgniter\Debug\Exceptions->errorHandler(2, 'foreach() argument must be of type array|object, null given', 'D:\\TUGAS\\KULIAH\\P2MW\\hehe\\gohitfinal\\system\\Database\\BaseBuilder.php', 411)
 2 SYSTEMPATH\Model.php(840): CodeIgniter\Database\BaseBuilder->select(null)
 3 APPPATH\Models\Fisher.php(20): CodeIgniter\Model->__call('select', [...])
 4 APPPATH\Controllers\DetailEvent.php(67): App\Models\Fisher->getUserPointBySport(null, null)
 5 SYSTEMPATH\CodeIgniter.php(934): App\Controllers\DetailEvent->index('css', 'main.css')
 6 SYSTEMPATH\CodeIgniter.php(499): CodeIgniter\CodeIgniter->runController(Object(App\Controllers\DetailEvent))
 7 SYSTEMPATH\CodeIgniter.php(368): CodeIgniter\CodeIgniter->handleRequest(null, Object(Config\Cache), false)
 8 FCPATH\index.php(67): CodeIgniter\CodeIgniter->run()
 9 SYSTEMPATH\Commands\Server\rewrite.php(47): require_once('D:\\TUGAS\\KULIAH\\P2MW\\hehe\\gohitfinal\\public\\index.php')
INFO - 2025-05-15 09:41:58 --> Session: Class initialized using 'CodeIgniter\Session\Handlers\FileHandler' driver.
CRITICAL - 2025-05-15 09:41:58 --> foreach() argument must be of type array|object, null given
in SYSTEMPATH\Database\BaseBuilder.php on line 411.
 1 SYSTEMPATH\Database\BaseBuilder.php(411): CodeIgniter\Debug\Exceptions->errorHandler(2, 'foreach() argument must be of type array|object, null given', 'D:\\TUGAS\\KULIAH\\P2MW\\hehe\\gohitfinal\\system\\Database\\BaseBuilder.php', 411)
 2 SYSTEMPATH\Model.php(840): CodeIgniter\Database\BaseBuilder->select(null)
 3 APPPATH\Models\Fisher.php(20): CodeIgniter\Model->__call('select', [...])
 4 APPPATH\Controllers\DetailEvent.php(67): App\Models\Fisher->getUserPointBySport(null, null)
 5 SYSTEMPATH\CodeIgniter.php(934): App\Controllers\DetailEvent->index('css', 'style.css')
 6 SYSTEMPATH\CodeIgniter.php(499): CodeIgniter\CodeIgniter->runController(Object(App\Controllers\DetailEvent))
 7 SYSTEMPATH\CodeIgniter.php(368): CodeIgniter\CodeIgniter->handleRequest(null, Object(Config\Cache), false)
 8 FCPATH\index.php(67): CodeIgniter\CodeIgniter->run()
 9 SYSTEMPATH\Commands\Server\rewrite.php(47): require_once('D:\\TUGAS\\KULIAH\\P2MW\\hehe\\gohitfinal\\public\\index.php')
INFO - 2025-05-15 09:41:58 --> Session: Class initialized using 'CodeIgniter\Session\Handlers\FileHandler' driver.
CRITICAL - 2025-05-15 09:41:58 --> foreach() argument must be of type array|object, null given
in SYSTEMPATH\Database\BaseBuilder.php on line 411.
 1 SYSTEMPATH\Database\BaseBuilder.php(411): CodeIgniter\Debug\Exceptions->errorHandler(2, 'foreach() argument must be of type array|object, null given', 'D:\\TUGAS\\KULIAH\\P2MW\\hehe\\gohitfinal\\system\\Database\\BaseBuilder.php', 411)
 2 SYSTEMPATH\Model.php(840): CodeIgniter\Database\BaseBuilder->select(null)
 3 APPPATH\Models\Fisher.php(20): CodeIgniter\Model->__call('select', [...])
 4 APPPATH\Controllers\DetailEvent.php(67): App\Models\Fisher->getUserPointBySport(null, null)
 5 SYSTEMPATH\CodeIgniter.php(934): App\Controllers\DetailEvent->index('images', 'bg-01.jpg')
 6 SYSTEMPATH\CodeIgniter.php(499): CodeIgniter\CodeIgniter->runController(Object(App\Controllers\DetailEvent))
 7 SYSTEMPATH\CodeIgniter.php(368): CodeIgniter\CodeIgniter->handleRequest(null, Object(Config\Cache), false)
 8 FCPATH\index.php(67): CodeIgniter\CodeIgniter->run()
 9 SYSTEMPATH\Commands\Server\rewrite.php(47): require_once('D:\\TUGAS\\KULIAH\\P2MW\\hehe\\gohitfinal\\public\\index.php')
INFO - 2025-05-15 09:41:58 --> Session: Class initialized using 'CodeIgniter\Session\Handlers\FileHandler' driver.
INFO - 2025-05-15 09:41:58 --> Session: Class initialized using 'CodeIgniter\Session\Handlers\FileHandler' driver.
CRITICAL - 2025-05-15 09:41:58 --> foreach() argument must be of type array|object, null given
in SYSTEMPATH\Database\BaseBuilder.php on line 411.
 1 SYSTEMPATH\Database\BaseBuilder.php(411): CodeIgniter\Debug\Exceptions->errorHandler(2, 'foreach() argument must be of type array|object, null given', 'D:\\TUGAS\\KULIAH\\P2MW\\hehe\\gohitfinal\\system\\Database\\BaseBuilder.php', 411)
 2 SYSTEMPATH\Model.php(840): CodeIgniter\Database\BaseBuilder->select(null)
 3 APPPATH\Models\Fisher.php(20): CodeIgniter\Model->__call('select', [...])
 4 APPPATH\Controllers\DetailEvent.php(67): App\Models\Fisher->getUserPointBySport(null, null)
 5 SYSTEMPATH\CodeIgniter.php(934): App\Controllers\DetailEvent->index('css', 'main.css')
 6 SYSTEMPATH\CodeIgniter.php(499): CodeIgniter\CodeIgniter->runController(Object(App\Controllers\DetailEvent))
 7 SYSTEMPATH\CodeIgniter.php(368): CodeIgniter\CodeIgniter->handleRequest(null, Object(Config\Cache), false)
 8 FCPATH\index.php(67): CodeIgniter\CodeIgniter->run()
 9 SYSTEMPATH\Commands\Server\rewrite.php(47): require_once('D:\\TUGAS\\KULIAH\\P2MW\\hehe\\gohitfinal\\public\\index.php')
INFO - 2025-05-15 09:41:59 --> Session: Class initialized using 'CodeIgniter\Session\Handlers\FileHandler' driver.
CRITICAL - 2025-05-15 09:41:59 --> foreach() argument must be of type array|object, null given
in SYSTEMPATH\Database\BaseBuilder.php on line 411.
 1 SYSTEMPATH\Database\BaseBuilder.php(411): CodeIgniter\Debug\Exceptions->errorHandler(2, 'foreach() argument must be of type array|object, null given', 'D:\\TUGAS\\KULIAH\\P2MW\\hehe\\gohitfinal\\system\\Database\\BaseBuilder.php', 411)
 2 SYSTEMPATH\Model.php(840): CodeIgniter\Database\BaseBuilder->select(null)
 3 APPPATH\Models\Fisher.php(20): CodeIgniter\Model->__call('select', [...])
 4 APPPATH\Controllers\DetailEvent.php(67): App\Models\Fisher->getUserPointBySport(null, null)
 5 SYSTEMPATH\CodeIgniter.php(934): App\Controllers\DetailEvent->index('css', 'style.css')
 6 SYSTEMPATH\CodeIgniter.php(499): CodeIgniter\CodeIgniter->runController(Object(App\Controllers\DetailEvent))
 7 SYSTEMPATH\CodeIgniter.php(368): CodeIgniter\CodeIgniter->handleRequest(null, Object(Config\Cache), false)
 8 FCPATH\index.php(67): CodeIgniter\CodeIgniter->run()
 9 SYSTEMPATH\Commands\Server\rewrite.php(47): require_once('D:\\TUGAS\\KULIAH\\P2MW\\hehe\\gohitfinal\\public\\index.php')
INFO - 2025-05-15 09:41:59 --> Session: Class initialized using 'CodeIgniter\Session\Handlers\FileHandler' driver.
CRITICAL - 2025-05-15 09:41:59 --> foreach() argument must be of type array|object, null given
in SYSTEMPATH\Database\BaseBuilder.php on line 411.
 1 SYSTEMPATH\Database\BaseBuilder.php(411): CodeIgniter\Debug\Exceptions->errorHandler(2, 'foreach() argument must be of type array|object, null given', 'D:\\TUGAS\\KULIAH\\P2MW\\hehe\\gohitfinal\\system\\Database\\BaseBuilder.php', 411)
 2 SYSTEMPATH\Model.php(840): CodeIgniter\Database\BaseBuilder->select(null)
 3 APPPATH\Models\Fisher.php(20): CodeIgniter\Model->__call('select', [...])
 4 APPPATH\Controllers\DetailEvent.php(67): App\Models\Fisher->getUserPointBySport(null, null)
 5 SYSTEMPATH\CodeIgniter.php(934): App\Controllers\DetailEvent->index('images', 'bg-01.jpg')
 6 SYSTEMPATH\CodeIgniter.php(499): CodeIgniter\CodeIgniter->runController(Object(App\Controllers\DetailEvent))
 7 SYSTEMPATH\CodeIgniter.php(368): CodeIgniter\CodeIgniter->handleRequest(null, Object(Config\Cache), false)
 8 FCPATH\index.php(67): CodeIgniter\CodeIgniter->run()
 9 SYSTEMPATH\Commands\Server\rewrite.php(47): require_once('D:\\TUGAS\\KULIAH\\P2MW\\hehe\\gohitfinal\\public\\index.php')
INFO - 2025-05-15 09:45:46 --> Session: Class initialized using 'CodeIgniter\Session\Handlers\FileHandler' driver.
INFO - 2025-05-15 09:45:46 --> Session: Class initialized using 'CodeIgniter\Session\Handlers\FileHandler' driver.
CRITICAL - 2025-05-15 09:45:46 --> foreach() argument must be of type array|object, null given
in SYSTEMPATH\Database\BaseBuilder.php on line 411.
 1 SYSTEMPATH\Database\BaseBuilder.php(411): CodeIgniter\Debug\Exceptions->errorHandler(2, 'foreach() argument must be of type array|object, null given', 'D:\\TUGAS\\KULIAH\\P2MW\\hehe\\gohitfinal\\system\\Database\\BaseBuilder.php', 411)
 2 SYSTEMPATH\Model.php(840): CodeIgniter\Database\BaseBuilder->select(null)
 3 APPPATH\Models\Fisher.php(20): CodeIgniter\Model->__call('select', [...])
 4 APPPATH\Controllers\DetailEvent.php(67): App\Models\Fisher->getUserPointBySport(null, null)
 5 SYSTEMPATH\CodeIgniter.php(934): App\Controllers\DetailEvent->index('css', 'main.css')
 6 SYSTEMPATH\CodeIgniter.php(499): CodeIgniter\CodeIgniter->runController(Object(App\Controllers\DetailEvent))
 7 SYSTEMPATH\CodeIgniter.php(368): CodeIgniter\CodeIgniter->handleRequest(null, Object(Config\Cache), false)
 8 FCPATH\index.php(67): CodeIgniter\CodeIgniter->run()
 9 SYSTEMPATH\Commands\Server\rewrite.php(47): require_once('D:\\TUGAS\\KULIAH\\P2MW\\hehe\\gohitfinal\\public\\index.php')
INFO - 2025-05-15 09:45:46 --> Session: Class initialized using 'CodeIgniter\Session\Handlers\FileHandler' driver.
CRITICAL - 2025-05-15 09:45:46 --> foreach() argument must be of type array|object, null given
in SYSTEMPATH\Database\BaseBuilder.php on line 411.
 1 SYSTEMPATH\Database\BaseBuilder.php(411): CodeIgniter\Debug\Exceptions->errorHandler(2, 'foreach() argument must be of type array|object, null given', 'D:\\TUGAS\\KULIAH\\P2MW\\hehe\\gohitfinal\\system\\Database\\BaseBuilder.php', 411)
 2 SYSTEMPATH\Model.php(840): CodeIgniter\Database\BaseBuilder->select(null)
 3 APPPATH\Models\Fisher.php(20): CodeIgniter\Model->__call('select', [...])
 4 APPPATH\Controllers\DetailEvent.php(67): App\Models\Fisher->getUserPointBySport(null, null)
 5 SYSTEMPATH\CodeIgniter.php(934): App\Controllers\DetailEvent->index('css', 'style.css')
 6 SYSTEMPATH\CodeIgniter.php(499): CodeIgniter\CodeIgniter->runController(Object(App\Controllers\DetailEvent))
 7 SYSTEMPATH\CodeIgniter.php(368): CodeIgniter\CodeIgniter->handleRequest(null, Object(Config\Cache), false)
 8 FCPATH\index.php(67): CodeIgniter\CodeIgniter->run()
 9 SYSTEMPATH\Commands\Server\rewrite.php(47): require_once('D:\\TUGAS\\KULIAH\\P2MW\\hehe\\gohitfinal\\public\\index.php')
INFO - 2025-05-15 09:45:46 --> Session: Class initialized using 'CodeIgniter\Session\Handlers\FileHandler' driver.
CRITICAL - 2025-05-15 09:45:46 --> foreach() argument must be of type array|object, null given
in SYSTEMPATH\Database\BaseBuilder.php on line 411.
 1 SYSTEMPATH\Database\BaseBuilder.php(411): CodeIgniter\Debug\Exceptions->errorHandler(2, 'foreach() argument must be of type array|object, null given', 'D:\\TUGAS\\KULIAH\\P2MW\\hehe\\gohitfinal\\system\\Database\\BaseBuilder.php', 411)
 2 SYSTEMPATH\Model.php(840): CodeIgniter\Database\BaseBuilder->select(null)
 3 APPPATH\Models\Fisher.php(20): CodeIgniter\Model->__call('select', [...])
 4 APPPATH\Controllers\DetailEvent.php(67): App\Models\Fisher->getUserPointBySport(null, null)
 5 SYSTEMPATH\CodeIgniter.php(934): App\Controllers\DetailEvent->index('images', 'bg-01.jpg')
 6 SYSTEMPATH\CodeIgniter.php(499): CodeIgniter\CodeIgniter->runController(Object(App\Controllers\DetailEvent))
 7 SYSTEMPATH\CodeIgniter.php(368): CodeIgniter\CodeIgniter->handleRequest(null, Object(Config\Cache), false)
 8 FCPATH\index.php(67): CodeIgniter\CodeIgniter->run()
 9 SYSTEMPATH\Commands\Server\rewrite.php(47): require_once('D:\\TUGAS\\KULIAH\\P2MW\\hehe\\gohitfinal\\public\\index.php')
INFO - 2025-05-15 09:46:09 --> Session: Class initialized using 'CodeIgniter\Session\Handlers\FileHandler' driver.
INFO - 2025-05-15 09:46:09 --> Session: Class initialized using 'CodeIgniter\Session\Handlers\FileHandler' driver.
CRITICAL - 2025-05-15 09:46:09 --> foreach() argument must be of type array|object, null given
in SYSTEMPATH\Database\BaseBuilder.php on line 411.
 1 SYSTEMPATH\Database\BaseBuilder.php(411): CodeIgniter\Debug\Exceptions->errorHandler(2, 'foreach() argument must be of type array|object, null given', 'D:\\TUGAS\\KULIAH\\P2MW\\hehe\\gohitfinal\\system\\Database\\BaseBuilder.php', 411)
 2 SYSTEMPATH\Model.php(840): CodeIgniter\Database\BaseBuilder->select(null)
 3 APPPATH\Models\Fisher.php(20): CodeIgniter\Model->__call('select', [...])
 4 APPPATH\Controllers\DetailEvent.php(67): App\Models\Fisher->getUserPointBySport(null, null)
 5 SYSTEMPATH\CodeIgniter.php(934): App\Controllers\DetailEvent->index('css', 'main.css')
 6 SYSTEMPATH\CodeIgniter.php(499): CodeIgniter\CodeIgniter->runController(Object(App\Controllers\DetailEvent))
 7 SYSTEMPATH\CodeIgniter.php(368): CodeIgniter\CodeIgniter->handleRequest(null, Object(Config\Cache), false)
 8 FCPATH\index.php(67): CodeIgniter\CodeIgniter->run()
 9 SYSTEMPATH\Commands\Server\rewrite.php(47): require_once('D:\\TUGAS\\KULIAH\\P2MW\\hehe\\gohitfinal\\public\\index.php')
INFO - 2025-05-15 09:46:09 --> Session: Class initialized using 'CodeIgniter\Session\Handlers\FileHandler' driver.
CRITICAL - 2025-05-15 09:46:09 --> foreach() argument must be of type array|object, null given
in SYSTEMPATH\Database\BaseBuilder.php on line 411.
 1 SYSTEMPATH\Database\BaseBuilder.php(411): CodeIgniter\Debug\Exceptions->errorHandler(2, 'foreach() argument must be of type array|object, null given', 'D:\\TUGAS\\KULIAH\\P2MW\\hehe\\gohitfinal\\system\\Database\\BaseBuilder.php', 411)
 2 SYSTEMPATH\Model.php(840): CodeIgniter\Database\BaseBuilder->select(null)
 3 APPPATH\Models\Fisher.php(20): CodeIgniter\Model->__call('select', [...])
 4 APPPATH\Controllers\DetailEvent.php(67): App\Models\Fisher->getUserPointBySport(null, null)
 5 SYSTEMPATH\CodeIgniter.php(934): App\Controllers\DetailEvent->index('css', 'style.css')
 6 SYSTEMPATH\CodeIgniter.php(499): CodeIgniter\CodeIgniter->runController(Object(App\Controllers\DetailEvent))
 7 SYSTEMPATH\CodeIgniter.php(368): CodeIgniter\CodeIgniter->handleRequest(null, Object(Config\Cache), false)
 8 FCPATH\index.php(67): CodeIgniter\CodeIgniter->run()
 9 SYSTEMPATH\Commands\Server\rewrite.php(47): require_once('D:\\TUGAS\\KULIAH\\P2MW\\hehe\\gohitfinal\\public\\index.php')
INFO - 2025-05-15 09:46:09 --> Session: Class initialized using 'CodeIgniter\Session\Handlers\FileHandler' driver.
CRITICAL - 2025-05-15 09:46:09 --> foreach() argument must be of type array|object, null given
in SYSTEMPATH\Database\BaseBuilder.php on line 411.
 1 SYSTEMPATH\Database\BaseBuilder.php(411): CodeIgniter\Debug\Exceptions->errorHandler(2, 'foreach() argument must be of type array|object, null given', 'D:\\TUGAS\\KULIAH\\P2MW\\hehe\\gohitfinal\\system\\Database\\BaseBuilder.php', 411)
 2 SYSTEMPATH\Model.php(840): CodeIgniter\Database\BaseBuilder->select(null)
 3 APPPATH\Models\Fisher.php(20): CodeIgniter\Model->__call('select', [...])
 4 APPPATH\Controllers\DetailEvent.php(67): App\Models\Fisher->getUserPointBySport(null, null)
 5 SYSTEMPATH\CodeIgniter.php(934): App\Controllers\DetailEvent->index('images', 'bg-01.jpg')
 6 SYSTEMPATH\CodeIgniter.php(499): CodeIgniter\CodeIgniter->runController(Object(App\Controllers\DetailEvent))
 7 SYSTEMPATH\CodeIgniter.php(368): CodeIgniter\CodeIgniter->handleRequest(null, Object(Config\Cache), false)
 8 FCPATH\index.php(67): CodeIgniter\CodeIgniter->run()
 9 SYSTEMPATH\Commands\Server\rewrite.php(47): require_once('D:\\TUGAS\\KULIAH\\P2MW\\hehe\\gohitfinal\\public\\index.php')
INFO - 2025-05-15 09:46:12 --> Session: Class initialized using 'CodeIgniter\Session\Handlers\FileHandler' driver.
INFO - 2025-05-15 09:46:12 --> Session: Class initialized using 'CodeIgniter\Session\Handlers\FileHandler' driver.
CRITICAL - 2025-05-15 09:46:12 --> foreach() argument must be of type array|object, null given
in SYSTEMPATH\Database\BaseBuilder.php on line 411.
 1 SYSTEMPATH\Database\BaseBuilder.php(411): CodeIgniter\Debug\Exceptions->errorHandler(2, 'foreach() argument must be of type array|object, null given', 'D:\\TUGAS\\KULIAH\\P2MW\\hehe\\gohitfinal\\system\\Database\\BaseBuilder.php', 411)
 2 SYSTEMPATH\Model.php(840): CodeIgniter\Database\BaseBuilder->select(null)
 3 APPPATH\Models\Fisher.php(20): CodeIgniter\Model->__call('select', [...])
 4 APPPATH\Controllers\DetailEvent.php(67): App\Models\Fisher->getUserPointBySport(null, null)
 5 SYSTEMPATH\CodeIgniter.php(934): App\Controllers\DetailEvent->index('css', 'main.css')
 6 SYSTEMPATH\CodeIgniter.php(499): CodeIgniter\CodeIgniter->runController(Object(App\Controllers\DetailEvent))
 7 SYSTEMPATH\CodeIgniter.php(368): CodeIgniter\CodeIgniter->handleRequest(null, Object(Config\Cache), false)
 8 FCPATH\index.php(67): CodeIgniter\CodeIgniter->run()
 9 SYSTEMPATH\Commands\Server\rewrite.php(47): require_once('D:\\TUGAS\\KULIAH\\P2MW\\hehe\\gohitfinal\\public\\index.php')
INFO - 2025-05-15 09:46:12 --> Session: Class initialized using 'CodeIgniter\Session\Handlers\FileHandler' driver.
CRITICAL - 2025-05-15 09:46:12 --> foreach() argument must be of type array|object, null given
in SYSTEMPATH\Database\BaseBuilder.php on line 411.
 1 SYSTEMPATH\Database\BaseBuilder.php(411): CodeIgniter\Debug\Exceptions->errorHandler(2, 'foreach() argument must be of type array|object, null given', 'D:\\TUGAS\\KULIAH\\P2MW\\hehe\\gohitfinal\\system\\Database\\BaseBuilder.php', 411)
 2 SYSTEMPATH\Model.php(840): CodeIgniter\Database\BaseBuilder->select(null)
 3 APPPATH\Models\Fisher.php(20): CodeIgniter\Model->__call('select', [...])
 4 APPPATH\Controllers\DetailEvent.php(67): App\Models\Fisher->getUserPointBySport(null, null)
 5 SYSTEMPATH\CodeIgniter.php(934): App\Controllers\DetailEvent->index('css', 'style.css')
 6 SYSTEMPATH\CodeIgniter.php(499): CodeIgniter\CodeIgniter->runController(Object(App\Controllers\DetailEvent))
 7 SYSTEMPATH\CodeIgniter.php(368): CodeIgniter\CodeIgniter->handleRequest(null, Object(Config\Cache), false)
 8 FCPATH\index.php(67): CodeIgniter\CodeIgniter->run()
 9 SYSTEMPATH\Commands\Server\rewrite.php(47): require_once('D:\\TUGAS\\KULIAH\\P2MW\\hehe\\gohitfinal\\public\\index.php')
INFO - 2025-05-15 09:46:12 --> Session: Class initialized using 'CodeIgniter\Session\Handlers\FileHandler' driver.
CRITICAL - 2025-05-15 09:46:12 --> foreach() argument must be of type array|object, null given
in SYSTEMPATH\Database\BaseBuilder.php on line 411.
 1 SYSTEMPATH\Database\BaseBuilder.php(411): CodeIgniter\Debug\Exceptions->errorHandler(2, 'foreach() argument must be of type array|object, null given', 'D:\\TUGAS\\KULIAH\\P2MW\\hehe\\gohitfinal\\system\\Database\\BaseBuilder.php', 411)
 2 SYSTEMPATH\Model.php(840): CodeIgniter\Database\BaseBuilder->select(null)
 3 APPPATH\Models\Fisher.php(20): CodeIgniter\Model->__call('select', [...])
 4 APPPATH\Controllers\DetailEvent.php(67): App\Models\Fisher->getUserPointBySport(null, null)
 5 SYSTEMPATH\CodeIgniter.php(934): App\Controllers\DetailEvent->index('images', 'bg-01.jpg')
 6 SYSTEMPATH\CodeIgniter.php(499): CodeIgniter\CodeIgniter->runController(Object(App\Controllers\DetailEvent))
 7 SYSTEMPATH\CodeIgniter.php(368): CodeIgniter\CodeIgniter->handleRequest(null, Object(Config\Cache), false)
 8 FCPATH\index.php(67): CodeIgniter\CodeIgniter->run()
 9 SYSTEMPATH\Commands\Server\rewrite.php(47): require_once('D:\\TUGAS\\KULIAH\\P2MW\\hehe\\gohitfinal\\public\\index.php')
INFO - 2025-05-15 09:46:21 --> Session: Class initialized using 'CodeIgniter\Session\Handlers\FileHandler' driver.
INFO - 2025-05-15 09:46:22 --> Session: Class initialized using 'CodeIgniter\Session\Handlers\FileHandler' driver.
CRITICAL - 2025-05-15 09:46:22 --> foreach() argument must be of type array|object, null given
in SYSTEMPATH\Database\BaseBuilder.php on line 411.
 1 SYSTEMPATH\Database\BaseBuilder.php(411): CodeIgniter\Debug\Exceptions->errorHandler(2, 'foreach() argument must be of type array|object, null given', 'D:\\TUGAS\\KULIAH\\P2MW\\hehe\\gohitfinal\\system\\Database\\BaseBuilder.php', 411)
 2 SYSTEMPATH\Model.php(840): CodeIgniter\Database\BaseBuilder->select(null)
 3 APPPATH\Models\Fisher.php(20): CodeIgniter\Model->__call('select', [...])
 4 APPPATH\Controllers\DetailEvent.php(67): App\Models\Fisher->getUserPointBySport(null, null)
 5 SYSTEMPATH\CodeIgniter.php(934): App\Controllers\DetailEvent->index('css', 'main.css')
 6 SYSTEMPATH\CodeIgniter.php(499): CodeIgniter\CodeIgniter->runController(Object(App\Controllers\DetailEvent))
 7 SYSTEMPATH\CodeIgniter.php(368): CodeIgniter\CodeIgniter->handleRequest(null, Object(Config\Cache), false)
 8 FCPATH\index.php(67): CodeIgniter\CodeIgniter->run()
 9 SYSTEMPATH\Commands\Server\rewrite.php(47): require_once('D:\\TUGAS\\KULIAH\\P2MW\\hehe\\gohitfinal\\public\\index.php')
INFO - 2025-05-15 09:46:22 --> Session: Class initialized using 'CodeIgniter\Session\Handlers\FileHandler' driver.
CRITICAL - 2025-05-15 09:46:22 --> foreach() argument must be of type array|object, null given
in SYSTEMPATH\Database\BaseBuilder.php on line 411.
 1 SYSTEMPATH\Database\BaseBuilder.php(411): CodeIgniter\Debug\Exceptions->errorHandler(2, 'foreach() argument must be of type array|object, null given', 'D:\\TUGAS\\KULIAH\\P2MW\\hehe\\gohitfinal\\system\\Database\\BaseBuilder.php', 411)
 2 SYSTEMPATH\Model.php(840): CodeIgniter\Database\BaseBuilder->select(null)
 3 APPPATH\Models\Fisher.php(20): CodeIgniter\Model->__call('select', [...])
 4 APPPATH\Controllers\DetailEvent.php(67): App\Models\Fisher->getUserPointBySport(null, null)
 5 SYSTEMPATH\CodeIgniter.php(934): App\Controllers\DetailEvent->index('css', 'style.css')
 6 SYSTEMPATH\CodeIgniter.php(499): CodeIgniter\CodeIgniter->runController(Object(App\Controllers\DetailEvent))
 7 SYSTEMPATH\CodeIgniter.php(368): CodeIgniter\CodeIgniter->handleRequest(null, Object(Config\Cache), false)
 8 FCPATH\index.php(67): CodeIgniter\CodeIgniter->run()
 9 SYSTEMPATH\Commands\Server\rewrite.php(47): require_once('D:\\TUGAS\\KULIAH\\P2MW\\hehe\\gohitfinal\\public\\index.php')
INFO - 2025-05-15 09:46:22 --> Session: Class initialized using 'CodeIgniter\Session\Handlers\FileHandler' driver.
CRITICAL - 2025-05-15 09:46:22 --> foreach() argument must be of type array|object, null given
in SYSTEMPATH\Database\BaseBuilder.php on line 411.
 1 SYSTEMPATH\Database\BaseBuilder.php(411): CodeIgniter\Debug\Exceptions->errorHandler(2, 'foreach() argument must be of type array|object, null given', 'D:\\TUGAS\\KULIAH\\P2MW\\hehe\\gohitfinal\\system\\Database\\BaseBuilder.php', 411)
 2 SYSTEMPATH\Model.php(840): CodeIgniter\Database\BaseBuilder->select(null)
 3 APPPATH\Models\Fisher.php(20): CodeIgniter\Model->__call('select', [...])
 4 APPPATH\Controllers\DetailEvent.php(67): App\Models\Fisher->getUserPointBySport(null, null)
 5 SYSTEMPATH\CodeIgniter.php(934): App\Controllers\DetailEvent->index('images', 'bg-01.jpg')
 6 SYSTEMPATH\CodeIgniter.php(499): CodeIgniter\CodeIgniter->runController(Object(App\Controllers\DetailEvent))
 7 SYSTEMPATH\CodeIgniter.php(368): CodeIgniter\CodeIgniter->handleRequest(null, Object(Config\Cache), false)
 8 FCPATH\index.php(67): CodeIgniter\CodeIgniter->run()
 9 SYSTEMPATH\Commands\Server\rewrite.php(47): require_once('D:\\TUGAS\\KULIAH\\P2MW\\hehe\\gohitfinal\\public\\index.php')
INFO - 2025-05-15 09:46:39 --> Session: Class initialized using 'CodeIgniter\Session\Handlers\FileHandler' driver.
INFO - 2025-05-15 09:46:39 --> Session: Class initialized using 'CodeIgniter\Session\Handlers\FileHandler' driver.
CRITICAL - 2025-05-15 09:46:39 --> foreach() argument must be of type array|object, null given
in SYSTEMPATH\Database\BaseBuilder.php on line 411.
 1 SYSTEMPATH\Database\BaseBuilder.php(411): CodeIgniter\Debug\Exceptions->errorHandler(2, 'foreach() argument must be of type array|object, null given', 'D:\\TUGAS\\KULIAH\\P2MW\\hehe\\gohitfinal\\system\\Database\\BaseBuilder.php', 411)
 2 SYSTEMPATH\Model.php(840): CodeIgniter\Database\BaseBuilder->select(null)
 3 APPPATH\Models\Fisher.php(20): CodeIgniter\Model->__call('select', [...])
 4 APPPATH\Controllers\DetailEvent.php(67): App\Models\Fisher->getUserPointBySport(null, null)
 5 SYSTEMPATH\CodeIgniter.php(934): App\Controllers\DetailEvent->index('css', 'main.css')
 6 SYSTEMPATH\CodeIgniter.php(499): CodeIgniter\CodeIgniter->runController(Object(App\Controllers\DetailEvent))
 7 SYSTEMPATH\CodeIgniter.php(368): CodeIgniter\CodeIgniter->handleRequest(null, Object(Config\Cache), false)
 8 FCPATH\index.php(67): CodeIgniter\CodeIgniter->run()
 9 SYSTEMPATH\Commands\Server\rewrite.php(47): require_once('D:\\TUGAS\\KULIAH\\P2MW\\hehe\\gohitfinal\\public\\index.php')
INFO - 2025-05-15 09:46:39 --> Session: Class initialized using 'CodeIgniter\Session\Handlers\FileHandler' driver.
CRITICAL - 2025-05-15 09:46:39 --> foreach() argument must be of type array|object, null given
in SYSTEMPATH\Database\BaseBuilder.php on line 411.
 1 SYSTEMPATH\Database\BaseBuilder.php(411): CodeIgniter\Debug\Exceptions->errorHandler(2, 'foreach() argument must be of type array|object, null given', 'D:\\TUGAS\\KULIAH\\P2MW\\hehe\\gohitfinal\\system\\Database\\BaseBuilder.php', 411)
 2 SYSTEMPATH\Model.php(840): CodeIgniter\Database\BaseBuilder->select(null)
 3 APPPATH\Models\Fisher.php(20): CodeIgniter\Model->__call('select', [...])
 4 APPPATH\Controllers\DetailEvent.php(67): App\Models\Fisher->getUserPointBySport(null, null)
 5 SYSTEMPATH\CodeIgniter.php(934): App\Controllers\DetailEvent->index('css', 'style.css')
 6 SYSTEMPATH\CodeIgniter.php(499): CodeIgniter\CodeIgniter->runController(Object(App\Controllers\DetailEvent))
 7 SYSTEMPATH\CodeIgniter.php(368): CodeIgniter\CodeIgniter->handleRequest(null, Object(Config\Cache), false)
 8 FCPATH\index.php(67): CodeIgniter\CodeIgniter->run()
 9 SYSTEMPATH\Commands\Server\rewrite.php(47): require_once('D:\\TUGAS\\KULIAH\\P2MW\\hehe\\gohitfinal\\public\\index.php')
INFO - 2025-05-15 09:46:39 --> Session: Class initialized using 'CodeIgniter\Session\Handlers\FileHandler' driver.
CRITICAL - 2025-05-15 09:46:39 --> foreach() argument must be of type array|object, null given
in SYSTEMPATH\Database\BaseBuilder.php on line 411.
 1 SYSTEMPATH\Database\BaseBuilder.php(411): CodeIgniter\Debug\Exceptions->errorHandler(2, 'foreach() argument must be of type array|object, null given', 'D:\\TUGAS\\KULIAH\\P2MW\\hehe\\gohitfinal\\system\\Database\\BaseBuilder.php', 411)
 2 SYSTEMPATH\Model.php(840): CodeIgniter\Database\BaseBuilder->select(null)
 3 APPPATH\Models\Fisher.php(20): CodeIgniter\Model->__call('select', [...])
 4 APPPATH\Controllers\DetailEvent.php(67): App\Models\Fisher->getUserPointBySport(null, null)
 5 SYSTEMPATH\CodeIgniter.php(934): App\Controllers\DetailEvent->index('images', 'bg-01.jpg')
 6 SYSTEMPATH\CodeIgniter.php(499): CodeIgniter\CodeIgniter->runController(Object(App\Controllers\DetailEvent))
 7 SYSTEMPATH\CodeIgniter.php(368): CodeIgniter\CodeIgniter->handleRequest(null, Object(Config\Cache), false)
 8 FCPATH\index.php(67): CodeIgniter\CodeIgniter->run()
 9 SYSTEMPATH\Commands\Server\rewrite.php(47): require_once('D:\\TUGAS\\KULIAH\\P2MW\\hehe\\gohitfinal\\public\\index.php')
INFO - 2025-05-15 09:46:43 --> Session: Class initialized using 'CodeIgniter\Session\Handlers\FileHandler' driver.
INFO - 2025-05-15 09:46:45 --> Session: Class initialized using 'CodeIgniter\Session\Handlers\FileHandler' driver.
INFO - 2025-05-15 09:47:08 --> Session: Class initialized using 'CodeIgniter\Session\Handlers\FileHandler' driver.
INFO - 2025-05-15 09:47:09 --> Session: Class initialized using 'CodeIgniter\Session\Handlers\FileHandler' driver.
CRITICAL - 2025-05-15 09:47:09 --> foreach() argument must be of type array|object, null given
in SYSTEMPATH\Database\BaseBuilder.php on line 411.
 1 SYSTEMPATH\Database\BaseBuilder.php(411): CodeIgniter\Debug\Exceptions->errorHandler(2, 'foreach() argument must be of type array|object, null given', 'D:\\TUGAS\\KULIAH\\P2MW\\hehe\\gohitfinal\\system\\Database\\BaseBuilder.php', 411)
 2 SYSTEMPATH\Model.php(840): CodeIgniter\Database\BaseBuilder->select(null)
 3 APPPATH\Models\Fisher.php(20): CodeIgniter\Model->__call('select', [...])
 4 APPPATH\Controllers\DetailEvent.php(67): App\Models\Fisher->getUserPointBySport(null, null)
 5 SYSTEMPATH\CodeIgniter.php(934): App\Controllers\DetailEvent->index('css', 'main.css')
 6 SYSTEMPATH\CodeIgniter.php(499): CodeIgniter\CodeIgniter->runController(Object(App\Controllers\DetailEvent))
 7 SYSTEMPATH\CodeIgniter.php(368): CodeIgniter\CodeIgniter->handleRequest(null, Object(Config\Cache), false)
 8 FCPATH\index.php(67): CodeIgniter\CodeIgniter->run()
 9 SYSTEMPATH\Commands\Server\rewrite.php(47): require_once('D:\\TUGAS\\KULIAH\\P2MW\\hehe\\gohitfinal\\public\\index.php')
INFO - 2025-05-15 09:47:09 --> Session: Class initialized using 'CodeIgniter\Session\Handlers\FileHandler' driver.
CRITICAL - 2025-05-15 09:47:09 --> foreach() argument must be of type array|object, null given
in SYSTEMPATH\Database\BaseBuilder.php on line 411.
 1 SYSTEMPATH\Database\BaseBuilder.php(411): CodeIgniter\Debug\Exceptions->errorHandler(2, 'foreach() argument must be of type array|object, null given', 'D:\\TUGAS\\KULIAH\\P2MW\\hehe\\gohitfinal\\system\\Database\\BaseBuilder.php', 411)
 2 SYSTEMPATH\Model.php(840): CodeIgniter\Database\BaseBuilder->select(null)
 3 APPPATH\Models\Fisher.php(20): CodeIgniter\Model->__call('select', [...])
 4 APPPATH\Controllers\DetailEvent.php(67): App\Models\Fisher->getUserPointBySport(null, null)
 5 SYSTEMPATH\CodeIgniter.php(934): App\Controllers\DetailEvent->index('css', 'style.css')
 6 SYSTEMPATH\CodeIgniter.php(499): CodeIgniter\CodeIgniter->runController(Object(App\Controllers\DetailEvent))
 7 SYSTEMPATH\CodeIgniter.php(368): CodeIgniter\CodeIgniter->handleRequest(null, Object(Config\Cache), false)
 8 FCPATH\index.php(67): CodeIgniter\CodeIgniter->run()
 9 SYSTEMPATH\Commands\Server\rewrite.php(47): require_once('D:\\TUGAS\\KULIAH\\P2MW\\hehe\\gohitfinal\\public\\index.php')
INFO - 2025-05-15 09:47:09 --> Session: Class initialized using 'CodeIgniter\Session\Handlers\FileHandler' driver.
CRITICAL - 2025-05-15 09:47:09 --> foreach() argument must be of type array|object, null given
in SYSTEMPATH\Database\BaseBuilder.php on line 411.
 1 SYSTEMPATH\Database\BaseBuilder.php(411): CodeIgniter\Debug\Exceptions->errorHandler(2, 'foreach() argument must be of type array|object, null given', 'D:\\TUGAS\\KULIAH\\P2MW\\hehe\\gohitfinal\\system\\Database\\BaseBuilder.php', 411)
 2 SYSTEMPATH\Model.php(840): CodeIgniter\Database\BaseBuilder->select(null)
 3 APPPATH\Models\Fisher.php(20): CodeIgniter\Model->__call('select', [...])
 4 APPPATH\Controllers\DetailEvent.php(67): App\Models\Fisher->getUserPointBySport(null, null)
 5 SYSTEMPATH\CodeIgniter.php(934): App\Controllers\DetailEvent->index('images', 'bg-01.jpg')
 6 SYSTEMPATH\CodeIgniter.php(499): CodeIgniter\CodeIgniter->runController(Object(App\Controllers\DetailEvent))
 7 SYSTEMPATH\CodeIgniter.php(368): CodeIgniter\CodeIgniter->handleRequest(null, Object(Config\Cache), false)
 8 FCPATH\index.php(67): CodeIgniter\CodeIgniter->run()
 9 SYSTEMPATH\Commands\Server\rewrite.php(47): require_once('D:\\TUGAS\\KULIAH\\P2MW\\hehe\\gohitfinal\\public\\index.php')
INFO - 2025-05-15 09:47:13 --> Session: Class initialized using 'CodeIgniter\Session\Handlers\FileHandler' driver.
INFO - 2025-05-15 09:47:14 --> Session: Class initialized using 'CodeIgniter\Session\Handlers\FileHandler' driver.
INFO - 2025-05-15 09:47:25 --> Session: Class initialized using 'CodeIgniter\Session\Handlers\FileHandler' driver.
INFO - 2025-05-15 09:47:25 --> Session: Class initialized using 'CodeIgniter\Session\Handlers\FileHandler' driver.
CRITICAL - 2025-05-15 09:47:25 --> foreach() argument must be of type array|object, null given
in SYSTEMPATH\Database\BaseBuilder.php on line 411.
 1 SYSTEMPATH\Database\BaseBuilder.php(411): CodeIgniter\Debug\Exceptions->errorHandler(2, 'foreach() argument must be of type array|object, null given', 'D:\\TUGAS\\KULIAH\\P2MW\\hehe\\gohitfinal\\system\\Database\\BaseBuilder.php', 411)
 2 SYSTEMPATH\Model.php(840): CodeIgniter\Database\BaseBuilder->select(null)
 3 APPPATH\Models\Fisher.php(20): CodeIgniter\Model->__call('select', [...])
 4 APPPATH\Controllers\DetailEvent.php(67): App\Models\Fisher->getUserPointBySport(null, null)
 5 SYSTEMPATH\CodeIgniter.php(934): App\Controllers\DetailEvent->index('css', 'main.css')
 6 SYSTEMPATH\CodeIgniter.php(499): CodeIgniter\CodeIgniter->runController(Object(App\Controllers\DetailEvent))
 7 SYSTEMPATH\CodeIgniter.php(368): CodeIgniter\CodeIgniter->handleRequest(null, Object(Config\Cache), false)
 8 FCPATH\index.php(67): CodeIgniter\CodeIgniter->run()
 9 SYSTEMPATH\Commands\Server\rewrite.php(47): require_once('D:\\TUGAS\\KULIAH\\P2MW\\hehe\\gohitfinal\\public\\index.php')
INFO - 2025-05-15 09:47:25 --> Session: Class initialized using 'CodeIgniter\Session\Handlers\FileHandler' driver.
CRITICAL - 2025-05-15 09:47:25 --> foreach() argument must be of type array|object, null given
in SYSTEMPATH\Database\BaseBuilder.php on line 411.
 1 SYSTEMPATH\Database\BaseBuilder.php(411): CodeIgniter\Debug\Exceptions->errorHandler(2, 'foreach() argument must be of type array|object, null given', 'D:\\TUGAS\\KULIAH\\P2MW\\hehe\\gohitfinal\\system\\Database\\BaseBuilder.php', 411)
 2 SYSTEMPATH\Model.php(840): CodeIgniter\Database\BaseBuilder->select(null)
 3 APPPATH\Models\Fisher.php(20): CodeIgniter\Model->__call('select', [...])
 4 APPPATH\Controllers\DetailEvent.php(67): App\Models\Fisher->getUserPointBySport(null, null)
 5 SYSTEMPATH\CodeIgniter.php(934): App\Controllers\DetailEvent->index('css', 'style.css')
 6 SYSTEMPATH\CodeIgniter.php(499): CodeIgniter\CodeIgniter->runController(Object(App\Controllers\DetailEvent))
 7 SYSTEMPATH\CodeIgniter.php(368): CodeIgniter\CodeIgniter->handleRequest(null, Object(Config\Cache), false)
 8 FCPATH\index.php(67): CodeIgniter\CodeIgniter->run()
 9 SYSTEMPATH\Commands\Server\rewrite.php(47): require_once('D:\\TUGAS\\KULIAH\\P2MW\\hehe\\gohitfinal\\public\\index.php')
INFO - 2025-05-15 09:47:25 --> Session: Class initialized using 'CodeIgniter\Session\Handlers\FileHandler' driver.
CRITICAL - 2025-05-15 09:47:25 --> foreach() argument must be of type array|object, null given
in SYSTEMPATH\Database\BaseBuilder.php on line 411.
 1 SYSTEMPATH\Database\BaseBuilder.php(411): CodeIgniter\Debug\Exceptions->errorHandler(2, 'foreach() argument must be of type array|object, null given', 'D:\\TUGAS\\KULIAH\\P2MW\\hehe\\gohitfinal\\system\\Database\\BaseBuilder.php', 411)
 2 SYSTEMPATH\Model.php(840): CodeIgniter\Database\BaseBuilder->select(null)
 3 APPPATH\Models\Fisher.php(20): CodeIgniter\Model->__call('select', [...])
 4 APPPATH\Controllers\DetailEvent.php(67): App\Models\Fisher->getUserPointBySport(null, null)
 5 SYSTEMPATH\CodeIgniter.php(934): App\Controllers\DetailEvent->index('images', 'bg-01.jpg')
 6 SYSTEMPATH\CodeIgniter.php(499): CodeIgniter\CodeIgniter->runController(Object(App\Controllers\DetailEvent))
 7 SYSTEMPATH\CodeIgniter.php(368): CodeIgniter\CodeIgniter->handleRequest(null, Object(Config\Cache), false)
 8 FCPATH\index.php(67): CodeIgniter\CodeIgniter->run()
 9 SYSTEMPATH\Commands\Server\rewrite.php(47): require_once('D:\\TUGAS\\KULIAH\\P2MW\\hehe\\gohitfinal\\public\\index.php')
