INFO - 2025-05-20 03:15:47 --> Session: Class initialized using 'CodeIgniter\Session\Handlers\FileHandler' driver.
INFO - 2025-05-20 03:16:22 --> Session: Class initialized using 'CodeIgniter\Session\Handlers\FileHandler' driver.
INFO - 2025-05-20 03:16:22 --> Session: Class initialized using 'CodeIgniter\Session\Handlers\FileHandler' driver.
INFO - 2025-05-20 03:16:26 --> Session: Class initialized using 'CodeIgniter\Session\Handlers\FileHandler' driver.
INFO - 2025-05-20 03:16:33 --> Session: Class initialized using 'CodeIgniter\Session\Handlers\FileHandler' driver.
INFO - 2025-05-20 03:16:33 --> Session: Class initialized using 'CodeIgniter\Session\Handlers\FileHandler' driver.
CRITICAL - 2025-05-20 03:16:33 --> foreach() argument must be of type array|object, null given
in SYSTEMPATH\Database\BaseBuilder.php on line 411.
 1 SYSTEMPATH\Database\BaseBuilder.php(411): CodeIgniter\Debug\Exceptions->errorHandler(2, 'foreach() argument must be of type array|object, null given', 'D:\\TUGAS\\KULIAH\\P2MW\\hehe\\gohitfinal\\system\\Database\\BaseBuilder.php', 411)
 2 SYSTEMPATH\Model.php(840): CodeIgniter\Database\BaseBuilder->select(null)
 3 APPPATH\Models\Fisher.php(20): CodeIgniter\Model->__call('select', [...])
 4 APPPATH\Controllers\DetailEvent.php(67): App\Models\Fisher->getUserPointBySport(null, null)
 5 SYSTEMPATH\CodeIgniter.php(934): App\Controllers\DetailEvent->index('css', 'main.css')
 6 SYSTEMPATH\CodeIgniter.php(499): CodeIgniter\CodeIgniter->runController(Object(App\Controllers\DetailEvent))
 7 SYSTEMPATH\CodeIgniter.php(368): CodeIgniter\CodeIgniter->handleRequest(null, Object(Config\Cache), false)
 8 FCPATH\index.php(67): CodeIgniter\CodeIgniter->run()
 9 SYSTEMPATH\Commands\Server\rewrite.php(47): require_once('D:\\TUGAS\\KULIAH\\P2MW\\hehe\\gohitfinal\\public\\index.php')
INFO - 2025-05-20 03:16:33 --> Session: Class initialized using 'CodeIgniter\Session\Handlers\FileHandler' driver.
CRITICAL - 2025-05-20 03:16:33 --> foreach() argument must be of type array|object, null given
in SYSTEMPATH\Database\BaseBuilder.php on line 411.
 1 SYSTEMPATH\Database\BaseBuilder.php(411): CodeIgniter\Debug\Exceptions->errorHandler(2, 'foreach() argument must be of type array|object, null given', 'D:\\TUGAS\\KULIAH\\P2MW\\hehe\\gohitfinal\\system\\Database\\BaseBuilder.php', 411)
 2 SYSTEMPATH\Model.php(840): CodeIgniter\Database\BaseBuilder->select(null)
 3 APPPATH\Models\Fisher.php(20): CodeIgniter\Model->__call('select', [...])
 4 APPPATH\Controllers\DetailEvent.php(67): App\Models\Fisher->getUserPointBySport(null, null)
 5 SYSTEMPATH\CodeIgniter.php(934): App\Controllers\DetailEvent->index('css', 'style.css')
 6 SYSTEMPATH\CodeIgniter.php(499): CodeIgniter\CodeIgniter->runController(Object(App\Controllers\DetailEvent))
 7 SYSTEMPATH\CodeIgniter.php(368): CodeIgniter\CodeIgniter->handleRequest(null, Object(Config\Cache), false)
 8 FCPATH\index.php(67): CodeIgniter\CodeIgniter->run()
 9 SYSTEMPATH\Commands\Server\rewrite.php(47): require_once('D:\\TUGAS\\KULIAH\\P2MW\\hehe\\gohitfinal\\public\\index.php')
INFO - 2025-05-20 03:16:33 --> Session: Class initialized using 'CodeIgniter\Session\Handlers\FileHandler' driver.
CRITICAL - 2025-05-20 03:16:34 --> foreach() argument must be of type array|object, null given
in SYSTEMPATH\Database\BaseBuilder.php on line 411.
 1 SYSTEMPATH\Database\BaseBuilder.php(411): CodeIgniter\Debug\Exceptions->errorHandler(2, 'foreach() argument must be of type array|object, null given', 'D:\\TUGAS\\KULIAH\\P2MW\\hehe\\gohitfinal\\system\\Database\\BaseBuilder.php', 411)
 2 SYSTEMPATH\Model.php(840): CodeIgniter\Database\BaseBuilder->select(null)
 3 APPPATH\Models\Fisher.php(20): CodeIgniter\Model->__call('select', [...])
 4 APPPATH\Controllers\DetailEvent.php(67): App\Models\Fisher->getUserPointBySport(null, null)
 5 SYSTEMPATH\CodeIgniter.php(934): App\Controllers\DetailEvent->index('images', 'bg-01.jpg')
 6 SYSTEMPATH\CodeIgniter.php(499): CodeIgniter\CodeIgniter->runController(Object(App\Controllers\DetailEvent))
 7 SYSTEMPATH\CodeIgniter.php(368): CodeIgniter\CodeIgniter->handleRequest(null, Object(Config\Cache), false)
 8 FCPATH\index.php(67): CodeIgniter\CodeIgniter->run()
 9 SYSTEMPATH\Commands\Server\rewrite.php(47): require_once('D:\\TUGAS\\KULIAH\\P2MW\\hehe\\gohitfinal\\public\\index.php')
INFO - 2025-05-20 03:18:05 --> Session: Class initialized using 'CodeIgniter\Session\Handlers\FileHandler' driver.
INFO - 2025-05-20 03:18:05 --> Session: Class initialized using 'CodeIgniter\Session\Handlers\FileHandler' driver.
INFO - 2025-05-20 03:18:12 --> Session: Class initialized using 'CodeIgniter\Session\Handlers\FileHandler' driver.
INFO - 2025-05-20 03:18:12 --> Session: Class initialized using 'CodeIgniter\Session\Handlers\FileHandler' driver.
INFO - 2025-05-20 03:18:15 --> Session: Class initialized using 'CodeIgniter\Session\Handlers\FileHandler' driver.
INFO - 2025-05-20 03:18:18 --> Session: Class initialized using 'CodeIgniter\Session\Handlers\FileHandler' driver.
INFO - 2025-05-20 03:18:18 --> Session: Class initialized using 'CodeIgniter\Session\Handlers\FileHandler' driver.
CRITICAL - 2025-05-20 03:18:18 --> Undefined variable $tgl
in APPPATH\Views\detaileventp.php on line 24.
 1 APPPATH\Views\detaileventp.php(24): CodeIgniter\Debug\Exceptions->errorHandler(2, 'Undefined variable $tgl', 'D:\\TUGAS\\KULIAH\\P2MW\\hehe\\gohitfinal\\app\\Views\\detaileventp.php', 24)
 2 SYSTEMPATH\View\View.php(213): include('D:\\TUGAS\\KULIAH\\P2MW\\hehe\\gohitfinal\\app\\Views\\detaileventp.php')
 3 SYSTEMPATH\View\View.php(216): CodeIgniter\View\View->CodeIgniter\View\{closure}()
 4 SYSTEMPATH\Common.php(1184): CodeIgniter\View\View->render('detaileventp', [], true)
 5 APPPATH\Controllers\DetailEvent.php(438): view('detaileventp', [...])
 6 SYSTEMPATH\CodeIgniter.php(934): App\Controllers\DetailEvent->peserta('css', 'main.css')
 7 SYSTEMPATH\CodeIgniter.php(499): CodeIgniter\CodeIgniter->runController(Object(App\Controllers\DetailEvent))
 8 SYSTEMPATH\CodeIgniter.php(368): CodeIgniter\CodeIgniter->handleRequest(null, Object(Config\Cache), false)
 9 FCPATH\index.php(67): CodeIgniter\CodeIgniter->run()
10 SYSTEMPATH\Commands\Server\rewrite.php(47): require_once('D:\\TUGAS\\KULIAH\\P2MW\\hehe\\gohitfinal\\public\\index.php')
INFO - 2025-05-20 03:18:19 --> Session: Class initialized using 'CodeIgniter\Session\Handlers\FileHandler' driver.
CRITICAL - 2025-05-20 03:18:19 --> Undefined variable $tgl
in APPPATH\Views\detaileventp.php on line 24.
 1 APPPATH\Views\detaileventp.php(24): CodeIgniter\Debug\Exceptions->errorHandler(2, 'Undefined variable $tgl', 'D:\\TUGAS\\KULIAH\\P2MW\\hehe\\gohitfinal\\app\\Views\\detaileventp.php', 24)
 2 SYSTEMPATH\View\View.php(213): include('D:\\TUGAS\\KULIAH\\P2MW\\hehe\\gohitfinal\\app\\Views\\detaileventp.php')
 3 SYSTEMPATH\View\View.php(216): CodeIgniter\View\View->CodeIgniter\View\{closure}()
 4 SYSTEMPATH\Common.php(1184): CodeIgniter\View\View->render('detaileventp', [], true)
 5 APPPATH\Controllers\DetailEvent.php(438): view('detaileventp', [...])
 6 SYSTEMPATH\CodeIgniter.php(934): App\Controllers\DetailEvent->peserta('css', 'style.css')
 7 SYSTEMPATH\CodeIgniter.php(499): CodeIgniter\CodeIgniter->runController(Object(App\Controllers\DetailEvent))
 8 SYSTEMPATH\CodeIgniter.php(368): CodeIgniter\CodeIgniter->handleRequest(null, Object(Config\Cache), false)
 9 FCPATH\index.php(67): CodeIgniter\CodeIgniter->run()
10 SYSTEMPATH\Commands\Server\rewrite.php(47): require_once('D:\\TUGAS\\KULIAH\\P2MW\\hehe\\gohitfinal\\public\\index.php')
INFO - 2025-05-20 03:18:19 --> Session: Class initialized using 'CodeIgniter\Session\Handlers\FileHandler' driver.
CRITICAL - 2025-05-20 03:18:19 --> Undefined variable $tgl
in APPPATH\Views\detaileventp.php on line 24.
 1 APPPATH\Views\detaileventp.php(24): CodeIgniter\Debug\Exceptions->errorHandler(2, 'Undefined variable $tgl', 'D:\\TUGAS\\KULIAH\\P2MW\\hehe\\gohitfinal\\app\\Views\\detaileventp.php', 24)
 2 SYSTEMPATH\View\View.php(213): include('D:\\TUGAS\\KULIAH\\P2MW\\hehe\\gohitfinal\\app\\Views\\detaileventp.php')
 3 SYSTEMPATH\View\View.php(216): CodeIgniter\View\View->CodeIgniter\View\{closure}()
 4 SYSTEMPATH\Common.php(1184): CodeIgniter\View\View->render('detaileventp', [], true)
 5 APPPATH\Controllers\DetailEvent.php(438): view('detaileventp', [...])
 6 SYSTEMPATH\CodeIgniter.php(934): App\Controllers\DetailEvent->peserta('images', 'bg-01.jpg')
 7 SYSTEMPATH\CodeIgniter.php(499): CodeIgniter\CodeIgniter->runController(Object(App\Controllers\DetailEvent))
 8 SYSTEMPATH\CodeIgniter.php(368): CodeIgniter\CodeIgniter->handleRequest(null, Object(Config\Cache), false)
 9 FCPATH\index.php(67): CodeIgniter\CodeIgniter->run()
10 SYSTEMPATH\Commands\Server\rewrite.php(47): require_once('D:\\TUGAS\\KULIAH\\P2MW\\hehe\\gohitfinal\\public\\index.php')
CRITICAL - 2025-05-20 03:18:22 --> There is no data to update.
in SYSTEMPATH\BaseModel.php on line 924.
 1 SYSTEMPATH\BaseModel.php(924): CodeIgniter\Database\Exceptions\DataException::forEmptyDataset('update')
 2 SYSTEMPATH\Model.php(756): CodeIgniter\BaseModel->update([...], [])
 3 APPPATH\Controllers\DetailEvent.php(635): CodeIgniter\Model->update('26', [...])
 4 SYSTEMPATH\CodeIgniter.php(934): App\Controllers\DetailEvent->acakPeserta('26')
 5 SYSTEMPATH\CodeIgniter.php(499): CodeIgniter\CodeIgniter->runController(Object(App\Controllers\DetailEvent))
 6 SYSTEMPATH\CodeIgniter.php(368): CodeIgniter\CodeIgniter->handleRequest(null, Object(Config\Cache), false)
 7 FCPATH\index.php(67): CodeIgniter\CodeIgniter->run()
 8 SYSTEMPATH\Commands\Server\rewrite.php(47): require_once('D:\\TUGAS\\KULIAH\\P2MW\\hehe\\gohitfinal\\public\\index.php')
INFO - 2025-05-20 03:18:29 --> Session: Class initialized using 'CodeIgniter\Session\Handlers\FileHandler' driver.
INFO - 2025-05-20 03:18:30 --> Session: Class initialized using 'CodeIgniter\Session\Handlers\FileHandler' driver.
CRITICAL - 2025-05-20 03:18:30 --> Undefined variable $tgl
in APPPATH\Views\detaileventp.php on line 24.
 1 APPPATH\Views\detaileventp.php(24): CodeIgniter\Debug\Exceptions->errorHandler(2, 'Undefined variable $tgl', 'D:\\TUGAS\\KULIAH\\P2MW\\hehe\\gohitfinal\\app\\Views\\detaileventp.php', 24)
 2 SYSTEMPATH\View\View.php(213): include('D:\\TUGAS\\KULIAH\\P2MW\\hehe\\gohitfinal\\app\\Views\\detaileventp.php')
 3 SYSTEMPATH\View\View.php(216): CodeIgniter\View\View->CodeIgniter\View\{closure}()
 4 SYSTEMPATH\Common.php(1184): CodeIgniter\View\View->render('detaileventp', [], true)
 5 APPPATH\Controllers\DetailEvent.php(438): view('detaileventp', [...])
 6 SYSTEMPATH\CodeIgniter.php(934): App\Controllers\DetailEvent->peserta('css', 'main.css')
 7 SYSTEMPATH\CodeIgniter.php(499): CodeIgniter\CodeIgniter->runController(Object(App\Controllers\DetailEvent))
 8 SYSTEMPATH\CodeIgniter.php(368): CodeIgniter\CodeIgniter->handleRequest(null, Object(Config\Cache), false)
 9 FCPATH\index.php(67): CodeIgniter\CodeIgniter->run()
10 SYSTEMPATH\Commands\Server\rewrite.php(47): require_once('D:\\TUGAS\\KULIAH\\P2MW\\hehe\\gohitfinal\\public\\index.php')
INFO - 2025-05-20 03:18:30 --> Session: Class initialized using 'CodeIgniter\Session\Handlers\FileHandler' driver.
CRITICAL - 2025-05-20 03:18:30 --> Undefined variable $tgl
in APPPATH\Views\detaileventp.php on line 24.
 1 APPPATH\Views\detaileventp.php(24): CodeIgniter\Debug\Exceptions->errorHandler(2, 'Undefined variable $tgl', 'D:\\TUGAS\\KULIAH\\P2MW\\hehe\\gohitfinal\\app\\Views\\detaileventp.php', 24)
 2 SYSTEMPATH\View\View.php(213): include('D:\\TUGAS\\KULIAH\\P2MW\\hehe\\gohitfinal\\app\\Views\\detaileventp.php')
 3 SYSTEMPATH\View\View.php(216): CodeIgniter\View\View->CodeIgniter\View\{closure}()
 4 SYSTEMPATH\Common.php(1184): CodeIgniter\View\View->render('detaileventp', [], true)
 5 APPPATH\Controllers\DetailEvent.php(438): view('detaileventp', [...])
 6 SYSTEMPATH\CodeIgniter.php(934): App\Controllers\DetailEvent->peserta('css', 'style.css')
 7 SYSTEMPATH\CodeIgniter.php(499): CodeIgniter\CodeIgniter->runController(Object(App\Controllers\DetailEvent))
 8 SYSTEMPATH\CodeIgniter.php(368): CodeIgniter\CodeIgniter->handleRequest(null, Object(Config\Cache), false)
 9 FCPATH\index.php(67): CodeIgniter\CodeIgniter->run()
10 SYSTEMPATH\Commands\Server\rewrite.php(47): require_once('D:\\TUGAS\\KULIAH\\P2MW\\hehe\\gohitfinal\\public\\index.php')
INFO - 2025-05-20 03:18:30 --> Session: Class initialized using 'CodeIgniter\Session\Handlers\FileHandler' driver.
CRITICAL - 2025-05-20 03:18:30 --> Undefined variable $tgl
in APPPATH\Views\detaileventp.php on line 24.
 1 APPPATH\Views\detaileventp.php(24): CodeIgniter\Debug\Exceptions->errorHandler(2, 'Undefined variable $tgl', 'D:\\TUGAS\\KULIAH\\P2MW\\hehe\\gohitfinal\\app\\Views\\detaileventp.php', 24)
 2 SYSTEMPATH\View\View.php(213): include('D:\\TUGAS\\KULIAH\\P2MW\\hehe\\gohitfinal\\app\\Views\\detaileventp.php')
 3 SYSTEMPATH\View\View.php(216): CodeIgniter\View\View->CodeIgniter\View\{closure}()
 4 SYSTEMPATH\Common.php(1184): CodeIgniter\View\View->render('detaileventp', [], true)
 5 APPPATH\Controllers\DetailEvent.php(438): view('detaileventp', [...])
 6 SYSTEMPATH\CodeIgniter.php(934): App\Controllers\DetailEvent->peserta('images', 'bg-01.jpg')
 7 SYSTEMPATH\CodeIgniter.php(499): CodeIgniter\CodeIgniter->runController(Object(App\Controllers\DetailEvent))
 8 SYSTEMPATH\CodeIgniter.php(368): CodeIgniter\CodeIgniter->handleRequest(null, Object(Config\Cache), false)
 9 FCPATH\index.php(67): CodeIgniter\CodeIgniter->run()
10 SYSTEMPATH\Commands\Server\rewrite.php(47): require_once('D:\\TUGAS\\KULIAH\\P2MW\\hehe\\gohitfinal\\public\\index.php')
CRITICAL - 2025-05-20 03:18:32 --> There is no data to update.
in SYSTEMPATH\BaseModel.php on line 924.
 1 SYSTEMPATH\BaseModel.php(924): CodeIgniter\Database\Exceptions\DataException::forEmptyDataset('update')
 2 SYSTEMPATH\Model.php(756): CodeIgniter\BaseModel->update([...], [])
 3 APPPATH\Controllers\DetailEvent.php(635): CodeIgniter\Model->update('26', [...])
 4 SYSTEMPATH\CodeIgniter.php(934): App\Controllers\DetailEvent->acakPeserta('26')
 5 SYSTEMPATH\CodeIgniter.php(499): CodeIgniter\CodeIgniter->runController(Object(App\Controllers\DetailEvent))
 6 SYSTEMPATH\CodeIgniter.php(368): CodeIgniter\CodeIgniter->handleRequest(null, Object(Config\Cache), false)
 7 FCPATH\index.php(67): CodeIgniter\CodeIgniter->run()
 8 SYSTEMPATH\Commands\Server\rewrite.php(47): require_once('D:\\TUGAS\\KULIAH\\P2MW\\hehe\\gohitfinal\\public\\index.php')
CRITICAL - 2025-05-20 03:19:57 --> There is no data to update.
in SYSTEMPATH\BaseModel.php on line 924.
 1 SYSTEMPATH\BaseModel.php(924): CodeIgniter\Database\Exceptions\DataException::forEmptyDataset('update')
 2 SYSTEMPATH\Model.php(756): CodeIgniter\BaseModel->update([...], [])
 3 APPPATH\Controllers\DetailEvent.php(635): CodeIgniter\Model->update('26', [...])
 4 SYSTEMPATH\CodeIgniter.php(934): App\Controllers\DetailEvent->acakPeserta('26')
 5 SYSTEMPATH\CodeIgniter.php(499): CodeIgniter\CodeIgniter->runController(Object(App\Controllers\DetailEvent))
 6 SYSTEMPATH\CodeIgniter.php(368): CodeIgniter\CodeIgniter->handleRequest(null, Object(Config\Cache), false)
 7 FCPATH\index.php(67): CodeIgniter\CodeIgniter->run()
 8 SYSTEMPATH\Commands\Server\rewrite.php(47): require_once('D:\\TUGAS\\KULIAH\\P2MW\\hehe\\gohitfinal\\public\\index.php')
INFO - 2025-05-20 03:40:58 --> Session: Class initialized using 'CodeIgniter\Session\Handlers\FileHandler' driver.
INFO - 2025-05-20 03:40:58 --> Session: Class initialized using 'CodeIgniter\Session\Handlers\FileHandler' driver.
CRITICAL - 2025-05-20 03:40:58 --> Undefined variable $tgl
in APPPATH\Views\detaileventp.php on line 24.
 1 APPPATH\Views\detaileventp.php(24): CodeIgniter\Debug\Exceptions->errorHandler(2, 'Undefined variable $tgl', 'D:\\TUGAS\\KULIAH\\P2MW\\hehe\\gohitfinal\\app\\Views\\detaileventp.php', 24)
 2 SYSTEMPATH\View\View.php(213): include('D:\\TUGAS\\KULIAH\\P2MW\\hehe\\gohitfinal\\app\\Views\\detaileventp.php')
 3 SYSTEMPATH\View\View.php(216): CodeIgniter\View\View->CodeIgniter\View\{closure}()
 4 SYSTEMPATH\Common.php(1184): CodeIgniter\View\View->render('detaileventp', [], true)
 5 APPPATH\Controllers\DetailEvent.php(438): view('detaileventp', [...])
 6 SYSTEMPATH\CodeIgniter.php(934): App\Controllers\DetailEvent->peserta('css', 'main.css')
 7 SYSTEMPATH\CodeIgniter.php(499): CodeIgniter\CodeIgniter->runController(Object(App\Controllers\DetailEvent))
 8 SYSTEMPATH\CodeIgniter.php(368): CodeIgniter\CodeIgniter->handleRequest(null, Object(Config\Cache), false)
 9 FCPATH\index.php(67): CodeIgniter\CodeIgniter->run()
10 SYSTEMPATH\Commands\Server\rewrite.php(47): require_once('D:\\TUGAS\\KULIAH\\P2MW\\hehe\\gohitfinal\\public\\index.php')
INFO - 2025-05-20 03:40:58 --> Session: Class initialized using 'CodeIgniter\Session\Handlers\FileHandler' driver.
CRITICAL - 2025-05-20 03:40:58 --> Undefined variable $tgl
in APPPATH\Views\detaileventp.php on line 24.
 1 APPPATH\Views\detaileventp.php(24): CodeIgniter\Debug\Exceptions->errorHandler(2, 'Undefined variable $tgl', 'D:\\TUGAS\\KULIAH\\P2MW\\hehe\\gohitfinal\\app\\Views\\detaileventp.php', 24)
 2 SYSTEMPATH\View\View.php(213): include('D:\\TUGAS\\KULIAH\\P2MW\\hehe\\gohitfinal\\app\\Views\\detaileventp.php')
 3 SYSTEMPATH\View\View.php(216): CodeIgniter\View\View->CodeIgniter\View\{closure}()
 4 SYSTEMPATH\Common.php(1184): CodeIgniter\View\View->render('detaileventp', [], true)
 5 APPPATH\Controllers\DetailEvent.php(438): view('detaileventp', [...])
 6 SYSTEMPATH\CodeIgniter.php(934): App\Controllers\DetailEvent->peserta('css', 'style.css')
 7 SYSTEMPATH\CodeIgniter.php(499): CodeIgniter\CodeIgniter->runController(Object(App\Controllers\DetailEvent))
 8 SYSTEMPATH\CodeIgniter.php(368): CodeIgniter\CodeIgniter->handleRequest(null, Object(Config\Cache), false)
 9 FCPATH\index.php(67): CodeIgniter\CodeIgniter->run()
10 SYSTEMPATH\Commands\Server\rewrite.php(47): require_once('D:\\TUGAS\\KULIAH\\P2MW\\hehe\\gohitfinal\\public\\index.php')
INFO - 2025-05-20 03:40:58 --> Session: Class initialized using 'CodeIgniter\Session\Handlers\FileHandler' driver.
CRITICAL - 2025-05-20 03:40:58 --> Undefined variable $tgl
in APPPATH\Views\detaileventp.php on line 24.
 1 APPPATH\Views\detaileventp.php(24): CodeIgniter\Debug\Exceptions->errorHandler(2, 'Undefined variable $tgl', 'D:\\TUGAS\\KULIAH\\P2MW\\hehe\\gohitfinal\\app\\Views\\detaileventp.php', 24)
 2 SYSTEMPATH\View\View.php(213): include('D:\\TUGAS\\KULIAH\\P2MW\\hehe\\gohitfinal\\app\\Views\\detaileventp.php')
 3 SYSTEMPATH\View\View.php(216): CodeIgniter\View\View->CodeIgniter\View\{closure}()
 4 SYSTEMPATH\Common.php(1184): CodeIgniter\View\View->render('detaileventp', [], true)
 5 APPPATH\Controllers\DetailEvent.php(438): view('detaileventp', [...])
 6 SYSTEMPATH\CodeIgniter.php(934): App\Controllers\DetailEvent->peserta('images', 'bg-01.jpg')
 7 SYSTEMPATH\CodeIgniter.php(499): CodeIgniter\CodeIgniter->runController(Object(App\Controllers\DetailEvent))
 8 SYSTEMPATH\CodeIgniter.php(368): CodeIgniter\CodeIgniter->handleRequest(null, Object(Config\Cache), false)
 9 FCPATH\index.php(67): CodeIgniter\CodeIgniter->run()
10 SYSTEMPATH\Commands\Server\rewrite.php(47): require_once('D:\\TUGAS\\KULIAH\\P2MW\\hehe\\gohitfinal\\public\\index.php')
CRITICAL - 2025-05-20 03:41:01 --> There is no data to update.
in SYSTEMPATH\BaseModel.php on line 924.
 1 SYSTEMPATH\BaseModel.php(924): CodeIgniter\Database\Exceptions\DataException::forEmptyDataset('update')
 2 SYSTEMPATH\Model.php(756): CodeIgniter\BaseModel->update([...], [])
 3 APPPATH\Controllers\DetailEvent.php(653): CodeIgniter\Model->update('26', [...])
 4 SYSTEMPATH\CodeIgniter.php(934): App\Controllers\DetailEvent->selesaiAcak('26')
 5 SYSTEMPATH\CodeIgniter.php(499): CodeIgniter\CodeIgniter->runController(Object(App\Controllers\DetailEvent))
 6 SYSTEMPATH\CodeIgniter.php(368): CodeIgniter\CodeIgniter->handleRequest(null, Object(Config\Cache), false)
 7 FCPATH\index.php(67): CodeIgniter\CodeIgniter->run()
 8 SYSTEMPATH\Commands\Server\rewrite.php(47): require_once('D:\\TUGAS\\KULIAH\\P2MW\\hehe\\gohitfinal\\public\\index.php')
INFO - 2025-05-20 03:41:19 --> Session: Class initialized using 'CodeIgniter\Session\Handlers\FileHandler' driver.
INFO - 2025-05-20 03:41:20 --> Session: Class initialized using 'CodeIgniter\Session\Handlers\FileHandler' driver.
CRITICAL - 2025-05-20 03:41:20 --> Undefined variable $tgl
in APPPATH\Views\detaileventp.php on line 24.
 1 APPPATH\Views\detaileventp.php(24): CodeIgniter\Debug\Exceptions->errorHandler(2, 'Undefined variable $tgl', 'D:\\TUGAS\\KULIAH\\P2MW\\hehe\\gohitfinal\\app\\Views\\detaileventp.php', 24)
 2 SYSTEMPATH\View\View.php(213): include('D:\\TUGAS\\KULIAH\\P2MW\\hehe\\gohitfinal\\app\\Views\\detaileventp.php')
 3 SYSTEMPATH\View\View.php(216): CodeIgniter\View\View->CodeIgniter\View\{closure}()
 4 SYSTEMPATH\Common.php(1184): CodeIgniter\View\View->render('detaileventp', [], true)
 5 APPPATH\Controllers\DetailEvent.php(438): view('detaileventp', [...])
 6 SYSTEMPATH\CodeIgniter.php(934): App\Controllers\DetailEvent->peserta('css', 'main.css')
 7 SYSTEMPATH\CodeIgniter.php(499): CodeIgniter\CodeIgniter->runController(Object(App\Controllers\DetailEvent))
 8 SYSTEMPATH\CodeIgniter.php(368): CodeIgniter\CodeIgniter->handleRequest(null, Object(Config\Cache), false)
 9 FCPATH\index.php(67): CodeIgniter\CodeIgniter->run()
10 SYSTEMPATH\Commands\Server\rewrite.php(47): require_once('D:\\TUGAS\\KULIAH\\P2MW\\hehe\\gohitfinal\\public\\index.php')
INFO - 2025-05-20 03:41:20 --> Session: Class initialized using 'CodeIgniter\Session\Handlers\FileHandler' driver.
CRITICAL - 2025-05-20 03:41:20 --> Undefined variable $tgl
in APPPATH\Views\detaileventp.php on line 24.
 1 APPPATH\Views\detaileventp.php(24): CodeIgniter\Debug\Exceptions->errorHandler(2, 'Undefined variable $tgl', 'D:\\TUGAS\\KULIAH\\P2MW\\hehe\\gohitfinal\\app\\Views\\detaileventp.php', 24)
 2 SYSTEMPATH\View\View.php(213): include('D:\\TUGAS\\KULIAH\\P2MW\\hehe\\gohitfinal\\app\\Views\\detaileventp.php')
 3 SYSTEMPATH\View\View.php(216): CodeIgniter\View\View->CodeIgniter\View\{closure}()
 4 SYSTEMPATH\Common.php(1184): CodeIgniter\View\View->render('detaileventp', [], true)
 5 APPPATH\Controllers\DetailEvent.php(438): view('detaileventp', [...])
 6 SYSTEMPATH\CodeIgniter.php(934): App\Controllers\DetailEvent->peserta('css', 'style.css')
 7 SYSTEMPATH\CodeIgniter.php(499): CodeIgniter\CodeIgniter->runController(Object(App\Controllers\DetailEvent))
 8 SYSTEMPATH\CodeIgniter.php(368): CodeIgniter\CodeIgniter->handleRequest(null, Object(Config\Cache), false)
 9 FCPATH\index.php(67): CodeIgniter\CodeIgniter->run()
10 SYSTEMPATH\Commands\Server\rewrite.php(47): require_once('D:\\TUGAS\\KULIAH\\P2MW\\hehe\\gohitfinal\\public\\index.php')
INFO - 2025-05-20 03:41:20 --> Session: Class initialized using 'CodeIgniter\Session\Handlers\FileHandler' driver.
CRITICAL - 2025-05-20 03:41:20 --> Undefined variable $tgl
in APPPATH\Views\detaileventp.php on line 24.
 1 APPPATH\Views\detaileventp.php(24): CodeIgniter\Debug\Exceptions->errorHandler(2, 'Undefined variable $tgl', 'D:\\TUGAS\\KULIAH\\P2MW\\hehe\\gohitfinal\\app\\Views\\detaileventp.php', 24)
 2 SYSTEMPATH\View\View.php(213): include('D:\\TUGAS\\KULIAH\\P2MW\\hehe\\gohitfinal\\app\\Views\\detaileventp.php')
 3 SYSTEMPATH\View\View.php(216): CodeIgniter\View\View->CodeIgniter\View\{closure}()
 4 SYSTEMPATH\Common.php(1184): CodeIgniter\View\View->render('detaileventp', [], true)
 5 APPPATH\Controllers\DetailEvent.php(438): view('detaileventp', [...])
 6 SYSTEMPATH\CodeIgniter.php(934): App\Controllers\DetailEvent->peserta('images', 'bg-01.jpg')
 7 SYSTEMPATH\CodeIgniter.php(499): CodeIgniter\CodeIgniter->runController(Object(App\Controllers\DetailEvent))
 8 SYSTEMPATH\CodeIgniter.php(368): CodeIgniter\CodeIgniter->handleRequest(null, Object(Config\Cache), false)
 9 FCPATH\index.php(67): CodeIgniter\CodeIgniter->run()
10 SYSTEMPATH\Commands\Server\rewrite.php(47): require_once('D:\\TUGAS\\KULIAH\\P2MW\\hehe\\gohitfinal\\public\\index.php')
INFO - 2025-05-20 03:52:22 --> Session: Class initialized using 'CodeIgniter\Session\Handlers\FileHandler' driver.
INFO - 2025-05-20 03:52:22 --> Session: Class initialized using 'CodeIgniter\Session\Handlers\FileHandler' driver.
CRITICAL - 2025-05-20 03:52:22 --> Undefined variable $tgl
in APPPATH\Views\detaileventp.php on line 24.
 1 APPPATH\Views\detaileventp.php(24): CodeIgniter\Debug\Exceptions->errorHandler(2, 'Undefined variable $tgl', 'D:\\TUGAS\\KULIAH\\P2MW\\hehe\\gohitfinal\\app\\Views\\detaileventp.php', 24)
 2 SYSTEMPATH\View\View.php(213): include('D:\\TUGAS\\KULIAH\\P2MW\\hehe\\gohitfinal\\app\\Views\\detaileventp.php')
 3 SYSTEMPATH\View\View.php(216): CodeIgniter\View\View->CodeIgniter\View\{closure}()
 4 SYSTEMPATH\Common.php(1184): CodeIgniter\View\View->render('detaileventp', [], true)
 5 APPPATH\Controllers\DetailEvent.php(438): view('detaileventp', [...])
 6 SYSTEMPATH\CodeIgniter.php(934): App\Controllers\DetailEvent->peserta('css', 'main.css')
 7 SYSTEMPATH\CodeIgniter.php(499): CodeIgniter\CodeIgniter->runController(Object(App\Controllers\DetailEvent))
 8 SYSTEMPATH\CodeIgniter.php(368): CodeIgniter\CodeIgniter->handleRequest(null, Object(Config\Cache), false)
 9 FCPATH\index.php(67): CodeIgniter\CodeIgniter->run()
10 SYSTEMPATH\Commands\Server\rewrite.php(47): require_once('D:\\TUGAS\\KULIAH\\P2MW\\hehe\\gohitfinal\\public\\index.php')
INFO - 2025-05-20 03:52:22 --> Session: Class initialized using 'CodeIgniter\Session\Handlers\FileHandler' driver.
CRITICAL - 2025-05-20 03:52:22 --> Undefined variable $tgl
in APPPATH\Views\detaileventp.php on line 24.
 1 APPPATH\Views\detaileventp.php(24): CodeIgniter\Debug\Exceptions->errorHandler(2, 'Undefined variable $tgl', 'D:\\TUGAS\\KULIAH\\P2MW\\hehe\\gohitfinal\\app\\Views\\detaileventp.php', 24)
 2 SYSTEMPATH\View\View.php(213): include('D:\\TUGAS\\KULIAH\\P2MW\\hehe\\gohitfinal\\app\\Views\\detaileventp.php')
 3 SYSTEMPATH\View\View.php(216): CodeIgniter\View\View->CodeIgniter\View\{closure}()
 4 SYSTEMPATH\Common.php(1184): CodeIgniter\View\View->render('detaileventp', [], true)
 5 APPPATH\Controllers\DetailEvent.php(438): view('detaileventp', [...])
 6 SYSTEMPATH\CodeIgniter.php(934): App\Controllers\DetailEvent->peserta('css', 'style.css')
 7 SYSTEMPATH\CodeIgniter.php(499): CodeIgniter\CodeIgniter->runController(Object(App\Controllers\DetailEvent))
 8 SYSTEMPATH\CodeIgniter.php(368): CodeIgniter\CodeIgniter->handleRequest(null, Object(Config\Cache), false)
 9 FCPATH\index.php(67): CodeIgniter\CodeIgniter->run()
10 SYSTEMPATH\Commands\Server\rewrite.php(47): require_once('D:\\TUGAS\\KULIAH\\P2MW\\hehe\\gohitfinal\\public\\index.php')
INFO - 2025-05-20 03:52:22 --> Session: Class initialized using 'CodeIgniter\Session\Handlers\FileHandler' driver.
CRITICAL - 2025-05-20 03:52:22 --> Undefined variable $tgl
in APPPATH\Views\detaileventp.php on line 24.
 1 APPPATH\Views\detaileventp.php(24): CodeIgniter\Debug\Exceptions->errorHandler(2, 'Undefined variable $tgl', 'D:\\TUGAS\\KULIAH\\P2MW\\hehe\\gohitfinal\\app\\Views\\detaileventp.php', 24)
 2 SYSTEMPATH\View\View.php(213): include('D:\\TUGAS\\KULIAH\\P2MW\\hehe\\gohitfinal\\app\\Views\\detaileventp.php')
 3 SYSTEMPATH\View\View.php(216): CodeIgniter\View\View->CodeIgniter\View\{closure}()
 4 SYSTEMPATH\Common.php(1184): CodeIgniter\View\View->render('detaileventp', [], true)
 5 APPPATH\Controllers\DetailEvent.php(438): view('detaileventp', [...])
 6 SYSTEMPATH\CodeIgniter.php(934): App\Controllers\DetailEvent->peserta('images', 'bg-01.jpg')
 7 SYSTEMPATH\CodeIgniter.php(499): CodeIgniter\CodeIgniter->runController(Object(App\Controllers\DetailEvent))
 8 SYSTEMPATH\CodeIgniter.php(368): CodeIgniter\CodeIgniter->handleRequest(null, Object(Config\Cache), false)
 9 FCPATH\index.php(67): CodeIgniter\CodeIgniter->run()
10 SYSTEMPATH\Commands\Server\rewrite.php(47): require_once('D:\\TUGAS\\KULIAH\\P2MW\\hehe\\gohitfinal\\public\\index.php')
INFO - 2025-05-20 03:52:23 --> Session: Class initialized using 'CodeIgniter\Session\Handlers\FileHandler' driver.
INFO - 2025-05-20 03:52:23 --> Session: Class initialized using 'CodeIgniter\Session\Handlers\FileHandler' driver.
INFO - 2025-05-20 03:52:23 --> Session: Class initialized using 'CodeIgniter\Session\Handlers\FileHandler' driver.
CRITICAL - 2025-05-20 03:52:24 --> Undefined variable $tgl
in APPPATH\Views\detaileventp.php on line 24.
 1 APPPATH\Views\detaileventp.php(24): CodeIgniter\Debug\Exceptions->errorHandler(2, 'Undefined variable $tgl', 'D:\\TUGAS\\KULIAH\\P2MW\\hehe\\gohitfinal\\app\\Views\\detaileventp.php', 24)
 2 SYSTEMPATH\View\View.php(213): include('D:\\TUGAS\\KULIAH\\P2MW\\hehe\\gohitfinal\\app\\Views\\detaileventp.php')
 3 SYSTEMPATH\View\View.php(216): CodeIgniter\View\View->CodeIgniter\View\{closure}()
 4 SYSTEMPATH\Common.php(1184): CodeIgniter\View\View->render('detaileventp', [], true)
 5 APPPATH\Controllers\DetailEvent.php(438): view('detaileventp', [...])
 6 SYSTEMPATH\CodeIgniter.php(934): App\Controllers\DetailEvent->peserta('css', 'main.css')
 7 SYSTEMPATH\CodeIgniter.php(499): CodeIgniter\CodeIgniter->runController(Object(App\Controllers\DetailEvent))
 8 SYSTEMPATH\CodeIgniter.php(368): CodeIgniter\CodeIgniter->handleRequest(null, Object(Config\Cache), false)
 9 FCPATH\index.php(67): CodeIgniter\CodeIgniter->run()
10 SYSTEMPATH\Commands\Server\rewrite.php(47): require_once('D:\\TUGAS\\KULIAH\\P2MW\\hehe\\gohitfinal\\public\\index.php')
INFO - 2025-05-20 03:52:24 --> Session: Class initialized using 'CodeIgniter\Session\Handlers\FileHandler' driver.
CRITICAL - 2025-05-20 03:52:24 --> Undefined variable $tgl
in APPPATH\Views\detaileventp.php on line 24.
 1 APPPATH\Views\detaileventp.php(24): CodeIgniter\Debug\Exceptions->errorHandler(2, 'Undefined variable $tgl', 'D:\\TUGAS\\KULIAH\\P2MW\\hehe\\gohitfinal\\app\\Views\\detaileventp.php', 24)
 2 SYSTEMPATH\View\View.php(213): include('D:\\TUGAS\\KULIAH\\P2MW\\hehe\\gohitfinal\\app\\Views\\detaileventp.php')
 3 SYSTEMPATH\View\View.php(216): CodeIgniter\View\View->CodeIgniter\View\{closure}()
 4 SYSTEMPATH\Common.php(1184): CodeIgniter\View\View->render('detaileventp', [], true)
 5 APPPATH\Controllers\DetailEvent.php(438): view('detaileventp', [...])
 6 SYSTEMPATH\CodeIgniter.php(934): App\Controllers\DetailEvent->peserta('css', 'style.css')
 7 SYSTEMPATH\CodeIgniter.php(499): CodeIgniter\CodeIgniter->runController(Object(App\Controllers\DetailEvent))
 8 SYSTEMPATH\CodeIgniter.php(368): CodeIgniter\CodeIgniter->handleRequest(null, Object(Config\Cache), false)
 9 FCPATH\index.php(67): CodeIgniter\CodeIgniter->run()
10 SYSTEMPATH\Commands\Server\rewrite.php(47): require_once('D:\\TUGAS\\KULIAH\\P2MW\\hehe\\gohitfinal\\public\\index.php')
INFO - 2025-05-20 03:52:24 --> Session: Class initialized using 'CodeIgniter\Session\Handlers\FileHandler' driver.
CRITICAL - 2025-05-20 03:52:24 --> Undefined variable $tgl
in APPPATH\Views\detaileventp.php on line 24.
 1 APPPATH\Views\detaileventp.php(24): CodeIgniter\Debug\Exceptions->errorHandler(2, 'Undefined variable $tgl', 'D:\\TUGAS\\KULIAH\\P2MW\\hehe\\gohitfinal\\app\\Views\\detaileventp.php', 24)
 2 SYSTEMPATH\View\View.php(213): include('D:\\TUGAS\\KULIAH\\P2MW\\hehe\\gohitfinal\\app\\Views\\detaileventp.php')
 3 SYSTEMPATH\View\View.php(216): CodeIgniter\View\View->CodeIgniter\View\{closure}()
 4 SYSTEMPATH\Common.php(1184): CodeIgniter\View\View->render('detaileventp', [], true)
 5 APPPATH\Controllers\DetailEvent.php(438): view('detaileventp', [...])
 6 SYSTEMPATH\CodeIgniter.php(934): App\Controllers\DetailEvent->peserta('images', 'bg-01.jpg')
 7 SYSTEMPATH\CodeIgniter.php(499): CodeIgniter\CodeIgniter->runController(Object(App\Controllers\DetailEvent))
 8 SYSTEMPATH\CodeIgniter.php(368): CodeIgniter\CodeIgniter->handleRequest(null, Object(Config\Cache), false)
 9 FCPATH\index.php(67): CodeIgniter\CodeIgniter->run()
10 SYSTEMPATH\Commands\Server\rewrite.php(47): require_once('D:\\TUGAS\\KULIAH\\P2MW\\hehe\\gohitfinal\\public\\index.php')
INFO - 2025-05-20 03:52:27 --> Session: Class initialized using 'CodeIgniter\Session\Handlers\FileHandler' driver.
INFO - 2025-05-20 03:52:27 --> Session: Class initialized using 'CodeIgniter\Session\Handlers\FileHandler' driver.
INFO - 2025-05-20 03:52:27 --> Session: Class initialized using 'CodeIgniter\Session\Handlers\FileHandler' driver.
CRITICAL - 2025-05-20 03:52:27 --> Undefined variable $tgl
in APPPATH\Views\detaileventp.php on line 24.
 1 APPPATH\Views\detaileventp.php(24): CodeIgniter\Debug\Exceptions->errorHandler(2, 'Undefined variable $tgl', 'D:\\TUGAS\\KULIAH\\P2MW\\hehe\\gohitfinal\\app\\Views\\detaileventp.php', 24)
 2 SYSTEMPATH\View\View.php(213): include('D:\\TUGAS\\KULIAH\\P2MW\\hehe\\gohitfinal\\app\\Views\\detaileventp.php')
 3 SYSTEMPATH\View\View.php(216): CodeIgniter\View\View->CodeIgniter\View\{closure}()
 4 SYSTEMPATH\Common.php(1184): CodeIgniter\View\View->render('detaileventp', [], true)
 5 APPPATH\Controllers\DetailEvent.php(438): view('detaileventp', [...])
 6 SYSTEMPATH\CodeIgniter.php(934): App\Controllers\DetailEvent->peserta('css', 'main.css')
 7 SYSTEMPATH\CodeIgniter.php(499): CodeIgniter\CodeIgniter->runController(Object(App\Controllers\DetailEvent))
 8 SYSTEMPATH\CodeIgniter.php(368): CodeIgniter\CodeIgniter->handleRequest(null, Object(Config\Cache), false)
 9 FCPATH\index.php(67): CodeIgniter\CodeIgniter->run()
10 SYSTEMPATH\Commands\Server\rewrite.php(47): require_once('D:\\TUGAS\\KULIAH\\P2MW\\hehe\\gohitfinal\\public\\index.php')
INFO - 2025-05-20 03:52:27 --> Session: Class initialized using 'CodeIgniter\Session\Handlers\FileHandler' driver.
CRITICAL - 2025-05-20 03:52:27 --> Undefined variable $tgl
in APPPATH\Views\detaileventp.php on line 24.
 1 APPPATH\Views\detaileventp.php(24): CodeIgniter\Debug\Exceptions->errorHandler(2, 'Undefined variable $tgl', 'D:\\TUGAS\\KULIAH\\P2MW\\hehe\\gohitfinal\\app\\Views\\detaileventp.php', 24)
 2 SYSTEMPATH\View\View.php(213): include('D:\\TUGAS\\KULIAH\\P2MW\\hehe\\gohitfinal\\app\\Views\\detaileventp.php')
 3 SYSTEMPATH\View\View.php(216): CodeIgniter\View\View->CodeIgniter\View\{closure}()
 4 SYSTEMPATH\Common.php(1184): CodeIgniter\View\View->render('detaileventp', [], true)
 5 APPPATH\Controllers\DetailEvent.php(438): view('detaileventp', [...])
 6 SYSTEMPATH\CodeIgniter.php(934): App\Controllers\DetailEvent->peserta('css', 'style.css')
 7 SYSTEMPATH\CodeIgniter.php(499): CodeIgniter\CodeIgniter->runController(Object(App\Controllers\DetailEvent))
 8 SYSTEMPATH\CodeIgniter.php(368): CodeIgniter\CodeIgniter->handleRequest(null, Object(Config\Cache), false)
 9 FCPATH\index.php(67): CodeIgniter\CodeIgniter->run()
10 SYSTEMPATH\Commands\Server\rewrite.php(47): require_once('D:\\TUGAS\\KULIAH\\P2MW\\hehe\\gohitfinal\\public\\index.php')
INFO - 2025-05-20 03:52:27 --> Session: Class initialized using 'CodeIgniter\Session\Handlers\FileHandler' driver.
CRITICAL - 2025-05-20 03:52:27 --> Undefined variable $tgl
in APPPATH\Views\detaileventp.php on line 24.
 1 APPPATH\Views\detaileventp.php(24): CodeIgniter\Debug\Exceptions->errorHandler(2, 'Undefined variable $tgl', 'D:\\TUGAS\\KULIAH\\P2MW\\hehe\\gohitfinal\\app\\Views\\detaileventp.php', 24)
 2 SYSTEMPATH\View\View.php(213): include('D:\\TUGAS\\KULIAH\\P2MW\\hehe\\gohitfinal\\app\\Views\\detaileventp.php')
 3 SYSTEMPATH\View\View.php(216): CodeIgniter\View\View->CodeIgniter\View\{closure}()
 4 SYSTEMPATH\Common.php(1184): CodeIgniter\View\View->render('detaileventp', [], true)
 5 APPPATH\Controllers\DetailEvent.php(438): view('detaileventp', [...])
 6 SYSTEMPATH\CodeIgniter.php(934): App\Controllers\DetailEvent->peserta('images', 'bg-01.jpg')
 7 SYSTEMPATH\CodeIgniter.php(499): CodeIgniter\CodeIgniter->runController(Object(App\Controllers\DetailEvent))
 8 SYSTEMPATH\CodeIgniter.php(368): CodeIgniter\CodeIgniter->handleRequest(null, Object(Config\Cache), false)
 9 FCPATH\index.php(67): CodeIgniter\CodeIgniter->run()
10 SYSTEMPATH\Commands\Server\rewrite.php(47): require_once('D:\\TUGAS\\KULIAH\\P2MW\\hehe\\gohitfinal\\public\\index.php')
INFO - 2025-05-20 03:52:45 --> Session: Class initialized using 'CodeIgniter\Session\Handlers\FileHandler' driver.
INFO - 2025-05-20 03:52:45 --> Session: Class initialized using 'CodeIgniter\Session\Handlers\FileHandler' driver.
INFO - 2025-05-20 03:52:45 --> Session: Class initialized using 'CodeIgniter\Session\Handlers\FileHandler' driver.
CRITICAL - 2025-05-20 03:52:45 --> Undefined variable $tgl
in APPPATH\Views\detaileventp.php on line 24.
 1 APPPATH\Views\detaileventp.php(24): CodeIgniter\Debug\Exceptions->errorHandler(2, 'Undefined variable $tgl', 'D:\\TUGAS\\KULIAH\\P2MW\\hehe\\gohitfinal\\app\\Views\\detaileventp.php', 24)
 2 SYSTEMPATH\View\View.php(213): include('D:\\TUGAS\\KULIAH\\P2MW\\hehe\\gohitfinal\\app\\Views\\detaileventp.php')
 3 SYSTEMPATH\View\View.php(216): CodeIgniter\View\View->CodeIgniter\View\{closure}()
 4 SYSTEMPATH\Common.php(1184): CodeIgniter\View\View->render('detaileventp', [], true)
 5 APPPATH\Controllers\DetailEvent.php(438): view('detaileventp', [...])
 6 SYSTEMPATH\CodeIgniter.php(934): App\Controllers\DetailEvent->peserta('css', 'main.css')
 7 SYSTEMPATH\CodeIgniter.php(499): CodeIgniter\CodeIgniter->runController(Object(App\Controllers\DetailEvent))
 8 SYSTEMPATH\CodeIgniter.php(368): CodeIgniter\CodeIgniter->handleRequest(null, Object(Config\Cache), false)
 9 FCPATH\index.php(67): CodeIgniter\CodeIgniter->run()
10 SYSTEMPATH\Commands\Server\rewrite.php(47): require_once('D:\\TUGAS\\KULIAH\\P2MW\\hehe\\gohitfinal\\public\\index.php')
INFO - 2025-05-20 03:52:45 --> Session: Class initialized using 'CodeIgniter\Session\Handlers\FileHandler' driver.
CRITICAL - 2025-05-20 03:52:45 --> Undefined variable $tgl
in APPPATH\Views\detaileventp.php on line 24.
 1 APPPATH\Views\detaileventp.php(24): CodeIgniter\Debug\Exceptions->errorHandler(2, 'Undefined variable $tgl', 'D:\\TUGAS\\KULIAH\\P2MW\\hehe\\gohitfinal\\app\\Views\\detaileventp.php', 24)
 2 SYSTEMPATH\View\View.php(213): include('D:\\TUGAS\\KULIAH\\P2MW\\hehe\\gohitfinal\\app\\Views\\detaileventp.php')
 3 SYSTEMPATH\View\View.php(216): CodeIgniter\View\View->CodeIgniter\View\{closure}()
 4 SYSTEMPATH\Common.php(1184): CodeIgniter\View\View->render('detaileventp', [], true)
 5 APPPATH\Controllers\DetailEvent.php(438): view('detaileventp', [...])
 6 SYSTEMPATH\CodeIgniter.php(934): App\Controllers\DetailEvent->peserta('css', 'style.css')
 7 SYSTEMPATH\CodeIgniter.php(499): CodeIgniter\CodeIgniter->runController(Object(App\Controllers\DetailEvent))
 8 SYSTEMPATH\CodeIgniter.php(368): CodeIgniter\CodeIgniter->handleRequest(null, Object(Config\Cache), false)
 9 FCPATH\index.php(67): CodeIgniter\CodeIgniter->run()
10 SYSTEMPATH\Commands\Server\rewrite.php(47): require_once('D:\\TUGAS\\KULIAH\\P2MW\\hehe\\gohitfinal\\public\\index.php')
INFO - 2025-05-20 03:52:46 --> Session: Class initialized using 'CodeIgniter\Session\Handlers\FileHandler' driver.
CRITICAL - 2025-05-20 03:52:46 --> Undefined variable $tgl
in APPPATH\Views\detaileventp.php on line 24.
 1 APPPATH\Views\detaileventp.php(24): CodeIgniter\Debug\Exceptions->errorHandler(2, 'Undefined variable $tgl', 'D:\\TUGAS\\KULIAH\\P2MW\\hehe\\gohitfinal\\app\\Views\\detaileventp.php', 24)
 2 SYSTEMPATH\View\View.php(213): include('D:\\TUGAS\\KULIAH\\P2MW\\hehe\\gohitfinal\\app\\Views\\detaileventp.php')
 3 SYSTEMPATH\View\View.php(216): CodeIgniter\View\View->CodeIgniter\View\{closure}()
 4 SYSTEMPATH\Common.php(1184): CodeIgniter\View\View->render('detaileventp', [], true)
 5 APPPATH\Controllers\DetailEvent.php(438): view('detaileventp', [...])
 6 SYSTEMPATH\CodeIgniter.php(934): App\Controllers\DetailEvent->peserta('images', 'bg-01.jpg')
 7 SYSTEMPATH\CodeIgniter.php(499): CodeIgniter\CodeIgniter->runController(Object(App\Controllers\DetailEvent))
 8 SYSTEMPATH\CodeIgniter.php(368): CodeIgniter\CodeIgniter->handleRequest(null, Object(Config\Cache), false)
 9 FCPATH\index.php(67): CodeIgniter\CodeIgniter->run()
10 SYSTEMPATH\Commands\Server\rewrite.php(47): require_once('D:\\TUGAS\\KULIAH\\P2MW\\hehe\\gohitfinal\\public\\index.php')
INFO - 2025-05-20 04:12:56 --> Session: Class initialized using 'CodeIgniter\Session\Handlers\FileHandler' driver.
INFO - 2025-05-20 04:13:00 --> Session: Class initialized using 'CodeIgniter\Session\Handlers\FileHandler' driver.
INFO - 2025-05-20 04:15:52 --> Session: Class initialized using 'CodeIgniter\Session\Handlers\FileHandler' driver.
INFO - 2025-05-20 04:15:52 --> Session: Class initialized using 'CodeIgniter\Session\Handlers\FileHandler' driver.
CRITICAL - 2025-05-20 04:15:52 --> Undefined variable $tgl
in APPPATH\Views\detaileventp.php on line 24.
 1 APPPATH\Views\detaileventp.php(24): CodeIgniter\Debug\Exceptions->errorHandler(2, 'Undefined variable $tgl', 'D:\\TUGAS\\KULIAH\\P2MW\\hehe\\gohitfinal\\app\\Views\\detaileventp.php', 24)
 2 SYSTEMPATH\View\View.php(213): include('D:\\TUGAS\\KULIAH\\P2MW\\hehe\\gohitfinal\\app\\Views\\detaileventp.php')
 3 SYSTEMPATH\View\View.php(216): CodeIgniter\View\View->CodeIgniter\View\{closure}()
 4 SYSTEMPATH\Common.php(1184): CodeIgniter\View\View->render('detaileventp', [], true)
 5 APPPATH\Controllers\DetailEvent.php(438): view('detaileventp', [...])
 6 SYSTEMPATH\CodeIgniter.php(934): App\Controllers\DetailEvent->peserta('css', 'main.css')
 7 SYSTEMPATH\CodeIgniter.php(499): CodeIgniter\CodeIgniter->runController(Object(App\Controllers\DetailEvent))
 8 SYSTEMPATH\CodeIgniter.php(368): CodeIgniter\CodeIgniter->handleRequest(null, Object(Config\Cache), false)
 9 FCPATH\index.php(67): CodeIgniter\CodeIgniter->run()
10 SYSTEMPATH\Commands\Server\rewrite.php(47): require_once('D:\\TUGAS\\KULIAH\\P2MW\\hehe\\gohitfinal\\public\\index.php')
INFO - 2025-05-20 04:15:52 --> Session: Class initialized using 'CodeIgniter\Session\Handlers\FileHandler' driver.
CRITICAL - 2025-05-20 04:15:52 --> Undefined variable $tgl
in APPPATH\Views\detaileventp.php on line 24.
 1 APPPATH\Views\detaileventp.php(24): CodeIgniter\Debug\Exceptions->errorHandler(2, 'Undefined variable $tgl', 'D:\\TUGAS\\KULIAH\\P2MW\\hehe\\gohitfinal\\app\\Views\\detaileventp.php', 24)
 2 SYSTEMPATH\View\View.php(213): include('D:\\TUGAS\\KULIAH\\P2MW\\hehe\\gohitfinal\\app\\Views\\detaileventp.php')
 3 SYSTEMPATH\View\View.php(216): CodeIgniter\View\View->CodeIgniter\View\{closure}()
 4 SYSTEMPATH\Common.php(1184): CodeIgniter\View\View->render('detaileventp', [], true)
 5 APPPATH\Controllers\DetailEvent.php(438): view('detaileventp', [...])
 6 SYSTEMPATH\CodeIgniter.php(934): App\Controllers\DetailEvent->peserta('css', 'style.css')
 7 SYSTEMPATH\CodeIgniter.php(499): CodeIgniter\CodeIgniter->runController(Object(App\Controllers\DetailEvent))
 8 SYSTEMPATH\CodeIgniter.php(368): CodeIgniter\CodeIgniter->handleRequest(null, Object(Config\Cache), false)
 9 FCPATH\index.php(67): CodeIgniter\CodeIgniter->run()
10 SYSTEMPATH\Commands\Server\rewrite.php(47): require_once('D:\\TUGAS\\KULIAH\\P2MW\\hehe\\gohitfinal\\public\\index.php')
INFO - 2025-05-20 04:15:53 --> Session: Class initialized using 'CodeIgniter\Session\Handlers\FileHandler' driver.
CRITICAL - 2025-05-20 04:15:53 --> Undefined variable $tgl
in APPPATH\Views\detaileventp.php on line 24.
 1 APPPATH\Views\detaileventp.php(24): CodeIgniter\Debug\Exceptions->errorHandler(2, 'Undefined variable $tgl', 'D:\\TUGAS\\KULIAH\\P2MW\\hehe\\gohitfinal\\app\\Views\\detaileventp.php', 24)
 2 SYSTEMPATH\View\View.php(213): include('D:\\TUGAS\\KULIAH\\P2MW\\hehe\\gohitfinal\\app\\Views\\detaileventp.php')
 3 SYSTEMPATH\View\View.php(216): CodeIgniter\View\View->CodeIgniter\View\{closure}()
 4 SYSTEMPATH\Common.php(1184): CodeIgniter\View\View->render('detaileventp', [], true)
 5 APPPATH\Controllers\DetailEvent.php(438): view('detaileventp', [...])
 6 SYSTEMPATH\CodeIgniter.php(934): App\Controllers\DetailEvent->peserta('images', 'bg-01.jpg')
 7 SYSTEMPATH\CodeIgniter.php(499): CodeIgniter\CodeIgniter->runController(Object(App\Controllers\DetailEvent))
 8 SYSTEMPATH\CodeIgniter.php(368): CodeIgniter\CodeIgniter->handleRequest(null, Object(Config\Cache), false)
 9 FCPATH\index.php(67): CodeIgniter\CodeIgniter->run()
10 SYSTEMPATH\Commands\Server\rewrite.php(47): require_once('D:\\TUGAS\\KULIAH\\P2MW\\hehe\\gohitfinal\\public\\index.php')
INFO - 2025-05-20 04:16:23 --> Session: Class initialized using 'CodeIgniter\Session\Handlers\FileHandler' driver.
INFO - 2025-05-20 04:16:24 --> Session: Class initialized using 'CodeIgniter\Session\Handlers\FileHandler' driver.
CRITICAL - 2025-05-20 04:16:24 --> Undefined variable $tgl
in APPPATH\Views\detaileventp.php on line 24.
 1 APPPATH\Views\detaileventp.php(24): CodeIgniter\Debug\Exceptions->errorHandler(2, 'Undefined variable $tgl', 'D:\\TUGAS\\KULIAH\\P2MW\\hehe\\gohitfinal\\app\\Views\\detaileventp.php', 24)
 2 SYSTEMPATH\View\View.php(213): include('D:\\TUGAS\\KULIAH\\P2MW\\hehe\\gohitfinal\\app\\Views\\detaileventp.php')
 3 SYSTEMPATH\View\View.php(216): CodeIgniter\View\View->CodeIgniter\View\{closure}()
 4 SYSTEMPATH\Common.php(1184): CodeIgniter\View\View->render('detaileventp', [], true)
 5 APPPATH\Controllers\DetailEvent.php(438): view('detaileventp', [...])
 6 SYSTEMPATH\CodeIgniter.php(934): App\Controllers\DetailEvent->peserta('css', 'main.css')
 7 SYSTEMPATH\CodeIgniter.php(499): CodeIgniter\CodeIgniter->runController(Object(App\Controllers\DetailEvent))
 8 SYSTEMPATH\CodeIgniter.php(368): CodeIgniter\CodeIgniter->handleRequest(null, Object(Config\Cache), false)
 9 FCPATH\index.php(67): CodeIgniter\CodeIgniter->run()
10 SYSTEMPATH\Commands\Server\rewrite.php(47): require_once('D:\\TUGAS\\KULIAH\\P2MW\\hehe\\gohitfinal\\public\\index.php')
INFO - 2025-05-20 04:16:24 --> Session: Class initialized using 'CodeIgniter\Session\Handlers\FileHandler' driver.
CRITICAL - 2025-05-20 04:16:24 --> Undefined variable $tgl
in APPPATH\Views\detaileventp.php on line 24.
 1 APPPATH\Views\detaileventp.php(24): CodeIgniter\Debug\Exceptions->errorHandler(2, 'Undefined variable $tgl', 'D:\\TUGAS\\KULIAH\\P2MW\\hehe\\gohitfinal\\app\\Views\\detaileventp.php', 24)
 2 SYSTEMPATH\View\View.php(213): include('D:\\TUGAS\\KULIAH\\P2MW\\hehe\\gohitfinal\\app\\Views\\detaileventp.php')
 3 SYSTEMPATH\View\View.php(216): CodeIgniter\View\View->CodeIgniter\View\{closure}()
 4 SYSTEMPATH\Common.php(1184): CodeIgniter\View\View->render('detaileventp', [], true)
 5 APPPATH\Controllers\DetailEvent.php(438): view('detaileventp', [...])
 6 SYSTEMPATH\CodeIgniter.php(934): App\Controllers\DetailEvent->peserta('css', 'style.css')
 7 SYSTEMPATH\CodeIgniter.php(499): CodeIgniter\CodeIgniter->runController(Object(App\Controllers\DetailEvent))
 8 SYSTEMPATH\CodeIgniter.php(368): CodeIgniter\CodeIgniter->handleRequest(null, Object(Config\Cache), false)
 9 FCPATH\index.php(67): CodeIgniter\CodeIgniter->run()
10 SYSTEMPATH\Commands\Server\rewrite.php(47): require_once('D:\\TUGAS\\KULIAH\\P2MW\\hehe\\gohitfinal\\public\\index.php')
INFO - 2025-05-20 04:16:24 --> Session: Class initialized using 'CodeIgniter\Session\Handlers\FileHandler' driver.
CRITICAL - 2025-05-20 04:16:24 --> Undefined variable $tgl
in APPPATH\Views\detaileventp.php on line 24.
 1 APPPATH\Views\detaileventp.php(24): CodeIgniter\Debug\Exceptions->errorHandler(2, 'Undefined variable $tgl', 'D:\\TUGAS\\KULIAH\\P2MW\\hehe\\gohitfinal\\app\\Views\\detaileventp.php', 24)
 2 SYSTEMPATH\View\View.php(213): include('D:\\TUGAS\\KULIAH\\P2MW\\hehe\\gohitfinal\\app\\Views\\detaileventp.php')
 3 SYSTEMPATH\View\View.php(216): CodeIgniter\View\View->CodeIgniter\View\{closure}()
 4 SYSTEMPATH\Common.php(1184): CodeIgniter\View\View->render('detaileventp', [], true)
 5 APPPATH\Controllers\DetailEvent.php(438): view('detaileventp', [...])
 6 SYSTEMPATH\CodeIgniter.php(934): App\Controllers\DetailEvent->peserta('images', 'bg-01.jpg')
 7 SYSTEMPATH\CodeIgniter.php(499): CodeIgniter\CodeIgniter->runController(Object(App\Controllers\DetailEvent))
 8 SYSTEMPATH\CodeIgniter.php(368): CodeIgniter\CodeIgniter->handleRequest(null, Object(Config\Cache), false)
 9 FCPATH\index.php(67): CodeIgniter\CodeIgniter->run()
10 SYSTEMPATH\Commands\Server\rewrite.php(47): require_once('D:\\TUGAS\\KULIAH\\P2MW\\hehe\\gohitfinal\\public\\index.php')
INFO - 2025-05-20 08:35:53 --> Session: Class initialized using 'CodeIgniter\Session\Handlers\FileHandler' driver.
INFO - 2025-05-20 08:36:03 --> Session: Class initialized using 'CodeIgniter\Session\Handlers\FileHandler' driver.
INFO - 2025-05-20 08:36:04 --> Session: Class initialized using 'CodeIgniter\Session\Handlers\FileHandler' driver.
INFO - 2025-05-20 08:36:05 --> Session: Class initialized using 'CodeIgniter\Session\Handlers\FileHandler' driver.
INFO - 2025-05-20 08:36:22 --> Session: Class initialized using 'CodeIgniter\Session\Handlers\FileHandler' driver.
INFO - 2025-05-20 08:36:34 --> Session: Class initialized using 'CodeIgniter\Session\Handlers\FileHandler' driver.
INFO - 2025-05-20 08:36:54 --> Session: Class initialized using 'CodeIgniter\Session\Handlers\FileHandler' driver.
INFO - 2025-05-20 08:36:54 --> Session: Class initialized using 'CodeIgniter\Session\Handlers\FileHandler' driver.
INFO - 2025-05-20 08:37:03 --> Session: Class initialized using 'CodeIgniter\Session\Handlers\FileHandler' driver.
INFO - 2025-05-20 08:37:09 --> Session: Class initialized using 'CodeIgniter\Session\Handlers\FileHandler' driver.
INFO - 2025-05-20 08:37:13 --> Session: Class initialized using 'CodeIgniter\Session\Handlers\FileHandler' driver.
INFO - 2025-05-20 08:37:19 --> Session: Class initialized using 'CodeIgniter\Session\Handlers\FileHandler' driver.
INFO - 2025-05-20 08:37:19 --> Session: Class initialized using 'CodeIgniter\Session\Handlers\FileHandler' driver.
CRITICAL - 2025-05-20 08:37:19 --> foreach() argument must be of type array|object, null given
in SYSTEMPATH\Database\BaseBuilder.php on line 411.
 1 SYSTEMPATH\Database\BaseBuilder.php(411): CodeIgniter\Debug\Exceptions->errorHandler(2, 'foreach() argument must be of type array|object, null given', 'D:\\TUGAS\\KULIAH\\P2MW\\hehe\\gohitfinal\\system\\Database\\BaseBuilder.php', 411)
 2 SYSTEMPATH\Model.php(840): CodeIgniter\Database\BaseBuilder->select(null)
 3 APPPATH\Models\Fisher.php(20): CodeIgniter\Model->__call('select', [...])
 4 APPPATH\Controllers\DetailEvent.php(67): App\Models\Fisher->getUserPointBySport(null, null)
 5 SYSTEMPATH\CodeIgniter.php(934): App\Controllers\DetailEvent->index('css', 'main.css')
 6 SYSTEMPATH\CodeIgniter.php(499): CodeIgniter\CodeIgniter->runController(Object(App\Controllers\DetailEvent))
 7 SYSTEMPATH\CodeIgniter.php(368): CodeIgniter\CodeIgniter->handleRequest(null, Object(Config\Cache), false)
 8 FCPATH\index.php(67): CodeIgniter\CodeIgniter->run()
 9 SYSTEMPATH\Commands\Server\rewrite.php(47): require_once('D:\\TUGAS\\KULIAH\\P2MW\\hehe\\gohitfinal\\public\\index.php')
INFO - 2025-05-20 08:37:20 --> Session: Class initialized using 'CodeIgniter\Session\Handlers\FileHandler' driver.
CRITICAL - 2025-05-20 08:37:20 --> foreach() argument must be of type array|object, null given
in SYSTEMPATH\Database\BaseBuilder.php on line 411.
 1 SYSTEMPATH\Database\BaseBuilder.php(411): CodeIgniter\Debug\Exceptions->errorHandler(2, 'foreach() argument must be of type array|object, null given', 'D:\\TUGAS\\KULIAH\\P2MW\\hehe\\gohitfinal\\system\\Database\\BaseBuilder.php', 411)
 2 SYSTEMPATH\Model.php(840): CodeIgniter\Database\BaseBuilder->select(null)
 3 APPPATH\Models\Fisher.php(20): CodeIgniter\Model->__call('select', [...])
 4 APPPATH\Controllers\DetailEvent.php(67): App\Models\Fisher->getUserPointBySport(null, null)
 5 SYSTEMPATH\CodeIgniter.php(934): App\Controllers\DetailEvent->index('css', 'style.css')
 6 SYSTEMPATH\CodeIgniter.php(499): CodeIgniter\CodeIgniter->runController(Object(App\Controllers\DetailEvent))
 7 SYSTEMPATH\CodeIgniter.php(368): CodeIgniter\CodeIgniter->handleRequest(null, Object(Config\Cache), false)
 8 FCPATH\index.php(67): CodeIgniter\CodeIgniter->run()
 9 SYSTEMPATH\Commands\Server\rewrite.php(47): require_once('D:\\TUGAS\\KULIAH\\P2MW\\hehe\\gohitfinal\\public\\index.php')
INFO - 2025-05-20 08:37:20 --> Session: Class initialized using 'CodeIgniter\Session\Handlers\FileHandler' driver.
CRITICAL - 2025-05-20 08:37:20 --> foreach() argument must be of type array|object, null given
in SYSTEMPATH\Database\BaseBuilder.php on line 411.
 1 SYSTEMPATH\Database\BaseBuilder.php(411): CodeIgniter\Debug\Exceptions->errorHandler(2, 'foreach() argument must be of type array|object, null given', 'D:\\TUGAS\\KULIAH\\P2MW\\hehe\\gohitfinal\\system\\Database\\BaseBuilder.php', 411)
 2 SYSTEMPATH\Model.php(840): CodeIgniter\Database\BaseBuilder->select(null)
 3 APPPATH\Models\Fisher.php(20): CodeIgniter\Model->__call('select', [...])
 4 APPPATH\Controllers\DetailEvent.php(67): App\Models\Fisher->getUserPointBySport(null, null)
 5 SYSTEMPATH\CodeIgniter.php(934): App\Controllers\DetailEvent->index('images', 'bg-01.jpg')
 6 SYSTEMPATH\CodeIgniter.php(499): CodeIgniter\CodeIgniter->runController(Object(App\Controllers\DetailEvent))
 7 SYSTEMPATH\CodeIgniter.php(368): CodeIgniter\CodeIgniter->handleRequest(null, Object(Config\Cache), false)
 8 FCPATH\index.php(67): CodeIgniter\CodeIgniter->run()
 9 SYSTEMPATH\Commands\Server\rewrite.php(47): require_once('D:\\TUGAS\\KULIAH\\P2MW\\hehe\\gohitfinal\\public\\index.php')
INFO - 2025-05-20 08:38:02 --> Session: Class initialized using 'CodeIgniter\Session\Handlers\FileHandler' driver.
INFO - 2025-05-20 08:38:02 --> Session: Class initialized using 'CodeIgniter\Session\Handlers\FileHandler' driver.
CRITICAL - 2025-05-20 08:38:02 --> foreach() argument must be of type array|object, null given
in SYSTEMPATH\Database\BaseBuilder.php on line 411.
 1 SYSTEMPATH\Database\BaseBuilder.php(411): CodeIgniter\Debug\Exceptions->errorHandler(2, 'foreach() argument must be of type array|object, null given', 'D:\\TUGAS\\KULIAH\\P2MW\\hehe\\gohitfinal\\system\\Database\\BaseBuilder.php', 411)
 2 SYSTEMPATH\Model.php(840): CodeIgniter\Database\BaseBuilder->select(null)
 3 APPPATH\Models\Fisher.php(20): CodeIgniter\Model->__call('select', [...])
 4 APPPATH\Controllers\DetailEvent.php(67): App\Models\Fisher->getUserPointBySport(null, null)
 5 SYSTEMPATH\CodeIgniter.php(934): App\Controllers\DetailEvent->index('css', 'main.css')
 6 SYSTEMPATH\CodeIgniter.php(499): CodeIgniter\CodeIgniter->runController(Object(App\Controllers\DetailEvent))
 7 SYSTEMPATH\CodeIgniter.php(368): CodeIgniter\CodeIgniter->handleRequest(null, Object(Config\Cache), false)
 8 FCPATH\index.php(67): CodeIgniter\CodeIgniter->run()
 9 SYSTEMPATH\Commands\Server\rewrite.php(47): require_once('D:\\TUGAS\\KULIAH\\P2MW\\hehe\\gohitfinal\\public\\index.php')
INFO - 2025-05-20 08:38:02 --> Session: Class initialized using 'CodeIgniter\Session\Handlers\FileHandler' driver.
CRITICAL - 2025-05-20 08:38:02 --> foreach() argument must be of type array|object, null given
in SYSTEMPATH\Database\BaseBuilder.php on line 411.
 1 SYSTEMPATH\Database\BaseBuilder.php(411): CodeIgniter\Debug\Exceptions->errorHandler(2, 'foreach() argument must be of type array|object, null given', 'D:\\TUGAS\\KULIAH\\P2MW\\hehe\\gohitfinal\\system\\Database\\BaseBuilder.php', 411)
 2 SYSTEMPATH\Model.php(840): CodeIgniter\Database\BaseBuilder->select(null)
 3 APPPATH\Models\Fisher.php(20): CodeIgniter\Model->__call('select', [...])
 4 APPPATH\Controllers\DetailEvent.php(67): App\Models\Fisher->getUserPointBySport(null, null)
 5 SYSTEMPATH\CodeIgniter.php(934): App\Controllers\DetailEvent->index('css', 'style.css')
 6 SYSTEMPATH\CodeIgniter.php(499): CodeIgniter\CodeIgniter->runController(Object(App\Controllers\DetailEvent))
 7 SYSTEMPATH\CodeIgniter.php(368): CodeIgniter\CodeIgniter->handleRequest(null, Object(Config\Cache), false)
 8 FCPATH\index.php(67): CodeIgniter\CodeIgniter->run()
 9 SYSTEMPATH\Commands\Server\rewrite.php(47): require_once('D:\\TUGAS\\KULIAH\\P2MW\\hehe\\gohitfinal\\public\\index.php')
INFO - 2025-05-20 08:38:02 --> Session: Class initialized using 'CodeIgniter\Session\Handlers\FileHandler' driver.
CRITICAL - 2025-05-20 08:38:02 --> foreach() argument must be of type array|object, null given
in SYSTEMPATH\Database\BaseBuilder.php on line 411.
 1 SYSTEMPATH\Database\BaseBuilder.php(411): CodeIgniter\Debug\Exceptions->errorHandler(2, 'foreach() argument must be of type array|object, null given', 'D:\\TUGAS\\KULIAH\\P2MW\\hehe\\gohitfinal\\system\\Database\\BaseBuilder.php', 411)
 2 SYSTEMPATH\Model.php(840): CodeIgniter\Database\BaseBuilder->select(null)
 3 APPPATH\Models\Fisher.php(20): CodeIgniter\Model->__call('select', [...])
 4 APPPATH\Controllers\DetailEvent.php(67): App\Models\Fisher->getUserPointBySport(null, null)
 5 SYSTEMPATH\CodeIgniter.php(934): App\Controllers\DetailEvent->index('images', 'bg-01.jpg')
 6 SYSTEMPATH\CodeIgniter.php(499): CodeIgniter\CodeIgniter->runController(Object(App\Controllers\DetailEvent))
 7 SYSTEMPATH\CodeIgniter.php(368): CodeIgniter\CodeIgniter->handleRequest(null, Object(Config\Cache), false)
 8 FCPATH\index.php(67): CodeIgniter\CodeIgniter->run()
 9 SYSTEMPATH\Commands\Server\rewrite.php(47): require_once('D:\\TUGAS\\KULIAH\\P2MW\\hehe\\gohitfinal\\public\\index.php')
INFO - 2025-05-20 08:42:20 --> Session: Class initialized using 'CodeIgniter\Session\Handlers\FileHandler' driver.
INFO - 2025-05-20 08:42:21 --> Session: Class initialized using 'CodeIgniter\Session\Handlers\FileHandler' driver.
CRITICAL - 2025-05-20 08:42:21 --> foreach() argument must be of type array|object, null given
in SYSTEMPATH\Database\BaseBuilder.php on line 411.
 1 SYSTEMPATH\Database\BaseBuilder.php(411): CodeIgniter\Debug\Exceptions->errorHandler(2, 'foreach() argument must be of type array|object, null given', 'D:\\TUGAS\\KULIAH\\P2MW\\hehe\\gohitfinal\\system\\Database\\BaseBuilder.php', 411)
 2 SYSTEMPATH\Model.php(840): CodeIgniter\Database\BaseBuilder->select(null)
 3 APPPATH\Models\Fisher.php(20): CodeIgniter\Model->__call('select', [...])
 4 APPPATH\Controllers\DetailEvent.php(67): App\Models\Fisher->getUserPointBySport(null, null)
 5 SYSTEMPATH\CodeIgniter.php(934): App\Controllers\DetailEvent->index('css', 'main.css')
 6 SYSTEMPATH\CodeIgniter.php(499): CodeIgniter\CodeIgniter->runController(Object(App\Controllers\DetailEvent))
 7 SYSTEMPATH\CodeIgniter.php(368): CodeIgniter\CodeIgniter->handleRequest(null, Object(Config\Cache), false)
 8 FCPATH\index.php(67): CodeIgniter\CodeIgniter->run()
 9 SYSTEMPATH\Commands\Server\rewrite.php(47): require_once('D:\\TUGAS\\KULIAH\\P2MW\\hehe\\gohitfinal\\public\\index.php')
INFO - 2025-05-20 08:42:21 --> Session: Class initialized using 'CodeIgniter\Session\Handlers\FileHandler' driver.
CRITICAL - 2025-05-20 08:42:21 --> foreach() argument must be of type array|object, null given
in SYSTEMPATH\Database\BaseBuilder.php on line 411.
 1 SYSTEMPATH\Database\BaseBuilder.php(411): CodeIgniter\Debug\Exceptions->errorHandler(2, 'foreach() argument must be of type array|object, null given', 'D:\\TUGAS\\KULIAH\\P2MW\\hehe\\gohitfinal\\system\\Database\\BaseBuilder.php', 411)
 2 SYSTEMPATH\Model.php(840): CodeIgniter\Database\BaseBuilder->select(null)
 3 APPPATH\Models\Fisher.php(20): CodeIgniter\Model->__call('select', [...])
 4 APPPATH\Controllers\DetailEvent.php(67): App\Models\Fisher->getUserPointBySport(null, null)
 5 SYSTEMPATH\CodeIgniter.php(934): App\Controllers\DetailEvent->index('css', 'style.css')
 6 SYSTEMPATH\CodeIgniter.php(499): CodeIgniter\CodeIgniter->runController(Object(App\Controllers\DetailEvent))
 7 SYSTEMPATH\CodeIgniter.php(368): CodeIgniter\CodeIgniter->handleRequest(null, Object(Config\Cache), false)
 8 FCPATH\index.php(67): CodeIgniter\CodeIgniter->run()
 9 SYSTEMPATH\Commands\Server\rewrite.php(47): require_once('D:\\TUGAS\\KULIAH\\P2MW\\hehe\\gohitfinal\\public\\index.php')
INFO - 2025-05-20 08:42:21 --> Session: Class initialized using 'CodeIgniter\Session\Handlers\FileHandler' driver.
CRITICAL - 2025-05-20 08:42:21 --> foreach() argument must be of type array|object, null given
in SYSTEMPATH\Database\BaseBuilder.php on line 411.
 1 SYSTEMPATH\Database\BaseBuilder.php(411): CodeIgniter\Debug\Exceptions->errorHandler(2, 'foreach() argument must be of type array|object, null given', 'D:\\TUGAS\\KULIAH\\P2MW\\hehe\\gohitfinal\\system\\Database\\BaseBuilder.php', 411)
 2 SYSTEMPATH\Model.php(840): CodeIgniter\Database\BaseBuilder->select(null)
 3 APPPATH\Models\Fisher.php(20): CodeIgniter\Model->__call('select', [...])
 4 APPPATH\Controllers\DetailEvent.php(67): App\Models\Fisher->getUserPointBySport(null, null)
 5 SYSTEMPATH\CodeIgniter.php(934): App\Controllers\DetailEvent->index('images', 'bg-01.jpg')
 6 SYSTEMPATH\CodeIgniter.php(499): CodeIgniter\CodeIgniter->runController(Object(App\Controllers\DetailEvent))
 7 SYSTEMPATH\CodeIgniter.php(368): CodeIgniter\CodeIgniter->handleRequest(null, Object(Config\Cache), false)
 8 FCPATH\index.php(67): CodeIgniter\CodeIgniter->run()
 9 SYSTEMPATH\Commands\Server\rewrite.php(47): require_once('D:\\TUGAS\\KULIAH\\P2MW\\hehe\\gohitfinal\\public\\index.php')
INFO - 2025-05-20 08:42:32 --> Session: Class initialized using 'CodeIgniter\Session\Handlers\FileHandler' driver.
INFO - 2025-05-20 08:42:32 --> Session: Class initialized using 'CodeIgniter\Session\Handlers\FileHandler' driver.
CRITICAL - 2025-05-20 08:42:32 --> foreach() argument must be of type array|object, null given
in SYSTEMPATH\Database\BaseBuilder.php on line 411.
 1 SYSTEMPATH\Database\BaseBuilder.php(411): CodeIgniter\Debug\Exceptions->errorHandler(2, 'foreach() argument must be of type array|object, null given', 'D:\\TUGAS\\KULIAH\\P2MW\\hehe\\gohitfinal\\system\\Database\\BaseBuilder.php', 411)
 2 SYSTEMPATH\Model.php(840): CodeIgniter\Database\BaseBuilder->select(null)
 3 APPPATH\Models\Fisher.php(20): CodeIgniter\Model->__call('select', [...])
 4 APPPATH\Controllers\DetailEvent.php(67): App\Models\Fisher->getUserPointBySport(null, null)
 5 SYSTEMPATH\CodeIgniter.php(934): App\Controllers\DetailEvent->index('css', 'main.css')
 6 SYSTEMPATH\CodeIgniter.php(499): CodeIgniter\CodeIgniter->runController(Object(App\Controllers\DetailEvent))
 7 SYSTEMPATH\CodeIgniter.php(368): CodeIgniter\CodeIgniter->handleRequest(null, Object(Config\Cache), false)
 8 FCPATH\index.php(67): CodeIgniter\CodeIgniter->run()
 9 SYSTEMPATH\Commands\Server\rewrite.php(47): require_once('D:\\TUGAS\\KULIAH\\P2MW\\hehe\\gohitfinal\\public\\index.php')
INFO - 2025-05-20 08:42:33 --> Session: Class initialized using 'CodeIgniter\Session\Handlers\FileHandler' driver.
CRITICAL - 2025-05-20 08:42:33 --> foreach() argument must be of type array|object, null given
in SYSTEMPATH\Database\BaseBuilder.php on line 411.
 1 SYSTEMPATH\Database\BaseBuilder.php(411): CodeIgniter\Debug\Exceptions->errorHandler(2, 'foreach() argument must be of type array|object, null given', 'D:\\TUGAS\\KULIAH\\P2MW\\hehe\\gohitfinal\\system\\Database\\BaseBuilder.php', 411)
 2 SYSTEMPATH\Model.php(840): CodeIgniter\Database\BaseBuilder->select(null)
 3 APPPATH\Models\Fisher.php(20): CodeIgniter\Model->__call('select', [...])
 4 APPPATH\Controllers\DetailEvent.php(67): App\Models\Fisher->getUserPointBySport(null, null)
 5 SYSTEMPATH\CodeIgniter.php(934): App\Controllers\DetailEvent->index('css', 'style.css')
 6 SYSTEMPATH\CodeIgniter.php(499): CodeIgniter\CodeIgniter->runController(Object(App\Controllers\DetailEvent))
 7 SYSTEMPATH\CodeIgniter.php(368): CodeIgniter\CodeIgniter->handleRequest(null, Object(Config\Cache), false)
 8 FCPATH\index.php(67): CodeIgniter\CodeIgniter->run()
 9 SYSTEMPATH\Commands\Server\rewrite.php(47): require_once('D:\\TUGAS\\KULIAH\\P2MW\\hehe\\gohitfinal\\public\\index.php')
INFO - 2025-05-20 08:42:33 --> Session: Class initialized using 'CodeIgniter\Session\Handlers\FileHandler' driver.
CRITICAL - 2025-05-20 08:42:33 --> foreach() argument must be of type array|object, null given
in SYSTEMPATH\Database\BaseBuilder.php on line 411.
 1 SYSTEMPATH\Database\BaseBuilder.php(411): CodeIgniter\Debug\Exceptions->errorHandler(2, 'foreach() argument must be of type array|object, null given', 'D:\\TUGAS\\KULIAH\\P2MW\\hehe\\gohitfinal\\system\\Database\\BaseBuilder.php', 411)
 2 SYSTEMPATH\Model.php(840): CodeIgniter\Database\BaseBuilder->select(null)
 3 APPPATH\Models\Fisher.php(20): CodeIgniter\Model->__call('select', [...])
 4 APPPATH\Controllers\DetailEvent.php(67): App\Models\Fisher->getUserPointBySport(null, null)
 5 SYSTEMPATH\CodeIgniter.php(934): App\Controllers\DetailEvent->index('images', 'bg-01.jpg')
 6 SYSTEMPATH\CodeIgniter.php(499): CodeIgniter\CodeIgniter->runController(Object(App\Controllers\DetailEvent))
 7 SYSTEMPATH\CodeIgniter.php(368): CodeIgniter\CodeIgniter->handleRequest(null, Object(Config\Cache), false)
 8 FCPATH\index.php(67): CodeIgniter\CodeIgniter->run()
 9 SYSTEMPATH\Commands\Server\rewrite.php(47): require_once('D:\\TUGAS\\KULIAH\\P2MW\\hehe\\gohitfinal\\public\\index.php')
INFO - 2025-05-20 08:42:35 --> Session: Class initialized using 'CodeIgniter\Session\Handlers\FileHandler' driver.
INFO - 2025-05-20 08:42:35 --> Session: Class initialized using 'CodeIgniter\Session\Handlers\FileHandler' driver.
CRITICAL - 2025-05-20 08:42:35 --> foreach() argument must be of type array|object, null given
in SYSTEMPATH\Database\BaseBuilder.php on line 411.
 1 SYSTEMPATH\Database\BaseBuilder.php(411): CodeIgniter\Debug\Exceptions->errorHandler(2, 'foreach() argument must be of type array|object, null given', 'D:\\TUGAS\\KULIAH\\P2MW\\hehe\\gohitfinal\\system\\Database\\BaseBuilder.php', 411)
 2 SYSTEMPATH\Model.php(840): CodeIgniter\Database\BaseBuilder->select(null)
 3 APPPATH\Models\Fisher.php(20): CodeIgniter\Model->__call('select', [...])
 4 APPPATH\Controllers\DetailEvent.php(67): App\Models\Fisher->getUserPointBySport(null, null)
 5 SYSTEMPATH\CodeIgniter.php(934): App\Controllers\DetailEvent->index('css', 'main.css')
 6 SYSTEMPATH\CodeIgniter.php(499): CodeIgniter\CodeIgniter->runController(Object(App\Controllers\DetailEvent))
 7 SYSTEMPATH\CodeIgniter.php(368): CodeIgniter\CodeIgniter->handleRequest(null, Object(Config\Cache), false)
 8 FCPATH\index.php(67): CodeIgniter\CodeIgniter->run()
 9 SYSTEMPATH\Commands\Server\rewrite.php(47): require_once('D:\\TUGAS\\KULIAH\\P2MW\\hehe\\gohitfinal\\public\\index.php')
INFO - 2025-05-20 08:42:35 --> Session: Class initialized using 'CodeIgniter\Session\Handlers\FileHandler' driver.
CRITICAL - 2025-05-20 08:42:35 --> foreach() argument must be of type array|object, null given
in SYSTEMPATH\Database\BaseBuilder.php on line 411.
 1 SYSTEMPATH\Database\BaseBuilder.php(411): CodeIgniter\Debug\Exceptions->errorHandler(2, 'foreach() argument must be of type array|object, null given', 'D:\\TUGAS\\KULIAH\\P2MW\\hehe\\gohitfinal\\system\\Database\\BaseBuilder.php', 411)
 2 SYSTEMPATH\Model.php(840): CodeIgniter\Database\BaseBuilder->select(null)
 3 APPPATH\Models\Fisher.php(20): CodeIgniter\Model->__call('select', [...])
 4 APPPATH\Controllers\DetailEvent.php(67): App\Models\Fisher->getUserPointBySport(null, null)
 5 SYSTEMPATH\CodeIgniter.php(934): App\Controllers\DetailEvent->index('css', 'style.css')
 6 SYSTEMPATH\CodeIgniter.php(499): CodeIgniter\CodeIgniter->runController(Object(App\Controllers\DetailEvent))
 7 SYSTEMPATH\CodeIgniter.php(368): CodeIgniter\CodeIgniter->handleRequest(null, Object(Config\Cache), false)
 8 FCPATH\index.php(67): CodeIgniter\CodeIgniter->run()
 9 SYSTEMPATH\Commands\Server\rewrite.php(47): require_once('D:\\TUGAS\\KULIAH\\P2MW\\hehe\\gohitfinal\\public\\index.php')
INFO - 2025-05-20 08:42:36 --> Session: Class initialized using 'CodeIgniter\Session\Handlers\FileHandler' driver.
CRITICAL - 2025-05-20 08:42:36 --> foreach() argument must be of type array|object, null given
in SYSTEMPATH\Database\BaseBuilder.php on line 411.
 1 SYSTEMPATH\Database\BaseBuilder.php(411): CodeIgniter\Debug\Exceptions->errorHandler(2, 'foreach() argument must be of type array|object, null given', 'D:\\TUGAS\\KULIAH\\P2MW\\hehe\\gohitfinal\\system\\Database\\BaseBuilder.php', 411)
 2 SYSTEMPATH\Model.php(840): CodeIgniter\Database\BaseBuilder->select(null)
 3 APPPATH\Models\Fisher.php(20): CodeIgniter\Model->__call('select', [...])
 4 APPPATH\Controllers\DetailEvent.php(67): App\Models\Fisher->getUserPointBySport(null, null)
 5 SYSTEMPATH\CodeIgniter.php(934): App\Controllers\DetailEvent->index('images', 'bg-01.jpg')
 6 SYSTEMPATH\CodeIgniter.php(499): CodeIgniter\CodeIgniter->runController(Object(App\Controllers\DetailEvent))
 7 SYSTEMPATH\CodeIgniter.php(368): CodeIgniter\CodeIgniter->handleRequest(null, Object(Config\Cache), false)
 8 FCPATH\index.php(67): CodeIgniter\CodeIgniter->run()
 9 SYSTEMPATH\Commands\Server\rewrite.php(47): require_once('D:\\TUGAS\\KULIAH\\P2MW\\hehe\\gohitfinal\\public\\index.php')
INFO - 2025-05-20 08:42:38 --> Session: Class initialized using 'CodeIgniter\Session\Handlers\FileHandler' driver.
INFO - 2025-05-20 08:42:38 --> Session: Class initialized using 'CodeIgniter\Session\Handlers\FileHandler' driver.
CRITICAL - 2025-05-20 08:42:38 --> foreach() argument must be of type array|object, null given
in SYSTEMPATH\Database\BaseBuilder.php on line 411.
 1 SYSTEMPATH\Database\BaseBuilder.php(411): CodeIgniter\Debug\Exceptions->errorHandler(2, 'foreach() argument must be of type array|object, null given', 'D:\\TUGAS\\KULIAH\\P2MW\\hehe\\gohitfinal\\system\\Database\\BaseBuilder.php', 411)
 2 SYSTEMPATH\Model.php(840): CodeIgniter\Database\BaseBuilder->select(null)
 3 APPPATH\Models\Fisher.php(20): CodeIgniter\Model->__call('select', [...])
 4 APPPATH\Controllers\DetailEvent.php(67): App\Models\Fisher->getUserPointBySport(null, null)
 5 SYSTEMPATH\CodeIgniter.php(934): App\Controllers\DetailEvent->index('css', 'main.css')
 6 SYSTEMPATH\CodeIgniter.php(499): CodeIgniter\CodeIgniter->runController(Object(App\Controllers\DetailEvent))
 7 SYSTEMPATH\CodeIgniter.php(368): CodeIgniter\CodeIgniter->handleRequest(null, Object(Config\Cache), false)
 8 FCPATH\index.php(67): CodeIgniter\CodeIgniter->run()
 9 SYSTEMPATH\Commands\Server\rewrite.php(47): require_once('D:\\TUGAS\\KULIAH\\P2MW\\hehe\\gohitfinal\\public\\index.php')
INFO - 2025-05-20 08:42:38 --> Session: Class initialized using 'CodeIgniter\Session\Handlers\FileHandler' driver.
CRITICAL - 2025-05-20 08:42:38 --> foreach() argument must be of type array|object, null given
in SYSTEMPATH\Database\BaseBuilder.php on line 411.
 1 SYSTEMPATH\Database\BaseBuilder.php(411): CodeIgniter\Debug\Exceptions->errorHandler(2, 'foreach() argument must be of type array|object, null given', 'D:\\TUGAS\\KULIAH\\P2MW\\hehe\\gohitfinal\\system\\Database\\BaseBuilder.php', 411)
 2 SYSTEMPATH\Model.php(840): CodeIgniter\Database\BaseBuilder->select(null)
 3 APPPATH\Models\Fisher.php(20): CodeIgniter\Model->__call('select', [...])
 4 APPPATH\Controllers\DetailEvent.php(67): App\Models\Fisher->getUserPointBySport(null, null)
 5 SYSTEMPATH\CodeIgniter.php(934): App\Controllers\DetailEvent->index('css', 'style.css')
 6 SYSTEMPATH\CodeIgniter.php(499): CodeIgniter\CodeIgniter->runController(Object(App\Controllers\DetailEvent))
 7 SYSTEMPATH\CodeIgniter.php(368): CodeIgniter\CodeIgniter->handleRequest(null, Object(Config\Cache), false)
 8 FCPATH\index.php(67): CodeIgniter\CodeIgniter->run()
 9 SYSTEMPATH\Commands\Server\rewrite.php(47): require_once('D:\\TUGAS\\KULIAH\\P2MW\\hehe\\gohitfinal\\public\\index.php')
INFO - 2025-05-20 08:42:38 --> Session: Class initialized using 'CodeIgniter\Session\Handlers\FileHandler' driver.
CRITICAL - 2025-05-20 08:42:38 --> foreach() argument must be of type array|object, null given
in SYSTEMPATH\Database\BaseBuilder.php on line 411.
 1 SYSTEMPATH\Database\BaseBuilder.php(411): CodeIgniter\Debug\Exceptions->errorHandler(2, 'foreach() argument must be of type array|object, null given', 'D:\\TUGAS\\KULIAH\\P2MW\\hehe\\gohitfinal\\system\\Database\\BaseBuilder.php', 411)
 2 SYSTEMPATH\Model.php(840): CodeIgniter\Database\BaseBuilder->select(null)
 3 APPPATH\Models\Fisher.php(20): CodeIgniter\Model->__call('select', [...])
 4 APPPATH\Controllers\DetailEvent.php(67): App\Models\Fisher->getUserPointBySport(null, null)
 5 SYSTEMPATH\CodeIgniter.php(934): App\Controllers\DetailEvent->index('images', 'bg-01.jpg')
 6 SYSTEMPATH\CodeIgniter.php(499): CodeIgniter\CodeIgniter->runController(Object(App\Controllers\DetailEvent))
 7 SYSTEMPATH\CodeIgniter.php(368): CodeIgniter\CodeIgniter->handleRequest(null, Object(Config\Cache), false)
 8 FCPATH\index.php(67): CodeIgniter\CodeIgniter->run()
 9 SYSTEMPATH\Commands\Server\rewrite.php(47): require_once('D:\\TUGAS\\KULIAH\\P2MW\\hehe\\gohitfinal\\public\\index.php')
INFO - 2025-05-20 08:42:52 --> Session: Class initialized using 'CodeIgniter\Session\Handlers\FileHandler' driver.
INFO - 2025-05-20 08:42:52 --> Session: Class initialized using 'CodeIgniter\Session\Handlers\FileHandler' driver.
CRITICAL - 2025-05-20 08:42:52 --> foreach() argument must be of type array|object, null given
in SYSTEMPATH\Database\BaseBuilder.php on line 411.
 1 SYSTEMPATH\Database\BaseBuilder.php(411): CodeIgniter\Debug\Exceptions->errorHandler(2, 'foreach() argument must be of type array|object, null given', 'D:\\TUGAS\\KULIAH\\P2MW\\hehe\\gohitfinal\\system\\Database\\BaseBuilder.php', 411)
 2 SYSTEMPATH\Model.php(840): CodeIgniter\Database\BaseBuilder->select(null)
 3 APPPATH\Models\Fisher.php(20): CodeIgniter\Model->__call('select', [...])
 4 APPPATH\Controllers\DetailEvent.php(67): App\Models\Fisher->getUserPointBySport(null, null)
 5 SYSTEMPATH\CodeIgniter.php(934): App\Controllers\DetailEvent->index('css', 'main.css')
 6 SYSTEMPATH\CodeIgniter.php(499): CodeIgniter\CodeIgniter->runController(Object(App\Controllers\DetailEvent))
 7 SYSTEMPATH\CodeIgniter.php(368): CodeIgniter\CodeIgniter->handleRequest(null, Object(Config\Cache), false)
 8 FCPATH\index.php(67): CodeIgniter\CodeIgniter->run()
 9 SYSTEMPATH\Commands\Server\rewrite.php(47): require_once('D:\\TUGAS\\KULIAH\\P2MW\\hehe\\gohitfinal\\public\\index.php')
INFO - 2025-05-20 08:42:52 --> Session: Class initialized using 'CodeIgniter\Session\Handlers\FileHandler' driver.
CRITICAL - 2025-05-20 08:42:52 --> foreach() argument must be of type array|object, null given
in SYSTEMPATH\Database\BaseBuilder.php on line 411.
 1 SYSTEMPATH\Database\BaseBuilder.php(411): CodeIgniter\Debug\Exceptions->errorHandler(2, 'foreach() argument must be of type array|object, null given', 'D:\\TUGAS\\KULIAH\\P2MW\\hehe\\gohitfinal\\system\\Database\\BaseBuilder.php', 411)
 2 SYSTEMPATH\Model.php(840): CodeIgniter\Database\BaseBuilder->select(null)
 3 APPPATH\Models\Fisher.php(20): CodeIgniter\Model->__call('select', [...])
 4 APPPATH\Controllers\DetailEvent.php(67): App\Models\Fisher->getUserPointBySport(null, null)
 5 SYSTEMPATH\CodeIgniter.php(934): App\Controllers\DetailEvent->index('css', 'style.css')
 6 SYSTEMPATH\CodeIgniter.php(499): CodeIgniter\CodeIgniter->runController(Object(App\Controllers\DetailEvent))
 7 SYSTEMPATH\CodeIgniter.php(368): CodeIgniter\CodeIgniter->handleRequest(null, Object(Config\Cache), false)
 8 FCPATH\index.php(67): CodeIgniter\CodeIgniter->run()
 9 SYSTEMPATH\Commands\Server\rewrite.php(47): require_once('D:\\TUGAS\\KULIAH\\P2MW\\hehe\\gohitfinal\\public\\index.php')
INFO - 2025-05-20 08:42:52 --> Session: Class initialized using 'CodeIgniter\Session\Handlers\FileHandler' driver.
CRITICAL - 2025-05-20 08:42:52 --> foreach() argument must be of type array|object, null given
in SYSTEMPATH\Database\BaseBuilder.php on line 411.
 1 SYSTEMPATH\Database\BaseBuilder.php(411): CodeIgniter\Debug\Exceptions->errorHandler(2, 'foreach() argument must be of type array|object, null given', 'D:\\TUGAS\\KULIAH\\P2MW\\hehe\\gohitfinal\\system\\Database\\BaseBuilder.php', 411)
 2 SYSTEMPATH\Model.php(840): CodeIgniter\Database\BaseBuilder->select(null)
 3 APPPATH\Models\Fisher.php(20): CodeIgniter\Model->__call('select', [...])
 4 APPPATH\Controllers\DetailEvent.php(67): App\Models\Fisher->getUserPointBySport(null, null)
 5 SYSTEMPATH\CodeIgniter.php(934): App\Controllers\DetailEvent->index('images', 'bg-01.jpg')
 6 SYSTEMPATH\CodeIgniter.php(499): CodeIgniter\CodeIgniter->runController(Object(App\Controllers\DetailEvent))
 7 SYSTEMPATH\CodeIgniter.php(368): CodeIgniter\CodeIgniter->handleRequest(null, Object(Config\Cache), false)
 8 FCPATH\index.php(67): CodeIgniter\CodeIgniter->run()
 9 SYSTEMPATH\Commands\Server\rewrite.php(47): require_once('D:\\TUGAS\\KULIAH\\P2MW\\hehe\\gohitfinal\\public\\index.php')
INFO - 2025-05-20 08:44:17 --> Session: Class initialized using 'CodeIgniter\Session\Handlers\FileHandler' driver.
INFO - 2025-05-20 08:44:17 --> Session: Class initialized using 'CodeIgniter\Session\Handlers\FileHandler' driver.
CRITICAL - 2025-05-20 08:44:17 --> foreach() argument must be of type array|object, null given
in SYSTEMPATH\Database\BaseBuilder.php on line 411.
 1 SYSTEMPATH\Database\BaseBuilder.php(411): CodeIgniter\Debug\Exceptions->errorHandler(2, 'foreach() argument must be of type array|object, null given', 'D:\\TUGAS\\KULIAH\\P2MW\\hehe\\gohitfinal\\system\\Database\\BaseBuilder.php', 411)
 2 SYSTEMPATH\Model.php(840): CodeIgniter\Database\BaseBuilder->select(null)
 3 APPPATH\Models\Fisher.php(20): CodeIgniter\Model->__call('select', [...])
 4 APPPATH\Controllers\DetailEvent.php(67): App\Models\Fisher->getUserPointBySport(null, null)
 5 SYSTEMPATH\CodeIgniter.php(934): App\Controllers\DetailEvent->index('css', 'main.css')
 6 SYSTEMPATH\CodeIgniter.php(499): CodeIgniter\CodeIgniter->runController(Object(App\Controllers\DetailEvent))
 7 SYSTEMPATH\CodeIgniter.php(368): CodeIgniter\CodeIgniter->handleRequest(null, Object(Config\Cache), false)
 8 FCPATH\index.php(67): CodeIgniter\CodeIgniter->run()
 9 SYSTEMPATH\Commands\Server\rewrite.php(47): require_once('D:\\TUGAS\\KULIAH\\P2MW\\hehe\\gohitfinal\\public\\index.php')
INFO - 2025-05-20 08:44:17 --> Session: Class initialized using 'CodeIgniter\Session\Handlers\FileHandler' driver.
CRITICAL - 2025-05-20 08:44:17 --> foreach() argument must be of type array|object, null given
in SYSTEMPATH\Database\BaseBuilder.php on line 411.
 1 SYSTEMPATH\Database\BaseBuilder.php(411): CodeIgniter\Debug\Exceptions->errorHandler(2, 'foreach() argument must be of type array|object, null given', 'D:\\TUGAS\\KULIAH\\P2MW\\hehe\\gohitfinal\\system\\Database\\BaseBuilder.php', 411)
 2 SYSTEMPATH\Model.php(840): CodeIgniter\Database\BaseBuilder->select(null)
 3 APPPATH\Models\Fisher.php(20): CodeIgniter\Model->__call('select', [...])
 4 APPPATH\Controllers\DetailEvent.php(67): App\Models\Fisher->getUserPointBySport(null, null)
 5 SYSTEMPATH\CodeIgniter.php(934): App\Controllers\DetailEvent->index('css', 'style.css')
 6 SYSTEMPATH\CodeIgniter.php(499): CodeIgniter\CodeIgniter->runController(Object(App\Controllers\DetailEvent))
 7 SYSTEMPATH\CodeIgniter.php(368): CodeIgniter\CodeIgniter->handleRequest(null, Object(Config\Cache), false)
 8 FCPATH\index.php(67): CodeIgniter\CodeIgniter->run()
 9 SYSTEMPATH\Commands\Server\rewrite.php(47): require_once('D:\\TUGAS\\KULIAH\\P2MW\\hehe\\gohitfinal\\public\\index.php')
INFO - 2025-05-20 08:44:17 --> Session: Class initialized using 'CodeIgniter\Session\Handlers\FileHandler' driver.
CRITICAL - 2025-05-20 08:44:17 --> foreach() argument must be of type array|object, null given
in SYSTEMPATH\Database\BaseBuilder.php on line 411.
 1 SYSTEMPATH\Database\BaseBuilder.php(411): CodeIgniter\Debug\Exceptions->errorHandler(2, 'foreach() argument must be of type array|object, null given', 'D:\\TUGAS\\KULIAH\\P2MW\\hehe\\gohitfinal\\system\\Database\\BaseBuilder.php', 411)
 2 SYSTEMPATH\Model.php(840): CodeIgniter\Database\BaseBuilder->select(null)
 3 APPPATH\Models\Fisher.php(20): CodeIgniter\Model->__call('select', [...])
 4 APPPATH\Controllers\DetailEvent.php(67): App\Models\Fisher->getUserPointBySport(null, null)
 5 SYSTEMPATH\CodeIgniter.php(934): App\Controllers\DetailEvent->index('images', 'bg-01.jpg')
 6 SYSTEMPATH\CodeIgniter.php(499): CodeIgniter\CodeIgniter->runController(Object(App\Controllers\DetailEvent))
 7 SYSTEMPATH\CodeIgniter.php(368): CodeIgniter\CodeIgniter->handleRequest(null, Object(Config\Cache), false)
 8 FCPATH\index.php(67): CodeIgniter\CodeIgniter->run()
 9 SYSTEMPATH\Commands\Server\rewrite.php(47): require_once('D:\\TUGAS\\KULIAH\\P2MW\\hehe\\gohitfinal\\public\\index.php')
INFO - 2025-05-20 08:44:40 --> Session: Class initialized using 'CodeIgniter\Session\Handlers\FileHandler' driver.
INFO - 2025-05-20 08:44:40 --> Session: Class initialized using 'CodeIgniter\Session\Handlers\FileHandler' driver.
CRITICAL - 2025-05-20 08:44:40 --> foreach() argument must be of type array|object, null given
in SYSTEMPATH\Database\BaseBuilder.php on line 411.
 1 SYSTEMPATH\Database\BaseBuilder.php(411): CodeIgniter\Debug\Exceptions->errorHandler(2, 'foreach() argument must be of type array|object, null given', 'D:\\TUGAS\\KULIAH\\P2MW\\hehe\\gohitfinal\\system\\Database\\BaseBuilder.php', 411)
 2 SYSTEMPATH\Model.php(840): CodeIgniter\Database\BaseBuilder->select(null)
 3 APPPATH\Models\Fisher.php(20): CodeIgniter\Model->__call('select', [...])
 4 APPPATH\Controllers\DetailEvent.php(67): App\Models\Fisher->getUserPointBySport(null, null)
 5 SYSTEMPATH\CodeIgniter.php(934): App\Controllers\DetailEvent->index('css', 'main.css')
 6 SYSTEMPATH\CodeIgniter.php(499): CodeIgniter\CodeIgniter->runController(Object(App\Controllers\DetailEvent))
 7 SYSTEMPATH\CodeIgniter.php(368): CodeIgniter\CodeIgniter->handleRequest(null, Object(Config\Cache), false)
 8 FCPATH\index.php(67): CodeIgniter\CodeIgniter->run()
 9 SYSTEMPATH\Commands\Server\rewrite.php(47): require_once('D:\\TUGAS\\KULIAH\\P2MW\\hehe\\gohitfinal\\public\\index.php')
INFO - 2025-05-20 08:44:41 --> Session: Class initialized using 'CodeIgniter\Session\Handlers\FileHandler' driver.
CRITICAL - 2025-05-20 08:44:41 --> foreach() argument must be of type array|object, null given
in SYSTEMPATH\Database\BaseBuilder.php on line 411.
 1 SYSTEMPATH\Database\BaseBuilder.php(411): CodeIgniter\Debug\Exceptions->errorHandler(2, 'foreach() argument must be of type array|object, null given', 'D:\\TUGAS\\KULIAH\\P2MW\\hehe\\gohitfinal\\system\\Database\\BaseBuilder.php', 411)
 2 SYSTEMPATH\Model.php(840): CodeIgniter\Database\BaseBuilder->select(null)
 3 APPPATH\Models\Fisher.php(20): CodeIgniter\Model->__call('select', [...])
 4 APPPATH\Controllers\DetailEvent.php(67): App\Models\Fisher->getUserPointBySport(null, null)
 5 SYSTEMPATH\CodeIgniter.php(934): App\Controllers\DetailEvent->index('css', 'style.css')
 6 SYSTEMPATH\CodeIgniter.php(499): CodeIgniter\CodeIgniter->runController(Object(App\Controllers\DetailEvent))
 7 SYSTEMPATH\CodeIgniter.php(368): CodeIgniter\CodeIgniter->handleRequest(null, Object(Config\Cache), false)
 8 FCPATH\index.php(67): CodeIgniter\CodeIgniter->run()
 9 SYSTEMPATH\Commands\Server\rewrite.php(47): require_once('D:\\TUGAS\\KULIAH\\P2MW\\hehe\\gohitfinal\\public\\index.php')
INFO - 2025-05-20 08:44:41 --> Session: Class initialized using 'CodeIgniter\Session\Handlers\FileHandler' driver.
CRITICAL - 2025-05-20 08:44:41 --> foreach() argument must be of type array|object, null given
in SYSTEMPATH\Database\BaseBuilder.php on line 411.
 1 SYSTEMPATH\Database\BaseBuilder.php(411): CodeIgniter\Debug\Exceptions->errorHandler(2, 'foreach() argument must be of type array|object, null given', 'D:\\TUGAS\\KULIAH\\P2MW\\hehe\\gohitfinal\\system\\Database\\BaseBuilder.php', 411)
 2 SYSTEMPATH\Model.php(840): CodeIgniter\Database\BaseBuilder->select(null)
 3 APPPATH\Models\Fisher.php(20): CodeIgniter\Model->__call('select', [...])
 4 APPPATH\Controllers\DetailEvent.php(67): App\Models\Fisher->getUserPointBySport(null, null)
 5 SYSTEMPATH\CodeIgniter.php(934): App\Controllers\DetailEvent->index('images', 'bg-01.jpg')
 6 SYSTEMPATH\CodeIgniter.php(499): CodeIgniter\CodeIgniter->runController(Object(App\Controllers\DetailEvent))
 7 SYSTEMPATH\CodeIgniter.php(368): CodeIgniter\CodeIgniter->handleRequest(null, Object(Config\Cache), false)
 8 FCPATH\index.php(67): CodeIgniter\CodeIgniter->run()
 9 SYSTEMPATH\Commands\Server\rewrite.php(47): require_once('D:\\TUGAS\\KULIAH\\P2MW\\hehe\\gohitfinal\\public\\index.php')
INFO - 2025-05-20 08:54:35 --> Session: Class initialized using 'CodeIgniter\Session\Handlers\FileHandler' driver.
INFO - 2025-05-20 08:54:36 --> Session: Class initialized using 'CodeIgniter\Session\Handlers\FileHandler' driver.
INFO - 2025-05-20 08:54:42 --> Session: Class initialized using 'CodeIgniter\Session\Handlers\FileHandler' driver.
INFO - 2025-05-20 08:54:42 --> Session: Class initialized using 'CodeIgniter\Session\Handlers\FileHandler' driver.
CRITICAL - 2025-05-20 08:54:42 --> foreach() argument must be of type array|object, null given
in SYSTEMPATH\Database\BaseBuilder.php on line 411.
 1 SYSTEMPATH\Database\BaseBuilder.php(411): CodeIgniter\Debug\Exceptions->errorHandler(2, 'foreach() argument must be of type array|object, null given', 'D:\\TUGAS\\KULIAH\\P2MW\\hehe\\gohitfinal\\system\\Database\\BaseBuilder.php', 411)
 2 SYSTEMPATH\Model.php(840): CodeIgniter\Database\BaseBuilder->select(null)
 3 APPPATH\Models\Fisher.php(20): CodeIgniter\Model->__call('select', [...])
 4 APPPATH\Controllers\DetailEvent.php(67): App\Models\Fisher->getUserPointBySport(null, null)
 5 SYSTEMPATH\CodeIgniter.php(934): App\Controllers\DetailEvent->index('css', 'main.css')
 6 SYSTEMPATH\CodeIgniter.php(499): CodeIgniter\CodeIgniter->runController(Object(App\Controllers\DetailEvent))
 7 SYSTEMPATH\CodeIgniter.php(368): CodeIgniter\CodeIgniter->handleRequest(null, Object(Config\Cache), false)
 8 FCPATH\index.php(67): CodeIgniter\CodeIgniter->run()
 9 SYSTEMPATH\Commands\Server\rewrite.php(47): require_once('D:\\TUGAS\\KULIAH\\P2MW\\hehe\\gohitfinal\\public\\index.php')
INFO - 2025-05-20 08:54:42 --> Session: Class initialized using 'CodeIgniter\Session\Handlers\FileHandler' driver.
CRITICAL - 2025-05-20 08:54:42 --> foreach() argument must be of type array|object, null given
in SYSTEMPATH\Database\BaseBuilder.php on line 411.
 1 SYSTEMPATH\Database\BaseBuilder.php(411): CodeIgniter\Debug\Exceptions->errorHandler(2, 'foreach() argument must be of type array|object, null given', 'D:\\TUGAS\\KULIAH\\P2MW\\hehe\\gohitfinal\\system\\Database\\BaseBuilder.php', 411)
 2 SYSTEMPATH\Model.php(840): CodeIgniter\Database\BaseBuilder->select(null)
 3 APPPATH\Models\Fisher.php(20): CodeIgniter\Model->__call('select', [...])
 4 APPPATH\Controllers\DetailEvent.php(67): App\Models\Fisher->getUserPointBySport(null, null)
 5 SYSTEMPATH\CodeIgniter.php(934): App\Controllers\DetailEvent->index('css', 'style.css')
 6 SYSTEMPATH\CodeIgniter.php(499): CodeIgniter\CodeIgniter->runController(Object(App\Controllers\DetailEvent))
 7 SYSTEMPATH\CodeIgniter.php(368): CodeIgniter\CodeIgniter->handleRequest(null, Object(Config\Cache), false)
 8 FCPATH\index.php(67): CodeIgniter\CodeIgniter->run()
 9 SYSTEMPATH\Commands\Server\rewrite.php(47): require_once('D:\\TUGAS\\KULIAH\\P2MW\\hehe\\gohitfinal\\public\\index.php')
INFO - 2025-05-20 08:54:42 --> Session: Class initialized using 'CodeIgniter\Session\Handlers\FileHandler' driver.
CRITICAL - 2025-05-20 08:54:42 --> foreach() argument must be of type array|object, null given
in SYSTEMPATH\Database\BaseBuilder.php on line 411.
 1 SYSTEMPATH\Database\BaseBuilder.php(411): CodeIgniter\Debug\Exceptions->errorHandler(2, 'foreach() argument must be of type array|object, null given', 'D:\\TUGAS\\KULIAH\\P2MW\\hehe\\gohitfinal\\system\\Database\\BaseBuilder.php', 411)
 2 SYSTEMPATH\Model.php(840): CodeIgniter\Database\BaseBuilder->select(null)
 3 APPPATH\Models\Fisher.php(20): CodeIgniter\Model->__call('select', [...])
 4 APPPATH\Controllers\DetailEvent.php(67): App\Models\Fisher->getUserPointBySport(null, null)
 5 SYSTEMPATH\CodeIgniter.php(934): App\Controllers\DetailEvent->index('images', 'bg-01.jpg')
 6 SYSTEMPATH\CodeIgniter.php(499): CodeIgniter\CodeIgniter->runController(Object(App\Controllers\DetailEvent))
 7 SYSTEMPATH\CodeIgniter.php(368): CodeIgniter\CodeIgniter->handleRequest(null, Object(Config\Cache), false)
 8 FCPATH\index.php(67): CodeIgniter\CodeIgniter->run()
 9 SYSTEMPATH\Commands\Server\rewrite.php(47): require_once('D:\\TUGAS\\KULIAH\\P2MW\\hehe\\gohitfinal\\public\\index.php')
INFO - 2025-05-20 08:57:52 --> Session: Class initialized using 'CodeIgniter\Session\Handlers\FileHandler' driver.
INFO - 2025-05-20 08:57:53 --> Session: Class initialized using 'CodeIgniter\Session\Handlers\FileHandler' driver.
INFO - 2025-05-20 08:57:54 --> Session: Class initialized using 'CodeIgniter\Session\Handlers\FileHandler' driver.
CRITICAL - 2025-05-20 08:57:54 --> foreach() argument must be of type array|object, null given
in SYSTEMPATH\Database\BaseBuilder.php on line 411.
 1 SYSTEMPATH\Database\BaseBuilder.php(411): CodeIgniter\Debug\Exceptions->errorHandler(2, 'foreach() argument must be of type array|object, null given', 'D:\\TUGAS\\KULIAH\\P2MW\\hehe\\gohitfinal\\system\\Database\\BaseBuilder.php', 411)
 2 SYSTEMPATH\Model.php(840): CodeIgniter\Database\BaseBuilder->select(null)
 3 APPPATH\Models\Fisher.php(20): CodeIgniter\Model->__call('select', [...])
 4 APPPATH\Controllers\DetailEvent.php(67): App\Models\Fisher->getUserPointBySport(null, null)
 5 SYSTEMPATH\CodeIgniter.php(934): App\Controllers\DetailEvent->index('css', 'main.css')
 6 SYSTEMPATH\CodeIgniter.php(499): CodeIgniter\CodeIgniter->runController(Object(App\Controllers\DetailEvent))
 7 SYSTEMPATH\CodeIgniter.php(368): CodeIgniter\CodeIgniter->handleRequest(null, Object(Config\Cache), false)
 8 FCPATH\index.php(67): CodeIgniter\CodeIgniter->run()
 9 SYSTEMPATH\Commands\Server\rewrite.php(47): require_once('D:\\TUGAS\\KULIAH\\P2MW\\hehe\\gohitfinal\\public\\index.php')
INFO - 2025-05-20 08:57:54 --> Session: Class initialized using 'CodeIgniter\Session\Handlers\FileHandler' driver.
CRITICAL - 2025-05-20 08:57:54 --> foreach() argument must be of type array|object, null given
in SYSTEMPATH\Database\BaseBuilder.php on line 411.
 1 SYSTEMPATH\Database\BaseBuilder.php(411): CodeIgniter\Debug\Exceptions->errorHandler(2, 'foreach() argument must be of type array|object, null given', 'D:\\TUGAS\\KULIAH\\P2MW\\hehe\\gohitfinal\\system\\Database\\BaseBuilder.php', 411)
 2 SYSTEMPATH\Model.php(840): CodeIgniter\Database\BaseBuilder->select(null)
 3 APPPATH\Models\Fisher.php(20): CodeIgniter\Model->__call('select', [...])
 4 APPPATH\Controllers\DetailEvent.php(67): App\Models\Fisher->getUserPointBySport(null, null)
 5 SYSTEMPATH\CodeIgniter.php(934): App\Controllers\DetailEvent->index('css', 'style.css')
 6 SYSTEMPATH\CodeIgniter.php(499): CodeIgniter\CodeIgniter->runController(Object(App\Controllers\DetailEvent))
 7 SYSTEMPATH\CodeIgniter.php(368): CodeIgniter\CodeIgniter->handleRequest(null, Object(Config\Cache), false)
 8 FCPATH\index.php(67): CodeIgniter\CodeIgniter->run()
 9 SYSTEMPATH\Commands\Server\rewrite.php(47): require_once('D:\\TUGAS\\KULIAH\\P2MW\\hehe\\gohitfinal\\public\\index.php')
INFO - 2025-05-20 08:57:54 --> Session: Class initialized using 'CodeIgniter\Session\Handlers\FileHandler' driver.
CRITICAL - 2025-05-20 08:57:54 --> foreach() argument must be of type array|object, null given
in SYSTEMPATH\Database\BaseBuilder.php on line 411.
 1 SYSTEMPATH\Database\BaseBuilder.php(411): CodeIgniter\Debug\Exceptions->errorHandler(2, 'foreach() argument must be of type array|object, null given', 'D:\\TUGAS\\KULIAH\\P2MW\\hehe\\gohitfinal\\system\\Database\\BaseBuilder.php', 411)
 2 SYSTEMPATH\Model.php(840): CodeIgniter\Database\BaseBuilder->select(null)
 3 APPPATH\Models\Fisher.php(20): CodeIgniter\Model->__call('select', [...])
 4 APPPATH\Controllers\DetailEvent.php(67): App\Models\Fisher->getUserPointBySport(null, null)
 5 SYSTEMPATH\CodeIgniter.php(934): App\Controllers\DetailEvent->index('images', 'bg-01.jpg')
 6 SYSTEMPATH\CodeIgniter.php(499): CodeIgniter\CodeIgniter->runController(Object(App\Controllers\DetailEvent))
 7 SYSTEMPATH\CodeIgniter.php(368): CodeIgniter\CodeIgniter->handleRequest(null, Object(Config\Cache), false)
 8 FCPATH\index.php(67): CodeIgniter\CodeIgniter->run()
 9 SYSTEMPATH\Commands\Server\rewrite.php(47): require_once('D:\\TUGAS\\KULIAH\\P2MW\\hehe\\gohitfinal\\public\\index.php')
INFO - 2025-05-20 08:57:56 --> Session: Class initialized using 'CodeIgniter\Session\Handlers\FileHandler' driver.
INFO - 2025-05-20 08:59:07 --> Session: Class initialized using 'CodeIgniter\Session\Handlers\FileHandler' driver.
INFO - 2025-05-20 08:59:11 --> Session: Class initialized using 'CodeIgniter\Session\Handlers\FileHandler' driver.
INFO - 2025-05-20 08:59:11 --> Session: Class initialized using 'CodeIgniter\Session\Handlers\FileHandler' driver.
CRITICAL - 2025-05-20 08:59:11 --> foreach() argument must be of type array|object, null given
in SYSTEMPATH\Database\BaseBuilder.php on line 411.
 1 SYSTEMPATH\Database\BaseBuilder.php(411): CodeIgniter\Debug\Exceptions->errorHandler(2, 'foreach() argument must be of type array|object, null given', 'D:\\TUGAS\\KULIAH\\P2MW\\hehe\\gohitfinal\\system\\Database\\BaseBuilder.php', 411)
 2 SYSTEMPATH\Model.php(840): CodeIgniter\Database\BaseBuilder->select(null)
 3 APPPATH\Models\Fisher.php(20): CodeIgniter\Model->__call('select', [...])
 4 APPPATH\Controllers\DetailEvent.php(67): App\Models\Fisher->getUserPointBySport(null, null)
 5 SYSTEMPATH\CodeIgniter.php(934): App\Controllers\DetailEvent->index('css', 'main.css')
 6 SYSTEMPATH\CodeIgniter.php(499): CodeIgniter\CodeIgniter->runController(Object(App\Controllers\DetailEvent))
 7 SYSTEMPATH\CodeIgniter.php(368): CodeIgniter\CodeIgniter->handleRequest(null, Object(Config\Cache), false)
 8 FCPATH\index.php(67): CodeIgniter\CodeIgniter->run()
 9 SYSTEMPATH\Commands\Server\rewrite.php(47): require_once('D:\\TUGAS\\KULIAH\\P2MW\\hehe\\gohitfinal\\public\\index.php')
INFO - 2025-05-20 08:59:11 --> Session: Class initialized using 'CodeIgniter\Session\Handlers\FileHandler' driver.
CRITICAL - 2025-05-20 08:59:11 --> foreach() argument must be of type array|object, null given
in SYSTEMPATH\Database\BaseBuilder.php on line 411.
 1 SYSTEMPATH\Database\BaseBuilder.php(411): CodeIgniter\Debug\Exceptions->errorHandler(2, 'foreach() argument must be of type array|object, null given', 'D:\\TUGAS\\KULIAH\\P2MW\\hehe\\gohitfinal\\system\\Database\\BaseBuilder.php', 411)
 2 SYSTEMPATH\Model.php(840): CodeIgniter\Database\BaseBuilder->select(null)
 3 APPPATH\Models\Fisher.php(20): CodeIgniter\Model->__call('select', [...])
 4 APPPATH\Controllers\DetailEvent.php(67): App\Models\Fisher->getUserPointBySport(null, null)
 5 SYSTEMPATH\CodeIgniter.php(934): App\Controllers\DetailEvent->index('css', 'style.css')
 6 SYSTEMPATH\CodeIgniter.php(499): CodeIgniter\CodeIgniter->runController(Object(App\Controllers\DetailEvent))
 7 SYSTEMPATH\CodeIgniter.php(368): CodeIgniter\CodeIgniter->handleRequest(null, Object(Config\Cache), false)
 8 FCPATH\index.php(67): CodeIgniter\CodeIgniter->run()
 9 SYSTEMPATH\Commands\Server\rewrite.php(47): require_once('D:\\TUGAS\\KULIAH\\P2MW\\hehe\\gohitfinal\\public\\index.php')
INFO - 2025-05-20 08:59:11 --> Session: Class initialized using 'CodeIgniter\Session\Handlers\FileHandler' driver.
CRITICAL - 2025-05-20 08:59:11 --> foreach() argument must be of type array|object, null given
in SYSTEMPATH\Database\BaseBuilder.php on line 411.
 1 SYSTEMPATH\Database\BaseBuilder.php(411): CodeIgniter\Debug\Exceptions->errorHandler(2, 'foreach() argument must be of type array|object, null given', 'D:\\TUGAS\\KULIAH\\P2MW\\hehe\\gohitfinal\\system\\Database\\BaseBuilder.php', 411)
 2 SYSTEMPATH\Model.php(840): CodeIgniter\Database\BaseBuilder->select(null)
 3 APPPATH\Models\Fisher.php(20): CodeIgniter\Model->__call('select', [...])
 4 APPPATH\Controllers\DetailEvent.php(67): App\Models\Fisher->getUserPointBySport(null, null)
 5 SYSTEMPATH\CodeIgniter.php(934): App\Controllers\DetailEvent->index('images', 'bg-01.jpg')
 6 SYSTEMPATH\CodeIgniter.php(499): CodeIgniter\CodeIgniter->runController(Object(App\Controllers\DetailEvent))
 7 SYSTEMPATH\CodeIgniter.php(368): CodeIgniter\CodeIgniter->handleRequest(null, Object(Config\Cache), false)
 8 FCPATH\index.php(67): CodeIgniter\CodeIgniter->run()
 9 SYSTEMPATH\Commands\Server\rewrite.php(47): require_once('D:\\TUGAS\\KULIAH\\P2MW\\hehe\\gohitfinal\\public\\index.php')
INFO - 2025-05-20 10:02:47 --> Session: Class initialized using 'CodeIgniter\Session\Handlers\FileHandler' driver.
INFO - 2025-05-20 10:02:47 --> Session: Class initialized using 'CodeIgniter\Session\Handlers\FileHandler' driver.
INFO - 2025-05-20 10:02:50 --> Session: Class initialized using 'CodeIgniter\Session\Handlers\FileHandler' driver.
CRITICAL - 2025-05-20 10:02:50 --> Undefined variable $id_user
in APPPATH\Views\partial\peserta2.php on line 109.
 1 APPPATH\Views\partial\peserta2.php(109): CodeIgniter\Debug\Exceptions->errorHandler(2, 'Undefined variable $id_user', 'D:\\TUGAS\\KULIAH\\P2MW\\hehe\\gohitfinal\\app\\Views\\partial\\peserta2.php', 109)
 2 SYSTEMPATH\View\View.php(213): include('D:\\TUGAS\\KULIAH\\P2MW\\hehe\\gohitfinal\\app\\Views\\partial\\peserta2.php')
 3 SYSTEMPATH\View\View.php(216): CodeIgniter\View\View->CodeIgniter\View\{closure}()
 4 SYSTEMPATH\View\View.php(431): CodeIgniter\View\View->render('partial/peserta2', null, true)
 5 APPPATH\Views\detailTour.php(70): CodeIgniter\View\View->include('partial/peserta2')
 6 SYSTEMPATH\View\View.php(213): include('D:\\TUGAS\\KULIAH\\P2MW\\hehe\\gohitfinal\\app\\Views\\detailTour.php')
 7 SYSTEMPATH\View\View.php(216): CodeIgniter\View\View->CodeIgniter\View\{closure}()
 8 SYSTEMPATH\Common.php(1184): CodeIgniter\View\View->render('detailTour', [], true)
 9 APPPATH\Controllers\DetailEvent.php(178): view('detailTour', [...])
10 SYSTEMPATH\CodeIgniter.php(934): App\Controllers\DetailEvent->index('26')
11 SYSTEMPATH\CodeIgniter.php(499): CodeIgniter\CodeIgniter->runController(Object(App\Controllers\DetailEvent))
12 SYSTEMPATH\CodeIgniter.php(368): CodeIgniter\CodeIgniter->handleRequest(null, Object(Config\Cache), false)
13 FCPATH\index.php(67): CodeIgniter\CodeIgniter->run()
14 SYSTEMPATH\Commands\Server\rewrite.php(47): require_once('D:\\TUGAS\\KULIAH\\P2MW\\hehe\\gohitfinal\\public\\index.php')
INFO - 2025-05-20 10:02:50 --> Session: Class initialized using 'CodeIgniter\Session\Handlers\FileHandler' driver.
CRITICAL - 2025-05-20 10:02:50 --> foreach() argument must be of type array|object, null given
in SYSTEMPATH\Database\BaseBuilder.php on line 411.
 1 SYSTEMPATH\Database\BaseBuilder.php(411): CodeIgniter\Debug\Exceptions->errorHandler(2, 'foreach() argument must be of type array|object, null given', 'D:\\TUGAS\\KULIAH\\P2MW\\hehe\\gohitfinal\\system\\Database\\BaseBuilder.php', 411)
 2 SYSTEMPATH\Model.php(840): CodeIgniter\Database\BaseBuilder->select(null)
 3 APPPATH\Models\Fisher.php(20): CodeIgniter\Model->__call('select', [...])
 4 APPPATH\Controllers\DetailEvent.php(67): App\Models\Fisher->getUserPointBySport(null, null)
 5 SYSTEMPATH\CodeIgniter.php(934): App\Controllers\DetailEvent->index('css', 'main.css')
 6 SYSTEMPATH\CodeIgniter.php(499): CodeIgniter\CodeIgniter->runController(Object(App\Controllers\DetailEvent))
 7 SYSTEMPATH\CodeIgniter.php(368): CodeIgniter\CodeIgniter->handleRequest(null, Object(Config\Cache), false)
 8 FCPATH\index.php(67): CodeIgniter\CodeIgniter->run()
 9 SYSTEMPATH\Commands\Server\rewrite.php(47): require_once('D:\\TUGAS\\KULIAH\\P2MW\\hehe\\gohitfinal\\public\\index.php')
INFO - 2025-05-20 10:02:50 --> Session: Class initialized using 'CodeIgniter\Session\Handlers\FileHandler' driver.
CRITICAL - 2025-05-20 10:02:50 --> foreach() argument must be of type array|object, null given
in SYSTEMPATH\Database\BaseBuilder.php on line 411.
 1 SYSTEMPATH\Database\BaseBuilder.php(411): CodeIgniter\Debug\Exceptions->errorHandler(2, 'foreach() argument must be of type array|object, null given', 'D:\\TUGAS\\KULIAH\\P2MW\\hehe\\gohitfinal\\system\\Database\\BaseBuilder.php', 411)
 2 SYSTEMPATH\Model.php(840): CodeIgniter\Database\BaseBuilder->select(null)
 3 APPPATH\Models\Fisher.php(20): CodeIgniter\Model->__call('select', [...])
 4 APPPATH\Controllers\DetailEvent.php(67): App\Models\Fisher->getUserPointBySport(null, null)
 5 SYSTEMPATH\CodeIgniter.php(934): App\Controllers\DetailEvent->index('images', 'bg-01.jpg')
 6 SYSTEMPATH\CodeIgniter.php(499): CodeIgniter\CodeIgniter->runController(Object(App\Controllers\DetailEvent))
 7 SYSTEMPATH\CodeIgniter.php(368): CodeIgniter\CodeIgniter->handleRequest(null, Object(Config\Cache), false)
 8 FCPATH\index.php(67): CodeIgniter\CodeIgniter->run()
 9 SYSTEMPATH\Commands\Server\rewrite.php(47): require_once('D:\\TUGAS\\KULIAH\\P2MW\\hehe\\gohitfinal\\public\\index.php')
INFO - 2025-05-20 10:04:43 --> Session: Class initialized using 'CodeIgniter\Session\Handlers\FileHandler' driver.
CRITICAL - 2025-05-20 10:04:43 --> Undefined variable $id_user
in APPPATH\Views\partial\peserta2.php on line 109.
 1 APPPATH\Views\partial\peserta2.php(109): CodeIgniter\Debug\Exceptions->errorHandler(2, 'Undefined variable $id_user', 'D:\\TUGAS\\KULIAH\\P2MW\\hehe\\gohitfinal\\app\\Views\\partial\\peserta2.php', 109)
 2 SYSTEMPATH\View\View.php(213): include('D:\\TUGAS\\KULIAH\\P2MW\\hehe\\gohitfinal\\app\\Views\\partial\\peserta2.php')
 3 SYSTEMPATH\View\View.php(216): CodeIgniter\View\View->CodeIgniter\View\{closure}()
 4 SYSTEMPATH\View\View.php(431): CodeIgniter\View\View->render('partial/peserta2', null, true)
 5 APPPATH\Views\detailTour.php(70): CodeIgniter\View\View->include('partial/peserta2')
 6 SYSTEMPATH\View\View.php(213): include('D:\\TUGAS\\KULIAH\\P2MW\\hehe\\gohitfinal\\app\\Views\\detailTour.php')
 7 SYSTEMPATH\View\View.php(216): CodeIgniter\View\View->CodeIgniter\View\{closure}()
 8 SYSTEMPATH\Common.php(1184): CodeIgniter\View\View->render('detailTour', [], true)
 9 APPPATH\Controllers\DetailEvent.php(178): view('detailTour', [...])
10 SYSTEMPATH\CodeIgniter.php(934): App\Controllers\DetailEvent->index('26')
11 SYSTEMPATH\CodeIgniter.php(499): CodeIgniter\CodeIgniter->runController(Object(App\Controllers\DetailEvent))
12 SYSTEMPATH\CodeIgniter.php(368): CodeIgniter\CodeIgniter->handleRequest(null, Object(Config\Cache), false)
13 FCPATH\index.php(67): CodeIgniter\CodeIgniter->run()
14 SYSTEMPATH\Commands\Server\rewrite.php(47): require_once('D:\\TUGAS\\KULIAH\\P2MW\\hehe\\gohitfinal\\public\\index.php')
INFO - 2025-05-20 10:04:44 --> Session: Class initialized using 'CodeIgniter\Session\Handlers\FileHandler' driver.
CRITICAL - 2025-05-20 10:04:44 --> foreach() argument must be of type array|object, null given
in SYSTEMPATH\Database\BaseBuilder.php on line 411.
 1 SYSTEMPATH\Database\BaseBuilder.php(411): CodeIgniter\Debug\Exceptions->errorHandler(2, 'foreach() argument must be of type array|object, null given', 'D:\\TUGAS\\KULIAH\\P2MW\\hehe\\gohitfinal\\system\\Database\\BaseBuilder.php', 411)
 2 SYSTEMPATH\Model.php(840): CodeIgniter\Database\BaseBuilder->select(null)
 3 APPPATH\Models\Fisher.php(20): CodeIgniter\Model->__call('select', [...])
 4 APPPATH\Controllers\DetailEvent.php(67): App\Models\Fisher->getUserPointBySport(null, null)
 5 SYSTEMPATH\CodeIgniter.php(934): App\Controllers\DetailEvent->index('css', 'main.css')
 6 SYSTEMPATH\CodeIgniter.php(499): CodeIgniter\CodeIgniter->runController(Object(App\Controllers\DetailEvent))
 7 SYSTEMPATH\CodeIgniter.php(368): CodeIgniter\CodeIgniter->handleRequest(null, Object(Config\Cache), false)
 8 FCPATH\index.php(67): CodeIgniter\CodeIgniter->run()
 9 SYSTEMPATH\Commands\Server\rewrite.php(47): require_once('D:\\TUGAS\\KULIAH\\P2MW\\hehe\\gohitfinal\\public\\index.php')
INFO - 2025-05-20 10:04:44 --> Session: Class initialized using 'CodeIgniter\Session\Handlers\FileHandler' driver.
CRITICAL - 2025-05-20 10:04:44 --> foreach() argument must be of type array|object, null given
in SYSTEMPATH\Database\BaseBuilder.php on line 411.
 1 SYSTEMPATH\Database\BaseBuilder.php(411): CodeIgniter\Debug\Exceptions->errorHandler(2, 'foreach() argument must be of type array|object, null given', 'D:\\TUGAS\\KULIAH\\P2MW\\hehe\\gohitfinal\\system\\Database\\BaseBuilder.php', 411)
 2 SYSTEMPATH\Model.php(840): CodeIgniter\Database\BaseBuilder->select(null)
 3 APPPATH\Models\Fisher.php(20): CodeIgniter\Model->__call('select', [...])
 4 APPPATH\Controllers\DetailEvent.php(67): App\Models\Fisher->getUserPointBySport(null, null)
 5 SYSTEMPATH\CodeIgniter.php(934): App\Controllers\DetailEvent->index('images', 'bg-01.jpg')
 6 SYSTEMPATH\CodeIgniter.php(499): CodeIgniter\CodeIgniter->runController(Object(App\Controllers\DetailEvent))
 7 SYSTEMPATH\CodeIgniter.php(368): CodeIgniter\CodeIgniter->handleRequest(null, Object(Config\Cache), false)
 8 FCPATH\index.php(67): CodeIgniter\CodeIgniter->run()
 9 SYSTEMPATH\Commands\Server\rewrite.php(47): require_once('D:\\TUGAS\\KULIAH\\P2MW\\hehe\\gohitfinal\\public\\index.php')
INFO - 2025-05-20 10:04:45 --> Session: Class initialized using 'CodeIgniter\Session\Handlers\FileHandler' driver.
CRITICAL - 2025-05-20 10:04:45 --> Undefined variable $id_user
in APPPATH\Views\partial\peserta2.php on line 109.
 1 APPPATH\Views\partial\peserta2.php(109): CodeIgniter\Debug\Exceptions->errorHandler(2, 'Undefined variable $id_user', 'D:\\TUGAS\\KULIAH\\P2MW\\hehe\\gohitfinal\\app\\Views\\partial\\peserta2.php', 109)
 2 SYSTEMPATH\View\View.php(213): include('D:\\TUGAS\\KULIAH\\P2MW\\hehe\\gohitfinal\\app\\Views\\partial\\peserta2.php')
 3 SYSTEMPATH\View\View.php(216): CodeIgniter\View\View->CodeIgniter\View\{closure}()
 4 SYSTEMPATH\View\View.php(431): CodeIgniter\View\View->render('partial/peserta2', null, true)
 5 APPPATH\Views\detailTour.php(70): CodeIgniter\View\View->include('partial/peserta2')
 6 SYSTEMPATH\View\View.php(213): include('D:\\TUGAS\\KULIAH\\P2MW\\hehe\\gohitfinal\\app\\Views\\detailTour.php')
 7 SYSTEMPATH\View\View.php(216): CodeIgniter\View\View->CodeIgniter\View\{closure}()
 8 SYSTEMPATH\Common.php(1184): CodeIgniter\View\View->render('detailTour', [], true)
 9 APPPATH\Controllers\DetailEvent.php(178): view('detailTour', [...])
10 SYSTEMPATH\CodeIgniter.php(934): App\Controllers\DetailEvent->index('26')
11 SYSTEMPATH\CodeIgniter.php(499): CodeIgniter\CodeIgniter->runController(Object(App\Controllers\DetailEvent))
12 SYSTEMPATH\CodeIgniter.php(368): CodeIgniter\CodeIgniter->handleRequest(null, Object(Config\Cache), false)
13 FCPATH\index.php(67): CodeIgniter\CodeIgniter->run()
14 SYSTEMPATH\Commands\Server\rewrite.php(47): require_once('D:\\TUGAS\\KULIAH\\P2MW\\hehe\\gohitfinal\\public\\index.php')
INFO - 2025-05-20 10:04:45 --> Session: Class initialized using 'CodeIgniter\Session\Handlers\FileHandler' driver.
CRITICAL - 2025-05-20 10:04:45 --> foreach() argument must be of type array|object, null given
in SYSTEMPATH\Database\BaseBuilder.php on line 411.
 1 SYSTEMPATH\Database\BaseBuilder.php(411): CodeIgniter\Debug\Exceptions->errorHandler(2, 'foreach() argument must be of type array|object, null given', 'D:\\TUGAS\\KULIAH\\P2MW\\hehe\\gohitfinal\\system\\Database\\BaseBuilder.php', 411)
 2 SYSTEMPATH\Model.php(840): CodeIgniter\Database\BaseBuilder->select(null)
 3 APPPATH\Models\Fisher.php(20): CodeIgniter\Model->__call('select', [...])
 4 APPPATH\Controllers\DetailEvent.php(67): App\Models\Fisher->getUserPointBySport(null, null)
 5 SYSTEMPATH\CodeIgniter.php(934): App\Controllers\DetailEvent->index('css', 'main.css')
 6 SYSTEMPATH\CodeIgniter.php(499): CodeIgniter\CodeIgniter->runController(Object(App\Controllers\DetailEvent))
 7 SYSTEMPATH\CodeIgniter.php(368): CodeIgniter\CodeIgniter->handleRequest(null, Object(Config\Cache), false)
 8 FCPATH\index.php(67): CodeIgniter\CodeIgniter->run()
 9 SYSTEMPATH\Commands\Server\rewrite.php(47): require_once('D:\\TUGAS\\KULIAH\\P2MW\\hehe\\gohitfinal\\public\\index.php')
INFO - 2025-05-20 10:04:45 --> Session: Class initialized using 'CodeIgniter\Session\Handlers\FileHandler' driver.
CRITICAL - 2025-05-20 10:04:46 --> foreach() argument must be of type array|object, null given
in SYSTEMPATH\Database\BaseBuilder.php on line 411.
 1 SYSTEMPATH\Database\BaseBuilder.php(411): CodeIgniter\Debug\Exceptions->errorHandler(2, 'foreach() argument must be of type array|object, null given', 'D:\\TUGAS\\KULIAH\\P2MW\\hehe\\gohitfinal\\system\\Database\\BaseBuilder.php', 411)
 2 SYSTEMPATH\Model.php(840): CodeIgniter\Database\BaseBuilder->select(null)
 3 APPPATH\Models\Fisher.php(20): CodeIgniter\Model->__call('select', [...])
 4 APPPATH\Controllers\DetailEvent.php(67): App\Models\Fisher->getUserPointBySport(null, null)
 5 SYSTEMPATH\CodeIgniter.php(934): App\Controllers\DetailEvent->index('images', 'bg-01.jpg')
 6 SYSTEMPATH\CodeIgniter.php(499): CodeIgniter\CodeIgniter->runController(Object(App\Controllers\DetailEvent))
 7 SYSTEMPATH\CodeIgniter.php(368): CodeIgniter\CodeIgniter->handleRequest(null, Object(Config\Cache), false)
 8 FCPATH\index.php(67): CodeIgniter\CodeIgniter->run()
 9 SYSTEMPATH\Commands\Server\rewrite.php(47): require_once('D:\\TUGAS\\KULIAH\\P2MW\\hehe\\gohitfinal\\public\\index.php')
INFO - 2025-05-20 10:04:46 --> Session: Class initialized using 'CodeIgniter\Session\Handlers\FileHandler' driver.
CRITICAL - 2025-05-20 10:04:46 --> Undefined variable $id_user
in APPPATH\Views\partial\peserta2.php on line 109.
 1 APPPATH\Views\partial\peserta2.php(109): CodeIgniter\Debug\Exceptions->errorHandler(2, 'Undefined variable $id_user', 'D:\\TUGAS\\KULIAH\\P2MW\\hehe\\gohitfinal\\app\\Views\\partial\\peserta2.php', 109)
 2 SYSTEMPATH\View\View.php(213): include('D:\\TUGAS\\KULIAH\\P2MW\\hehe\\gohitfinal\\app\\Views\\partial\\peserta2.php')
 3 SYSTEMPATH\View\View.php(216): CodeIgniter\View\View->CodeIgniter\View\{closure}()
 4 SYSTEMPATH\View\View.php(431): CodeIgniter\View\View->render('partial/peserta2', null, true)
 5 APPPATH\Views\detailTour.php(70): CodeIgniter\View\View->include('partial/peserta2')
 6 SYSTEMPATH\View\View.php(213): include('D:\\TUGAS\\KULIAH\\P2MW\\hehe\\gohitfinal\\app\\Views\\detailTour.php')
 7 SYSTEMPATH\View\View.php(216): CodeIgniter\View\View->CodeIgniter\View\{closure}()
 8 SYSTEMPATH\Common.php(1184): CodeIgniter\View\View->render('detailTour', [], true)
 9 APPPATH\Controllers\DetailEvent.php(178): view('detailTour', [...])
10 SYSTEMPATH\CodeIgniter.php(934): App\Controllers\DetailEvent->index('26')
11 SYSTEMPATH\CodeIgniter.php(499): CodeIgniter\CodeIgniter->runController(Object(App\Controllers\DetailEvent))
12 SYSTEMPATH\CodeIgniter.php(368): CodeIgniter\CodeIgniter->handleRequest(null, Object(Config\Cache), false)
13 FCPATH\index.php(67): CodeIgniter\CodeIgniter->run()
14 SYSTEMPATH\Commands\Server\rewrite.php(47): require_once('D:\\TUGAS\\KULIAH\\P2MW\\hehe\\gohitfinal\\public\\index.php')
INFO - 2025-05-20 10:04:46 --> Session: Class initialized using 'CodeIgniter\Session\Handlers\FileHandler' driver.
CRITICAL - 2025-05-20 10:04:46 --> foreach() argument must be of type array|object, null given
in SYSTEMPATH\Database\BaseBuilder.php on line 411.
 1 SYSTEMPATH\Database\BaseBuilder.php(411): CodeIgniter\Debug\Exceptions->errorHandler(2, 'foreach() argument must be of type array|object, null given', 'D:\\TUGAS\\KULIAH\\P2MW\\hehe\\gohitfinal\\system\\Database\\BaseBuilder.php', 411)
 2 SYSTEMPATH\Model.php(840): CodeIgniter\Database\BaseBuilder->select(null)
 3 APPPATH\Models\Fisher.php(20): CodeIgniter\Model->__call('select', [...])
 4 APPPATH\Controllers\DetailEvent.php(67): App\Models\Fisher->getUserPointBySport(null, null)
 5 SYSTEMPATH\CodeIgniter.php(934): App\Controllers\DetailEvent->index('css', 'main.css')
 6 SYSTEMPATH\CodeIgniter.php(499): CodeIgniter\CodeIgniter->runController(Object(App\Controllers\DetailEvent))
 7 SYSTEMPATH\CodeIgniter.php(368): CodeIgniter\CodeIgniter->handleRequest(null, Object(Config\Cache), false)
 8 FCPATH\index.php(67): CodeIgniter\CodeIgniter->run()
 9 SYSTEMPATH\Commands\Server\rewrite.php(47): require_once('D:\\TUGAS\\KULIAH\\P2MW\\hehe\\gohitfinal\\public\\index.php')
INFO - 2025-05-20 10:04:46 --> Session: Class initialized using 'CodeIgniter\Session\Handlers\FileHandler' driver.
CRITICAL - 2025-05-20 10:04:46 --> foreach() argument must be of type array|object, null given
in SYSTEMPATH\Database\BaseBuilder.php on line 411.
 1 SYSTEMPATH\Database\BaseBuilder.php(411): CodeIgniter\Debug\Exceptions->errorHandler(2, 'foreach() argument must be of type array|object, null given', 'D:\\TUGAS\\KULIAH\\P2MW\\hehe\\gohitfinal\\system\\Database\\BaseBuilder.php', 411)
 2 SYSTEMPATH\Model.php(840): CodeIgniter\Database\BaseBuilder->select(null)
 3 APPPATH\Models\Fisher.php(20): CodeIgniter\Model->__call('select', [...])
 4 APPPATH\Controllers\DetailEvent.php(67): App\Models\Fisher->getUserPointBySport(null, null)
 5 SYSTEMPATH\CodeIgniter.php(934): App\Controllers\DetailEvent->index('images', 'bg-01.jpg')
 6 SYSTEMPATH\CodeIgniter.php(499): CodeIgniter\CodeIgniter->runController(Object(App\Controllers\DetailEvent))
 7 SYSTEMPATH\CodeIgniter.php(368): CodeIgniter\CodeIgniter->handleRequest(null, Object(Config\Cache), false)
 8 FCPATH\index.php(67): CodeIgniter\CodeIgniter->run()
 9 SYSTEMPATH\Commands\Server\rewrite.php(47): require_once('D:\\TUGAS\\KULIAH\\P2MW\\hehe\\gohitfinal\\public\\index.php')
INFO - 2025-05-20 10:05:10 --> Session: Class initialized using 'CodeIgniter\Session\Handlers\FileHandler' driver.
INFO - 2025-05-20 10:05:10 --> Session: Class initialized using 'CodeIgniter\Session\Handlers\FileHandler' driver.
CRITICAL - 2025-05-20 10:05:10 --> foreach() argument must be of type array|object, null given
in SYSTEMPATH\Database\BaseBuilder.php on line 411.
 1 SYSTEMPATH\Database\BaseBuilder.php(411): CodeIgniter\Debug\Exceptions->errorHandler(2, 'foreach() argument must be of type array|object, null given', 'D:\\TUGAS\\KULIAH\\P2MW\\hehe\\gohitfinal\\system\\Database\\BaseBuilder.php', 411)
 2 SYSTEMPATH\Model.php(840): CodeIgniter\Database\BaseBuilder->select(null)
 3 APPPATH\Models\Fisher.php(20): CodeIgniter\Model->__call('select', [...])
 4 APPPATH\Controllers\DetailEvent.php(67): App\Models\Fisher->getUserPointBySport(null, null)
 5 SYSTEMPATH\CodeIgniter.php(934): App\Controllers\DetailEvent->index('css', 'main.css')
 6 SYSTEMPATH\CodeIgniter.php(499): CodeIgniter\CodeIgniter->runController(Object(App\Controllers\DetailEvent))
 7 SYSTEMPATH\CodeIgniter.php(368): CodeIgniter\CodeIgniter->handleRequest(null, Object(Config\Cache), false)
 8 FCPATH\index.php(67): CodeIgniter\CodeIgniter->run()
 9 SYSTEMPATH\Commands\Server\rewrite.php(47): require_once('D:\\TUGAS\\KULIAH\\P2MW\\hehe\\gohitfinal\\public\\index.php')
INFO - 2025-05-20 10:05:10 --> Session: Class initialized using 'CodeIgniter\Session\Handlers\FileHandler' driver.
CRITICAL - 2025-05-20 10:05:10 --> foreach() argument must be of type array|object, null given
in SYSTEMPATH\Database\BaseBuilder.php on line 411.
 1 SYSTEMPATH\Database\BaseBuilder.php(411): CodeIgniter\Debug\Exceptions->errorHandler(2, 'foreach() argument must be of type array|object, null given', 'D:\\TUGAS\\KULIAH\\P2MW\\hehe\\gohitfinal\\system\\Database\\BaseBuilder.php', 411)
 2 SYSTEMPATH\Model.php(840): CodeIgniter\Database\BaseBuilder->select(null)
 3 APPPATH\Models\Fisher.php(20): CodeIgniter\Model->__call('select', [...])
 4 APPPATH\Controllers\DetailEvent.php(67): App\Models\Fisher->getUserPointBySport(null, null)
 5 SYSTEMPATH\CodeIgniter.php(934): App\Controllers\DetailEvent->index('css', 'style.css')
 6 SYSTEMPATH\CodeIgniter.php(499): CodeIgniter\CodeIgniter->runController(Object(App\Controllers\DetailEvent))
 7 SYSTEMPATH\CodeIgniter.php(368): CodeIgniter\CodeIgniter->handleRequest(null, Object(Config\Cache), false)
 8 FCPATH\index.php(67): CodeIgniter\CodeIgniter->run()
 9 SYSTEMPATH\Commands\Server\rewrite.php(47): require_once('D:\\TUGAS\\KULIAH\\P2MW\\hehe\\gohitfinal\\public\\index.php')
INFO - 2025-05-20 10:05:10 --> Session: Class initialized using 'CodeIgniter\Session\Handlers\FileHandler' driver.
CRITICAL - 2025-05-20 10:05:10 --> foreach() argument must be of type array|object, null given
in SYSTEMPATH\Database\BaseBuilder.php on line 411.
 1 SYSTEMPATH\Database\BaseBuilder.php(411): CodeIgniter\Debug\Exceptions->errorHandler(2, 'foreach() argument must be of type array|object, null given', 'D:\\TUGAS\\KULIAH\\P2MW\\hehe\\gohitfinal\\system\\Database\\BaseBuilder.php', 411)
 2 SYSTEMPATH\Model.php(840): CodeIgniter\Database\BaseBuilder->select(null)
 3 APPPATH\Models\Fisher.php(20): CodeIgniter\Model->__call('select', [...])
 4 APPPATH\Controllers\DetailEvent.php(67): App\Models\Fisher->getUserPointBySport(null, null)
 5 SYSTEMPATH\CodeIgniter.php(934): App\Controllers\DetailEvent->index('images', 'bg-01.jpg')
 6 SYSTEMPATH\CodeIgniter.php(499): CodeIgniter\CodeIgniter->runController(Object(App\Controllers\DetailEvent))
 7 SYSTEMPATH\CodeIgniter.php(368): CodeIgniter\CodeIgniter->handleRequest(null, Object(Config\Cache), false)
 8 FCPATH\index.php(67): CodeIgniter\CodeIgniter->run()
 9 SYSTEMPATH\Commands\Server\rewrite.php(47): require_once('D:\\TUGAS\\KULIAH\\P2MW\\hehe\\gohitfinal\\public\\index.php')
INFO - 2025-05-20 10:07:02 --> Session: Class initialized using 'CodeIgniter\Session\Handlers\FileHandler' driver.
INFO - 2025-05-20 10:07:02 --> Session: Class initialized using 'CodeIgniter\Session\Handlers\FileHandler' driver.
CRITICAL - 2025-05-20 10:07:02 --> foreach() argument must be of type array|object, null given
in SYSTEMPATH\Database\BaseBuilder.php on line 411.
 1 SYSTEMPATH\Database\BaseBuilder.php(411): CodeIgniter\Debug\Exceptions->errorHandler(2, 'foreach() argument must be of type array|object, null given', 'D:\\TUGAS\\KULIAH\\P2MW\\hehe\\gohitfinal\\system\\Database\\BaseBuilder.php', 411)
 2 SYSTEMPATH\Model.php(840): CodeIgniter\Database\BaseBuilder->select(null)
 3 APPPATH\Models\Fisher.php(20): CodeIgniter\Model->__call('select', [...])
 4 APPPATH\Controllers\DetailEvent.php(67): App\Models\Fisher->getUserPointBySport(null, null)
 5 SYSTEMPATH\CodeIgniter.php(934): App\Controllers\DetailEvent->index('css', 'main.css')
 6 SYSTEMPATH\CodeIgniter.php(499): CodeIgniter\CodeIgniter->runController(Object(App\Controllers\DetailEvent))
 7 SYSTEMPATH\CodeIgniter.php(368): CodeIgniter\CodeIgniter->handleRequest(null, Object(Config\Cache), false)
 8 FCPATH\index.php(67): CodeIgniter\CodeIgniter->run()
 9 SYSTEMPATH\Commands\Server\rewrite.php(47): require_once('D:\\TUGAS\\KULIAH\\P2MW\\hehe\\gohitfinal\\public\\index.php')
INFO - 2025-05-20 10:07:02 --> Session: Class initialized using 'CodeIgniter\Session\Handlers\FileHandler' driver.
CRITICAL - 2025-05-20 10:07:02 --> foreach() argument must be of type array|object, null given
in SYSTEMPATH\Database\BaseBuilder.php on line 411.
 1 SYSTEMPATH\Database\BaseBuilder.php(411): CodeIgniter\Debug\Exceptions->errorHandler(2, 'foreach() argument must be of type array|object, null given', 'D:\\TUGAS\\KULIAH\\P2MW\\hehe\\gohitfinal\\system\\Database\\BaseBuilder.php', 411)
 2 SYSTEMPATH\Model.php(840): CodeIgniter\Database\BaseBuilder->select(null)
 3 APPPATH\Models\Fisher.php(20): CodeIgniter\Model->__call('select', [...])
 4 APPPATH\Controllers\DetailEvent.php(67): App\Models\Fisher->getUserPointBySport(null, null)
 5 SYSTEMPATH\CodeIgniter.php(934): App\Controllers\DetailEvent->index('css', 'style.css')
 6 SYSTEMPATH\CodeIgniter.php(499): CodeIgniter\CodeIgniter->runController(Object(App\Controllers\DetailEvent))
 7 SYSTEMPATH\CodeIgniter.php(368): CodeIgniter\CodeIgniter->handleRequest(null, Object(Config\Cache), false)
 8 FCPATH\index.php(67): CodeIgniter\CodeIgniter->run()
 9 SYSTEMPATH\Commands\Server\rewrite.php(47): require_once('D:\\TUGAS\\KULIAH\\P2MW\\hehe\\gohitfinal\\public\\index.php')
INFO - 2025-05-20 10:07:03 --> Session: Class initialized using 'CodeIgniter\Session\Handlers\FileHandler' driver.
CRITICAL - 2025-05-20 10:07:03 --> foreach() argument must be of type array|object, null given
in SYSTEMPATH\Database\BaseBuilder.php on line 411.
 1 SYSTEMPATH\Database\BaseBuilder.php(411): CodeIgniter\Debug\Exceptions->errorHandler(2, 'foreach() argument must be of type array|object, null given', 'D:\\TUGAS\\KULIAH\\P2MW\\hehe\\gohitfinal\\system\\Database\\BaseBuilder.php', 411)
 2 SYSTEMPATH\Model.php(840): CodeIgniter\Database\BaseBuilder->select(null)
 3 APPPATH\Models\Fisher.php(20): CodeIgniter\Model->__call('select', [...])
 4 APPPATH\Controllers\DetailEvent.php(67): App\Models\Fisher->getUserPointBySport(null, null)
 5 SYSTEMPATH\CodeIgniter.php(934): App\Controllers\DetailEvent->index('images', 'bg-01.jpg')
 6 SYSTEMPATH\CodeIgniter.php(499): CodeIgniter\CodeIgniter->runController(Object(App\Controllers\DetailEvent))
 7 SYSTEMPATH\CodeIgniter.php(368): CodeIgniter\CodeIgniter->handleRequest(null, Object(Config\Cache), false)
 8 FCPATH\index.php(67): CodeIgniter\CodeIgniter->run()
 9 SYSTEMPATH\Commands\Server\rewrite.php(47): require_once('D:\\TUGAS\\KULIAH\\P2MW\\hehe\\gohitfinal\\public\\index.php')
INFO - 2025-05-20 10:07:13 --> Session: Class initialized using 'CodeIgniter\Session\Handlers\FileHandler' driver.
INFO - 2025-05-20 10:08:15 --> Session: Class initialized using 'CodeIgniter\Session\Handlers\FileHandler' driver.
INFO - 2025-05-20 10:08:24 --> Session: Class initialized using 'CodeIgniter\Session\Handlers\FileHandler' driver.
INFO - 2025-05-20 10:08:24 --> Session: Class initialized using 'CodeIgniter\Session\Handlers\FileHandler' driver.
CRITICAL - 2025-05-20 10:08:24 --> foreach() argument must be of type array|object, null given
in SYSTEMPATH\Database\BaseBuilder.php on line 411.
 1 SYSTEMPATH\Database\BaseBuilder.php(411): CodeIgniter\Debug\Exceptions->errorHandler(2, 'foreach() argument must be of type array|object, null given', 'D:\\TUGAS\\KULIAH\\P2MW\\hehe\\gohitfinal\\system\\Database\\BaseBuilder.php', 411)
 2 SYSTEMPATH\Model.php(840): CodeIgniter\Database\BaseBuilder->select(null)
 3 APPPATH\Models\Fisher.php(20): CodeIgniter\Model->__call('select', [...])
 4 APPPATH\Controllers\DetailEvent.php(67): App\Models\Fisher->getUserPointBySport(null, null)
 5 SYSTEMPATH\CodeIgniter.php(934): App\Controllers\DetailEvent->index('css', 'main.css')
 6 SYSTEMPATH\CodeIgniter.php(499): CodeIgniter\CodeIgniter->runController(Object(App\Controllers\DetailEvent))
 7 SYSTEMPATH\CodeIgniter.php(368): CodeIgniter\CodeIgniter->handleRequest(null, Object(Config\Cache), false)
 8 FCPATH\index.php(67): CodeIgniter\CodeIgniter->run()
 9 SYSTEMPATH\Commands\Server\rewrite.php(47): require_once('D:\\TUGAS\\KULIAH\\P2MW\\hehe\\gohitfinal\\public\\index.php')
INFO - 2025-05-20 10:08:24 --> Session: Class initialized using 'CodeIgniter\Session\Handlers\FileHandler' driver.
CRITICAL - 2025-05-20 10:08:24 --> foreach() argument must be of type array|object, null given
in SYSTEMPATH\Database\BaseBuilder.php on line 411.
 1 SYSTEMPATH\Database\BaseBuilder.php(411): CodeIgniter\Debug\Exceptions->errorHandler(2, 'foreach() argument must be of type array|object, null given', 'D:\\TUGAS\\KULIAH\\P2MW\\hehe\\gohitfinal\\system\\Database\\BaseBuilder.php', 411)
 2 SYSTEMPATH\Model.php(840): CodeIgniter\Database\BaseBuilder->select(null)
 3 APPPATH\Models\Fisher.php(20): CodeIgniter\Model->__call('select', [...])
 4 APPPATH\Controllers\DetailEvent.php(67): App\Models\Fisher->getUserPointBySport(null, null)
 5 SYSTEMPATH\CodeIgniter.php(934): App\Controllers\DetailEvent->index('css', 'style.css')
 6 SYSTEMPATH\CodeIgniter.php(499): CodeIgniter\CodeIgniter->runController(Object(App\Controllers\DetailEvent))
 7 SYSTEMPATH\CodeIgniter.php(368): CodeIgniter\CodeIgniter->handleRequest(null, Object(Config\Cache), false)
 8 FCPATH\index.php(67): CodeIgniter\CodeIgniter->run()
 9 SYSTEMPATH\Commands\Server\rewrite.php(47): require_once('D:\\TUGAS\\KULIAH\\P2MW\\hehe\\gohitfinal\\public\\index.php')
INFO - 2025-05-20 10:08:24 --> Session: Class initialized using 'CodeIgniter\Session\Handlers\FileHandler' driver.
CRITICAL - 2025-05-20 10:08:25 --> foreach() argument must be of type array|object, null given
in SYSTEMPATH\Database\BaseBuilder.php on line 411.
 1 SYSTEMPATH\Database\BaseBuilder.php(411): CodeIgniter\Debug\Exceptions->errorHandler(2, 'foreach() argument must be of type array|object, null given', 'D:\\TUGAS\\KULIAH\\P2MW\\hehe\\gohitfinal\\system\\Database\\BaseBuilder.php', 411)
 2 SYSTEMPATH\Model.php(840): CodeIgniter\Database\BaseBuilder->select(null)
 3 APPPATH\Models\Fisher.php(20): CodeIgniter\Model->__call('select', [...])
 4 APPPATH\Controllers\DetailEvent.php(67): App\Models\Fisher->getUserPointBySport(null, null)
 5 SYSTEMPATH\CodeIgniter.php(934): App\Controllers\DetailEvent->index('images', 'bg-01.jpg')
 6 SYSTEMPATH\CodeIgniter.php(499): CodeIgniter\CodeIgniter->runController(Object(App\Controllers\DetailEvent))
 7 SYSTEMPATH\CodeIgniter.php(368): CodeIgniter\CodeIgniter->handleRequest(null, Object(Config\Cache), false)
 8 FCPATH\index.php(67): CodeIgniter\CodeIgniter->run()
 9 SYSTEMPATH\Commands\Server\rewrite.php(47): require_once('D:\\TUGAS\\KULIAH\\P2MW\\hehe\\gohitfinal\\public\\index.php')
INFO - 2025-05-20 10:08:40 --> Session: Class initialized using 'CodeIgniter\Session\Handlers\FileHandler' driver.
INFO - 2025-05-20 10:09:18 --> Session: Class initialized using 'CodeIgniter\Session\Handlers\FileHandler' driver.
INFO - 2025-05-20 10:09:23 --> Session: Class initialized using 'CodeIgniter\Session\Handlers\FileHandler' driver.
INFO - 2025-05-20 10:09:23 --> Session: Class initialized using 'CodeIgniter\Session\Handlers\FileHandler' driver.
CRITICAL - 2025-05-20 10:09:23 --> foreach() argument must be of type array|object, null given
in SYSTEMPATH\Database\BaseBuilder.php on line 411.
 1 SYSTEMPATH\Database\BaseBuilder.php(411): CodeIgniter\Debug\Exceptions->errorHandler(2, 'foreach() argument must be of type array|object, null given', 'D:\\TUGAS\\KULIAH\\P2MW\\hehe\\gohitfinal\\system\\Database\\BaseBuilder.php', 411)
 2 SYSTEMPATH\Model.php(840): CodeIgniter\Database\BaseBuilder->select(null)
 3 APPPATH\Models\Fisher.php(20): CodeIgniter\Model->__call('select', [...])
 4 APPPATH\Controllers\DetailEvent.php(67): App\Models\Fisher->getUserPointBySport(null, null)
 5 SYSTEMPATH\CodeIgniter.php(934): App\Controllers\DetailEvent->index('css', 'main.css')
 6 SYSTEMPATH\CodeIgniter.php(499): CodeIgniter\CodeIgniter->runController(Object(App\Controllers\DetailEvent))
 7 SYSTEMPATH\CodeIgniter.php(368): CodeIgniter\CodeIgniter->handleRequest(null, Object(Config\Cache), false)
 8 FCPATH\index.php(67): CodeIgniter\CodeIgniter->run()
 9 SYSTEMPATH\Commands\Server\rewrite.php(47): require_once('D:\\TUGAS\\KULIAH\\P2MW\\hehe\\gohitfinal\\public\\index.php')
INFO - 2025-05-20 10:09:23 --> Session: Class initialized using 'CodeIgniter\Session\Handlers\FileHandler' driver.
CRITICAL - 2025-05-20 10:09:23 --> foreach() argument must be of type array|object, null given
in SYSTEMPATH\Database\BaseBuilder.php on line 411.
 1 SYSTEMPATH\Database\BaseBuilder.php(411): CodeIgniter\Debug\Exceptions->errorHandler(2, 'foreach() argument must be of type array|object, null given', 'D:\\TUGAS\\KULIAH\\P2MW\\hehe\\gohitfinal\\system\\Database\\BaseBuilder.php', 411)
 2 SYSTEMPATH\Model.php(840): CodeIgniter\Database\BaseBuilder->select(null)
 3 APPPATH\Models\Fisher.php(20): CodeIgniter\Model->__call('select', [...])
 4 APPPATH\Controllers\DetailEvent.php(67): App\Models\Fisher->getUserPointBySport(null, null)
 5 SYSTEMPATH\CodeIgniter.php(934): App\Controllers\DetailEvent->index('css', 'style.css')
 6 SYSTEMPATH\CodeIgniter.php(499): CodeIgniter\CodeIgniter->runController(Object(App\Controllers\DetailEvent))
 7 SYSTEMPATH\CodeIgniter.php(368): CodeIgniter\CodeIgniter->handleRequest(null, Object(Config\Cache), false)
 8 FCPATH\index.php(67): CodeIgniter\CodeIgniter->run()
 9 SYSTEMPATH\Commands\Server\rewrite.php(47): require_once('D:\\TUGAS\\KULIAH\\P2MW\\hehe\\gohitfinal\\public\\index.php')
INFO - 2025-05-20 10:09:23 --> Session: Class initialized using 'CodeIgniter\Session\Handlers\FileHandler' driver.
CRITICAL - 2025-05-20 10:09:23 --> foreach() argument must be of type array|object, null given
in SYSTEMPATH\Database\BaseBuilder.php on line 411.
 1 SYSTEMPATH\Database\BaseBuilder.php(411): CodeIgniter\Debug\Exceptions->errorHandler(2, 'foreach() argument must be of type array|object, null given', 'D:\\TUGAS\\KULIAH\\P2MW\\hehe\\gohitfinal\\system\\Database\\BaseBuilder.php', 411)
 2 SYSTEMPATH\Model.php(840): CodeIgniter\Database\BaseBuilder->select(null)
 3 APPPATH\Models\Fisher.php(20): CodeIgniter\Model->__call('select', [...])
 4 APPPATH\Controllers\DetailEvent.php(67): App\Models\Fisher->getUserPointBySport(null, null)
 5 SYSTEMPATH\CodeIgniter.php(934): App\Controllers\DetailEvent->index('images', 'bg-01.jpg')
 6 SYSTEMPATH\CodeIgniter.php(499): CodeIgniter\CodeIgniter->runController(Object(App\Controllers\DetailEvent))
 7 SYSTEMPATH\CodeIgniter.php(368): CodeIgniter\CodeIgniter->handleRequest(null, Object(Config\Cache), false)
 8 FCPATH\index.php(67): CodeIgniter\CodeIgniter->run()
 9 SYSTEMPATH\Commands\Server\rewrite.php(47): require_once('D:\\TUGAS\\KULIAH\\P2MW\\hehe\\gohitfinal\\public\\index.php')
INFO - 2025-05-20 10:09:27 --> Session: Class initialized using 'CodeIgniter\Session\Handlers\FileHandler' driver.
INFO - 2025-05-20 10:09:28 --> Session: Class initialized using 'CodeIgniter\Session\Handlers\FileHandler' driver.
INFO - 2025-05-20 10:09:32 --> Session: Class initialized using 'CodeIgniter\Session\Handlers\FileHandler' driver.
INFO - 2025-05-20 10:09:33 --> Session: Class initialized using 'CodeIgniter\Session\Handlers\FileHandler' driver.
CRITICAL - 2025-05-20 10:09:33 --> foreach() argument must be of type array|object, null given
in SYSTEMPATH\Database\BaseBuilder.php on line 411.
 1 SYSTEMPATH\Database\BaseBuilder.php(411): CodeIgniter\Debug\Exceptions->errorHandler(2, 'foreach() argument must be of type array|object, null given', 'D:\\TUGAS\\KULIAH\\P2MW\\hehe\\gohitfinal\\system\\Database\\BaseBuilder.php', 411)
 2 SYSTEMPATH\Model.php(840): CodeIgniter\Database\BaseBuilder->select(null)
 3 APPPATH\Models\Fisher.php(20): CodeIgniter\Model->__call('select', [...])
 4 APPPATH\Controllers\DetailEvent.php(67): App\Models\Fisher->getUserPointBySport(null, null)
 5 SYSTEMPATH\CodeIgniter.php(934): App\Controllers\DetailEvent->index('css', 'main.css')
 6 SYSTEMPATH\CodeIgniter.php(499): CodeIgniter\CodeIgniter->runController(Object(App\Controllers\DetailEvent))
 7 SYSTEMPATH\CodeIgniter.php(368): CodeIgniter\CodeIgniter->handleRequest(null, Object(Config\Cache), false)
 8 FCPATH\index.php(67): CodeIgniter\CodeIgniter->run()
 9 SYSTEMPATH\Commands\Server\rewrite.php(47): require_once('D:\\TUGAS\\KULIAH\\P2MW\\hehe\\gohitfinal\\public\\index.php')
INFO - 2025-05-20 10:09:33 --> Session: Class initialized using 'CodeIgniter\Session\Handlers\FileHandler' driver.
CRITICAL - 2025-05-20 10:09:33 --> foreach() argument must be of type array|object, null given
in SYSTEMPATH\Database\BaseBuilder.php on line 411.
 1 SYSTEMPATH\Database\BaseBuilder.php(411): CodeIgniter\Debug\Exceptions->errorHandler(2, 'foreach() argument must be of type array|object, null given', 'D:\\TUGAS\\KULIAH\\P2MW\\hehe\\gohitfinal\\system\\Database\\BaseBuilder.php', 411)
 2 SYSTEMPATH\Model.php(840): CodeIgniter\Database\BaseBuilder->select(null)
 3 APPPATH\Models\Fisher.php(20): CodeIgniter\Model->__call('select', [...])
 4 APPPATH\Controllers\DetailEvent.php(67): App\Models\Fisher->getUserPointBySport(null, null)
 5 SYSTEMPATH\CodeIgniter.php(934): App\Controllers\DetailEvent->index('css', 'style.css')
 6 SYSTEMPATH\CodeIgniter.php(499): CodeIgniter\CodeIgniter->runController(Object(App\Controllers\DetailEvent))
 7 SYSTEMPATH\CodeIgniter.php(368): CodeIgniter\CodeIgniter->handleRequest(null, Object(Config\Cache), false)
 8 FCPATH\index.php(67): CodeIgniter\CodeIgniter->run()
 9 SYSTEMPATH\Commands\Server\rewrite.php(47): require_once('D:\\TUGAS\\KULIAH\\P2MW\\hehe\\gohitfinal\\public\\index.php')
INFO - 2025-05-20 10:09:33 --> Session: Class initialized using 'CodeIgniter\Session\Handlers\FileHandler' driver.
CRITICAL - 2025-05-20 10:09:33 --> foreach() argument must be of type array|object, null given
in SYSTEMPATH\Database\BaseBuilder.php on line 411.
 1 SYSTEMPATH\Database\BaseBuilder.php(411): CodeIgniter\Debug\Exceptions->errorHandler(2, 'foreach() argument must be of type array|object, null given', 'D:\\TUGAS\\KULIAH\\P2MW\\hehe\\gohitfinal\\system\\Database\\BaseBuilder.php', 411)
 2 SYSTEMPATH\Model.php(840): CodeIgniter\Database\BaseBuilder->select(null)
 3 APPPATH\Models\Fisher.php(20): CodeIgniter\Model->__call('select', [...])
 4 APPPATH\Controllers\DetailEvent.php(67): App\Models\Fisher->getUserPointBySport(null, null)
 5 SYSTEMPATH\CodeIgniter.php(934): App\Controllers\DetailEvent->index('images', 'bg-01.jpg')
 6 SYSTEMPATH\CodeIgniter.php(499): CodeIgniter\CodeIgniter->runController(Object(App\Controllers\DetailEvent))
 7 SYSTEMPATH\CodeIgniter.php(368): CodeIgniter\CodeIgniter->handleRequest(null, Object(Config\Cache), false)
 8 FCPATH\index.php(67): CodeIgniter\CodeIgniter->run()
 9 SYSTEMPATH\Commands\Server\rewrite.php(47): require_once('D:\\TUGAS\\KULIAH\\P2MW\\hehe\\gohitfinal\\public\\index.php')
INFO - 2025-05-20 10:13:55 --> Session: Class initialized using 'CodeIgniter\Session\Handlers\FileHandler' driver.
INFO - 2025-05-20 10:13:57 --> Session: Class initialized using 'CodeIgniter\Session\Handlers\FileHandler' driver.
INFO - 2025-05-20 13:39:08 --> Session: Class initialized using 'CodeIgniter\Session\Handlers\FileHandler' driver.
INFO - 2025-05-20 13:39:15 --> Session: Class initialized using 'CodeIgniter\Session\Handlers\FileHandler' driver.
INFO - 2025-05-20 13:39:17 --> Session: Class initialized using 'CodeIgniter\Session\Handlers\FileHandler' driver.
CRITICAL - 2025-05-20 13:39:17 --> foreach() argument must be of type array|object, null given
in SYSTEMPATH\Database\BaseBuilder.php on line 411.
 1 SYSTEMPATH\Database\BaseBuilder.php(411): CodeIgniter\Debug\Exceptions->errorHandler(2, 'foreach() argument must be of type array|object, null given', 'D:\\TUGAS\\KULIAH\\P2MW\\hehe\\gohitfinal\\system\\Database\\BaseBuilder.php', 411)
 2 SYSTEMPATH\Model.php(840): CodeIgniter\Database\BaseBuilder->select(null)
 3 APPPATH\Models\Fisher.php(20): CodeIgniter\Model->__call('select', [...])
 4 APPPATH\Controllers\DetailEvent.php(69): App\Models\Fisher->getUserPointBySport(null, null)
 5 SYSTEMPATH\CodeIgniter.php(934): App\Controllers\DetailEvent->index('css', 'main.css')
 6 SYSTEMPATH\CodeIgniter.php(499): CodeIgniter\CodeIgniter->runController(Object(App\Controllers\DetailEvent))
 7 SYSTEMPATH\CodeIgniter.php(368): CodeIgniter\CodeIgniter->handleRequest(null, Object(Config\Cache), false)
 8 FCPATH\index.php(67): CodeIgniter\CodeIgniter->run()
 9 SYSTEMPATH\Commands\Server\rewrite.php(47): require_once('D:\\TUGAS\\KULIAH\\P2MW\\hehe\\gohitfinal\\public\\index.php')
INFO - 2025-05-20 13:39:17 --> Session: Class initialized using 'CodeIgniter\Session\Handlers\FileHandler' driver.
CRITICAL - 2025-05-20 13:39:17 --> foreach() argument must be of type array|object, null given
in SYSTEMPATH\Database\BaseBuilder.php on line 411.
 1 SYSTEMPATH\Database\BaseBuilder.php(411): CodeIgniter\Debug\Exceptions->errorHandler(2, 'foreach() argument must be of type array|object, null given', 'D:\\TUGAS\\KULIAH\\P2MW\\hehe\\gohitfinal\\system\\Database\\BaseBuilder.php', 411)
 2 SYSTEMPATH\Model.php(840): CodeIgniter\Database\BaseBuilder->select(null)
 3 APPPATH\Models\Fisher.php(20): CodeIgniter\Model->__call('select', [...])
 4 APPPATH\Controllers\DetailEvent.php(69): App\Models\Fisher->getUserPointBySport(null, null)
 5 SYSTEMPATH\CodeIgniter.php(934): App\Controllers\DetailEvent->index('css', 'style.css')
 6 SYSTEMPATH\CodeIgniter.php(499): CodeIgniter\CodeIgniter->runController(Object(App\Controllers\DetailEvent))
 7 SYSTEMPATH\CodeIgniter.php(368): CodeIgniter\CodeIgniter->handleRequest(null, Object(Config\Cache), false)
 8 FCPATH\index.php(67): CodeIgniter\CodeIgniter->run()
 9 SYSTEMPATH\Commands\Server\rewrite.php(47): require_once('D:\\TUGAS\\KULIAH\\P2MW\\hehe\\gohitfinal\\public\\index.php')
INFO - 2025-05-20 13:39:17 --> Session: Class initialized using 'CodeIgniter\Session\Handlers\FileHandler' driver.
CRITICAL - 2025-05-20 13:39:17 --> foreach() argument must be of type array|object, null given
in SYSTEMPATH\Database\BaseBuilder.php on line 411.
 1 SYSTEMPATH\Database\BaseBuilder.php(411): CodeIgniter\Debug\Exceptions->errorHandler(2, 'foreach() argument must be of type array|object, null given', 'D:\\TUGAS\\KULIAH\\P2MW\\hehe\\gohitfinal\\system\\Database\\BaseBuilder.php', 411)
 2 SYSTEMPATH\Model.php(840): CodeIgniter\Database\BaseBuilder->select(null)
 3 APPPATH\Models\Fisher.php(20): CodeIgniter\Model->__call('select', [...])
 4 APPPATH\Controllers\DetailEvent.php(69): App\Models\Fisher->getUserPointBySport(null, null)
 5 SYSTEMPATH\CodeIgniter.php(934): App\Controllers\DetailEvent->index('images', 'bg-01.jpg')
 6 SYSTEMPATH\CodeIgniter.php(499): CodeIgniter\CodeIgniter->runController(Object(App\Controllers\DetailEvent))
 7 SYSTEMPATH\CodeIgniter.php(368): CodeIgniter\CodeIgniter->handleRequest(null, Object(Config\Cache), false)
 8 FCPATH\index.php(67): CodeIgniter\CodeIgniter->run()
 9 SYSTEMPATH\Commands\Server\rewrite.php(47): require_once('D:\\TUGAS\\KULIAH\\P2MW\\hehe\\gohitfinal\\public\\index.php')
INFO - 2025-05-20 13:39:30 --> Session: Class initialized using 'CodeIgniter\Session\Handlers\FileHandler' driver.
INFO - 2025-05-20 13:39:32 --> Session: Class initialized using 'CodeIgniter\Session\Handlers\FileHandler' driver.
CRITICAL - 2025-05-20 13:39:32 --> foreach() argument must be of type array|object, null given
in SYSTEMPATH\Database\BaseBuilder.php on line 411.
 1 SYSTEMPATH\Database\BaseBuilder.php(411): CodeIgniter\Debug\Exceptions->errorHandler(2, 'foreach() argument must be of type array|object, null given', 'D:\\TUGAS\\KULIAH\\P2MW\\hehe\\gohitfinal\\system\\Database\\BaseBuilder.php', 411)
 2 SYSTEMPATH\Model.php(840): CodeIgniter\Database\BaseBuilder->select(null)
 3 APPPATH\Models\Fisher.php(20): CodeIgniter\Model->__call('select', [...])
 4 APPPATH\Controllers\DetailEvent.php(69): App\Models\Fisher->getUserPointBySport(null, null)
 5 SYSTEMPATH\CodeIgniter.php(934): App\Controllers\DetailEvent->index('css', 'main.css')
 6 SYSTEMPATH\CodeIgniter.php(499): CodeIgniter\CodeIgniter->runController(Object(App\Controllers\DetailEvent))
 7 SYSTEMPATH\CodeIgniter.php(368): CodeIgniter\CodeIgniter->handleRequest(null, Object(Config\Cache), false)
 8 FCPATH\index.php(67): CodeIgniter\CodeIgniter->run()
 9 SYSTEMPATH\Commands\Server\rewrite.php(47): require_once('D:\\TUGAS\\KULIAH\\P2MW\\hehe\\gohitfinal\\public\\index.php')
INFO - 2025-05-20 13:39:32 --> Session: Class initialized using 'CodeIgniter\Session\Handlers\FileHandler' driver.
CRITICAL - 2025-05-20 13:39:32 --> foreach() argument must be of type array|object, null given
in SYSTEMPATH\Database\BaseBuilder.php on line 411.
 1 SYSTEMPATH\Database\BaseBuilder.php(411): CodeIgniter\Debug\Exceptions->errorHandler(2, 'foreach() argument must be of type array|object, null given', 'D:\\TUGAS\\KULIAH\\P2MW\\hehe\\gohitfinal\\system\\Database\\BaseBuilder.php', 411)
 2 SYSTEMPATH\Model.php(840): CodeIgniter\Database\BaseBuilder->select(null)
 3 APPPATH\Models\Fisher.php(20): CodeIgniter\Model->__call('select', [...])
 4 APPPATH\Controllers\DetailEvent.php(69): App\Models\Fisher->getUserPointBySport(null, null)
 5 SYSTEMPATH\CodeIgniter.php(934): App\Controllers\DetailEvent->index('css', 'style.css')
 6 SYSTEMPATH\CodeIgniter.php(499): CodeIgniter\CodeIgniter->runController(Object(App\Controllers\DetailEvent))
 7 SYSTEMPATH\CodeIgniter.php(368): CodeIgniter\CodeIgniter->handleRequest(null, Object(Config\Cache), false)
 8 FCPATH\index.php(67): CodeIgniter\CodeIgniter->run()
 9 SYSTEMPATH\Commands\Server\rewrite.php(47): require_once('D:\\TUGAS\\KULIAH\\P2MW\\hehe\\gohitfinal\\public\\index.php')
INFO - 2025-05-20 13:39:32 --> Session: Class initialized using 'CodeIgniter\Session\Handlers\FileHandler' driver.
CRITICAL - 2025-05-20 13:39:32 --> foreach() argument must be of type array|object, null given
in SYSTEMPATH\Database\BaseBuilder.php on line 411.
 1 SYSTEMPATH\Database\BaseBuilder.php(411): CodeIgniter\Debug\Exceptions->errorHandler(2, 'foreach() argument must be of type array|object, null given', 'D:\\TUGAS\\KULIAH\\P2MW\\hehe\\gohitfinal\\system\\Database\\BaseBuilder.php', 411)
 2 SYSTEMPATH\Model.php(840): CodeIgniter\Database\BaseBuilder->select(null)
 3 APPPATH\Models\Fisher.php(20): CodeIgniter\Model->__call('select', [...])
 4 APPPATH\Controllers\DetailEvent.php(69): App\Models\Fisher->getUserPointBySport(null, null)
 5 SYSTEMPATH\CodeIgniter.php(934): App\Controllers\DetailEvent->index('images', 'bg-01.jpg')
 6 SYSTEMPATH\CodeIgniter.php(499): CodeIgniter\CodeIgniter->runController(Object(App\Controllers\DetailEvent))
 7 SYSTEMPATH\CodeIgniter.php(368): CodeIgniter\CodeIgniter->handleRequest(null, Object(Config\Cache), false)
 8 FCPATH\index.php(67): CodeIgniter\CodeIgniter->run()
 9 SYSTEMPATH\Commands\Server\rewrite.php(47): require_once('D:\\TUGAS\\KULIAH\\P2MW\\hehe\\gohitfinal\\public\\index.php')
INFO - 2025-05-20 13:39:43 --> Session: Class initialized using 'CodeIgniter\Session\Handlers\FileHandler' driver.
INFO - 2025-05-20 13:39:43 --> Session: Class initialized using 'CodeIgniter\Session\Handlers\FileHandler' driver.
INFO - 2025-05-20 13:39:47 --> Session: Class initialized using 'CodeIgniter\Session\Handlers\FileHandler' driver.
INFO - 2025-05-20 13:39:49 --> Session: Class initialized using 'CodeIgniter\Session\Handlers\FileHandler' driver.
INFO - 2025-05-20 13:39:49 --> Session: Class initialized using 'CodeIgniter\Session\Handlers\FileHandler' driver.
CRITICAL - 2025-05-20 13:39:49 --> Undefined variable $tgl
in APPPATH\Views\detaileventp.php on line 24.
 1 APPPATH\Views\detaileventp.php(24): CodeIgniter\Debug\Exceptions->errorHandler(2, 'Undefined variable $tgl', 'D:\\TUGAS\\KULIAH\\P2MW\\hehe\\gohitfinal\\app\\Views\\detaileventp.php', 24)
 2 SYSTEMPATH\View\View.php(213): include('D:\\TUGAS\\KULIAH\\P2MW\\hehe\\gohitfinal\\app\\Views\\detaileventp.php')
 3 SYSTEMPATH\View\View.php(216): CodeIgniter\View\View->CodeIgniter\View\{closure}()
 4 SYSTEMPATH\Common.php(1184): CodeIgniter\View\View->render('detaileventp', [], true)
 5 APPPATH\Controllers\DetailEvent.php(444): view('detaileventp', [...])
 6 SYSTEMPATH\CodeIgniter.php(934): App\Controllers\DetailEvent->peserta('css', 'main.css')
 7 SYSTEMPATH\CodeIgniter.php(499): CodeIgniter\CodeIgniter->runController(Object(App\Controllers\DetailEvent))
 8 SYSTEMPATH\CodeIgniter.php(368): CodeIgniter\CodeIgniter->handleRequest(null, Object(Config\Cache), false)
 9 FCPATH\index.php(67): CodeIgniter\CodeIgniter->run()
10 SYSTEMPATH\Commands\Server\rewrite.php(47): require_once('D:\\TUGAS\\KULIAH\\P2MW\\hehe\\gohitfinal\\public\\index.php')
INFO - 2025-05-20 13:39:49 --> Session: Class initialized using 'CodeIgniter\Session\Handlers\FileHandler' driver.
CRITICAL - 2025-05-20 13:39:49 --> Undefined variable $tgl
in APPPATH\Views\detaileventp.php on line 24.
 1 APPPATH\Views\detaileventp.php(24): CodeIgniter\Debug\Exceptions->errorHandler(2, 'Undefined variable $tgl', 'D:\\TUGAS\\KULIAH\\P2MW\\hehe\\gohitfinal\\app\\Views\\detaileventp.php', 24)
 2 SYSTEMPATH\View\View.php(213): include('D:\\TUGAS\\KULIAH\\P2MW\\hehe\\gohitfinal\\app\\Views\\detaileventp.php')
 3 SYSTEMPATH\View\View.php(216): CodeIgniter\View\View->CodeIgniter\View\{closure}()
 4 SYSTEMPATH\Common.php(1184): CodeIgniter\View\View->render('detaileventp', [], true)
 5 APPPATH\Controllers\DetailEvent.php(444): view('detaileventp', [...])
 6 SYSTEMPATH\CodeIgniter.php(934): App\Controllers\DetailEvent->peserta('css', 'style.css')
 7 SYSTEMPATH\CodeIgniter.php(499): CodeIgniter\CodeIgniter->runController(Object(App\Controllers\DetailEvent))
 8 SYSTEMPATH\CodeIgniter.php(368): CodeIgniter\CodeIgniter->handleRequest(null, Object(Config\Cache), false)
 9 FCPATH\index.php(67): CodeIgniter\CodeIgniter->run()
10 SYSTEMPATH\Commands\Server\rewrite.php(47): require_once('D:\\TUGAS\\KULIAH\\P2MW\\hehe\\gohitfinal\\public\\index.php')
INFO - 2025-05-20 13:39:50 --> Session: Class initialized using 'CodeIgniter\Session\Handlers\FileHandler' driver.
CRITICAL - 2025-05-20 13:39:50 --> Undefined variable $tgl
in APPPATH\Views\detaileventp.php on line 24.
 1 APPPATH\Views\detaileventp.php(24): CodeIgniter\Debug\Exceptions->errorHandler(2, 'Undefined variable $tgl', 'D:\\TUGAS\\KULIAH\\P2MW\\hehe\\gohitfinal\\app\\Views\\detaileventp.php', 24)
 2 SYSTEMPATH\View\View.php(213): include('D:\\TUGAS\\KULIAH\\P2MW\\hehe\\gohitfinal\\app\\Views\\detaileventp.php')
 3 SYSTEMPATH\View\View.php(216): CodeIgniter\View\View->CodeIgniter\View\{closure}()
 4 SYSTEMPATH\Common.php(1184): CodeIgniter\View\View->render('detaileventp', [], true)
 5 APPPATH\Controllers\DetailEvent.php(444): view('detaileventp', [...])
 6 SYSTEMPATH\CodeIgniter.php(934): App\Controllers\DetailEvent->peserta('images', 'bg-01.jpg')
 7 SYSTEMPATH\CodeIgniter.php(499): CodeIgniter\CodeIgniter->runController(Object(App\Controllers\DetailEvent))
 8 SYSTEMPATH\CodeIgniter.php(368): CodeIgniter\CodeIgniter->handleRequest(null, Object(Config\Cache), false)
 9 FCPATH\index.php(67): CodeIgniter\CodeIgniter->run()
10 SYSTEMPATH\Commands\Server\rewrite.php(47): require_once('D:\\TUGAS\\KULIAH\\P2MW\\hehe\\gohitfinal\\public\\index.php')
INFO - 2025-05-20 13:40:09 --> Session: Class initialized using 'CodeIgniter\Session\Handlers\FileHandler' driver.
INFO - 2025-05-20 13:40:09 --> Session: Class initialized using 'CodeIgniter\Session\Handlers\FileHandler' driver.
CRITICAL - 2025-05-20 13:40:09 --> Undefined variable $tgl
in APPPATH\Views\detaileventp.php on line 24.
 1 APPPATH\Views\detaileventp.php(24): CodeIgniter\Debug\Exceptions->errorHandler(2, 'Undefined variable $tgl', 'D:\\TUGAS\\KULIAH\\P2MW\\hehe\\gohitfinal\\app\\Views\\detaileventp.php', 24)
 2 SYSTEMPATH\View\View.php(213): include('D:\\TUGAS\\KULIAH\\P2MW\\hehe\\gohitfinal\\app\\Views\\detaileventp.php')
 3 SYSTEMPATH\View\View.php(216): CodeIgniter\View\View->CodeIgniter\View\{closure}()
 4 SYSTEMPATH\Common.php(1184): CodeIgniter\View\View->render('detaileventp', [], true)
 5 APPPATH\Controllers\DetailEvent.php(444): view('detaileventp', [...])
 6 SYSTEMPATH\CodeIgniter.php(934): App\Controllers\DetailEvent->peserta('css', 'main.css')
 7 SYSTEMPATH\CodeIgniter.php(499): CodeIgniter\CodeIgniter->runController(Object(App\Controllers\DetailEvent))
 8 SYSTEMPATH\CodeIgniter.php(368): CodeIgniter\CodeIgniter->handleRequest(null, Object(Config\Cache), false)
 9 FCPATH\index.php(67): CodeIgniter\CodeIgniter->run()
10 SYSTEMPATH\Commands\Server\rewrite.php(47): require_once('D:\\TUGAS\\KULIAH\\P2MW\\hehe\\gohitfinal\\public\\index.php')
INFO - 2025-05-20 13:40:10 --> Session: Class initialized using 'CodeIgniter\Session\Handlers\FileHandler' driver.
CRITICAL - 2025-05-20 13:40:10 --> Undefined variable $tgl
in APPPATH\Views\detaileventp.php on line 24.
 1 APPPATH\Views\detaileventp.php(24): CodeIgniter\Debug\Exceptions->errorHandler(2, 'Undefined variable $tgl', 'D:\\TUGAS\\KULIAH\\P2MW\\hehe\\gohitfinal\\app\\Views\\detaileventp.php', 24)
 2 SYSTEMPATH\View\View.php(213): include('D:\\TUGAS\\KULIAH\\P2MW\\hehe\\gohitfinal\\app\\Views\\detaileventp.php')
 3 SYSTEMPATH\View\View.php(216): CodeIgniter\View\View->CodeIgniter\View\{closure}()
 4 SYSTEMPATH\Common.php(1184): CodeIgniter\View\View->render('detaileventp', [], true)
 5 APPPATH\Controllers\DetailEvent.php(444): view('detaileventp', [...])
 6 SYSTEMPATH\CodeIgniter.php(934): App\Controllers\DetailEvent->peserta('css', 'style.css')
 7 SYSTEMPATH\CodeIgniter.php(499): CodeIgniter\CodeIgniter->runController(Object(App\Controllers\DetailEvent))
 8 SYSTEMPATH\CodeIgniter.php(368): CodeIgniter\CodeIgniter->handleRequest(null, Object(Config\Cache), false)
 9 FCPATH\index.php(67): CodeIgniter\CodeIgniter->run()
10 SYSTEMPATH\Commands\Server\rewrite.php(47): require_once('D:\\TUGAS\\KULIAH\\P2MW\\hehe\\gohitfinal\\public\\index.php')
INFO - 2025-05-20 13:40:10 --> Session: Class initialized using 'CodeIgniter\Session\Handlers\FileHandler' driver.
CRITICAL - 2025-05-20 13:40:10 --> Undefined variable $tgl
in APPPATH\Views\detaileventp.php on line 24.
 1 APPPATH\Views\detaileventp.php(24): CodeIgniter\Debug\Exceptions->errorHandler(2, 'Undefined variable $tgl', 'D:\\TUGAS\\KULIAH\\P2MW\\hehe\\gohitfinal\\app\\Views\\detaileventp.php', 24)
 2 SYSTEMPATH\View\View.php(213): include('D:\\TUGAS\\KULIAH\\P2MW\\hehe\\gohitfinal\\app\\Views\\detaileventp.php')
 3 SYSTEMPATH\View\View.php(216): CodeIgniter\View\View->CodeIgniter\View\{closure}()
 4 SYSTEMPATH\Common.php(1184): CodeIgniter\View\View->render('detaileventp', [], true)
 5 APPPATH\Controllers\DetailEvent.php(444): view('detaileventp', [...])
 6 SYSTEMPATH\CodeIgniter.php(934): App\Controllers\DetailEvent->peserta('images', 'bg-01.jpg')
 7 SYSTEMPATH\CodeIgniter.php(499): CodeIgniter\CodeIgniter->runController(Object(App\Controllers\DetailEvent))
 8 SYSTEMPATH\CodeIgniter.php(368): CodeIgniter\CodeIgniter->handleRequest(null, Object(Config\Cache), false)
 9 FCPATH\index.php(67): CodeIgniter\CodeIgniter->run()
10 SYSTEMPATH\Commands\Server\rewrite.php(47): require_once('D:\\TUGAS\\KULIAH\\P2MW\\hehe\\gohitfinal\\public\\index.php')
INFO - 2025-05-20 13:40:40 --> Session: Class initialized using 'CodeIgniter\Session\Handlers\FileHandler' driver.
INFO - 2025-05-20 13:40:40 --> Session: Class initialized using 'CodeIgniter\Session\Handlers\FileHandler' driver.
CRITICAL - 2025-05-20 13:40:40 --> Undefined variable $tgl
in APPPATH\Views\detaileventp.php on line 24.
 1 APPPATH\Views\detaileventp.php(24): CodeIgniter\Debug\Exceptions->errorHandler(2, 'Undefined variable $tgl', 'D:\\TUGAS\\KULIAH\\P2MW\\hehe\\gohitfinal\\app\\Views\\detaileventp.php', 24)
 2 SYSTEMPATH\View\View.php(213): include('D:\\TUGAS\\KULIAH\\P2MW\\hehe\\gohitfinal\\app\\Views\\detaileventp.php')
 3 SYSTEMPATH\View\View.php(216): CodeIgniter\View\View->CodeIgniter\View\{closure}()
 4 SYSTEMPATH\Common.php(1184): CodeIgniter\View\View->render('detaileventp', [], true)
 5 APPPATH\Controllers\DetailEvent.php(444): view('detaileventp', [...])
 6 SYSTEMPATH\CodeIgniter.php(934): App\Controllers\DetailEvent->peserta('css', 'main.css')
 7 SYSTEMPATH\CodeIgniter.php(499): CodeIgniter\CodeIgniter->runController(Object(App\Controllers\DetailEvent))
 8 SYSTEMPATH\CodeIgniter.php(368): CodeIgniter\CodeIgniter->handleRequest(null, Object(Config\Cache), false)
 9 FCPATH\index.php(67): CodeIgniter\CodeIgniter->run()
10 SYSTEMPATH\Commands\Server\rewrite.php(47): require_once('D:\\TUGAS\\KULIAH\\P2MW\\hehe\\gohitfinal\\public\\index.php')
INFO - 2025-05-20 13:40:40 --> Session: Class initialized using 'CodeIgniter\Session\Handlers\FileHandler' driver.
CRITICAL - 2025-05-20 13:40:40 --> Undefined variable $tgl
in APPPATH\Views\detaileventp.php on line 24.
 1 APPPATH\Views\detaileventp.php(24): CodeIgniter\Debug\Exceptions->errorHandler(2, 'Undefined variable $tgl', 'D:\\TUGAS\\KULIAH\\P2MW\\hehe\\gohitfinal\\app\\Views\\detaileventp.php', 24)
 2 SYSTEMPATH\View\View.php(213): include('D:\\TUGAS\\KULIAH\\P2MW\\hehe\\gohitfinal\\app\\Views\\detaileventp.php')
 3 SYSTEMPATH\View\View.php(216): CodeIgniter\View\View->CodeIgniter\View\{closure}()
 4 SYSTEMPATH\Common.php(1184): CodeIgniter\View\View->render('detaileventp', [], true)
 5 APPPATH\Controllers\DetailEvent.php(444): view('detaileventp', [...])
 6 SYSTEMPATH\CodeIgniter.php(934): App\Controllers\DetailEvent->peserta('css', 'style.css')
 7 SYSTEMPATH\CodeIgniter.php(499): CodeIgniter\CodeIgniter->runController(Object(App\Controllers\DetailEvent))
 8 SYSTEMPATH\CodeIgniter.php(368): CodeIgniter\CodeIgniter->handleRequest(null, Object(Config\Cache), false)
 9 FCPATH\index.php(67): CodeIgniter\CodeIgniter->run()
10 SYSTEMPATH\Commands\Server\rewrite.php(47): require_once('D:\\TUGAS\\KULIAH\\P2MW\\hehe\\gohitfinal\\public\\index.php')
INFO - 2025-05-20 13:40:40 --> Session: Class initialized using 'CodeIgniter\Session\Handlers\FileHandler' driver.
CRITICAL - 2025-05-20 13:40:40 --> Undefined variable $tgl
in APPPATH\Views\detaileventp.php on line 24.
 1 APPPATH\Views\detaileventp.php(24): CodeIgniter\Debug\Exceptions->errorHandler(2, 'Undefined variable $tgl', 'D:\\TUGAS\\KULIAH\\P2MW\\hehe\\gohitfinal\\app\\Views\\detaileventp.php', 24)
 2 SYSTEMPATH\View\View.php(213): include('D:\\TUGAS\\KULIAH\\P2MW\\hehe\\gohitfinal\\app\\Views\\detaileventp.php')
 3 SYSTEMPATH\View\View.php(216): CodeIgniter\View\View->CodeIgniter\View\{closure}()
 4 SYSTEMPATH\Common.php(1184): CodeIgniter\View\View->render('detaileventp', [], true)
 5 APPPATH\Controllers\DetailEvent.php(444): view('detaileventp', [...])
 6 SYSTEMPATH\CodeIgniter.php(934): App\Controllers\DetailEvent->peserta('images', 'bg-01.jpg')
 7 SYSTEMPATH\CodeIgniter.php(499): CodeIgniter\CodeIgniter->runController(Object(App\Controllers\DetailEvent))
 8 SYSTEMPATH\CodeIgniter.php(368): CodeIgniter\CodeIgniter->handleRequest(null, Object(Config\Cache), false)
 9 FCPATH\index.php(67): CodeIgniter\CodeIgniter->run()
10 SYSTEMPATH\Commands\Server\rewrite.php(47): require_once('D:\\TUGAS\\KULIAH\\P2MW\\hehe\\gohitfinal\\public\\index.php')
INFO - 2025-05-20 13:41:43 --> Session: Class initialized using 'CodeIgniter\Session\Handlers\FileHandler' driver.
INFO - 2025-05-20 13:41:43 --> Session: Class initialized using 'CodeIgniter\Session\Handlers\FileHandler' driver.
CRITICAL - 2025-05-20 13:41:43 --> Undefined variable $tgl
in APPPATH\Views\detaileventp.php on line 24.
 1 APPPATH\Views\detaileventp.php(24): CodeIgniter\Debug\Exceptions->errorHandler(2, 'Undefined variable $tgl', 'D:\\TUGAS\\KULIAH\\P2MW\\hehe\\gohitfinal\\app\\Views\\detaileventp.php', 24)
 2 SYSTEMPATH\View\View.php(213): include('D:\\TUGAS\\KULIAH\\P2MW\\hehe\\gohitfinal\\app\\Views\\detaileventp.php')
 3 SYSTEMPATH\View\View.php(216): CodeIgniter\View\View->CodeIgniter\View\{closure}()
 4 SYSTEMPATH\Common.php(1184): CodeIgniter\View\View->render('detaileventp', [], true)
 5 APPPATH\Controllers\DetailEvent.php(444): view('detaileventp', [...])
 6 SYSTEMPATH\CodeIgniter.php(934): App\Controllers\DetailEvent->peserta('css', 'main.css')
 7 SYSTEMPATH\CodeIgniter.php(499): CodeIgniter\CodeIgniter->runController(Object(App\Controllers\DetailEvent))
 8 SYSTEMPATH\CodeIgniter.php(368): CodeIgniter\CodeIgniter->handleRequest(null, Object(Config\Cache), false)
 9 FCPATH\index.php(67): CodeIgniter\CodeIgniter->run()
10 SYSTEMPATH\Commands\Server\rewrite.php(47): require_once('D:\\TUGAS\\KULIAH\\P2MW\\hehe\\gohitfinal\\public\\index.php')
INFO - 2025-05-20 13:41:43 --> Session: Class initialized using 'CodeIgniter\Session\Handlers\FileHandler' driver.
CRITICAL - 2025-05-20 13:41:43 --> Undefined variable $tgl
in APPPATH\Views\detaileventp.php on line 24.
 1 APPPATH\Views\detaileventp.php(24): CodeIgniter\Debug\Exceptions->errorHandler(2, 'Undefined variable $tgl', 'D:\\TUGAS\\KULIAH\\P2MW\\hehe\\gohitfinal\\app\\Views\\detaileventp.php', 24)
 2 SYSTEMPATH\View\View.php(213): include('D:\\TUGAS\\KULIAH\\P2MW\\hehe\\gohitfinal\\app\\Views\\detaileventp.php')
 3 SYSTEMPATH\View\View.php(216): CodeIgniter\View\View->CodeIgniter\View\{closure}()
 4 SYSTEMPATH\Common.php(1184): CodeIgniter\View\View->render('detaileventp', [], true)
 5 APPPATH\Controllers\DetailEvent.php(444): view('detaileventp', [...])
 6 SYSTEMPATH\CodeIgniter.php(934): App\Controllers\DetailEvent->peserta('css', 'style.css')
 7 SYSTEMPATH\CodeIgniter.php(499): CodeIgniter\CodeIgniter->runController(Object(App\Controllers\DetailEvent))
 8 SYSTEMPATH\CodeIgniter.php(368): CodeIgniter\CodeIgniter->handleRequest(null, Object(Config\Cache), false)
 9 FCPATH\index.php(67): CodeIgniter\CodeIgniter->run()
10 SYSTEMPATH\Commands\Server\rewrite.php(47): require_once('D:\\TUGAS\\KULIAH\\P2MW\\hehe\\gohitfinal\\public\\index.php')
INFO - 2025-05-20 13:41:43 --> Session: Class initialized using 'CodeIgniter\Session\Handlers\FileHandler' driver.
CRITICAL - 2025-05-20 13:41:43 --> Undefined variable $tgl
in APPPATH\Views\detaileventp.php on line 24.
 1 APPPATH\Views\detaileventp.php(24): CodeIgniter\Debug\Exceptions->errorHandler(2, 'Undefined variable $tgl', 'D:\\TUGAS\\KULIAH\\P2MW\\hehe\\gohitfinal\\app\\Views\\detaileventp.php', 24)
 2 SYSTEMPATH\View\View.php(213): include('D:\\TUGAS\\KULIAH\\P2MW\\hehe\\gohitfinal\\app\\Views\\detaileventp.php')
 3 SYSTEMPATH\View\View.php(216): CodeIgniter\View\View->CodeIgniter\View\{closure}()
 4 SYSTEMPATH\Common.php(1184): CodeIgniter\View\View->render('detaileventp', [], true)
 5 APPPATH\Controllers\DetailEvent.php(444): view('detaileventp', [...])
 6 SYSTEMPATH\CodeIgniter.php(934): App\Controllers\DetailEvent->peserta('images', 'bg-01.jpg')
 7 SYSTEMPATH\CodeIgniter.php(499): CodeIgniter\CodeIgniter->runController(Object(App\Controllers\DetailEvent))
 8 SYSTEMPATH\CodeIgniter.php(368): CodeIgniter\CodeIgniter->handleRequest(null, Object(Config\Cache), false)
 9 FCPATH\index.php(67): CodeIgniter\CodeIgniter->run()
10 SYSTEMPATH\Commands\Server\rewrite.php(47): require_once('D:\\TUGAS\\KULIAH\\P2MW\\hehe\\gohitfinal\\public\\index.php')
INFO - 2025-05-20 13:42:10 --> Session: Class initialized using 'CodeIgniter\Session\Handlers\FileHandler' driver.
INFO - 2025-05-20 13:42:10 --> Session: Class initialized using 'CodeIgniter\Session\Handlers\FileHandler' driver.
CRITICAL - 2025-05-20 13:42:10 --> Undefined variable $tgl
in APPPATH\Views\detaileventp.php on line 24.
 1 APPPATH\Views\detaileventp.php(24): CodeIgniter\Debug\Exceptions->errorHandler(2, 'Undefined variable $tgl', 'D:\\TUGAS\\KULIAH\\P2MW\\hehe\\gohitfinal\\app\\Views\\detaileventp.php', 24)
 2 SYSTEMPATH\View\View.php(213): include('D:\\TUGAS\\KULIAH\\P2MW\\hehe\\gohitfinal\\app\\Views\\detaileventp.php')
 3 SYSTEMPATH\View\View.php(216): CodeIgniter\View\View->CodeIgniter\View\{closure}()
 4 SYSTEMPATH\Common.php(1184): CodeIgniter\View\View->render('detaileventp', [], true)
 5 APPPATH\Controllers\DetailEvent.php(444): view('detaileventp', [...])
 6 SYSTEMPATH\CodeIgniter.php(934): App\Controllers\DetailEvent->peserta('css', 'main.css')
 7 SYSTEMPATH\CodeIgniter.php(499): CodeIgniter\CodeIgniter->runController(Object(App\Controllers\DetailEvent))
 8 SYSTEMPATH\CodeIgniter.php(368): CodeIgniter\CodeIgniter->handleRequest(null, Object(Config\Cache), false)
 9 FCPATH\index.php(67): CodeIgniter\CodeIgniter->run()
10 SYSTEMPATH\Commands\Server\rewrite.php(47): require_once('D:\\TUGAS\\KULIAH\\P2MW\\hehe\\gohitfinal\\public\\index.php')
INFO - 2025-05-20 13:42:10 --> Session: Class initialized using 'CodeIgniter\Session\Handlers\FileHandler' driver.
CRITICAL - 2025-05-20 13:42:10 --> Undefined variable $tgl
in APPPATH\Views\detaileventp.php on line 24.
 1 APPPATH\Views\detaileventp.php(24): CodeIgniter\Debug\Exceptions->errorHandler(2, 'Undefined variable $tgl', 'D:\\TUGAS\\KULIAH\\P2MW\\hehe\\gohitfinal\\app\\Views\\detaileventp.php', 24)
 2 SYSTEMPATH\View\View.php(213): include('D:\\TUGAS\\KULIAH\\P2MW\\hehe\\gohitfinal\\app\\Views\\detaileventp.php')
 3 SYSTEMPATH\View\View.php(216): CodeIgniter\View\View->CodeIgniter\View\{closure}()
 4 SYSTEMPATH\Common.php(1184): CodeIgniter\View\View->render('detaileventp', [], true)
 5 APPPATH\Controllers\DetailEvent.php(444): view('detaileventp', [...])
 6 SYSTEMPATH\CodeIgniter.php(934): App\Controllers\DetailEvent->peserta('css', 'style.css')
 7 SYSTEMPATH\CodeIgniter.php(499): CodeIgniter\CodeIgniter->runController(Object(App\Controllers\DetailEvent))
 8 SYSTEMPATH\CodeIgniter.php(368): CodeIgniter\CodeIgniter->handleRequest(null, Object(Config\Cache), false)
 9 FCPATH\index.php(67): CodeIgniter\CodeIgniter->run()
10 SYSTEMPATH\Commands\Server\rewrite.php(47): require_once('D:\\TUGAS\\KULIAH\\P2MW\\hehe\\gohitfinal\\public\\index.php')
INFO - 2025-05-20 13:42:11 --> Session: Class initialized using 'CodeIgniter\Session\Handlers\FileHandler' driver.
CRITICAL - 2025-05-20 13:42:11 --> Undefined variable $tgl
in APPPATH\Views\detaileventp.php on line 24.
 1 APPPATH\Views\detaileventp.php(24): CodeIgniter\Debug\Exceptions->errorHandler(2, 'Undefined variable $tgl', 'D:\\TUGAS\\KULIAH\\P2MW\\hehe\\gohitfinal\\app\\Views\\detaileventp.php', 24)
 2 SYSTEMPATH\View\View.php(213): include('D:\\TUGAS\\KULIAH\\P2MW\\hehe\\gohitfinal\\app\\Views\\detaileventp.php')
 3 SYSTEMPATH\View\View.php(216): CodeIgniter\View\View->CodeIgniter\View\{closure}()
 4 SYSTEMPATH\Common.php(1184): CodeIgniter\View\View->render('detaileventp', [], true)
 5 APPPATH\Controllers\DetailEvent.php(444): view('detaileventp', [...])
 6 SYSTEMPATH\CodeIgniter.php(934): App\Controllers\DetailEvent->peserta('images', 'bg-01.jpg')
 7 SYSTEMPATH\CodeIgniter.php(499): CodeIgniter\CodeIgniter->runController(Object(App\Controllers\DetailEvent))
 8 SYSTEMPATH\CodeIgniter.php(368): CodeIgniter\CodeIgniter->handleRequest(null, Object(Config\Cache), false)
 9 FCPATH\index.php(67): CodeIgniter\CodeIgniter->run()
10 SYSTEMPATH\Commands\Server\rewrite.php(47): require_once('D:\\TUGAS\\KULIAH\\P2MW\\hehe\\gohitfinal\\public\\index.php')
INFO - 2025-05-20 13:46:09 --> Session: Class initialized using 'CodeIgniter\Session\Handlers\FileHandler' driver.
INFO - 2025-05-20 13:46:09 --> Session: Class initialized using 'CodeIgniter\Session\Handlers\FileHandler' driver.
CRITICAL - 2025-05-20 13:46:09 --> Undefined variable $tgl
in APPPATH\Views\detaileventp.php on line 24.
 1 APPPATH\Views\detaileventp.php(24): CodeIgniter\Debug\Exceptions->errorHandler(2, 'Undefined variable $tgl', 'D:\\TUGAS\\KULIAH\\P2MW\\hehe\\gohitfinal\\app\\Views\\detaileventp.php', 24)
 2 SYSTEMPATH\View\View.php(213): include('D:\\TUGAS\\KULIAH\\P2MW\\hehe\\gohitfinal\\app\\Views\\detaileventp.php')
 3 SYSTEMPATH\View\View.php(216): CodeIgniter\View\View->CodeIgniter\View\{closure}()
 4 SYSTEMPATH\Common.php(1184): CodeIgniter\View\View->render('detaileventp', [], true)
 5 APPPATH\Controllers\DetailEvent.php(444): view('detaileventp', [...])
 6 SYSTEMPATH\CodeIgniter.php(934): App\Controllers\DetailEvent->peserta('css', 'main.css')
 7 SYSTEMPATH\CodeIgniter.php(499): CodeIgniter\CodeIgniter->runController(Object(App\Controllers\DetailEvent))
 8 SYSTEMPATH\CodeIgniter.php(368): CodeIgniter\CodeIgniter->handleRequest(null, Object(Config\Cache), false)
 9 FCPATH\index.php(67): CodeIgniter\CodeIgniter->run()
10 SYSTEMPATH\Commands\Server\rewrite.php(47): require_once('D:\\TUGAS\\KULIAH\\P2MW\\hehe\\gohitfinal\\public\\index.php')
INFO - 2025-05-20 13:46:09 --> Session: Class initialized using 'CodeIgniter\Session\Handlers\FileHandler' driver.
CRITICAL - 2025-05-20 13:46:10 --> Undefined variable $tgl
in APPPATH\Views\detaileventp.php on line 24.
 1 APPPATH\Views\detaileventp.php(24): CodeIgniter\Debug\Exceptions->errorHandler(2, 'Undefined variable $tgl', 'D:\\TUGAS\\KULIAH\\P2MW\\hehe\\gohitfinal\\app\\Views\\detaileventp.php', 24)
 2 SYSTEMPATH\View\View.php(213): include('D:\\TUGAS\\KULIAH\\P2MW\\hehe\\gohitfinal\\app\\Views\\detaileventp.php')
 3 SYSTEMPATH\View\View.php(216): CodeIgniter\View\View->CodeIgniter\View\{closure}()
 4 SYSTEMPATH\Common.php(1184): CodeIgniter\View\View->render('detaileventp', [], true)
 5 APPPATH\Controllers\DetailEvent.php(444): view('detaileventp', [...])
 6 SYSTEMPATH\CodeIgniter.php(934): App\Controllers\DetailEvent->peserta('css', 'style.css')
 7 SYSTEMPATH\CodeIgniter.php(499): CodeIgniter\CodeIgniter->runController(Object(App\Controllers\DetailEvent))
 8 SYSTEMPATH\CodeIgniter.php(368): CodeIgniter\CodeIgniter->handleRequest(null, Object(Config\Cache), false)
 9 FCPATH\index.php(67): CodeIgniter\CodeIgniter->run()
10 SYSTEMPATH\Commands\Server\rewrite.php(47): require_once('D:\\TUGAS\\KULIAH\\P2MW\\hehe\\gohitfinal\\public\\index.php')
INFO - 2025-05-20 13:46:10 --> Session: Class initialized using 'CodeIgniter\Session\Handlers\FileHandler' driver.
CRITICAL - 2025-05-20 13:46:10 --> Undefined variable $tgl
in APPPATH\Views\detaileventp.php on line 24.
 1 APPPATH\Views\detaileventp.php(24): CodeIgniter\Debug\Exceptions->errorHandler(2, 'Undefined variable $tgl', 'D:\\TUGAS\\KULIAH\\P2MW\\hehe\\gohitfinal\\app\\Views\\detaileventp.php', 24)
 2 SYSTEMPATH\View\View.php(213): include('D:\\TUGAS\\KULIAH\\P2MW\\hehe\\gohitfinal\\app\\Views\\detaileventp.php')
 3 SYSTEMPATH\View\View.php(216): CodeIgniter\View\View->CodeIgniter\View\{closure}()
 4 SYSTEMPATH\Common.php(1184): CodeIgniter\View\View->render('detaileventp', [], true)
 5 APPPATH\Controllers\DetailEvent.php(444): view('detaileventp', [...])
 6 SYSTEMPATH\CodeIgniter.php(934): App\Controllers\DetailEvent->peserta('images', 'bg-01.jpg')
 7 SYSTEMPATH\CodeIgniter.php(499): CodeIgniter\CodeIgniter->runController(Object(App\Controllers\DetailEvent))
 8 SYSTEMPATH\CodeIgniter.php(368): CodeIgniter\CodeIgniter->handleRequest(null, Object(Config\Cache), false)
 9 FCPATH\index.php(67): CodeIgniter\CodeIgniter->run()
10 SYSTEMPATH\Commands\Server\rewrite.php(47): require_once('D:\\TUGAS\\KULIAH\\P2MW\\hehe\\gohitfinal\\public\\index.php')
INFO - 2025-05-20 13:47:16 --> Session: Class initialized using 'CodeIgniter\Session\Handlers\FileHandler' driver.
INFO - 2025-05-20 13:47:16 --> Session: Class initialized using 'CodeIgniter\Session\Handlers\FileHandler' driver.
CRITICAL - 2025-05-20 13:47:16 --> Undefined variable $tgl
in APPPATH\Views\detaileventp.php on line 24.
 1 APPPATH\Views\detaileventp.php(24): CodeIgniter\Debug\Exceptions->errorHandler(2, 'Undefined variable $tgl', 'D:\\TUGAS\\KULIAH\\P2MW\\hehe\\gohitfinal\\app\\Views\\detaileventp.php', 24)
 2 SYSTEMPATH\View\View.php(213): include('D:\\TUGAS\\KULIAH\\P2MW\\hehe\\gohitfinal\\app\\Views\\detaileventp.php')
 3 SYSTEMPATH\View\View.php(216): CodeIgniter\View\View->CodeIgniter\View\{closure}()
 4 SYSTEMPATH\Common.php(1184): CodeIgniter\View\View->render('detaileventp', [], true)
 5 APPPATH\Controllers\DetailEvent.php(444): view('detaileventp', [...])
 6 SYSTEMPATH\CodeIgniter.php(934): App\Controllers\DetailEvent->peserta('css', 'main.css')
 7 SYSTEMPATH\CodeIgniter.php(499): CodeIgniter\CodeIgniter->runController(Object(App\Controllers\DetailEvent))
 8 SYSTEMPATH\CodeIgniter.php(368): CodeIgniter\CodeIgniter->handleRequest(null, Object(Config\Cache), false)
 9 FCPATH\index.php(67): CodeIgniter\CodeIgniter->run()
10 SYSTEMPATH\Commands\Server\rewrite.php(47): require_once('D:\\TUGAS\\KULIAH\\P2MW\\hehe\\gohitfinal\\public\\index.php')
INFO - 2025-05-20 13:47:16 --> Session: Class initialized using 'CodeIgniter\Session\Handlers\FileHandler' driver.
CRITICAL - 2025-05-20 13:47:16 --> Undefined variable $tgl
in APPPATH\Views\detaileventp.php on line 24.
 1 APPPATH\Views\detaileventp.php(24): CodeIgniter\Debug\Exceptions->errorHandler(2, 'Undefined variable $tgl', 'D:\\TUGAS\\KULIAH\\P2MW\\hehe\\gohitfinal\\app\\Views\\detaileventp.php', 24)
 2 SYSTEMPATH\View\View.php(213): include('D:\\TUGAS\\KULIAH\\P2MW\\hehe\\gohitfinal\\app\\Views\\detaileventp.php')
 3 SYSTEMPATH\View\View.php(216): CodeIgniter\View\View->CodeIgniter\View\{closure}()
 4 SYSTEMPATH\Common.php(1184): CodeIgniter\View\View->render('detaileventp', [], true)
 5 APPPATH\Controllers\DetailEvent.php(444): view('detaileventp', [...])
 6 SYSTEMPATH\CodeIgniter.php(934): App\Controllers\DetailEvent->peserta('css', 'style.css')
 7 SYSTEMPATH\CodeIgniter.php(499): CodeIgniter\CodeIgniter->runController(Object(App\Controllers\DetailEvent))
 8 SYSTEMPATH\CodeIgniter.php(368): CodeIgniter\CodeIgniter->handleRequest(null, Object(Config\Cache), false)
 9 FCPATH\index.php(67): CodeIgniter\CodeIgniter->run()
10 SYSTEMPATH\Commands\Server\rewrite.php(47): require_once('D:\\TUGAS\\KULIAH\\P2MW\\hehe\\gohitfinal\\public\\index.php')
INFO - 2025-05-20 13:47:17 --> Session: Class initialized using 'CodeIgniter\Session\Handlers\FileHandler' driver.
CRITICAL - 2025-05-20 13:47:17 --> Undefined variable $tgl
in APPPATH\Views\detaileventp.php on line 24.
 1 APPPATH\Views\detaileventp.php(24): CodeIgniter\Debug\Exceptions->errorHandler(2, 'Undefined variable $tgl', 'D:\\TUGAS\\KULIAH\\P2MW\\hehe\\gohitfinal\\app\\Views\\detaileventp.php', 24)
 2 SYSTEMPATH\View\View.php(213): include('D:\\TUGAS\\KULIAH\\P2MW\\hehe\\gohitfinal\\app\\Views\\detaileventp.php')
 3 SYSTEMPATH\View\View.php(216): CodeIgniter\View\View->CodeIgniter\View\{closure}()
 4 SYSTEMPATH\Common.php(1184): CodeIgniter\View\View->render('detaileventp', [], true)
 5 APPPATH\Controllers\DetailEvent.php(444): view('detaileventp', [...])
 6 SYSTEMPATH\CodeIgniter.php(934): App\Controllers\DetailEvent->peserta('images', 'bg-01.jpg')
 7 SYSTEMPATH\CodeIgniter.php(499): CodeIgniter\CodeIgniter->runController(Object(App\Controllers\DetailEvent))
 8 SYSTEMPATH\CodeIgniter.php(368): CodeIgniter\CodeIgniter->handleRequest(null, Object(Config\Cache), false)
 9 FCPATH\index.php(67): CodeIgniter\CodeIgniter->run()
10 SYSTEMPATH\Commands\Server\rewrite.php(47): require_once('D:\\TUGAS\\KULIAH\\P2MW\\hehe\\gohitfinal\\public\\index.php')
INFO - 2025-05-20 13:55:08 --> Session: Class initialized using 'CodeIgniter\Session\Handlers\FileHandler' driver.
INFO - 2025-05-20 13:55:08 --> Session: Class initialized using 'CodeIgniter\Session\Handlers\FileHandler' driver.
CRITICAL - 2025-05-20 13:55:08 --> Undefined variable $tgl
in APPPATH\Views\detaileventp.php on line 24.
 1 APPPATH\Views\detaileventp.php(24): CodeIgniter\Debug\Exceptions->errorHandler(2, 'Undefined variable $tgl', 'D:\\TUGAS\\KULIAH\\P2MW\\hehe\\gohitfinal\\app\\Views\\detaileventp.php', 24)
 2 SYSTEMPATH\View\View.php(213): include('D:\\TUGAS\\KULIAH\\P2MW\\hehe\\gohitfinal\\app\\Views\\detaileventp.php')
 3 SYSTEMPATH\View\View.php(216): CodeIgniter\View\View->CodeIgniter\View\{closure}()
 4 SYSTEMPATH\Common.php(1184): CodeIgniter\View\View->render('detaileventp', [], true)
 5 APPPATH\Controllers\DetailEvent.php(444): view('detaileventp', [...])
 6 SYSTEMPATH\CodeIgniter.php(934): App\Controllers\DetailEvent->peserta('css', 'main.css')
 7 SYSTEMPATH\CodeIgniter.php(499): CodeIgniter\CodeIgniter->runController(Object(App\Controllers\DetailEvent))
 8 SYSTEMPATH\CodeIgniter.php(368): CodeIgniter\CodeIgniter->handleRequest(null, Object(Config\Cache), false)
 9 FCPATH\index.php(67): CodeIgniter\CodeIgniter->run()
10 SYSTEMPATH\Commands\Server\rewrite.php(47): require_once('D:\\TUGAS\\KULIAH\\P2MW\\hehe\\gohitfinal\\public\\index.php')
INFO - 2025-05-20 13:55:08 --> Session: Class initialized using 'CodeIgniter\Session\Handlers\FileHandler' driver.
CRITICAL - 2025-05-20 13:55:08 --> Undefined variable $tgl
in APPPATH\Views\detaileventp.php on line 24.
 1 APPPATH\Views\detaileventp.php(24): CodeIgniter\Debug\Exceptions->errorHandler(2, 'Undefined variable $tgl', 'D:\\TUGAS\\KULIAH\\P2MW\\hehe\\gohitfinal\\app\\Views\\detaileventp.php', 24)
 2 SYSTEMPATH\View\View.php(213): include('D:\\TUGAS\\KULIAH\\P2MW\\hehe\\gohitfinal\\app\\Views\\detaileventp.php')
 3 SYSTEMPATH\View\View.php(216): CodeIgniter\View\View->CodeIgniter\View\{closure}()
 4 SYSTEMPATH\Common.php(1184): CodeIgniter\View\View->render('detaileventp', [], true)
 5 APPPATH\Controllers\DetailEvent.php(444): view('detaileventp', [...])
 6 SYSTEMPATH\CodeIgniter.php(934): App\Controllers\DetailEvent->peserta('css', 'style.css')
 7 SYSTEMPATH\CodeIgniter.php(499): CodeIgniter\CodeIgniter->runController(Object(App\Controllers\DetailEvent))
 8 SYSTEMPATH\CodeIgniter.php(368): CodeIgniter\CodeIgniter->handleRequest(null, Object(Config\Cache), false)
 9 FCPATH\index.php(67): CodeIgniter\CodeIgniter->run()
10 SYSTEMPATH\Commands\Server\rewrite.php(47): require_once('D:\\TUGAS\\KULIAH\\P2MW\\hehe\\gohitfinal\\public\\index.php')
INFO - 2025-05-20 13:55:08 --> Session: Class initialized using 'CodeIgniter\Session\Handlers\FileHandler' driver.
CRITICAL - 2025-05-20 13:55:08 --> Undefined variable $tgl
in APPPATH\Views\detaileventp.php on line 24.
 1 APPPATH\Views\detaileventp.php(24): CodeIgniter\Debug\Exceptions->errorHandler(2, 'Undefined variable $tgl', 'D:\\TUGAS\\KULIAH\\P2MW\\hehe\\gohitfinal\\app\\Views\\detaileventp.php', 24)
 2 SYSTEMPATH\View\View.php(213): include('D:\\TUGAS\\KULIAH\\P2MW\\hehe\\gohitfinal\\app\\Views\\detaileventp.php')
 3 SYSTEMPATH\View\View.php(216): CodeIgniter\View\View->CodeIgniter\View\{closure}()
 4 SYSTEMPATH\Common.php(1184): CodeIgniter\View\View->render('detaileventp', [], true)
 5 APPPATH\Controllers\DetailEvent.php(444): view('detaileventp', [...])
 6 SYSTEMPATH\CodeIgniter.php(934): App\Controllers\DetailEvent->peserta('images', 'bg-01.jpg')
 7 SYSTEMPATH\CodeIgniter.php(499): CodeIgniter\CodeIgniter->runController(Object(App\Controllers\DetailEvent))
 8 SYSTEMPATH\CodeIgniter.php(368): CodeIgniter\CodeIgniter->handleRequest(null, Object(Config\Cache), false)
 9 FCPATH\index.php(67): CodeIgniter\CodeIgniter->run()
10 SYSTEMPATH\Commands\Server\rewrite.php(47): require_once('D:\\TUGAS\\KULIAH\\P2MW\\hehe\\gohitfinal\\public\\index.php')
INFO - 2025-05-20 13:57:13 --> Session: Class initialized using 'CodeIgniter\Session\Handlers\FileHandler' driver.
INFO - 2025-05-20 13:57:13 --> Session: Class initialized using 'CodeIgniter\Session\Handlers\FileHandler' driver.
CRITICAL - 2025-05-20 13:57:13 --> Undefined variable $tgl
in APPPATH\Views\detaileventp.php on line 24.
 1 APPPATH\Views\detaileventp.php(24): CodeIgniter\Debug\Exceptions->errorHandler(2, 'Undefined variable $tgl', 'D:\\TUGAS\\KULIAH\\P2MW\\hehe\\gohitfinal\\app\\Views\\detaileventp.php', 24)
 2 SYSTEMPATH\View\View.php(213): include('D:\\TUGAS\\KULIAH\\P2MW\\hehe\\gohitfinal\\app\\Views\\detaileventp.php')
 3 SYSTEMPATH\View\View.php(216): CodeIgniter\View\View->CodeIgniter\View\{closure}()
 4 SYSTEMPATH\Common.php(1184): CodeIgniter\View\View->render('detaileventp', [], true)
 5 APPPATH\Controllers\DetailEvent.php(444): view('detaileventp', [...])
 6 SYSTEMPATH\CodeIgniter.php(934): App\Controllers\DetailEvent->peserta('css', 'main.css')
 7 SYSTEMPATH\CodeIgniter.php(499): CodeIgniter\CodeIgniter->runController(Object(App\Controllers\DetailEvent))
 8 SYSTEMPATH\CodeIgniter.php(368): CodeIgniter\CodeIgniter->handleRequest(null, Object(Config\Cache), false)
 9 FCPATH\index.php(67): CodeIgniter\CodeIgniter->run()
10 SYSTEMPATH\Commands\Server\rewrite.php(47): require_once('D:\\TUGAS\\KULIAH\\P2MW\\hehe\\gohitfinal\\public\\index.php')
INFO - 2025-05-20 13:57:13 --> Session: Class initialized using 'CodeIgniter\Session\Handlers\FileHandler' driver.
CRITICAL - 2025-05-20 13:57:13 --> Undefined variable $tgl
in APPPATH\Views\detaileventp.php on line 24.
 1 APPPATH\Views\detaileventp.php(24): CodeIgniter\Debug\Exceptions->errorHandler(2, 'Undefined variable $tgl', 'D:\\TUGAS\\KULIAH\\P2MW\\hehe\\gohitfinal\\app\\Views\\detaileventp.php', 24)
 2 SYSTEMPATH\View\View.php(213): include('D:\\TUGAS\\KULIAH\\P2MW\\hehe\\gohitfinal\\app\\Views\\detaileventp.php')
 3 SYSTEMPATH\View\View.php(216): CodeIgniter\View\View->CodeIgniter\View\{closure}()
 4 SYSTEMPATH\Common.php(1184): CodeIgniter\View\View->render('detaileventp', [], true)
 5 APPPATH\Controllers\DetailEvent.php(444): view('detaileventp', [...])
 6 SYSTEMPATH\CodeIgniter.php(934): App\Controllers\DetailEvent->peserta('css', 'style.css')
 7 SYSTEMPATH\CodeIgniter.php(499): CodeIgniter\CodeIgniter->runController(Object(App\Controllers\DetailEvent))
 8 SYSTEMPATH\CodeIgniter.php(368): CodeIgniter\CodeIgniter->handleRequest(null, Object(Config\Cache), false)
 9 FCPATH\index.php(67): CodeIgniter\CodeIgniter->run()
10 SYSTEMPATH\Commands\Server\rewrite.php(47): require_once('D:\\TUGAS\\KULIAH\\P2MW\\hehe\\gohitfinal\\public\\index.php')
INFO - 2025-05-20 13:57:13 --> Session: Class initialized using 'CodeIgniter\Session\Handlers\FileHandler' driver.
CRITICAL - 2025-05-20 13:57:13 --> Undefined variable $tgl
in APPPATH\Views\detaileventp.php on line 24.
 1 APPPATH\Views\detaileventp.php(24): CodeIgniter\Debug\Exceptions->errorHandler(2, 'Undefined variable $tgl', 'D:\\TUGAS\\KULIAH\\P2MW\\hehe\\gohitfinal\\app\\Views\\detaileventp.php', 24)
 2 SYSTEMPATH\View\View.php(213): include('D:\\TUGAS\\KULIAH\\P2MW\\hehe\\gohitfinal\\app\\Views\\detaileventp.php')
 3 SYSTEMPATH\View\View.php(216): CodeIgniter\View\View->CodeIgniter\View\{closure}()
 4 SYSTEMPATH\Common.php(1184): CodeIgniter\View\View->render('detaileventp', [], true)
 5 APPPATH\Controllers\DetailEvent.php(444): view('detaileventp', [...])
 6 SYSTEMPATH\CodeIgniter.php(934): App\Controllers\DetailEvent->peserta('images', 'bg-01.jpg')
 7 SYSTEMPATH\CodeIgniter.php(499): CodeIgniter\CodeIgniter->runController(Object(App\Controllers\DetailEvent))
 8 SYSTEMPATH\CodeIgniter.php(368): CodeIgniter\CodeIgniter->handleRequest(null, Object(Config\Cache), false)
 9 FCPATH\index.php(67): CodeIgniter\CodeIgniter->run()
10 SYSTEMPATH\Commands\Server\rewrite.php(47): require_once('D:\\TUGAS\\KULIAH\\P2MW\\hehe\\gohitfinal\\public\\index.php')
INFO - 2025-05-20 13:57:48 --> Session: Class initialized using 'CodeIgniter\Session\Handlers\FileHandler' driver.
INFO - 2025-05-20 13:57:49 --> Session: Class initialized using 'CodeIgniter\Session\Handlers\FileHandler' driver.
CRITICAL - 2025-05-20 13:57:49 --> Undefined variable $tgl
in APPPATH\Views\detaileventp.php on line 24.
 1 APPPATH\Views\detaileventp.php(24): CodeIgniter\Debug\Exceptions->errorHandler(2, 'Undefined variable $tgl', 'D:\\TUGAS\\KULIAH\\P2MW\\hehe\\gohitfinal\\app\\Views\\detaileventp.php', 24)
 2 SYSTEMPATH\View\View.php(213): include('D:\\TUGAS\\KULIAH\\P2MW\\hehe\\gohitfinal\\app\\Views\\detaileventp.php')
 3 SYSTEMPATH\View\View.php(216): CodeIgniter\View\View->CodeIgniter\View\{closure}()
 4 SYSTEMPATH\Common.php(1184): CodeIgniter\View\View->render('detaileventp', [], true)
 5 APPPATH\Controllers\DetailEvent.php(444): view('detaileventp', [...])
 6 SYSTEMPATH\CodeIgniter.php(934): App\Controllers\DetailEvent->peserta('css', 'main.css')
 7 SYSTEMPATH\CodeIgniter.php(499): CodeIgniter\CodeIgniter->runController(Object(App\Controllers\DetailEvent))
 8 SYSTEMPATH\CodeIgniter.php(368): CodeIgniter\CodeIgniter->handleRequest(null, Object(Config\Cache), false)
 9 FCPATH\index.php(67): CodeIgniter\CodeIgniter->run()
10 SYSTEMPATH\Commands\Server\rewrite.php(47): require_once('D:\\TUGAS\\KULIAH\\P2MW\\hehe\\gohitfinal\\public\\index.php')
INFO - 2025-05-20 13:57:49 --> Session: Class initialized using 'CodeIgniter\Session\Handlers\FileHandler' driver.
CRITICAL - 2025-05-20 13:57:49 --> Undefined variable $tgl
in APPPATH\Views\detaileventp.php on line 24.
 1 APPPATH\Views\detaileventp.php(24): CodeIgniter\Debug\Exceptions->errorHandler(2, 'Undefined variable $tgl', 'D:\\TUGAS\\KULIAH\\P2MW\\hehe\\gohitfinal\\app\\Views\\detaileventp.php', 24)
 2 SYSTEMPATH\View\View.php(213): include('D:\\TUGAS\\KULIAH\\P2MW\\hehe\\gohitfinal\\app\\Views\\detaileventp.php')
 3 SYSTEMPATH\View\View.php(216): CodeIgniter\View\View->CodeIgniter\View\{closure}()
 4 SYSTEMPATH\Common.php(1184): CodeIgniter\View\View->render('detaileventp', [], true)
 5 APPPATH\Controllers\DetailEvent.php(444): view('detaileventp', [...])
 6 SYSTEMPATH\CodeIgniter.php(934): App\Controllers\DetailEvent->peserta('css', 'style.css')
 7 SYSTEMPATH\CodeIgniter.php(499): CodeIgniter\CodeIgniter->runController(Object(App\Controllers\DetailEvent))
 8 SYSTEMPATH\CodeIgniter.php(368): CodeIgniter\CodeIgniter->handleRequest(null, Object(Config\Cache), false)
 9 FCPATH\index.php(67): CodeIgniter\CodeIgniter->run()
10 SYSTEMPATH\Commands\Server\rewrite.php(47): require_once('D:\\TUGAS\\KULIAH\\P2MW\\hehe\\gohitfinal\\public\\index.php')
INFO - 2025-05-20 13:57:49 --> Session: Class initialized using 'CodeIgniter\Session\Handlers\FileHandler' driver.
CRITICAL - 2025-05-20 13:57:49 --> Undefined variable $tgl
in APPPATH\Views\detaileventp.php on line 24.
 1 APPPATH\Views\detaileventp.php(24): CodeIgniter\Debug\Exceptions->errorHandler(2, 'Undefined variable $tgl', 'D:\\TUGAS\\KULIAH\\P2MW\\hehe\\gohitfinal\\app\\Views\\detaileventp.php', 24)
 2 SYSTEMPATH\View\View.php(213): include('D:\\TUGAS\\KULIAH\\P2MW\\hehe\\gohitfinal\\app\\Views\\detaileventp.php')
 3 SYSTEMPATH\View\View.php(216): CodeIgniter\View\View->CodeIgniter\View\{closure}()
 4 SYSTEMPATH\Common.php(1184): CodeIgniter\View\View->render('detaileventp', [], true)
 5 APPPATH\Controllers\DetailEvent.php(444): view('detaileventp', [...])
 6 SYSTEMPATH\CodeIgniter.php(934): App\Controllers\DetailEvent->peserta('images', 'bg-01.jpg')
 7 SYSTEMPATH\CodeIgniter.php(499): CodeIgniter\CodeIgniter->runController(Object(App\Controllers\DetailEvent))
 8 SYSTEMPATH\CodeIgniter.php(368): CodeIgniter\CodeIgniter->handleRequest(null, Object(Config\Cache), false)
 9 FCPATH\index.php(67): CodeIgniter\CodeIgniter->run()
10 SYSTEMPATH\Commands\Server\rewrite.php(47): require_once('D:\\TUGAS\\KULIAH\\P2MW\\hehe\\gohitfinal\\public\\index.php')
INFO - 2025-05-20 14:00:24 --> Session: Class initialized using 'CodeIgniter\Session\Handlers\FileHandler' driver.
INFO - 2025-05-20 14:00:24 --> Session: Class initialized using 'CodeIgniter\Session\Handlers\FileHandler' driver.
CRITICAL - 2025-05-20 14:00:24 --> Undefined variable $tgl
in APPPATH\Views\detaileventp.php on line 24.
 1 APPPATH\Views\detaileventp.php(24): CodeIgniter\Debug\Exceptions->errorHandler(2, 'Undefined variable $tgl', 'D:\\TUGAS\\KULIAH\\P2MW\\hehe\\gohitfinal\\app\\Views\\detaileventp.php', 24)
 2 SYSTEMPATH\View\View.php(213): include('D:\\TUGAS\\KULIAH\\P2MW\\hehe\\gohitfinal\\app\\Views\\detaileventp.php')
 3 SYSTEMPATH\View\View.php(216): CodeIgniter\View\View->CodeIgniter\View\{closure}()
 4 SYSTEMPATH\Common.php(1184): CodeIgniter\View\View->render('detaileventp', [], true)
 5 APPPATH\Controllers\DetailEvent.php(444): view('detaileventp', [...])
 6 SYSTEMPATH\CodeIgniter.php(934): App\Controllers\DetailEvent->peserta('css', 'main.css')
 7 SYSTEMPATH\CodeIgniter.php(499): CodeIgniter\CodeIgniter->runController(Object(App\Controllers\DetailEvent))
 8 SYSTEMPATH\CodeIgniter.php(368): CodeIgniter\CodeIgniter->handleRequest(null, Object(Config\Cache), false)
 9 FCPATH\index.php(67): CodeIgniter\CodeIgniter->run()
10 SYSTEMPATH\Commands\Server\rewrite.php(47): require_once('D:\\TUGAS\\KULIAH\\P2MW\\hehe\\gohitfinal\\public\\index.php')
INFO - 2025-05-20 14:00:25 --> Session: Class initialized using 'CodeIgniter\Session\Handlers\FileHandler' driver.
CRITICAL - 2025-05-20 14:00:25 --> Undefined variable $tgl
in APPPATH\Views\detaileventp.php on line 24.
 1 APPPATH\Views\detaileventp.php(24): CodeIgniter\Debug\Exceptions->errorHandler(2, 'Undefined variable $tgl', 'D:\\TUGAS\\KULIAH\\P2MW\\hehe\\gohitfinal\\app\\Views\\detaileventp.php', 24)
 2 SYSTEMPATH\View\View.php(213): include('D:\\TUGAS\\KULIAH\\P2MW\\hehe\\gohitfinal\\app\\Views\\detaileventp.php')
 3 SYSTEMPATH\View\View.php(216): CodeIgniter\View\View->CodeIgniter\View\{closure}()
 4 SYSTEMPATH\Common.php(1184): CodeIgniter\View\View->render('detaileventp', [], true)
 5 APPPATH\Controllers\DetailEvent.php(444): view('detaileventp', [...])
 6 SYSTEMPATH\CodeIgniter.php(934): App\Controllers\DetailEvent->peserta('css', 'style.css')
 7 SYSTEMPATH\CodeIgniter.php(499): CodeIgniter\CodeIgniter->runController(Object(App\Controllers\DetailEvent))
 8 SYSTEMPATH\CodeIgniter.php(368): CodeIgniter\CodeIgniter->handleRequest(null, Object(Config\Cache), false)
 9 FCPATH\index.php(67): CodeIgniter\CodeIgniter->run()
10 SYSTEMPATH\Commands\Server\rewrite.php(47): require_once('D:\\TUGAS\\KULIAH\\P2MW\\hehe\\gohitfinal\\public\\index.php')
INFO - 2025-05-20 14:00:25 --> Session: Class initialized using 'CodeIgniter\Session\Handlers\FileHandler' driver.
CRITICAL - 2025-05-20 14:00:25 --> Undefined variable $tgl
in APPPATH\Views\detaileventp.php on line 24.
 1 APPPATH\Views\detaileventp.php(24): CodeIgniter\Debug\Exceptions->errorHandler(2, 'Undefined variable $tgl', 'D:\\TUGAS\\KULIAH\\P2MW\\hehe\\gohitfinal\\app\\Views\\detaileventp.php', 24)
 2 SYSTEMPATH\View\View.php(213): include('D:\\TUGAS\\KULIAH\\P2MW\\hehe\\gohitfinal\\app\\Views\\detaileventp.php')
 3 SYSTEMPATH\View\View.php(216): CodeIgniter\View\View->CodeIgniter\View\{closure}()
 4 SYSTEMPATH\Common.php(1184): CodeIgniter\View\View->render('detaileventp', [], true)
 5 APPPATH\Controllers\DetailEvent.php(444): view('detaileventp', [...])
 6 SYSTEMPATH\CodeIgniter.php(934): App\Controllers\DetailEvent->peserta('images', 'bg-01.jpg')
 7 SYSTEMPATH\CodeIgniter.php(499): CodeIgniter\CodeIgniter->runController(Object(App\Controllers\DetailEvent))
 8 SYSTEMPATH\CodeIgniter.php(368): CodeIgniter\CodeIgniter->handleRequest(null, Object(Config\Cache), false)
 9 FCPATH\index.php(67): CodeIgniter\CodeIgniter->run()
10 SYSTEMPATH\Commands\Server\rewrite.php(47): require_once('D:\\TUGAS\\KULIAH\\P2MW\\hehe\\gohitfinal\\public\\index.php')
INFO - 2025-05-20 14:00:26 --> Session: Class initialized using 'CodeIgniter\Session\Handlers\FileHandler' driver.
INFO - 2025-05-20 14:00:26 --> Session: Class initialized using 'CodeIgniter\Session\Handlers\FileHandler' driver.
CRITICAL - 2025-05-20 14:00:26 --> Undefined variable $tgl
in APPPATH\Views\detaileventp.php on line 24.
 1 APPPATH\Views\detaileventp.php(24): CodeIgniter\Debug\Exceptions->errorHandler(2, 'Undefined variable $tgl', 'D:\\TUGAS\\KULIAH\\P2MW\\hehe\\gohitfinal\\app\\Views\\detaileventp.php', 24)
 2 SYSTEMPATH\View\View.php(213): include('D:\\TUGAS\\KULIAH\\P2MW\\hehe\\gohitfinal\\app\\Views\\detaileventp.php')
 3 SYSTEMPATH\View\View.php(216): CodeIgniter\View\View->CodeIgniter\View\{closure}()
 4 SYSTEMPATH\Common.php(1184): CodeIgniter\View\View->render('detaileventp', [], true)
 5 APPPATH\Controllers\DetailEvent.php(444): view('detaileventp', [...])
 6 SYSTEMPATH\CodeIgniter.php(934): App\Controllers\DetailEvent->peserta('css', 'main.css')
 7 SYSTEMPATH\CodeIgniter.php(499): CodeIgniter\CodeIgniter->runController(Object(App\Controllers\DetailEvent))
 8 SYSTEMPATH\CodeIgniter.php(368): CodeIgniter\CodeIgniter->handleRequest(null, Object(Config\Cache), false)
 9 FCPATH\index.php(67): CodeIgniter\CodeIgniter->run()
10 SYSTEMPATH\Commands\Server\rewrite.php(47): require_once('D:\\TUGAS\\KULIAH\\P2MW\\hehe\\gohitfinal\\public\\index.php')
INFO - 2025-05-20 14:00:27 --> Session: Class initialized using 'CodeIgniter\Session\Handlers\FileHandler' driver.
CRITICAL - 2025-05-20 14:00:27 --> Undefined variable $tgl
in APPPATH\Views\detaileventp.php on line 24.
 1 APPPATH\Views\detaileventp.php(24): CodeIgniter\Debug\Exceptions->errorHandler(2, 'Undefined variable $tgl', 'D:\\TUGAS\\KULIAH\\P2MW\\hehe\\gohitfinal\\app\\Views\\detaileventp.php', 24)
 2 SYSTEMPATH\View\View.php(213): include('D:\\TUGAS\\KULIAH\\P2MW\\hehe\\gohitfinal\\app\\Views\\detaileventp.php')
 3 SYSTEMPATH\View\View.php(216): CodeIgniter\View\View->CodeIgniter\View\{closure}()
 4 SYSTEMPATH\Common.php(1184): CodeIgniter\View\View->render('detaileventp', [], true)
 5 APPPATH\Controllers\DetailEvent.php(444): view('detaileventp', [...])
 6 SYSTEMPATH\CodeIgniter.php(934): App\Controllers\DetailEvent->peserta('css', 'style.css')
 7 SYSTEMPATH\CodeIgniter.php(499): CodeIgniter\CodeIgniter->runController(Object(App\Controllers\DetailEvent))
 8 SYSTEMPATH\CodeIgniter.php(368): CodeIgniter\CodeIgniter->handleRequest(null, Object(Config\Cache), false)
 9 FCPATH\index.php(67): CodeIgniter\CodeIgniter->run()
10 SYSTEMPATH\Commands\Server\rewrite.php(47): require_once('D:\\TUGAS\\KULIAH\\P2MW\\hehe\\gohitfinal\\public\\index.php')
INFO - 2025-05-20 14:00:27 --> Session: Class initialized using 'CodeIgniter\Session\Handlers\FileHandler' driver.
CRITICAL - 2025-05-20 14:00:27 --> Undefined variable $tgl
in APPPATH\Views\detaileventp.php on line 24.
 1 APPPATH\Views\detaileventp.php(24): CodeIgniter\Debug\Exceptions->errorHandler(2, 'Undefined variable $tgl', 'D:\\TUGAS\\KULIAH\\P2MW\\hehe\\gohitfinal\\app\\Views\\detaileventp.php', 24)
 2 SYSTEMPATH\View\View.php(213): include('D:\\TUGAS\\KULIAH\\P2MW\\hehe\\gohitfinal\\app\\Views\\detaileventp.php')
 3 SYSTEMPATH\View\View.php(216): CodeIgniter\View\View->CodeIgniter\View\{closure}()
 4 SYSTEMPATH\Common.php(1184): CodeIgniter\View\View->render('detaileventp', [], true)
 5 APPPATH\Controllers\DetailEvent.php(444): view('detaileventp', [...])
 6 SYSTEMPATH\CodeIgniter.php(934): App\Controllers\DetailEvent->peserta('images', 'bg-01.jpg')
 7 SYSTEMPATH\CodeIgniter.php(499): CodeIgniter\CodeIgniter->runController(Object(App\Controllers\DetailEvent))
 8 SYSTEMPATH\CodeIgniter.php(368): CodeIgniter\CodeIgniter->handleRequest(null, Object(Config\Cache), false)
 9 FCPATH\index.php(67): CodeIgniter\CodeIgniter->run()
10 SYSTEMPATH\Commands\Server\rewrite.php(47): require_once('D:\\TUGAS\\KULIAH\\P2MW\\hehe\\gohitfinal\\public\\index.php')
INFO - 2025-05-20 14:00:53 --> Session: Class initialized using 'CodeIgniter\Session\Handlers\FileHandler' driver.
INFO - 2025-05-20 14:00:53 --> Session: Class initialized using 'CodeIgniter\Session\Handlers\FileHandler' driver.
CRITICAL - 2025-05-20 14:00:53 --> Undefined variable $tgl
in APPPATH\Views\detaileventp.php on line 24.
 1 APPPATH\Views\detaileventp.php(24): CodeIgniter\Debug\Exceptions->errorHandler(2, 'Undefined variable $tgl', 'D:\\TUGAS\\KULIAH\\P2MW\\hehe\\gohitfinal\\app\\Views\\detaileventp.php', 24)
 2 SYSTEMPATH\View\View.php(213): include('D:\\TUGAS\\KULIAH\\P2MW\\hehe\\gohitfinal\\app\\Views\\detaileventp.php')
 3 SYSTEMPATH\View\View.php(216): CodeIgniter\View\View->CodeIgniter\View\{closure}()
 4 SYSTEMPATH\Common.php(1184): CodeIgniter\View\View->render('detaileventp', [], true)
 5 APPPATH\Controllers\DetailEvent.php(444): view('detaileventp', [...])
 6 SYSTEMPATH\CodeIgniter.php(934): App\Controllers\DetailEvent->peserta('css', 'main.css')
 7 SYSTEMPATH\CodeIgniter.php(499): CodeIgniter\CodeIgniter->runController(Object(App\Controllers\DetailEvent))
 8 SYSTEMPATH\CodeIgniter.php(368): CodeIgniter\CodeIgniter->handleRequest(null, Object(Config\Cache), false)
 9 FCPATH\index.php(67): CodeIgniter\CodeIgniter->run()
10 SYSTEMPATH\Commands\Server\rewrite.php(47): require_once('D:\\TUGAS\\KULIAH\\P2MW\\hehe\\gohitfinal\\public\\index.php')
INFO - 2025-05-20 14:00:53 --> Session: Class initialized using 'CodeIgniter\Session\Handlers\FileHandler' driver.
CRITICAL - 2025-05-20 14:00:53 --> Undefined variable $tgl
in APPPATH\Views\detaileventp.php on line 24.
 1 APPPATH\Views\detaileventp.php(24): CodeIgniter\Debug\Exceptions->errorHandler(2, 'Undefined variable $tgl', 'D:\\TUGAS\\KULIAH\\P2MW\\hehe\\gohitfinal\\app\\Views\\detaileventp.php', 24)
 2 SYSTEMPATH\View\View.php(213): include('D:\\TUGAS\\KULIAH\\P2MW\\hehe\\gohitfinal\\app\\Views\\detaileventp.php')
 3 SYSTEMPATH\View\View.php(216): CodeIgniter\View\View->CodeIgniter\View\{closure}()
 4 SYSTEMPATH\Common.php(1184): CodeIgniter\View\View->render('detaileventp', [], true)
 5 APPPATH\Controllers\DetailEvent.php(444): view('detaileventp', [...])
 6 SYSTEMPATH\CodeIgniter.php(934): App\Controllers\DetailEvent->peserta('css', 'style.css')
 7 SYSTEMPATH\CodeIgniter.php(499): CodeIgniter\CodeIgniter->runController(Object(App\Controllers\DetailEvent))
 8 SYSTEMPATH\CodeIgniter.php(368): CodeIgniter\CodeIgniter->handleRequest(null, Object(Config\Cache), false)
 9 FCPATH\index.php(67): CodeIgniter\CodeIgniter->run()
10 SYSTEMPATH\Commands\Server\rewrite.php(47): require_once('D:\\TUGAS\\KULIAH\\P2MW\\hehe\\gohitfinal\\public\\index.php')
INFO - 2025-05-20 14:00:53 --> Session: Class initialized using 'CodeIgniter\Session\Handlers\FileHandler' driver.
CRITICAL - 2025-05-20 14:00:53 --> Undefined variable $tgl
in APPPATH\Views\detaileventp.php on line 24.
 1 APPPATH\Views\detaileventp.php(24): CodeIgniter\Debug\Exceptions->errorHandler(2, 'Undefined variable $tgl', 'D:\\TUGAS\\KULIAH\\P2MW\\hehe\\gohitfinal\\app\\Views\\detaileventp.php', 24)
 2 SYSTEMPATH\View\View.php(213): include('D:\\TUGAS\\KULIAH\\P2MW\\hehe\\gohitfinal\\app\\Views\\detaileventp.php')
 3 SYSTEMPATH\View\View.php(216): CodeIgniter\View\View->CodeIgniter\View\{closure}()
 4 SYSTEMPATH\Common.php(1184): CodeIgniter\View\View->render('detaileventp', [], true)
 5 APPPATH\Controllers\DetailEvent.php(444): view('detaileventp', [...])
 6 SYSTEMPATH\CodeIgniter.php(934): App\Controllers\DetailEvent->peserta('images', 'bg-01.jpg')
 7 SYSTEMPATH\CodeIgniter.php(499): CodeIgniter\CodeIgniter->runController(Object(App\Controllers\DetailEvent))
 8 SYSTEMPATH\CodeIgniter.php(368): CodeIgniter\CodeIgniter->handleRequest(null, Object(Config\Cache), false)
 9 FCPATH\index.php(67): CodeIgniter\CodeIgniter->run()
10 SYSTEMPATH\Commands\Server\rewrite.php(47): require_once('D:\\TUGAS\\KULIAH\\P2MW\\hehe\\gohitfinal\\public\\index.php')
INFO - 2025-05-20 14:01:15 --> Session: Class initialized using 'CodeIgniter\Session\Handlers\FileHandler' driver.
CRITICAL - 2025-05-20 14:01:15 --> Undefined variable $Bracket
in APPPATH\Views\partial\bracket32.php on line 405.
 1 APPPATH\Views\partial\bracket32.php(405): CodeIgniter\Debug\Exceptions->errorHandler(2, 'Undefined variable $Bracket', 'D:\\TUGAS\\KULIAH\\P2MW\\hehe\\gohitfinal\\app\\Views\\partial\\bracket32.php', 405)
 2 SYSTEMPATH\View\View.php(213): include('D:\\TUGAS\\KULIAH\\P2MW\\hehe\\gohitfinal\\app\\Views\\partial\\bracket32.php')
 3 SYSTEMPATH\View\View.php(216): CodeIgniter\View\View->CodeIgniter\View\{closure}()
 4 SYSTEMPATH\View\View.php(431): CodeIgniter\View\View->render('partial/bracket32', null, true)
 5 APPPATH\Views\detaileventp.php(100): CodeIgniter\View\View->include('partial/bracket32')
 6 SYSTEMPATH\View\View.php(213): include('D:\\TUGAS\\KULIAH\\P2MW\\hehe\\gohitfinal\\app\\Views\\detaileventp.php')
 7 SYSTEMPATH\View\View.php(216): CodeIgniter\View\View->CodeIgniter\View\{closure}()
 8 SYSTEMPATH\Common.php(1184): CodeIgniter\View\View->render('detaileventp', [], true)
 9 APPPATH\Controllers\DetailEvent.php(444): view('detaileventp', [...])
10 SYSTEMPATH\CodeIgniter.php(934): App\Controllers\DetailEvent->peserta('26')
11 SYSTEMPATH\CodeIgniter.php(499): CodeIgniter\CodeIgniter->runController(Object(App\Controllers\DetailEvent))
12 SYSTEMPATH\CodeIgniter.php(368): CodeIgniter\CodeIgniter->handleRequest(null, Object(Config\Cache), false)
13 FCPATH\index.php(67): CodeIgniter\CodeIgniter->run()
14 SYSTEMPATH\Commands\Server\rewrite.php(47): require_once('D:\\TUGAS\\KULIAH\\P2MW\\hehe\\gohitfinal\\public\\index.php')
INFO - 2025-05-20 14:01:15 --> Session: Class initialized using 'CodeIgniter\Session\Handlers\FileHandler' driver.
CRITICAL - 2025-05-20 14:01:15 --> Undefined variable $tgl
in APPPATH\Views\detaileventp.php on line 24.
 1 APPPATH\Views\detaileventp.php(24): CodeIgniter\Debug\Exceptions->errorHandler(2, 'Undefined variable $tgl', 'D:\\TUGAS\\KULIAH\\P2MW\\hehe\\gohitfinal\\app\\Views\\detaileventp.php', 24)
 2 SYSTEMPATH\View\View.php(213): include('D:\\TUGAS\\KULIAH\\P2MW\\hehe\\gohitfinal\\app\\Views\\detaileventp.php')
 3 SYSTEMPATH\View\View.php(216): CodeIgniter\View\View->CodeIgniter\View\{closure}()
 4 SYSTEMPATH\Common.php(1184): CodeIgniter\View\View->render('detaileventp', [], true)
 5 APPPATH\Controllers\DetailEvent.php(444): view('detaileventp', [...])
 6 SYSTEMPATH\CodeIgniter.php(934): App\Controllers\DetailEvent->peserta('css', 'main.css')
 7 SYSTEMPATH\CodeIgniter.php(499): CodeIgniter\CodeIgniter->runController(Object(App\Controllers\DetailEvent))
 8 SYSTEMPATH\CodeIgniter.php(368): CodeIgniter\CodeIgniter->handleRequest(null, Object(Config\Cache), false)
 9 FCPATH\index.php(67): CodeIgniter\CodeIgniter->run()
10 SYSTEMPATH\Commands\Server\rewrite.php(47): require_once('D:\\TUGAS\\KULIAH\\P2MW\\hehe\\gohitfinal\\public\\index.php')
INFO - 2025-05-20 14:01:16 --> Session: Class initialized using 'CodeIgniter\Session\Handlers\FileHandler' driver.
CRITICAL - 2025-05-20 14:01:16 --> Undefined variable $tgl
in APPPATH\Views\detaileventp.php on line 24.
 1 APPPATH\Views\detaileventp.php(24): CodeIgniter\Debug\Exceptions->errorHandler(2, 'Undefined variable $tgl', 'D:\\TUGAS\\KULIAH\\P2MW\\hehe\\gohitfinal\\app\\Views\\detaileventp.php', 24)
 2 SYSTEMPATH\View\View.php(213): include('D:\\TUGAS\\KULIAH\\P2MW\\hehe\\gohitfinal\\app\\Views\\detaileventp.php')
 3 SYSTEMPATH\View\View.php(216): CodeIgniter\View\View->CodeIgniter\View\{closure}()
 4 SYSTEMPATH\Common.php(1184): CodeIgniter\View\View->render('detaileventp', [], true)
 5 APPPATH\Controllers\DetailEvent.php(444): view('detaileventp', [...])
 6 SYSTEMPATH\CodeIgniter.php(934): App\Controllers\DetailEvent->peserta('images', 'bg-01.jpg')
 7 SYSTEMPATH\CodeIgniter.php(499): CodeIgniter\CodeIgniter->runController(Object(App\Controllers\DetailEvent))
 8 SYSTEMPATH\CodeIgniter.php(368): CodeIgniter\CodeIgniter->handleRequest(null, Object(Config\Cache), false)
 9 FCPATH\index.php(67): CodeIgniter\CodeIgniter->run()
10 SYSTEMPATH\Commands\Server\rewrite.php(47): require_once('D:\\TUGAS\\KULIAH\\P2MW\\hehe\\gohitfinal\\public\\index.php')
INFO - 2025-05-20 14:01:44 --> Session: Class initialized using 'CodeIgniter\Session\Handlers\FileHandler' driver.
INFO - 2025-05-20 14:01:45 --> Session: Class initialized using 'CodeIgniter\Session\Handlers\FileHandler' driver.
CRITICAL - 2025-05-20 14:01:45 --> Undefined variable $tgl
in APPPATH\Views\detaileventp.php on line 24.
 1 APPPATH\Views\detaileventp.php(24): CodeIgniter\Debug\Exceptions->errorHandler(2, 'Undefined variable $tgl', 'D:\\TUGAS\\KULIAH\\P2MW\\hehe\\gohitfinal\\app\\Views\\detaileventp.php', 24)
 2 SYSTEMPATH\View\View.php(213): include('D:\\TUGAS\\KULIAH\\P2MW\\hehe\\gohitfinal\\app\\Views\\detaileventp.php')
 3 SYSTEMPATH\View\View.php(216): CodeIgniter\View\View->CodeIgniter\View\{closure}()
 4 SYSTEMPATH\Common.php(1184): CodeIgniter\View\View->render('detaileventp', [], true)
 5 APPPATH\Controllers\DetailEvent.php(444): view('detaileventp', [...])
 6 SYSTEMPATH\CodeIgniter.php(934): App\Controllers\DetailEvent->peserta('css', 'main.css')
 7 SYSTEMPATH\CodeIgniter.php(499): CodeIgniter\CodeIgniter->runController(Object(App\Controllers\DetailEvent))
 8 SYSTEMPATH\CodeIgniter.php(368): CodeIgniter\CodeIgniter->handleRequest(null, Object(Config\Cache), false)
 9 FCPATH\index.php(67): CodeIgniter\CodeIgniter->run()
10 SYSTEMPATH\Commands\Server\rewrite.php(47): require_once('D:\\TUGAS\\KULIAH\\P2MW\\hehe\\gohitfinal\\public\\index.php')
INFO - 2025-05-20 14:01:45 --> Session: Class initialized using 'CodeIgniter\Session\Handlers\FileHandler' driver.
CRITICAL - 2025-05-20 14:01:45 --> Undefined variable $tgl
in APPPATH\Views\detaileventp.php on line 24.
 1 APPPATH\Views\detaileventp.php(24): CodeIgniter\Debug\Exceptions->errorHandler(2, 'Undefined variable $tgl', 'D:\\TUGAS\\KULIAH\\P2MW\\hehe\\gohitfinal\\app\\Views\\detaileventp.php', 24)
 2 SYSTEMPATH\View\View.php(213): include('D:\\TUGAS\\KULIAH\\P2MW\\hehe\\gohitfinal\\app\\Views\\detaileventp.php')
 3 SYSTEMPATH\View\View.php(216): CodeIgniter\View\View->CodeIgniter\View\{closure}()
 4 SYSTEMPATH\Common.php(1184): CodeIgniter\View\View->render('detaileventp', [], true)
 5 APPPATH\Controllers\DetailEvent.php(444): view('detaileventp', [...])
 6 SYSTEMPATH\CodeIgniter.php(934): App\Controllers\DetailEvent->peserta('css', 'style.css')
 7 SYSTEMPATH\CodeIgniter.php(499): CodeIgniter\CodeIgniter->runController(Object(App\Controllers\DetailEvent))
 8 SYSTEMPATH\CodeIgniter.php(368): CodeIgniter\CodeIgniter->handleRequest(null, Object(Config\Cache), false)
 9 FCPATH\index.php(67): CodeIgniter\CodeIgniter->run()
10 SYSTEMPATH\Commands\Server\rewrite.php(47): require_once('D:\\TUGAS\\KULIAH\\P2MW\\hehe\\gohitfinal\\public\\index.php')
INFO - 2025-05-20 14:01:45 --> Session: Class initialized using 'CodeIgniter\Session\Handlers\FileHandler' driver.
CRITICAL - 2025-05-20 14:01:45 --> Undefined variable $tgl
in APPPATH\Views\detaileventp.php on line 24.
 1 APPPATH\Views\detaileventp.php(24): CodeIgniter\Debug\Exceptions->errorHandler(2, 'Undefined variable $tgl', 'D:\\TUGAS\\KULIAH\\P2MW\\hehe\\gohitfinal\\app\\Views\\detaileventp.php', 24)
 2 SYSTEMPATH\View\View.php(213): include('D:\\TUGAS\\KULIAH\\P2MW\\hehe\\gohitfinal\\app\\Views\\detaileventp.php')
 3 SYSTEMPATH\View\View.php(216): CodeIgniter\View\View->CodeIgniter\View\{closure}()
 4 SYSTEMPATH\Common.php(1184): CodeIgniter\View\View->render('detaileventp', [], true)
 5 APPPATH\Controllers\DetailEvent.php(444): view('detaileventp', [...])
 6 SYSTEMPATH\CodeIgniter.php(934): App\Controllers\DetailEvent->peserta('images', 'bg-01.jpg')
 7 SYSTEMPATH\CodeIgniter.php(499): CodeIgniter\CodeIgniter->runController(Object(App\Controllers\DetailEvent))
 8 SYSTEMPATH\CodeIgniter.php(368): CodeIgniter\CodeIgniter->handleRequest(null, Object(Config\Cache), false)
 9 FCPATH\index.php(67): CodeIgniter\CodeIgniter->run()
10 SYSTEMPATH\Commands\Server\rewrite.php(47): require_once('D:\\TUGAS\\KULIAH\\P2MW\\hehe\\gohitfinal\\public\\index.php')
INFO - 2025-05-20 14:03:13 --> Session: Class initialized using 'CodeIgniter\Session\Handlers\FileHandler' driver.
INFO - 2025-05-20 14:03:14 --> Session: Class initialized using 'CodeIgniter\Session\Handlers\FileHandler' driver.
CRITICAL - 2025-05-20 14:03:14 --> Undefined variable $tgl
in APPPATH\Views\detaileventp.php on line 24.
 1 APPPATH\Views\detaileventp.php(24): CodeIgniter\Debug\Exceptions->errorHandler(2, 'Undefined variable $tgl', 'D:\\TUGAS\\KULIAH\\P2MW\\hehe\\gohitfinal\\app\\Views\\detaileventp.php', 24)
 2 SYSTEMPATH\View\View.php(213): include('D:\\TUGAS\\KULIAH\\P2MW\\hehe\\gohitfinal\\app\\Views\\detaileventp.php')
 3 SYSTEMPATH\View\View.php(216): CodeIgniter\View\View->CodeIgniter\View\{closure}()
 4 SYSTEMPATH\Common.php(1184): CodeIgniter\View\View->render('detaileventp', [], true)
 5 APPPATH\Controllers\DetailEvent.php(447): view('detaileventp', [...])
 6 SYSTEMPATH\CodeIgniter.php(934): App\Controllers\DetailEvent->peserta('css', 'main.css')
 7 SYSTEMPATH\CodeIgniter.php(499): CodeIgniter\CodeIgniter->runController(Object(App\Controllers\DetailEvent))
 8 SYSTEMPATH\CodeIgniter.php(368): CodeIgniter\CodeIgniter->handleRequest(null, Object(Config\Cache), false)
 9 FCPATH\index.php(67): CodeIgniter\CodeIgniter->run()
10 SYSTEMPATH\Commands\Server\rewrite.php(47): require_once('D:\\TUGAS\\KULIAH\\P2MW\\hehe\\gohitfinal\\public\\index.php')
INFO - 2025-05-20 14:03:14 --> Session: Class initialized using 'CodeIgniter\Session\Handlers\FileHandler' driver.
CRITICAL - 2025-05-20 14:03:14 --> Undefined variable $tgl
in APPPATH\Views\detaileventp.php on line 24.
 1 APPPATH\Views\detaileventp.php(24): CodeIgniter\Debug\Exceptions->errorHandler(2, 'Undefined variable $tgl', 'D:\\TUGAS\\KULIAH\\P2MW\\hehe\\gohitfinal\\app\\Views\\detaileventp.php', 24)
 2 SYSTEMPATH\View\View.php(213): include('D:\\TUGAS\\KULIAH\\P2MW\\hehe\\gohitfinal\\app\\Views\\detaileventp.php')
 3 SYSTEMPATH\View\View.php(216): CodeIgniter\View\View->CodeIgniter\View\{closure}()
 4 SYSTEMPATH\Common.php(1184): CodeIgniter\View\View->render('detaileventp', [], true)
 5 APPPATH\Controllers\DetailEvent.php(447): view('detaileventp', [...])
 6 SYSTEMPATH\CodeIgniter.php(934): App\Controllers\DetailEvent->peserta('css', 'style.css')
 7 SYSTEMPATH\CodeIgniter.php(499): CodeIgniter\CodeIgniter->runController(Object(App\Controllers\DetailEvent))
 8 SYSTEMPATH\CodeIgniter.php(368): CodeIgniter\CodeIgniter->handleRequest(null, Object(Config\Cache), false)
 9 FCPATH\index.php(67): CodeIgniter\CodeIgniter->run()
10 SYSTEMPATH\Commands\Server\rewrite.php(47): require_once('D:\\TUGAS\\KULIAH\\P2MW\\hehe\\gohitfinal\\public\\index.php')
INFO - 2025-05-20 14:03:14 --> Session: Class initialized using 'CodeIgniter\Session\Handlers\FileHandler' driver.
CRITICAL - 2025-05-20 14:03:14 --> Undefined variable $tgl
in APPPATH\Views\detaileventp.php on line 24.
 1 APPPATH\Views\detaileventp.php(24): CodeIgniter\Debug\Exceptions->errorHandler(2, 'Undefined variable $tgl', 'D:\\TUGAS\\KULIAH\\P2MW\\hehe\\gohitfinal\\app\\Views\\detaileventp.php', 24)
 2 SYSTEMPATH\View\View.php(213): include('D:\\TUGAS\\KULIAH\\P2MW\\hehe\\gohitfinal\\app\\Views\\detaileventp.php')
 3 SYSTEMPATH\View\View.php(216): CodeIgniter\View\View->CodeIgniter\View\{closure}()
 4 SYSTEMPATH\Common.php(1184): CodeIgniter\View\View->render('detaileventp', [], true)
 5 APPPATH\Controllers\DetailEvent.php(447): view('detaileventp', [...])
 6 SYSTEMPATH\CodeIgniter.php(934): App\Controllers\DetailEvent->peserta('images', 'bg-01.jpg')
 7 SYSTEMPATH\CodeIgniter.php(499): CodeIgniter\CodeIgniter->runController(Object(App\Controllers\DetailEvent))
 8 SYSTEMPATH\CodeIgniter.php(368): CodeIgniter\CodeIgniter->handleRequest(null, Object(Config\Cache), false)
 9 FCPATH\index.php(67): CodeIgniter\CodeIgniter->run()
10 SYSTEMPATH\Commands\Server\rewrite.php(47): require_once('D:\\TUGAS\\KULIAH\\P2MW\\hehe\\gohitfinal\\public\\index.php')
INFO - 2025-05-20 14:20:57 --> Session: Class initialized using 'CodeIgniter\Session\Handlers\FileHandler' driver.
INFO - 2025-05-20 14:21:00 --> Session: Class initialized using 'CodeIgniter\Session\Handlers\FileHandler' driver.
INFO - 2025-05-20 14:21:00 --> Session: Class initialized using 'CodeIgniter\Session\Handlers\FileHandler' driver.
CRITICAL - 2025-05-20 14:21:00 --> Undefined variable $tgl
in APPPATH\Views\detaileventp.php on line 24.
 1 APPPATH\Views\detaileventp.php(24): CodeIgniter\Debug\Exceptions->errorHandler(2, 'Undefined variable $tgl', 'D:\\TUGAS\\KULIAH\\P2MW\\hehe\\gohitfinal\\app\\Views\\detaileventp.php', 24)
 2 SYSTEMPATH\View\View.php(213): include('D:\\TUGAS\\KULIAH\\P2MW\\hehe\\gohitfinal\\app\\Views\\detaileventp.php')
 3 SYSTEMPATH\View\View.php(216): CodeIgniter\View\View->CodeIgniter\View\{closure}()
 4 SYSTEMPATH\Common.php(1184): CodeIgniter\View\View->render('detaileventp', [], true)
 5 APPPATH\Controllers\DetailEvent.php(447): view('detaileventp', [...])
 6 SYSTEMPATH\CodeIgniter.php(934): App\Controllers\DetailEvent->peserta('css', 'main.css')
 7 SYSTEMPATH\CodeIgniter.php(499): CodeIgniter\CodeIgniter->runController(Object(App\Controllers\DetailEvent))
 8 SYSTEMPATH\CodeIgniter.php(368): CodeIgniter\CodeIgniter->handleRequest(null, Object(Config\Cache), false)
 9 FCPATH\index.php(67): CodeIgniter\CodeIgniter->run()
10 SYSTEMPATH\Commands\Server\rewrite.php(47): require_once('D:\\TUGAS\\KULIAH\\P2MW\\hehe\\gohitfinal\\public\\index.php')
INFO - 2025-05-20 14:21:00 --> Session: Class initialized using 'CodeIgniter\Session\Handlers\FileHandler' driver.
CRITICAL - 2025-05-20 14:21:00 --> Undefined variable $tgl
in APPPATH\Views\detaileventp.php on line 24.
 1 APPPATH\Views\detaileventp.php(24): CodeIgniter\Debug\Exceptions->errorHandler(2, 'Undefined variable $tgl', 'D:\\TUGAS\\KULIAH\\P2MW\\hehe\\gohitfinal\\app\\Views\\detaileventp.php', 24)
 2 SYSTEMPATH\View\View.php(213): include('D:\\TUGAS\\KULIAH\\P2MW\\hehe\\gohitfinal\\app\\Views\\detaileventp.php')
 3 SYSTEMPATH\View\View.php(216): CodeIgniter\View\View->CodeIgniter\View\{closure}()
 4 SYSTEMPATH\Common.php(1184): CodeIgniter\View\View->render('detaileventp', [], true)
 5 APPPATH\Controllers\DetailEvent.php(447): view('detaileventp', [...])
 6 SYSTEMPATH\CodeIgniter.php(934): App\Controllers\DetailEvent->peserta('css', 'style.css')
 7 SYSTEMPATH\CodeIgniter.php(499): CodeIgniter\CodeIgniter->runController(Object(App\Controllers\DetailEvent))
 8 SYSTEMPATH\CodeIgniter.php(368): CodeIgniter\CodeIgniter->handleRequest(null, Object(Config\Cache), false)
 9 FCPATH\index.php(67): CodeIgniter\CodeIgniter->run()
10 SYSTEMPATH\Commands\Server\rewrite.php(47): require_once('D:\\TUGAS\\KULIAH\\P2MW\\hehe\\gohitfinal\\public\\index.php')
INFO - 2025-05-20 14:21:00 --> Session: Class initialized using 'CodeIgniter\Session\Handlers\FileHandler' driver.
CRITICAL - 2025-05-20 14:21:00 --> Undefined variable $tgl
in APPPATH\Views\detaileventp.php on line 24.
 1 APPPATH\Views\detaileventp.php(24): CodeIgniter\Debug\Exceptions->errorHandler(2, 'Undefined variable $tgl', 'D:\\TUGAS\\KULIAH\\P2MW\\hehe\\gohitfinal\\app\\Views\\detaileventp.php', 24)
 2 SYSTEMPATH\View\View.php(213): include('D:\\TUGAS\\KULIAH\\P2MW\\hehe\\gohitfinal\\app\\Views\\detaileventp.php')
 3 SYSTEMPATH\View\View.php(216): CodeIgniter\View\View->CodeIgniter\View\{closure}()
 4 SYSTEMPATH\Common.php(1184): CodeIgniter\View\View->render('detaileventp', [], true)
 5 APPPATH\Controllers\DetailEvent.php(447): view('detaileventp', [...])
 6 SYSTEMPATH\CodeIgniter.php(934): App\Controllers\DetailEvent->peserta('images', 'bg-01.jpg')
 7 SYSTEMPATH\CodeIgniter.php(499): CodeIgniter\CodeIgniter->runController(Object(App\Controllers\DetailEvent))
 8 SYSTEMPATH\CodeIgniter.php(368): CodeIgniter\CodeIgniter->handleRequest(null, Object(Config\Cache), false)
 9 FCPATH\index.php(67): CodeIgniter\CodeIgniter->run()
10 SYSTEMPATH\Commands\Server\rewrite.php(47): require_once('D:\\TUGAS\\KULIAH\\P2MW\\hehe\\gohitfinal\\public\\index.php')
INFO - 2025-05-20 14:21:05 --> Session: Class initialized using 'CodeIgniter\Session\Handlers\FileHandler' driver.
INFO - 2025-05-20 14:21:09 --> Session: Class initialized using 'CodeIgniter\Session\Handlers\FileHandler' driver.
INFO - 2025-05-20 14:36:32 --> Session: Class initialized using 'CodeIgniter\Session\Handlers\FileHandler' driver.
INFO - 2025-05-20 14:36:36 --> Session: Class initialized using 'CodeIgniter\Session\Handlers\FileHandler' driver.
INFO - 2025-05-20 14:36:36 --> Session: Class initialized using 'CodeIgniter\Session\Handlers\FileHandler' driver.
CRITICAL - 2025-05-20 14:36:36 --> foreach() argument must be of type array|object, null given
in SYSTEMPATH\Database\BaseBuilder.php on line 411.
 1 SYSTEMPATH\Database\BaseBuilder.php(411): CodeIgniter\Debug\Exceptions->errorHandler(2, 'foreach() argument must be of type array|object, null given', 'D:\\TUGAS\\KULIAH\\P2MW\\hehe\\gohitfinal\\system\\Database\\BaseBuilder.php', 411)
 2 SYSTEMPATH\Model.php(840): CodeIgniter\Database\BaseBuilder->select(null)
 3 APPPATH\Models\Fisher.php(20): CodeIgniter\Model->__call('select', [...])
 4 APPPATH\Controllers\DetailEvent.php(69): App\Models\Fisher->getUserPointBySport(null, null)
 5 SYSTEMPATH\CodeIgniter.php(934): App\Controllers\DetailEvent->index('css', 'main.css')
 6 SYSTEMPATH\CodeIgniter.php(499): CodeIgniter\CodeIgniter->runController(Object(App\Controllers\DetailEvent))
 7 SYSTEMPATH\CodeIgniter.php(368): CodeIgniter\CodeIgniter->handleRequest(null, Object(Config\Cache), false)
 8 FCPATH\index.php(67): CodeIgniter\CodeIgniter->run()
 9 SYSTEMPATH\Commands\Server\rewrite.php(47): require_once('D:\\TUGAS\\KULIAH\\P2MW\\hehe\\gohitfinal\\public\\index.php')
INFO - 2025-05-20 14:36:36 --> Session: Class initialized using 'CodeIgniter\Session\Handlers\FileHandler' driver.
CRITICAL - 2025-05-20 14:36:36 --> foreach() argument must be of type array|object, null given
in SYSTEMPATH\Database\BaseBuilder.php on line 411.
 1 SYSTEMPATH\Database\BaseBuilder.php(411): CodeIgniter\Debug\Exceptions->errorHandler(2, 'foreach() argument must be of type array|object, null given', 'D:\\TUGAS\\KULIAH\\P2MW\\hehe\\gohitfinal\\system\\Database\\BaseBuilder.php', 411)
 2 SYSTEMPATH\Model.php(840): CodeIgniter\Database\BaseBuilder->select(null)
 3 APPPATH\Models\Fisher.php(20): CodeIgniter\Model->__call('select', [...])
 4 APPPATH\Controllers\DetailEvent.php(69): App\Models\Fisher->getUserPointBySport(null, null)
 5 SYSTEMPATH\CodeIgniter.php(934): App\Controllers\DetailEvent->index('css', 'style.css')
 6 SYSTEMPATH\CodeIgniter.php(499): CodeIgniter\CodeIgniter->runController(Object(App\Controllers\DetailEvent))
 7 SYSTEMPATH\CodeIgniter.php(368): CodeIgniter\CodeIgniter->handleRequest(null, Object(Config\Cache), false)
 8 FCPATH\index.php(67): CodeIgniter\CodeIgniter->run()
 9 SYSTEMPATH\Commands\Server\rewrite.php(47): require_once('D:\\TUGAS\\KULIAH\\P2MW\\hehe\\gohitfinal\\public\\index.php')
INFO - 2025-05-20 14:36:36 --> Session: Class initialized using 'CodeIgniter\Session\Handlers\FileHandler' driver.
CRITICAL - 2025-05-20 14:36:36 --> foreach() argument must be of type array|object, null given
in SYSTEMPATH\Database\BaseBuilder.php on line 411.
 1 SYSTEMPATH\Database\BaseBuilder.php(411): CodeIgniter\Debug\Exceptions->errorHandler(2, 'foreach() argument must be of type array|object, null given', 'D:\\TUGAS\\KULIAH\\P2MW\\hehe\\gohitfinal\\system\\Database\\BaseBuilder.php', 411)
 2 SYSTEMPATH\Model.php(840): CodeIgniter\Database\BaseBuilder->select(null)
 3 APPPATH\Models\Fisher.php(20): CodeIgniter\Model->__call('select', [...])
 4 APPPATH\Controllers\DetailEvent.php(69): App\Models\Fisher->getUserPointBySport(null, null)
 5 SYSTEMPATH\CodeIgniter.php(934): App\Controllers\DetailEvent->index('images', 'bg-01.jpg')
 6 SYSTEMPATH\CodeIgniter.php(499): CodeIgniter\CodeIgniter->runController(Object(App\Controllers\DetailEvent))
 7 SYSTEMPATH\CodeIgniter.php(368): CodeIgniter\CodeIgniter->handleRequest(null, Object(Config\Cache), false)
 8 FCPATH\index.php(67): CodeIgniter\CodeIgniter->run()
 9 SYSTEMPATH\Commands\Server\rewrite.php(47): require_once('D:\\TUGAS\\KULIAH\\P2MW\\hehe\\gohitfinal\\public\\index.php')
INFO - 2025-05-20 14:36:41 --> Session: Class initialized using 'CodeIgniter\Session\Handlers\FileHandler' driver.
INFO - 2025-05-20 14:36:46 --> Session: Class initialized using 'CodeIgniter\Session\Handlers\FileHandler' driver.
INFO - 2025-05-20 14:36:47 --> Session: Class initialized using 'CodeIgniter\Session\Handlers\FileHandler' driver.
INFO - 2025-05-20 14:36:47 --> Session: Class initialized using 'CodeIgniter\Session\Handlers\FileHandler' driver.
CRITICAL - 2025-05-20 14:36:47 --> Undefined variable $tgl
in APPPATH\Views\detaileventp.php on line 24.
 1 APPPATH\Views\detaileventp.php(24): CodeIgniter\Debug\Exceptions->errorHandler(2, 'Undefined variable $tgl', 'D:\\TUGAS\\KULIAH\\P2MW\\hehe\\gohitfinal\\app\\Views\\detaileventp.php', 24)
 2 SYSTEMPATH\View\View.php(213): include('D:\\TUGAS\\KULIAH\\P2MW\\hehe\\gohitfinal\\app\\Views\\detaileventp.php')
 3 SYSTEMPATH\View\View.php(216): CodeIgniter\View\View->CodeIgniter\View\{closure}()
 4 SYSTEMPATH\Common.php(1184): CodeIgniter\View\View->render('detaileventp', [], true)
 5 APPPATH\Controllers\DetailEvent.php(458): view('detaileventp', [...])
 6 SYSTEMPATH\CodeIgniter.php(934): App\Controllers\DetailEvent->peserta('css', 'main.css')
 7 SYSTEMPATH\CodeIgniter.php(499): CodeIgniter\CodeIgniter->runController(Object(App\Controllers\DetailEvent))
 8 SYSTEMPATH\CodeIgniter.php(368): CodeIgniter\CodeIgniter->handleRequest(null, Object(Config\Cache), false)
 9 FCPATH\index.php(67): CodeIgniter\CodeIgniter->run()
10 SYSTEMPATH\Commands\Server\rewrite.php(47): require_once('D:\\TUGAS\\KULIAH\\P2MW\\hehe\\gohitfinal\\public\\index.php')
INFO - 2025-05-20 14:36:48 --> Session: Class initialized using 'CodeIgniter\Session\Handlers\FileHandler' driver.
CRITICAL - 2025-05-20 14:36:48 --> Undefined variable $tgl
in APPPATH\Views\detaileventp.php on line 24.
 1 APPPATH\Views\detaileventp.php(24): CodeIgniter\Debug\Exceptions->errorHandler(2, 'Undefined variable $tgl', 'D:\\TUGAS\\KULIAH\\P2MW\\hehe\\gohitfinal\\app\\Views\\detaileventp.php', 24)
 2 SYSTEMPATH\View\View.php(213): include('D:\\TUGAS\\KULIAH\\P2MW\\hehe\\gohitfinal\\app\\Views\\detaileventp.php')
 3 SYSTEMPATH\View\View.php(216): CodeIgniter\View\View->CodeIgniter\View\{closure}()
 4 SYSTEMPATH\Common.php(1184): CodeIgniter\View\View->render('detaileventp', [], true)
 5 APPPATH\Controllers\DetailEvent.php(458): view('detaileventp', [...])
 6 SYSTEMPATH\CodeIgniter.php(934): App\Controllers\DetailEvent->peserta('css', 'style.css')
 7 SYSTEMPATH\CodeIgniter.php(499): CodeIgniter\CodeIgniter->runController(Object(App\Controllers\DetailEvent))
 8 SYSTEMPATH\CodeIgniter.php(368): CodeIgniter\CodeIgniter->handleRequest(null, Object(Config\Cache), false)
 9 FCPATH\index.php(67): CodeIgniter\CodeIgniter->run()
10 SYSTEMPATH\Commands\Server\rewrite.php(47): require_once('D:\\TUGAS\\KULIAH\\P2MW\\hehe\\gohitfinal\\public\\index.php')
INFO - 2025-05-20 14:36:48 --> Session: Class initialized using 'CodeIgniter\Session\Handlers\FileHandler' driver.
CRITICAL - 2025-05-20 14:36:48 --> Undefined variable $tgl
in APPPATH\Views\detaileventp.php on line 24.
 1 APPPATH\Views\detaileventp.php(24): CodeIgniter\Debug\Exceptions->errorHandler(2, 'Undefined variable $tgl', 'D:\\TUGAS\\KULIAH\\P2MW\\hehe\\gohitfinal\\app\\Views\\detaileventp.php', 24)
 2 SYSTEMPATH\View\View.php(213): include('D:\\TUGAS\\KULIAH\\P2MW\\hehe\\gohitfinal\\app\\Views\\detaileventp.php')
 3 SYSTEMPATH\View\View.php(216): CodeIgniter\View\View->CodeIgniter\View\{closure}()
 4 SYSTEMPATH\Common.php(1184): CodeIgniter\View\View->render('detaileventp', [], true)
 5 APPPATH\Controllers\DetailEvent.php(458): view('detaileventp', [...])
 6 SYSTEMPATH\CodeIgniter.php(934): App\Controllers\DetailEvent->peserta('images', 'bg-01.jpg')
 7 SYSTEMPATH\CodeIgniter.php(499): CodeIgniter\CodeIgniter->runController(Object(App\Controllers\DetailEvent))
 8 SYSTEMPATH\CodeIgniter.php(368): CodeIgniter\CodeIgniter->handleRequest(null, Object(Config\Cache), false)
 9 FCPATH\index.php(67): CodeIgniter\CodeIgniter->run()
10 SYSTEMPATH\Commands\Server\rewrite.php(47): require_once('D:\\TUGAS\\KULIAH\\P2MW\\hehe\\gohitfinal\\public\\index.php')
INFO - 2025-05-20 14:43:38 --> Session: Class initialized using 'CodeIgniter\Session\Handlers\FileHandler' driver.
INFO - 2025-05-20 14:43:38 --> Session: Class initialized using 'CodeIgniter\Session\Handlers\FileHandler' driver.
CRITICAL - 2025-05-20 14:43:38 --> Undefined variable $tgl
in APPPATH\Views\detaileventp.php on line 24.
 1 APPPATH\Views\detaileventp.php(24): CodeIgniter\Debug\Exceptions->errorHandler(2, 'Undefined variable $tgl', 'D:\\TUGAS\\KULIAH\\P2MW\\hehe\\gohitfinal\\app\\Views\\detaileventp.php', 24)
 2 SYSTEMPATH\View\View.php(213): include('D:\\TUGAS\\KULIAH\\P2MW\\hehe\\gohitfinal\\app\\Views\\detaileventp.php')
 3 SYSTEMPATH\View\View.php(216): CodeIgniter\View\View->CodeIgniter\View\{closure}()
 4 SYSTEMPATH\Common.php(1184): CodeIgniter\View\View->render('detaileventp', [], true)
 5 APPPATH\Controllers\DetailEvent.php(458): view('detaileventp', [...])
 6 SYSTEMPATH\CodeIgniter.php(934): App\Controllers\DetailEvent->peserta('css', 'main.css')
 7 SYSTEMPATH\CodeIgniter.php(499): CodeIgniter\CodeIgniter->runController(Object(App\Controllers\DetailEvent))
 8 SYSTEMPATH\CodeIgniter.php(368): CodeIgniter\CodeIgniter->handleRequest(null, Object(Config\Cache), false)
 9 FCPATH\index.php(67): CodeIgniter\CodeIgniter->run()
10 SYSTEMPATH\Commands\Server\rewrite.php(47): require_once('D:\\TUGAS\\KULIAH\\P2MW\\hehe\\gohitfinal\\public\\index.php')
INFO - 2025-05-20 14:43:38 --> Session: Class initialized using 'CodeIgniter\Session\Handlers\FileHandler' driver.
CRITICAL - 2025-05-20 14:43:38 --> Undefined variable $tgl
in APPPATH\Views\detaileventp.php on line 24.
 1 APPPATH\Views\detaileventp.php(24): CodeIgniter\Debug\Exceptions->errorHandler(2, 'Undefined variable $tgl', 'D:\\TUGAS\\KULIAH\\P2MW\\hehe\\gohitfinal\\app\\Views\\detaileventp.php', 24)
 2 SYSTEMPATH\View\View.php(213): include('D:\\TUGAS\\KULIAH\\P2MW\\hehe\\gohitfinal\\app\\Views\\detaileventp.php')
 3 SYSTEMPATH\View\View.php(216): CodeIgniter\View\View->CodeIgniter\View\{closure}()
 4 SYSTEMPATH\Common.php(1184): CodeIgniter\View\View->render('detaileventp', [], true)
 5 APPPATH\Controllers\DetailEvent.php(458): view('detaileventp', [...])
 6 SYSTEMPATH\CodeIgniter.php(934): App\Controllers\DetailEvent->peserta('css', 'style.css')
 7 SYSTEMPATH\CodeIgniter.php(499): CodeIgniter\CodeIgniter->runController(Object(App\Controllers\DetailEvent))
 8 SYSTEMPATH\CodeIgniter.php(368): CodeIgniter\CodeIgniter->handleRequest(null, Object(Config\Cache), false)
 9 FCPATH\index.php(67): CodeIgniter\CodeIgniter->run()
10 SYSTEMPATH\Commands\Server\rewrite.php(47): require_once('D:\\TUGAS\\KULIAH\\P2MW\\hehe\\gohitfinal\\public\\index.php')
INFO - 2025-05-20 14:43:38 --> Session: Class initialized using 'CodeIgniter\Session\Handlers\FileHandler' driver.
CRITICAL - 2025-05-20 14:43:38 --> Undefined variable $tgl
in APPPATH\Views\detaileventp.php on line 24.
 1 APPPATH\Views\detaileventp.php(24): CodeIgniter\Debug\Exceptions->errorHandler(2, 'Undefined variable $tgl', 'D:\\TUGAS\\KULIAH\\P2MW\\hehe\\gohitfinal\\app\\Views\\detaileventp.php', 24)
 2 SYSTEMPATH\View\View.php(213): include('D:\\TUGAS\\KULIAH\\P2MW\\hehe\\gohitfinal\\app\\Views\\detaileventp.php')
 3 SYSTEMPATH\View\View.php(216): CodeIgniter\View\View->CodeIgniter\View\{closure}()
 4 SYSTEMPATH\Common.php(1184): CodeIgniter\View\View->render('detaileventp', [], true)
 5 APPPATH\Controllers\DetailEvent.php(458): view('detaileventp', [...])
 6 SYSTEMPATH\CodeIgniter.php(934): App\Controllers\DetailEvent->peserta('images', 'bg-01.jpg')
 7 SYSTEMPATH\CodeIgniter.php(499): CodeIgniter\CodeIgniter->runController(Object(App\Controllers\DetailEvent))
 8 SYSTEMPATH\CodeIgniter.php(368): CodeIgniter\CodeIgniter->handleRequest(null, Object(Config\Cache), false)
 9 FCPATH\index.php(67): CodeIgniter\CodeIgniter->run()
10 SYSTEMPATH\Commands\Server\rewrite.php(47): require_once('D:\\TUGAS\\KULIAH\\P2MW\\hehe\\gohitfinal\\public\\index.php')
INFO - 2025-05-20 14:46:08 --> Session: Class initialized using 'CodeIgniter\Session\Handlers\FileHandler' driver.
INFO - 2025-05-20 14:46:09 --> Session: Class initialized using 'CodeIgniter\Session\Handlers\FileHandler' driver.
CRITICAL - 2025-05-20 14:46:09 --> Undefined variable $tgl
in APPPATH\Views\detaileventp.php on line 24.
 1 APPPATH\Views\detaileventp.php(24): CodeIgniter\Debug\Exceptions->errorHandler(2, 'Undefined variable $tgl', 'D:\\TUGAS\\KULIAH\\P2MW\\hehe\\gohitfinal\\app\\Views\\detaileventp.php', 24)
 2 SYSTEMPATH\View\View.php(213): include('D:\\TUGAS\\KULIAH\\P2MW\\hehe\\gohitfinal\\app\\Views\\detaileventp.php')
 3 SYSTEMPATH\View\View.php(216): CodeIgniter\View\View->CodeIgniter\View\{closure}()
 4 SYSTEMPATH\Common.php(1184): CodeIgniter\View\View->render('detaileventp', [], true)
 5 APPPATH\Controllers\DetailEvent.php(458): view('detaileventp', [...])
 6 SYSTEMPATH\CodeIgniter.php(934): App\Controllers\DetailEvent->peserta('css', 'main.css')
 7 SYSTEMPATH\CodeIgniter.php(499): CodeIgniter\CodeIgniter->runController(Object(App\Controllers\DetailEvent))
 8 SYSTEMPATH\CodeIgniter.php(368): CodeIgniter\CodeIgniter->handleRequest(null, Object(Config\Cache), false)
 9 FCPATH\index.php(67): CodeIgniter\CodeIgniter->run()
10 SYSTEMPATH\Commands\Server\rewrite.php(47): require_once('D:\\TUGAS\\KULIAH\\P2MW\\hehe\\gohitfinal\\public\\index.php')
INFO - 2025-05-20 14:46:09 --> Session: Class initialized using 'CodeIgniter\Session\Handlers\FileHandler' driver.
CRITICAL - 2025-05-20 14:46:09 --> Undefined variable $tgl
in APPPATH\Views\detaileventp.php on line 24.
 1 APPPATH\Views\detaileventp.php(24): CodeIgniter\Debug\Exceptions->errorHandler(2, 'Undefined variable $tgl', 'D:\\TUGAS\\KULIAH\\P2MW\\hehe\\gohitfinal\\app\\Views\\detaileventp.php', 24)
 2 SYSTEMPATH\View\View.php(213): include('D:\\TUGAS\\KULIAH\\P2MW\\hehe\\gohitfinal\\app\\Views\\detaileventp.php')
 3 SYSTEMPATH\View\View.php(216): CodeIgniter\View\View->CodeIgniter\View\{closure}()
 4 SYSTEMPATH\Common.php(1184): CodeIgniter\View\View->render('detaileventp', [], true)
 5 APPPATH\Controllers\DetailEvent.php(458): view('detaileventp', [...])
 6 SYSTEMPATH\CodeIgniter.php(934): App\Controllers\DetailEvent->peserta('css', 'style.css')
 7 SYSTEMPATH\CodeIgniter.php(499): CodeIgniter\CodeIgniter->runController(Object(App\Controllers\DetailEvent))
 8 SYSTEMPATH\CodeIgniter.php(368): CodeIgniter\CodeIgniter->handleRequest(null, Object(Config\Cache), false)
 9 FCPATH\index.php(67): CodeIgniter\CodeIgniter->run()
10 SYSTEMPATH\Commands\Server\rewrite.php(47): require_once('D:\\TUGAS\\KULIAH\\P2MW\\hehe\\gohitfinal\\public\\index.php')
INFO - 2025-05-20 14:46:09 --> Session: Class initialized using 'CodeIgniter\Session\Handlers\FileHandler' driver.
CRITICAL - 2025-05-20 14:46:09 --> Undefined variable $tgl
in APPPATH\Views\detaileventp.php on line 24.
 1 APPPATH\Views\detaileventp.php(24): CodeIgniter\Debug\Exceptions->errorHandler(2, 'Undefined variable $tgl', 'D:\\TUGAS\\KULIAH\\P2MW\\hehe\\gohitfinal\\app\\Views\\detaileventp.php', 24)
 2 SYSTEMPATH\View\View.php(213): include('D:\\TUGAS\\KULIAH\\P2MW\\hehe\\gohitfinal\\app\\Views\\detaileventp.php')
 3 SYSTEMPATH\View\View.php(216): CodeIgniter\View\View->CodeIgniter\View\{closure}()
 4 SYSTEMPATH\Common.php(1184): CodeIgniter\View\View->render('detaileventp', [], true)
 5 APPPATH\Controllers\DetailEvent.php(458): view('detaileventp', [...])
 6 SYSTEMPATH\CodeIgniter.php(934): App\Controllers\DetailEvent->peserta('images', 'bg-01.jpg')
 7 SYSTEMPATH\CodeIgniter.php(499): CodeIgniter\CodeIgniter->runController(Object(App\Controllers\DetailEvent))
 8 SYSTEMPATH\CodeIgniter.php(368): CodeIgniter\CodeIgniter->handleRequest(null, Object(Config\Cache), false)
 9 FCPATH\index.php(67): CodeIgniter\CodeIgniter->run()
10 SYSTEMPATH\Commands\Server\rewrite.php(47): require_once('D:\\TUGAS\\KULIAH\\P2MW\\hehe\\gohitfinal\\public\\index.php')
INFO - 2025-05-20 14:46:12 --> Session: Class initialized using 'CodeIgniter\Session\Handlers\FileHandler' driver.
INFO - 2025-05-20 14:46:12 --> Session: Class initialized using 'CodeIgniter\Session\Handlers\FileHandler' driver.
INFO - 2025-05-20 14:46:12 --> Session: Class initialized using 'CodeIgniter\Session\Handlers\FileHandler' driver.
CRITICAL - 2025-05-20 14:46:12 --> Undefined variable $tgl
in APPPATH\Views\detaileventp.php on line 24.
 1 APPPATH\Views\detaileventp.php(24): CodeIgniter\Debug\Exceptions->errorHandler(2, 'Undefined variable $tgl', 'D:\\TUGAS\\KULIAH\\P2MW\\hehe\\gohitfinal\\app\\Views\\detaileventp.php', 24)
 2 SYSTEMPATH\View\View.php(213): include('D:\\TUGAS\\KULIAH\\P2MW\\hehe\\gohitfinal\\app\\Views\\detaileventp.php')
 3 SYSTEMPATH\View\View.php(216): CodeIgniter\View\View->CodeIgniter\View\{closure}()
 4 SYSTEMPATH\Common.php(1184): CodeIgniter\View\View->render('detaileventp', [], true)
 5 APPPATH\Controllers\DetailEvent.php(458): view('detaileventp', [...])
 6 SYSTEMPATH\CodeIgniter.php(934): App\Controllers\DetailEvent->peserta('css', 'main.css')
 7 SYSTEMPATH\CodeIgniter.php(499): CodeIgniter\CodeIgniter->runController(Object(App\Controllers\DetailEvent))
 8 SYSTEMPATH\CodeIgniter.php(368): CodeIgniter\CodeIgniter->handleRequest(null, Object(Config\Cache), false)
 9 FCPATH\index.php(67): CodeIgniter\CodeIgniter->run()
10 SYSTEMPATH\Commands\Server\rewrite.php(47): require_once('D:\\TUGAS\\KULIAH\\P2MW\\hehe\\gohitfinal\\public\\index.php')
INFO - 2025-05-20 14:46:12 --> Session: Class initialized using 'CodeIgniter\Session\Handlers\FileHandler' driver.
CRITICAL - 2025-05-20 14:46:12 --> Undefined variable $tgl
in APPPATH\Views\detaileventp.php on line 24.
 1 APPPATH\Views\detaileventp.php(24): CodeIgniter\Debug\Exceptions->errorHandler(2, 'Undefined variable $tgl', 'D:\\TUGAS\\KULIAH\\P2MW\\hehe\\gohitfinal\\app\\Views\\detaileventp.php', 24)
 2 SYSTEMPATH\View\View.php(213): include('D:\\TUGAS\\KULIAH\\P2MW\\hehe\\gohitfinal\\app\\Views\\detaileventp.php')
 3 SYSTEMPATH\View\View.php(216): CodeIgniter\View\View->CodeIgniter\View\{closure}()
 4 SYSTEMPATH\Common.php(1184): CodeIgniter\View\View->render('detaileventp', [], true)
 5 APPPATH\Controllers\DetailEvent.php(458): view('detaileventp', [...])
 6 SYSTEMPATH\CodeIgniter.php(934): App\Controllers\DetailEvent->peserta('css', 'style.css')
 7 SYSTEMPATH\CodeIgniter.php(499): CodeIgniter\CodeIgniter->runController(Object(App\Controllers\DetailEvent))
 8 SYSTEMPATH\CodeIgniter.php(368): CodeIgniter\CodeIgniter->handleRequest(null, Object(Config\Cache), false)
 9 FCPATH\index.php(67): CodeIgniter\CodeIgniter->run()
10 SYSTEMPATH\Commands\Server\rewrite.php(47): require_once('D:\\TUGAS\\KULIAH\\P2MW\\hehe\\gohitfinal\\public\\index.php')
INFO - 2025-05-20 14:46:12 --> Session: Class initialized using 'CodeIgniter\Session\Handlers\FileHandler' driver.
CRITICAL - 2025-05-20 14:46:12 --> Undefined variable $tgl
in APPPATH\Views\detaileventp.php on line 24.
 1 APPPATH\Views\detaileventp.php(24): CodeIgniter\Debug\Exceptions->errorHandler(2, 'Undefined variable $tgl', 'D:\\TUGAS\\KULIAH\\P2MW\\hehe\\gohitfinal\\app\\Views\\detaileventp.php', 24)
 2 SYSTEMPATH\View\View.php(213): include('D:\\TUGAS\\KULIAH\\P2MW\\hehe\\gohitfinal\\app\\Views\\detaileventp.php')
 3 SYSTEMPATH\View\View.php(216): CodeIgniter\View\View->CodeIgniter\View\{closure}()
 4 SYSTEMPATH\Common.php(1184): CodeIgniter\View\View->render('detaileventp', [], true)
 5 APPPATH\Controllers\DetailEvent.php(458): view('detaileventp', [...])
 6 SYSTEMPATH\CodeIgniter.php(934): App\Controllers\DetailEvent->peserta('images', 'bg-01.jpg')
 7 SYSTEMPATH\CodeIgniter.php(499): CodeIgniter\CodeIgniter->runController(Object(App\Controllers\DetailEvent))
 8 SYSTEMPATH\CodeIgniter.php(368): CodeIgniter\CodeIgniter->handleRequest(null, Object(Config\Cache), false)
 9 FCPATH\index.php(67): CodeIgniter\CodeIgniter->run()
10 SYSTEMPATH\Commands\Server\rewrite.php(47): require_once('D:\\TUGAS\\KULIAH\\P2MW\\hehe\\gohitfinal\\public\\index.php')
INFO - 2025-05-20 14:46:15 --> Session: Class initialized using 'CodeIgniter\Session\Handlers\FileHandler' driver.
INFO - 2025-05-20 14:46:15 --> Session: Class initialized using 'CodeIgniter\Session\Handlers\FileHandler' driver.
INFO - 2025-05-20 14:46:15 --> Session: Class initialized using 'CodeIgniter\Session\Handlers\FileHandler' driver.
CRITICAL - 2025-05-20 14:46:15 --> Undefined variable $tgl
in APPPATH\Views\detaileventp.php on line 24.
 1 APPPATH\Views\detaileventp.php(24): CodeIgniter\Debug\Exceptions->errorHandler(2, 'Undefined variable $tgl', 'D:\\TUGAS\\KULIAH\\P2MW\\hehe\\gohitfinal\\app\\Views\\detaileventp.php', 24)
 2 SYSTEMPATH\View\View.php(213): include('D:\\TUGAS\\KULIAH\\P2MW\\hehe\\gohitfinal\\app\\Views\\detaileventp.php')
 3 SYSTEMPATH\View\View.php(216): CodeIgniter\View\View->CodeIgniter\View\{closure}()
 4 SYSTEMPATH\Common.php(1184): CodeIgniter\View\View->render('detaileventp', [], true)
 5 APPPATH\Controllers\DetailEvent.php(458): view('detaileventp', [...])
 6 SYSTEMPATH\CodeIgniter.php(934): App\Controllers\DetailEvent->peserta('css', 'main.css')
 7 SYSTEMPATH\CodeIgniter.php(499): CodeIgniter\CodeIgniter->runController(Object(App\Controllers\DetailEvent))
 8 SYSTEMPATH\CodeIgniter.php(368): CodeIgniter\CodeIgniter->handleRequest(null, Object(Config\Cache), false)
 9 FCPATH\index.php(67): CodeIgniter\CodeIgniter->run()
10 SYSTEMPATH\Commands\Server\rewrite.php(47): require_once('D:\\TUGAS\\KULIAH\\P2MW\\hehe\\gohitfinal\\public\\index.php')
INFO - 2025-05-20 14:46:16 --> Session: Class initialized using 'CodeIgniter\Session\Handlers\FileHandler' driver.
CRITICAL - 2025-05-20 14:46:16 --> Undefined variable $tgl
in APPPATH\Views\detaileventp.php on line 24.
 1 APPPATH\Views\detaileventp.php(24): CodeIgniter\Debug\Exceptions->errorHandler(2, 'Undefined variable $tgl', 'D:\\TUGAS\\KULIAH\\P2MW\\hehe\\gohitfinal\\app\\Views\\detaileventp.php', 24)
 2 SYSTEMPATH\View\View.php(213): include('D:\\TUGAS\\KULIAH\\P2MW\\hehe\\gohitfinal\\app\\Views\\detaileventp.php')
 3 SYSTEMPATH\View\View.php(216): CodeIgniter\View\View->CodeIgniter\View\{closure}()
 4 SYSTEMPATH\Common.php(1184): CodeIgniter\View\View->render('detaileventp', [], true)
 5 APPPATH\Controllers\DetailEvent.php(458): view('detaileventp', [...])
 6 SYSTEMPATH\CodeIgniter.php(934): App\Controllers\DetailEvent->peserta('css', 'style.css')
 7 SYSTEMPATH\CodeIgniter.php(499): CodeIgniter\CodeIgniter->runController(Object(App\Controllers\DetailEvent))
 8 SYSTEMPATH\CodeIgniter.php(368): CodeIgniter\CodeIgniter->handleRequest(null, Object(Config\Cache), false)
 9 FCPATH\index.php(67): CodeIgniter\CodeIgniter->run()
10 SYSTEMPATH\Commands\Server\rewrite.php(47): require_once('D:\\TUGAS\\KULIAH\\P2MW\\hehe\\gohitfinal\\public\\index.php')
INFO - 2025-05-20 14:46:16 --> Session: Class initialized using 'CodeIgniter\Session\Handlers\FileHandler' driver.
CRITICAL - 2025-05-20 14:46:16 --> Undefined variable $tgl
in APPPATH\Views\detaileventp.php on line 24.
 1 APPPATH\Views\detaileventp.php(24): CodeIgniter\Debug\Exceptions->errorHandler(2, 'Undefined variable $tgl', 'D:\\TUGAS\\KULIAH\\P2MW\\hehe\\gohitfinal\\app\\Views\\detaileventp.php', 24)
 2 SYSTEMPATH\View\View.php(213): include('D:\\TUGAS\\KULIAH\\P2MW\\hehe\\gohitfinal\\app\\Views\\detaileventp.php')
 3 SYSTEMPATH\View\View.php(216): CodeIgniter\View\View->CodeIgniter\View\{closure}()
 4 SYSTEMPATH\Common.php(1184): CodeIgniter\View\View->render('detaileventp', [], true)
 5 APPPATH\Controllers\DetailEvent.php(458): view('detaileventp', [...])
 6 SYSTEMPATH\CodeIgniter.php(934): App\Controllers\DetailEvent->peserta('images', 'bg-01.jpg')
 7 SYSTEMPATH\CodeIgniter.php(499): CodeIgniter\CodeIgniter->runController(Object(App\Controllers\DetailEvent))
 8 SYSTEMPATH\CodeIgniter.php(368): CodeIgniter\CodeIgniter->handleRequest(null, Object(Config\Cache), false)
 9 FCPATH\index.php(67): CodeIgniter\CodeIgniter->run()
10 SYSTEMPATH\Commands\Server\rewrite.php(47): require_once('D:\\TUGAS\\KULIAH\\P2MW\\hehe\\gohitfinal\\public\\index.php')
INFO - 2025-05-20 14:46:19 --> Session: Class initialized using 'CodeIgniter\Session\Handlers\FileHandler' driver.
INFO - 2025-05-20 14:46:19 --> Session: Class initialized using 'CodeIgniter\Session\Handlers\FileHandler' driver.
INFO - 2025-05-20 14:46:20 --> Session: Class initialized using 'CodeIgniter\Session\Handlers\FileHandler' driver.
CRITICAL - 2025-05-20 14:46:20 --> Undefined variable $tgl
in APPPATH\Views\detaileventp.php on line 24.
 1 APPPATH\Views\detaileventp.php(24): CodeIgniter\Debug\Exceptions->errorHandler(2, 'Undefined variable $tgl', 'D:\\TUGAS\\KULIAH\\P2MW\\hehe\\gohitfinal\\app\\Views\\detaileventp.php', 24)
 2 SYSTEMPATH\View\View.php(213): include('D:\\TUGAS\\KULIAH\\P2MW\\hehe\\gohitfinal\\app\\Views\\detaileventp.php')
 3 SYSTEMPATH\View\View.php(216): CodeIgniter\View\View->CodeIgniter\View\{closure}()
 4 SYSTEMPATH\Common.php(1184): CodeIgniter\View\View->render('detaileventp', [], true)
 5 APPPATH\Controllers\DetailEvent.php(458): view('detaileventp', [...])
 6 SYSTEMPATH\CodeIgniter.php(934): App\Controllers\DetailEvent->peserta('css', 'main.css')
 7 SYSTEMPATH\CodeIgniter.php(499): CodeIgniter\CodeIgniter->runController(Object(App\Controllers\DetailEvent))
 8 SYSTEMPATH\CodeIgniter.php(368): CodeIgniter\CodeIgniter->handleRequest(null, Object(Config\Cache), false)
 9 FCPATH\index.php(67): CodeIgniter\CodeIgniter->run()
10 SYSTEMPATH\Commands\Server\rewrite.php(47): require_once('D:\\TUGAS\\KULIAH\\P2MW\\hehe\\gohitfinal\\public\\index.php')
INFO - 2025-05-20 14:46:20 --> Session: Class initialized using 'CodeIgniter\Session\Handlers\FileHandler' driver.
CRITICAL - 2025-05-20 14:46:20 --> Undefined variable $tgl
in APPPATH\Views\detaileventp.php on line 24.
 1 APPPATH\Views\detaileventp.php(24): CodeIgniter\Debug\Exceptions->errorHandler(2, 'Undefined variable $tgl', 'D:\\TUGAS\\KULIAH\\P2MW\\hehe\\gohitfinal\\app\\Views\\detaileventp.php', 24)
 2 SYSTEMPATH\View\View.php(213): include('D:\\TUGAS\\KULIAH\\P2MW\\hehe\\gohitfinal\\app\\Views\\detaileventp.php')
 3 SYSTEMPATH\View\View.php(216): CodeIgniter\View\View->CodeIgniter\View\{closure}()
 4 SYSTEMPATH\Common.php(1184): CodeIgniter\View\View->render('detaileventp', [], true)
 5 APPPATH\Controllers\DetailEvent.php(458): view('detaileventp', [...])
 6 SYSTEMPATH\CodeIgniter.php(934): App\Controllers\DetailEvent->peserta('css', 'style.css')
 7 SYSTEMPATH\CodeIgniter.php(499): CodeIgniter\CodeIgniter->runController(Object(App\Controllers\DetailEvent))
 8 SYSTEMPATH\CodeIgniter.php(368): CodeIgniter\CodeIgniter->handleRequest(null, Object(Config\Cache), false)
 9 FCPATH\index.php(67): CodeIgniter\CodeIgniter->run()
10 SYSTEMPATH\Commands\Server\rewrite.php(47): require_once('D:\\TUGAS\\KULIAH\\P2MW\\hehe\\gohitfinal\\public\\index.php')
INFO - 2025-05-20 14:46:20 --> Session: Class initialized using 'CodeIgniter\Session\Handlers\FileHandler' driver.
CRITICAL - 2025-05-20 14:46:20 --> Undefined variable $tgl
in APPPATH\Views\detaileventp.php on line 24.
 1 APPPATH\Views\detaileventp.php(24): CodeIgniter\Debug\Exceptions->errorHandler(2, 'Undefined variable $tgl', 'D:\\TUGAS\\KULIAH\\P2MW\\hehe\\gohitfinal\\app\\Views\\detaileventp.php', 24)
 2 SYSTEMPATH\View\View.php(213): include('D:\\TUGAS\\KULIAH\\P2MW\\hehe\\gohitfinal\\app\\Views\\detaileventp.php')
 3 SYSTEMPATH\View\View.php(216): CodeIgniter\View\View->CodeIgniter\View\{closure}()
 4 SYSTEMPATH\Common.php(1184): CodeIgniter\View\View->render('detaileventp', [], true)
 5 APPPATH\Controllers\DetailEvent.php(458): view('detaileventp', [...])
 6 SYSTEMPATH\CodeIgniter.php(934): App\Controllers\DetailEvent->peserta('images', 'bg-01.jpg')
 7 SYSTEMPATH\CodeIgniter.php(499): CodeIgniter\CodeIgniter->runController(Object(App\Controllers\DetailEvent))
 8 SYSTEMPATH\CodeIgniter.php(368): CodeIgniter\CodeIgniter->handleRequest(null, Object(Config\Cache), false)
 9 FCPATH\index.php(67): CodeIgniter\CodeIgniter->run()
10 SYSTEMPATH\Commands\Server\rewrite.php(47): require_once('D:\\TUGAS\\KULIAH\\P2MW\\hehe\\gohitfinal\\public\\index.php')
INFO - 2025-05-20 14:46:23 --> Session: Class initialized using 'CodeIgniter\Session\Handlers\FileHandler' driver.
INFO - 2025-05-20 14:46:23 --> Session: Class initialized using 'CodeIgniter\Session\Handlers\FileHandler' driver.
INFO - 2025-05-20 14:46:24 --> Session: Class initialized using 'CodeIgniter\Session\Handlers\FileHandler' driver.
CRITICAL - 2025-05-20 14:46:24 --> Undefined variable $tgl
in APPPATH\Views\detaileventp.php on line 24.
 1 APPPATH\Views\detaileventp.php(24): CodeIgniter\Debug\Exceptions->errorHandler(2, 'Undefined variable $tgl', 'D:\\TUGAS\\KULIAH\\P2MW\\hehe\\gohitfinal\\app\\Views\\detaileventp.php', 24)
 2 SYSTEMPATH\View\View.php(213): include('D:\\TUGAS\\KULIAH\\P2MW\\hehe\\gohitfinal\\app\\Views\\detaileventp.php')
 3 SYSTEMPATH\View\View.php(216): CodeIgniter\View\View->CodeIgniter\View\{closure}()
 4 SYSTEMPATH\Common.php(1184): CodeIgniter\View\View->render('detaileventp', [], true)
 5 APPPATH\Controllers\DetailEvent.php(458): view('detaileventp', [...])
 6 SYSTEMPATH\CodeIgniter.php(934): App\Controllers\DetailEvent->peserta('css', 'main.css')
 7 SYSTEMPATH\CodeIgniter.php(499): CodeIgniter\CodeIgniter->runController(Object(App\Controllers\DetailEvent))
 8 SYSTEMPATH\CodeIgniter.php(368): CodeIgniter\CodeIgniter->handleRequest(null, Object(Config\Cache), false)
 9 FCPATH\index.php(67): CodeIgniter\CodeIgniter->run()
10 SYSTEMPATH\Commands\Server\rewrite.php(47): require_once('D:\\TUGAS\\KULIAH\\P2MW\\hehe\\gohitfinal\\public\\index.php')
INFO - 2025-05-20 14:46:24 --> Session: Class initialized using 'CodeIgniter\Session\Handlers\FileHandler' driver.
CRITICAL - 2025-05-20 14:46:24 --> Undefined variable $tgl
in APPPATH\Views\detaileventp.php on line 24.
 1 APPPATH\Views\detaileventp.php(24): CodeIgniter\Debug\Exceptions->errorHandler(2, 'Undefined variable $tgl', 'D:\\TUGAS\\KULIAH\\P2MW\\hehe\\gohitfinal\\app\\Views\\detaileventp.php', 24)
 2 SYSTEMPATH\View\View.php(213): include('D:\\TUGAS\\KULIAH\\P2MW\\hehe\\gohitfinal\\app\\Views\\detaileventp.php')
 3 SYSTEMPATH\View\View.php(216): CodeIgniter\View\View->CodeIgniter\View\{closure}()
 4 SYSTEMPATH\Common.php(1184): CodeIgniter\View\View->render('detaileventp', [], true)
 5 APPPATH\Controllers\DetailEvent.php(458): view('detaileventp', [...])
 6 SYSTEMPATH\CodeIgniter.php(934): App\Controllers\DetailEvent->peserta('css', 'style.css')
 7 SYSTEMPATH\CodeIgniter.php(499): CodeIgniter\CodeIgniter->runController(Object(App\Controllers\DetailEvent))
 8 SYSTEMPATH\CodeIgniter.php(368): CodeIgniter\CodeIgniter->handleRequest(null, Object(Config\Cache), false)
 9 FCPATH\index.php(67): CodeIgniter\CodeIgniter->run()
10 SYSTEMPATH\Commands\Server\rewrite.php(47): require_once('D:\\TUGAS\\KULIAH\\P2MW\\hehe\\gohitfinal\\public\\index.php')
INFO - 2025-05-20 14:46:24 --> Session: Class initialized using 'CodeIgniter\Session\Handlers\FileHandler' driver.
CRITICAL - 2025-05-20 14:46:24 --> Undefined variable $tgl
in APPPATH\Views\detaileventp.php on line 24.
 1 APPPATH\Views\detaileventp.php(24): CodeIgniter\Debug\Exceptions->errorHandler(2, 'Undefined variable $tgl', 'D:\\TUGAS\\KULIAH\\P2MW\\hehe\\gohitfinal\\app\\Views\\detaileventp.php', 24)
 2 SYSTEMPATH\View\View.php(213): include('D:\\TUGAS\\KULIAH\\P2MW\\hehe\\gohitfinal\\app\\Views\\detaileventp.php')
 3 SYSTEMPATH\View\View.php(216): CodeIgniter\View\View->CodeIgniter\View\{closure}()
 4 SYSTEMPATH\Common.php(1184): CodeIgniter\View\View->render('detaileventp', [], true)
 5 APPPATH\Controllers\DetailEvent.php(458): view('detaileventp', [...])
 6 SYSTEMPATH\CodeIgniter.php(934): App\Controllers\DetailEvent->peserta('images', 'bg-01.jpg')
 7 SYSTEMPATH\CodeIgniter.php(499): CodeIgniter\CodeIgniter->runController(Object(App\Controllers\DetailEvent))
 8 SYSTEMPATH\CodeIgniter.php(368): CodeIgniter\CodeIgniter->handleRequest(null, Object(Config\Cache), false)
 9 FCPATH\index.php(67): CodeIgniter\CodeIgniter->run()
10 SYSTEMPATH\Commands\Server\rewrite.php(47): require_once('D:\\TUGAS\\KULIAH\\P2MW\\hehe\\gohitfinal\\public\\index.php')
INFO - 2025-05-20 14:46:29 --> Session: Class initialized using 'CodeIgniter\Session\Handlers\FileHandler' driver.
INFO - 2025-05-20 14:46:29 --> Session: Class initialized using 'CodeIgniter\Session\Handlers\FileHandler' driver.
INFO - 2025-05-20 14:46:29 --> Session: Class initialized using 'CodeIgniter\Session\Handlers\FileHandler' driver.
CRITICAL - 2025-05-20 14:46:29 --> Undefined variable $tgl
in APPPATH\Views\detaileventp.php on line 24.
 1 APPPATH\Views\detaileventp.php(24): CodeIgniter\Debug\Exceptions->errorHandler(2, 'Undefined variable $tgl', 'D:\\TUGAS\\KULIAH\\P2MW\\hehe\\gohitfinal\\app\\Views\\detaileventp.php', 24)
 2 SYSTEMPATH\View\View.php(213): include('D:\\TUGAS\\KULIAH\\P2MW\\hehe\\gohitfinal\\app\\Views\\detaileventp.php')
 3 SYSTEMPATH\View\View.php(216): CodeIgniter\View\View->CodeIgniter\View\{closure}()
 4 SYSTEMPATH\Common.php(1184): CodeIgniter\View\View->render('detaileventp', [], true)
 5 APPPATH\Controllers\DetailEvent.php(458): view('detaileventp', [...])
 6 SYSTEMPATH\CodeIgniter.php(934): App\Controllers\DetailEvent->peserta('css', 'main.css')
 7 SYSTEMPATH\CodeIgniter.php(499): CodeIgniter\CodeIgniter->runController(Object(App\Controllers\DetailEvent))
 8 SYSTEMPATH\CodeIgniter.php(368): CodeIgniter\CodeIgniter->handleRequest(null, Object(Config\Cache), false)
 9 FCPATH\index.php(67): CodeIgniter\CodeIgniter->run()
10 SYSTEMPATH\Commands\Server\rewrite.php(47): require_once('D:\\TUGAS\\KULIAH\\P2MW\\hehe\\gohitfinal\\public\\index.php')
INFO - 2025-05-20 14:46:29 --> Session: Class initialized using 'CodeIgniter\Session\Handlers\FileHandler' driver.
CRITICAL - 2025-05-20 14:46:29 --> Undefined variable $tgl
in APPPATH\Views\detaileventp.php on line 24.
 1 APPPATH\Views\detaileventp.php(24): CodeIgniter\Debug\Exceptions->errorHandler(2, 'Undefined variable $tgl', 'D:\\TUGAS\\KULIAH\\P2MW\\hehe\\gohitfinal\\app\\Views\\detaileventp.php', 24)
 2 SYSTEMPATH\View\View.php(213): include('D:\\TUGAS\\KULIAH\\P2MW\\hehe\\gohitfinal\\app\\Views\\detaileventp.php')
 3 SYSTEMPATH\View\View.php(216): CodeIgniter\View\View->CodeIgniter\View\{closure}()
 4 SYSTEMPATH\Common.php(1184): CodeIgniter\View\View->render('detaileventp', [], true)
 5 APPPATH\Controllers\DetailEvent.php(458): view('detaileventp', [...])
 6 SYSTEMPATH\CodeIgniter.php(934): App\Controllers\DetailEvent->peserta('css', 'style.css')
 7 SYSTEMPATH\CodeIgniter.php(499): CodeIgniter\CodeIgniter->runController(Object(App\Controllers\DetailEvent))
 8 SYSTEMPATH\CodeIgniter.php(368): CodeIgniter\CodeIgniter->handleRequest(null, Object(Config\Cache), false)
 9 FCPATH\index.php(67): CodeIgniter\CodeIgniter->run()
10 SYSTEMPATH\Commands\Server\rewrite.php(47): require_once('D:\\TUGAS\\KULIAH\\P2MW\\hehe\\gohitfinal\\public\\index.php')
INFO - 2025-05-20 14:46:29 --> Session: Class initialized using 'CodeIgniter\Session\Handlers\FileHandler' driver.
CRITICAL - 2025-05-20 14:46:29 --> Undefined variable $tgl
in APPPATH\Views\detaileventp.php on line 24.
 1 APPPATH\Views\detaileventp.php(24): CodeIgniter\Debug\Exceptions->errorHandler(2, 'Undefined variable $tgl', 'D:\\TUGAS\\KULIAH\\P2MW\\hehe\\gohitfinal\\app\\Views\\detaileventp.php', 24)
 2 SYSTEMPATH\View\View.php(213): include('D:\\TUGAS\\KULIAH\\P2MW\\hehe\\gohitfinal\\app\\Views\\detaileventp.php')
 3 SYSTEMPATH\View\View.php(216): CodeIgniter\View\View->CodeIgniter\View\{closure}()
 4 SYSTEMPATH\Common.php(1184): CodeIgniter\View\View->render('detaileventp', [], true)
 5 APPPATH\Controllers\DetailEvent.php(458): view('detaileventp', [...])
 6 SYSTEMPATH\CodeIgniter.php(934): App\Controllers\DetailEvent->peserta('images', 'bg-01.jpg')
 7 SYSTEMPATH\CodeIgniter.php(499): CodeIgniter\CodeIgniter->runController(Object(App\Controllers\DetailEvent))
 8 SYSTEMPATH\CodeIgniter.php(368): CodeIgniter\CodeIgniter->handleRequest(null, Object(Config\Cache), false)
 9 FCPATH\index.php(67): CodeIgniter\CodeIgniter->run()
10 SYSTEMPATH\Commands\Server\rewrite.php(47): require_once('D:\\TUGAS\\KULIAH\\P2MW\\hehe\\gohitfinal\\public\\index.php')
INFO - 2025-05-20 14:46:42 --> Session: Class initialized using 'CodeIgniter\Session\Handlers\FileHandler' driver.
INFO - 2025-05-20 14:46:43 --> Session: Class initialized using 'CodeIgniter\Session\Handlers\FileHandler' driver.
INFO - 2025-05-20 14:46:43 --> Session: Class initialized using 'CodeIgniter\Session\Handlers\FileHandler' driver.
CRITICAL - 2025-05-20 14:46:43 --> Undefined variable $tgl
in APPPATH\Views\detaileventp.php on line 24.
 1 APPPATH\Views\detaileventp.php(24): CodeIgniter\Debug\Exceptions->errorHandler(2, 'Undefined variable $tgl', 'D:\\TUGAS\\KULIAH\\P2MW\\hehe\\gohitfinal\\app\\Views\\detaileventp.php', 24)
 2 SYSTEMPATH\View\View.php(213): include('D:\\TUGAS\\KULIAH\\P2MW\\hehe\\gohitfinal\\app\\Views\\detaileventp.php')
 3 SYSTEMPATH\View\View.php(216): CodeIgniter\View\View->CodeIgniter\View\{closure}()
 4 SYSTEMPATH\Common.php(1184): CodeIgniter\View\View->render('detaileventp', [], true)
 5 APPPATH\Controllers\DetailEvent.php(458): view('detaileventp', [...])
 6 SYSTEMPATH\CodeIgniter.php(934): App\Controllers\DetailEvent->peserta('css', 'main.css')
 7 SYSTEMPATH\CodeIgniter.php(499): CodeIgniter\CodeIgniter->runController(Object(App\Controllers\DetailEvent))
 8 SYSTEMPATH\CodeIgniter.php(368): CodeIgniter\CodeIgniter->handleRequest(null, Object(Config\Cache), false)
 9 FCPATH\index.php(67): CodeIgniter\CodeIgniter->run()
10 SYSTEMPATH\Commands\Server\rewrite.php(47): require_once('D:\\TUGAS\\KULIAH\\P2MW\\hehe\\gohitfinal\\public\\index.php')
INFO - 2025-05-20 14:46:43 --> Session: Class initialized using 'CodeIgniter\Session\Handlers\FileHandler' driver.
CRITICAL - 2025-05-20 14:46:43 --> Undefined variable $tgl
in APPPATH\Views\detaileventp.php on line 24.
 1 APPPATH\Views\detaileventp.php(24): CodeIgniter\Debug\Exceptions->errorHandler(2, 'Undefined variable $tgl', 'D:\\TUGAS\\KULIAH\\P2MW\\hehe\\gohitfinal\\app\\Views\\detaileventp.php', 24)
 2 SYSTEMPATH\View\View.php(213): include('D:\\TUGAS\\KULIAH\\P2MW\\hehe\\gohitfinal\\app\\Views\\detaileventp.php')
 3 SYSTEMPATH\View\View.php(216): CodeIgniter\View\View->CodeIgniter\View\{closure}()
 4 SYSTEMPATH\Common.php(1184): CodeIgniter\View\View->render('detaileventp', [], true)
 5 APPPATH\Controllers\DetailEvent.php(458): view('detaileventp', [...])
 6 SYSTEMPATH\CodeIgniter.php(934): App\Controllers\DetailEvent->peserta('css', 'style.css')
 7 SYSTEMPATH\CodeIgniter.php(499): CodeIgniter\CodeIgniter->runController(Object(App\Controllers\DetailEvent))
 8 SYSTEMPATH\CodeIgniter.php(368): CodeIgniter\CodeIgniter->handleRequest(null, Object(Config\Cache), false)
 9 FCPATH\index.php(67): CodeIgniter\CodeIgniter->run()
10 SYSTEMPATH\Commands\Server\rewrite.php(47): require_once('D:\\TUGAS\\KULIAH\\P2MW\\hehe\\gohitfinal\\public\\index.php')
INFO - 2025-05-20 14:46:43 --> Session: Class initialized using 'CodeIgniter\Session\Handlers\FileHandler' driver.
CRITICAL - 2025-05-20 14:46:43 --> Undefined variable $tgl
in APPPATH\Views\detaileventp.php on line 24.
 1 APPPATH\Views\detaileventp.php(24): CodeIgniter\Debug\Exceptions->errorHandler(2, 'Undefined variable $tgl', 'D:\\TUGAS\\KULIAH\\P2MW\\hehe\\gohitfinal\\app\\Views\\detaileventp.php', 24)
 2 SYSTEMPATH\View\View.php(213): include('D:\\TUGAS\\KULIAH\\P2MW\\hehe\\gohitfinal\\app\\Views\\detaileventp.php')
 3 SYSTEMPATH\View\View.php(216): CodeIgniter\View\View->CodeIgniter\View\{closure}()
 4 SYSTEMPATH\Common.php(1184): CodeIgniter\View\View->render('detaileventp', [], true)
 5 APPPATH\Controllers\DetailEvent.php(458): view('detaileventp', [...])
 6 SYSTEMPATH\CodeIgniter.php(934): App\Controllers\DetailEvent->peserta('images', 'bg-01.jpg')
 7 SYSTEMPATH\CodeIgniter.php(499): CodeIgniter\CodeIgniter->runController(Object(App\Controllers\DetailEvent))
 8 SYSTEMPATH\CodeIgniter.php(368): CodeIgniter\CodeIgniter->handleRequest(null, Object(Config\Cache), false)
 9 FCPATH\index.php(67): CodeIgniter\CodeIgniter->run()
10 SYSTEMPATH\Commands\Server\rewrite.php(47): require_once('D:\\TUGAS\\KULIAH\\P2MW\\hehe\\gohitfinal\\public\\index.php')
INFO - 2025-05-20 14:46:58 --> Session: Class initialized using 'CodeIgniter\Session\Handlers\FileHandler' driver.
INFO - 2025-05-20 14:46:58 --> Session: Class initialized using 'CodeIgniter\Session\Handlers\FileHandler' driver.
INFO - 2025-05-20 14:46:59 --> Session: Class initialized using 'CodeIgniter\Session\Handlers\FileHandler' driver.
CRITICAL - 2025-05-20 14:46:59 --> Undefined variable $tgl
in APPPATH\Views\detaileventp.php on line 24.
 1 APPPATH\Views\detaileventp.php(24): CodeIgniter\Debug\Exceptions->errorHandler(2, 'Undefined variable $tgl', 'D:\\TUGAS\\KULIAH\\P2MW\\hehe\\gohitfinal\\app\\Views\\detaileventp.php', 24)
 2 SYSTEMPATH\View\View.php(213): include('D:\\TUGAS\\KULIAH\\P2MW\\hehe\\gohitfinal\\app\\Views\\detaileventp.php')
 3 SYSTEMPATH\View\View.php(216): CodeIgniter\View\View->CodeIgniter\View\{closure}()
 4 SYSTEMPATH\Common.php(1184): CodeIgniter\View\View->render('detaileventp', [], true)
 5 APPPATH\Controllers\DetailEvent.php(458): view('detaileventp', [...])
 6 SYSTEMPATH\CodeIgniter.php(934): App\Controllers\DetailEvent->peserta('css', 'main.css')
 7 SYSTEMPATH\CodeIgniter.php(499): CodeIgniter\CodeIgniter->runController(Object(App\Controllers\DetailEvent))
 8 SYSTEMPATH\CodeIgniter.php(368): CodeIgniter\CodeIgniter->handleRequest(null, Object(Config\Cache), false)
 9 FCPATH\index.php(67): CodeIgniter\CodeIgniter->run()
10 SYSTEMPATH\Commands\Server\rewrite.php(47): require_once('D:\\TUGAS\\KULIAH\\P2MW\\hehe\\gohitfinal\\public\\index.php')
INFO - 2025-05-20 14:46:59 --> Session: Class initialized using 'CodeIgniter\Session\Handlers\FileHandler' driver.
CRITICAL - 2025-05-20 14:46:59 --> Undefined variable $tgl
in APPPATH\Views\detaileventp.php on line 24.
 1 APPPATH\Views\detaileventp.php(24): CodeIgniter\Debug\Exceptions->errorHandler(2, 'Undefined variable $tgl', 'D:\\TUGAS\\KULIAH\\P2MW\\hehe\\gohitfinal\\app\\Views\\detaileventp.php', 24)
 2 SYSTEMPATH\View\View.php(213): include('D:\\TUGAS\\KULIAH\\P2MW\\hehe\\gohitfinal\\app\\Views\\detaileventp.php')
 3 SYSTEMPATH\View\View.php(216): CodeIgniter\View\View->CodeIgniter\View\{closure}()
 4 SYSTEMPATH\Common.php(1184): CodeIgniter\View\View->render('detaileventp', [], true)
 5 APPPATH\Controllers\DetailEvent.php(458): view('detaileventp', [...])
 6 SYSTEMPATH\CodeIgniter.php(934): App\Controllers\DetailEvent->peserta('css', 'style.css')
 7 SYSTEMPATH\CodeIgniter.php(499): CodeIgniter\CodeIgniter->runController(Object(App\Controllers\DetailEvent))
 8 SYSTEMPATH\CodeIgniter.php(368): CodeIgniter\CodeIgniter->handleRequest(null, Object(Config\Cache), false)
 9 FCPATH\index.php(67): CodeIgniter\CodeIgniter->run()
10 SYSTEMPATH\Commands\Server\rewrite.php(47): require_once('D:\\TUGAS\\KULIAH\\P2MW\\hehe\\gohitfinal\\public\\index.php')
INFO - 2025-05-20 14:46:59 --> Session: Class initialized using 'CodeIgniter\Session\Handlers\FileHandler' driver.
CRITICAL - 2025-05-20 14:46:59 --> Undefined variable $tgl
in APPPATH\Views\detaileventp.php on line 24.
 1 APPPATH\Views\detaileventp.php(24): CodeIgniter\Debug\Exceptions->errorHandler(2, 'Undefined variable $tgl', 'D:\\TUGAS\\KULIAH\\P2MW\\hehe\\gohitfinal\\app\\Views\\detaileventp.php', 24)
 2 SYSTEMPATH\View\View.php(213): include('D:\\TUGAS\\KULIAH\\P2MW\\hehe\\gohitfinal\\app\\Views\\detaileventp.php')
 3 SYSTEMPATH\View\View.php(216): CodeIgniter\View\View->CodeIgniter\View\{closure}()
 4 SYSTEMPATH\Common.php(1184): CodeIgniter\View\View->render('detaileventp', [], true)
 5 APPPATH\Controllers\DetailEvent.php(458): view('detaileventp', [...])
 6 SYSTEMPATH\CodeIgniter.php(934): App\Controllers\DetailEvent->peserta('images', 'bg-01.jpg')
 7 SYSTEMPATH\CodeIgniter.php(499): CodeIgniter\CodeIgniter->runController(Object(App\Controllers\DetailEvent))
 8 SYSTEMPATH\CodeIgniter.php(368): CodeIgniter\CodeIgniter->handleRequest(null, Object(Config\Cache), false)
 9 FCPATH\index.php(67): CodeIgniter\CodeIgniter->run()
10 SYSTEMPATH\Commands\Server\rewrite.php(47): require_once('D:\\TUGAS\\KULIAH\\P2MW\\hehe\\gohitfinal\\public\\index.php')
INFO - 2025-05-20 14:47:02 --> Session: Class initialized using 'CodeIgniter\Session\Handlers\FileHandler' driver.
INFO - 2025-05-20 14:47:03 --> Session: Class initialized using 'CodeIgniter\Session\Handlers\FileHandler' driver.
INFO - 2025-05-20 14:47:03 --> Session: Class initialized using 'CodeIgniter\Session\Handlers\FileHandler' driver.
CRITICAL - 2025-05-20 14:47:03 --> Undefined variable $tgl
in APPPATH\Views\detaileventp.php on line 24.
 1 APPPATH\Views\detaileventp.php(24): CodeIgniter\Debug\Exceptions->errorHandler(2, 'Undefined variable $tgl', 'D:\\TUGAS\\KULIAH\\P2MW\\hehe\\gohitfinal\\app\\Views\\detaileventp.php', 24)
 2 SYSTEMPATH\View\View.php(213): include('D:\\TUGAS\\KULIAH\\P2MW\\hehe\\gohitfinal\\app\\Views\\detaileventp.php')
 3 SYSTEMPATH\View\View.php(216): CodeIgniter\View\View->CodeIgniter\View\{closure}()
 4 SYSTEMPATH\Common.php(1184): CodeIgniter\View\View->render('detaileventp', [], true)
 5 APPPATH\Controllers\DetailEvent.php(458): view('detaileventp', [...])
 6 SYSTEMPATH\CodeIgniter.php(934): App\Controllers\DetailEvent->peserta('css', 'main.css')
 7 SYSTEMPATH\CodeIgniter.php(499): CodeIgniter\CodeIgniter->runController(Object(App\Controllers\DetailEvent))
 8 SYSTEMPATH\CodeIgniter.php(368): CodeIgniter\CodeIgniter->handleRequest(null, Object(Config\Cache), false)
 9 FCPATH\index.php(67): CodeIgniter\CodeIgniter->run()
10 SYSTEMPATH\Commands\Server\rewrite.php(47): require_once('D:\\TUGAS\\KULIAH\\P2MW\\hehe\\gohitfinal\\public\\index.php')
INFO - 2025-05-20 14:47:03 --> Session: Class initialized using 'CodeIgniter\Session\Handlers\FileHandler' driver.
CRITICAL - 2025-05-20 14:47:03 --> Undefined variable $tgl
in APPPATH\Views\detaileventp.php on line 24.
 1 APPPATH\Views\detaileventp.php(24): CodeIgniter\Debug\Exceptions->errorHandler(2, 'Undefined variable $tgl', 'D:\\TUGAS\\KULIAH\\P2MW\\hehe\\gohitfinal\\app\\Views\\detaileventp.php', 24)
 2 SYSTEMPATH\View\View.php(213): include('D:\\TUGAS\\KULIAH\\P2MW\\hehe\\gohitfinal\\app\\Views\\detaileventp.php')
 3 SYSTEMPATH\View\View.php(216): CodeIgniter\View\View->CodeIgniter\View\{closure}()
 4 SYSTEMPATH\Common.php(1184): CodeIgniter\View\View->render('detaileventp', [], true)
 5 APPPATH\Controllers\DetailEvent.php(458): view('detaileventp', [...])
 6 SYSTEMPATH\CodeIgniter.php(934): App\Controllers\DetailEvent->peserta('css', 'style.css')
 7 SYSTEMPATH\CodeIgniter.php(499): CodeIgniter\CodeIgniter->runController(Object(App\Controllers\DetailEvent))
 8 SYSTEMPATH\CodeIgniter.php(368): CodeIgniter\CodeIgniter->handleRequest(null, Object(Config\Cache), false)
 9 FCPATH\index.php(67): CodeIgniter\CodeIgniter->run()
10 SYSTEMPATH\Commands\Server\rewrite.php(47): require_once('D:\\TUGAS\\KULIAH\\P2MW\\hehe\\gohitfinal\\public\\index.php')
INFO - 2025-05-20 14:47:03 --> Session: Class initialized using 'CodeIgniter\Session\Handlers\FileHandler' driver.
CRITICAL - 2025-05-20 14:47:03 --> Undefined variable $tgl
in APPPATH\Views\detaileventp.php on line 24.
 1 APPPATH\Views\detaileventp.php(24): CodeIgniter\Debug\Exceptions->errorHandler(2, 'Undefined variable $tgl', 'D:\\TUGAS\\KULIAH\\P2MW\\hehe\\gohitfinal\\app\\Views\\detaileventp.php', 24)
 2 SYSTEMPATH\View\View.php(213): include('D:\\TUGAS\\KULIAH\\P2MW\\hehe\\gohitfinal\\app\\Views\\detaileventp.php')
 3 SYSTEMPATH\View\View.php(216): CodeIgniter\View\View->CodeIgniter\View\{closure}()
 4 SYSTEMPATH\Common.php(1184): CodeIgniter\View\View->render('detaileventp', [], true)
 5 APPPATH\Controllers\DetailEvent.php(458): view('detaileventp', [...])
 6 SYSTEMPATH\CodeIgniter.php(934): App\Controllers\DetailEvent->peserta('images', 'bg-01.jpg')
 7 SYSTEMPATH\CodeIgniter.php(499): CodeIgniter\CodeIgniter->runController(Object(App\Controllers\DetailEvent))
 8 SYSTEMPATH\CodeIgniter.php(368): CodeIgniter\CodeIgniter->handleRequest(null, Object(Config\Cache), false)
 9 FCPATH\index.php(67): CodeIgniter\CodeIgniter->run()
10 SYSTEMPATH\Commands\Server\rewrite.php(47): require_once('D:\\TUGAS\\KULIAH\\P2MW\\hehe\\gohitfinal\\public\\index.php')
INFO - 2025-05-20 14:48:55 --> Session: Class initialized using 'CodeIgniter\Session\Handlers\FileHandler' driver.
INFO - 2025-05-20 14:48:56 --> Session: Class initialized using 'CodeIgniter\Session\Handlers\FileHandler' driver.
CRITICAL - 2025-05-20 14:48:56 --> Undefined variable $tgl
in APPPATH\Views\detaileventp.php on line 24.
 1 APPPATH\Views\detaileventp.php(24): CodeIgniter\Debug\Exceptions->errorHandler(2, 'Undefined variable $tgl', 'D:\\TUGAS\\KULIAH\\P2MW\\hehe\\gohitfinal\\app\\Views\\detaileventp.php', 24)
 2 SYSTEMPATH\View\View.php(213): include('D:\\TUGAS\\KULIAH\\P2MW\\hehe\\gohitfinal\\app\\Views\\detaileventp.php')
 3 SYSTEMPATH\View\View.php(216): CodeIgniter\View\View->CodeIgniter\View\{closure}()
 4 SYSTEMPATH\Common.php(1184): CodeIgniter\View\View->render('detaileventp', [], true)
 5 APPPATH\Controllers\DetailEvent.php(458): view('detaileventp', [...])
 6 SYSTEMPATH\CodeIgniter.php(934): App\Controllers\DetailEvent->peserta('css', 'main.css')
 7 SYSTEMPATH\CodeIgniter.php(499): CodeIgniter\CodeIgniter->runController(Object(App\Controllers\DetailEvent))
 8 SYSTEMPATH\CodeIgniter.php(368): CodeIgniter\CodeIgniter->handleRequest(null, Object(Config\Cache), false)
 9 FCPATH\index.php(67): CodeIgniter\CodeIgniter->run()
10 SYSTEMPATH\Commands\Server\rewrite.php(47): require_once('D:\\TUGAS\\KULIAH\\P2MW\\hehe\\gohitfinal\\public\\index.php')
INFO - 2025-05-20 14:48:56 --> Session: Class initialized using 'CodeIgniter\Session\Handlers\FileHandler' driver.
CRITICAL - 2025-05-20 14:48:56 --> Undefined variable $tgl
in APPPATH\Views\detaileventp.php on line 24.
 1 APPPATH\Views\detaileventp.php(24): CodeIgniter\Debug\Exceptions->errorHandler(2, 'Undefined variable $tgl', 'D:\\TUGAS\\KULIAH\\P2MW\\hehe\\gohitfinal\\app\\Views\\detaileventp.php', 24)
 2 SYSTEMPATH\View\View.php(213): include('D:\\TUGAS\\KULIAH\\P2MW\\hehe\\gohitfinal\\app\\Views\\detaileventp.php')
 3 SYSTEMPATH\View\View.php(216): CodeIgniter\View\View->CodeIgniter\View\{closure}()
 4 SYSTEMPATH\Common.php(1184): CodeIgniter\View\View->render('detaileventp', [], true)
 5 APPPATH\Controllers\DetailEvent.php(458): view('detaileventp', [...])
 6 SYSTEMPATH\CodeIgniter.php(934): App\Controllers\DetailEvent->peserta('css', 'style.css')
 7 SYSTEMPATH\CodeIgniter.php(499): CodeIgniter\CodeIgniter->runController(Object(App\Controllers\DetailEvent))
 8 SYSTEMPATH\CodeIgniter.php(368): CodeIgniter\CodeIgniter->handleRequest(null, Object(Config\Cache), false)
 9 FCPATH\index.php(67): CodeIgniter\CodeIgniter->run()
10 SYSTEMPATH\Commands\Server\rewrite.php(47): require_once('D:\\TUGAS\\KULIAH\\P2MW\\hehe\\gohitfinal\\public\\index.php')
INFO - 2025-05-20 14:48:56 --> Session: Class initialized using 'CodeIgniter\Session\Handlers\FileHandler' driver.
CRITICAL - 2025-05-20 14:48:56 --> Undefined variable $tgl
in APPPATH\Views\detaileventp.php on line 24.
 1 APPPATH\Views\detaileventp.php(24): CodeIgniter\Debug\Exceptions->errorHandler(2, 'Undefined variable $tgl', 'D:\\TUGAS\\KULIAH\\P2MW\\hehe\\gohitfinal\\app\\Views\\detaileventp.php', 24)
 2 SYSTEMPATH\View\View.php(213): include('D:\\TUGAS\\KULIAH\\P2MW\\hehe\\gohitfinal\\app\\Views\\detaileventp.php')
 3 SYSTEMPATH\View\View.php(216): CodeIgniter\View\View->CodeIgniter\View\{closure}()
 4 SYSTEMPATH\Common.php(1184): CodeIgniter\View\View->render('detaileventp', [], true)
 5 APPPATH\Controllers\DetailEvent.php(458): view('detaileventp', [...])
 6 SYSTEMPATH\CodeIgniter.php(934): App\Controllers\DetailEvent->peserta('images', 'bg-01.jpg')
 7 SYSTEMPATH\CodeIgniter.php(499): CodeIgniter\CodeIgniter->runController(Object(App\Controllers\DetailEvent))
 8 SYSTEMPATH\CodeIgniter.php(368): CodeIgniter\CodeIgniter->handleRequest(null, Object(Config\Cache), false)
 9 FCPATH\index.php(67): CodeIgniter\CodeIgniter->run()
10 SYSTEMPATH\Commands\Server\rewrite.php(47): require_once('D:\\TUGAS\\KULIAH\\P2MW\\hehe\\gohitfinal\\public\\index.php')
INFO - 2025-05-20 14:52:02 --> Session: Class initialized using 'CodeIgniter\Session\Handlers\FileHandler' driver.
CRITICAL - 2025-05-20 14:52:02 --> Undefined array key 1
in APPPATH\Views\partial\peserta.php on line 147.
 1 APPPATH\Views\partial\peserta.php(147): CodeIgniter\Debug\Exceptions->errorHandler(2, 'Undefined array key 1', 'D:\\TUGAS\\KULIAH\\P2MW\\hehe\\gohitfinal\\app\\Views\\partial\\peserta.php', 147)
 2 SYSTEMPATH\View\View.php(213): include('D:\\TUGAS\\KULIAH\\P2MW\\hehe\\gohitfinal\\app\\Views\\partial\\peserta.php')
 3 SYSTEMPATH\View\View.php(216): CodeIgniter\View\View->CodeIgniter\View\{closure}()
 4 SYSTEMPATH\View\View.php(431): CodeIgniter\View\View->render('partial/peserta', null, true)
 5 APPPATH\Views\detaileventp.php(97): CodeIgniter\View\View->include('partial/peserta')
 6 SYSTEMPATH\View\View.php(213): include('D:\\TUGAS\\KULIAH\\P2MW\\hehe\\gohitfinal\\app\\Views\\detaileventp.php')
 7 SYSTEMPATH\View\View.php(216): CodeIgniter\View\View->CodeIgniter\View\{closure}()
 8 SYSTEMPATH\Common.php(1184): CodeIgniter\View\View->render('detaileventp', [], true)
 9 APPPATH\Controllers\DetailEvent.php(458): view('detaileventp', [...])
10 SYSTEMPATH\CodeIgniter.php(934): App\Controllers\DetailEvent->peserta('26')
11 SYSTEMPATH\CodeIgniter.php(499): CodeIgniter\CodeIgniter->runController(Object(App\Controllers\DetailEvent))
12 SYSTEMPATH\CodeIgniter.php(368): CodeIgniter\CodeIgniter->handleRequest(null, Object(Config\Cache), false)
13 FCPATH\index.php(67): CodeIgniter\CodeIgniter->run()
14 SYSTEMPATH\Commands\Server\rewrite.php(47): require_once('D:\\TUGAS\\KULIAH\\P2MW\\hehe\\gohitfinal\\public\\index.php')
INFO - 2025-05-20 14:52:02 --> Session: Class initialized using 'CodeIgniter\Session\Handlers\FileHandler' driver.
CRITICAL - 2025-05-20 14:52:02 --> Undefined variable $tgl
in APPPATH\Views\detaileventp.php on line 24.
 1 APPPATH\Views\detaileventp.php(24): CodeIgniter\Debug\Exceptions->errorHandler(2, 'Undefined variable $tgl', 'D:\\TUGAS\\KULIAH\\P2MW\\hehe\\gohitfinal\\app\\Views\\detaileventp.php', 24)
 2 SYSTEMPATH\View\View.php(213): include('D:\\TUGAS\\KULIAH\\P2MW\\hehe\\gohitfinal\\app\\Views\\detaileventp.php')
 3 SYSTEMPATH\View\View.php(216): CodeIgniter\View\View->CodeIgniter\View\{closure}()
 4 SYSTEMPATH\Common.php(1184): CodeIgniter\View\View->render('detaileventp', [], true)
 5 APPPATH\Controllers\DetailEvent.php(458): view('detaileventp', [...])
 6 SYSTEMPATH\CodeIgniter.php(934): App\Controllers\DetailEvent->peserta('css', 'main.css')
 7 SYSTEMPATH\CodeIgniter.php(499): CodeIgniter\CodeIgniter->runController(Object(App\Controllers\DetailEvent))
 8 SYSTEMPATH\CodeIgniter.php(368): CodeIgniter\CodeIgniter->handleRequest(null, Object(Config\Cache), false)
 9 FCPATH\index.php(67): CodeIgniter\CodeIgniter->run()
10 SYSTEMPATH\Commands\Server\rewrite.php(47): require_once('D:\\TUGAS\\KULIAH\\P2MW\\hehe\\gohitfinal\\public\\index.php')
INFO - 2025-05-20 14:52:03 --> Session: Class initialized using 'CodeIgniter\Session\Handlers\FileHandler' driver.
CRITICAL - 2025-05-20 14:52:03 --> Undefined variable $tgl
in APPPATH\Views\detaileventp.php on line 24.
 1 APPPATH\Views\detaileventp.php(24): CodeIgniter\Debug\Exceptions->errorHandler(2, 'Undefined variable $tgl', 'D:\\TUGAS\\KULIAH\\P2MW\\hehe\\gohitfinal\\app\\Views\\detaileventp.php', 24)
 2 SYSTEMPATH\View\View.php(213): include('D:\\TUGAS\\KULIAH\\P2MW\\hehe\\gohitfinal\\app\\Views\\detaileventp.php')
 3 SYSTEMPATH\View\View.php(216): CodeIgniter\View\View->CodeIgniter\View\{closure}()
 4 SYSTEMPATH\Common.php(1184): CodeIgniter\View\View->render('detaileventp', [], true)
 5 APPPATH\Controllers\DetailEvent.php(458): view('detaileventp', [...])
 6 SYSTEMPATH\CodeIgniter.php(934): App\Controllers\DetailEvent->peserta('images', 'bg-01.jpg')
 7 SYSTEMPATH\CodeIgniter.php(499): CodeIgniter\CodeIgniter->runController(Object(App\Controllers\DetailEvent))
 8 SYSTEMPATH\CodeIgniter.php(368): CodeIgniter\CodeIgniter->handleRequest(null, Object(Config\Cache), false)
 9 FCPATH\index.php(67): CodeIgniter\CodeIgniter->run()
10 SYSTEMPATH\Commands\Server\rewrite.php(47): require_once('D:\\TUGAS\\KULIAH\\P2MW\\hehe\\gohitfinal\\public\\index.php')
INFO - 2025-05-20 14:52:55 --> Session: Class initialized using 'CodeIgniter\Session\Handlers\FileHandler' driver.
INFO - 2025-05-20 14:52:55 --> Session: Class initialized using 'CodeIgniter\Session\Handlers\FileHandler' driver.
CRITICAL - 2025-05-20 14:52:55 --> Undefined variable $tgl
in APPPATH\Views\detaileventp.php on line 24.
 1 APPPATH\Views\detaileventp.php(24): CodeIgniter\Debug\Exceptions->errorHandler(2, 'Undefined variable $tgl', 'D:\\TUGAS\\KULIAH\\P2MW\\hehe\\gohitfinal\\app\\Views\\detaileventp.php', 24)
 2 SYSTEMPATH\View\View.php(213): include('D:\\TUGAS\\KULIAH\\P2MW\\hehe\\gohitfinal\\app\\Views\\detaileventp.php')
 3 SYSTEMPATH\View\View.php(216): CodeIgniter\View\View->CodeIgniter\View\{closure}()
 4 SYSTEMPATH\Common.php(1184): CodeIgniter\View\View->render('detaileventp', [], true)
 5 APPPATH\Controllers\DetailEvent.php(458): view('detaileventp', [...])
 6 SYSTEMPATH\CodeIgniter.php(934): App\Controllers\DetailEvent->peserta('css', 'main.css')
 7 SYSTEMPATH\CodeIgniter.php(499): CodeIgniter\CodeIgniter->runController(Object(App\Controllers\DetailEvent))
 8 SYSTEMPATH\CodeIgniter.php(368): CodeIgniter\CodeIgniter->handleRequest(null, Object(Config\Cache), false)
 9 FCPATH\index.php(67): CodeIgniter\CodeIgniter->run()
10 SYSTEMPATH\Commands\Server\rewrite.php(47): require_once('D:\\TUGAS\\KULIAH\\P2MW\\hehe\\gohitfinal\\public\\index.php')
INFO - 2025-05-20 14:52:56 --> Session: Class initialized using 'CodeIgniter\Session\Handlers\FileHandler' driver.
CRITICAL - 2025-05-20 14:52:56 --> Undefined variable $tgl
in APPPATH\Views\detaileventp.php on line 24.
 1 APPPATH\Views\detaileventp.php(24): CodeIgniter\Debug\Exceptions->errorHandler(2, 'Undefined variable $tgl', 'D:\\TUGAS\\KULIAH\\P2MW\\hehe\\gohitfinal\\app\\Views\\detaileventp.php', 24)
 2 SYSTEMPATH\View\View.php(213): include('D:\\TUGAS\\KULIAH\\P2MW\\hehe\\gohitfinal\\app\\Views\\detaileventp.php')
 3 SYSTEMPATH\View\View.php(216): CodeIgniter\View\View->CodeIgniter\View\{closure}()
 4 SYSTEMPATH\Common.php(1184): CodeIgniter\View\View->render('detaileventp', [], true)
 5 APPPATH\Controllers\DetailEvent.php(458): view('detaileventp', [...])
 6 SYSTEMPATH\CodeIgniter.php(934): App\Controllers\DetailEvent->peserta('css', 'style.css')
 7 SYSTEMPATH\CodeIgniter.php(499): CodeIgniter\CodeIgniter->runController(Object(App\Controllers\DetailEvent))
 8 SYSTEMPATH\CodeIgniter.php(368): CodeIgniter\CodeIgniter->handleRequest(null, Object(Config\Cache), false)
 9 FCPATH\index.php(67): CodeIgniter\CodeIgniter->run()
10 SYSTEMPATH\Commands\Server\rewrite.php(47): require_once('D:\\TUGAS\\KULIAH\\P2MW\\hehe\\gohitfinal\\public\\index.php')
INFO - 2025-05-20 14:52:56 --> Session: Class initialized using 'CodeIgniter\Session\Handlers\FileHandler' driver.
CRITICAL - 2025-05-20 14:52:56 --> Undefined variable $tgl
in APPPATH\Views\detaileventp.php on line 24.
 1 APPPATH\Views\detaileventp.php(24): CodeIgniter\Debug\Exceptions->errorHandler(2, 'Undefined variable $tgl', 'D:\\TUGAS\\KULIAH\\P2MW\\hehe\\gohitfinal\\app\\Views\\detaileventp.php', 24)
 2 SYSTEMPATH\View\View.php(213): include('D:\\TUGAS\\KULIAH\\P2MW\\hehe\\gohitfinal\\app\\Views\\detaileventp.php')
 3 SYSTEMPATH\View\View.php(216): CodeIgniter\View\View->CodeIgniter\View\{closure}()
 4 SYSTEMPATH\Common.php(1184): CodeIgniter\View\View->render('detaileventp', [], true)
 5 APPPATH\Controllers\DetailEvent.php(458): view('detaileventp', [...])
 6 SYSTEMPATH\CodeIgniter.php(934): App\Controllers\DetailEvent->peserta('images', 'bg-01.jpg')
 7 SYSTEMPATH\CodeIgniter.php(499): CodeIgniter\CodeIgniter->runController(Object(App\Controllers\DetailEvent))
 8 SYSTEMPATH\CodeIgniter.php(368): CodeIgniter\CodeIgniter->handleRequest(null, Object(Config\Cache), false)
 9 FCPATH\index.php(67): CodeIgniter\CodeIgniter->run()
10 SYSTEMPATH\Commands\Server\rewrite.php(47): require_once('D:\\TUGAS\\KULIAH\\P2MW\\hehe\\gohitfinal\\public\\index.php')
INFO - 2025-05-20 14:52:57 --> Session: Class initialized using 'CodeIgniter\Session\Handlers\FileHandler' driver.
INFO - 2025-05-20 14:52:57 --> Session: Class initialized using 'CodeIgniter\Session\Handlers\FileHandler' driver.
INFO - 2025-05-20 14:52:58 --> Session: Class initialized using 'CodeIgniter\Session\Handlers\FileHandler' driver.
CRITICAL - 2025-05-20 14:52:58 --> Undefined variable $tgl
in APPPATH\Views\detaileventp.php on line 24.
 1 APPPATH\Views\detaileventp.php(24): CodeIgniter\Debug\Exceptions->errorHandler(2, 'Undefined variable $tgl', 'D:\\TUGAS\\KULIAH\\P2MW\\hehe\\gohitfinal\\app\\Views\\detaileventp.php', 24)
 2 SYSTEMPATH\View\View.php(213): include('D:\\TUGAS\\KULIAH\\P2MW\\hehe\\gohitfinal\\app\\Views\\detaileventp.php')
 3 SYSTEMPATH\View\View.php(216): CodeIgniter\View\View->CodeIgniter\View\{closure}()
 4 SYSTEMPATH\Common.php(1184): CodeIgniter\View\View->render('detaileventp', [], true)
 5 APPPATH\Controllers\DetailEvent.php(458): view('detaileventp', [...])
 6 SYSTEMPATH\CodeIgniter.php(934): App\Controllers\DetailEvent->peserta('css', 'main.css')
 7 SYSTEMPATH\CodeIgniter.php(499): CodeIgniter\CodeIgniter->runController(Object(App\Controllers\DetailEvent))
 8 SYSTEMPATH\CodeIgniter.php(368): CodeIgniter\CodeIgniter->handleRequest(null, Object(Config\Cache), false)
 9 FCPATH\index.php(67): CodeIgniter\CodeIgniter->run()
10 SYSTEMPATH\Commands\Server\rewrite.php(47): require_once('D:\\TUGAS\\KULIAH\\P2MW\\hehe\\gohitfinal\\public\\index.php')
INFO - 2025-05-20 14:52:58 --> Session: Class initialized using 'CodeIgniter\Session\Handlers\FileHandler' driver.
CRITICAL - 2025-05-20 14:52:58 --> Undefined variable $tgl
in APPPATH\Views\detaileventp.php on line 24.
 1 APPPATH\Views\detaileventp.php(24): CodeIgniter\Debug\Exceptions->errorHandler(2, 'Undefined variable $tgl', 'D:\\TUGAS\\KULIAH\\P2MW\\hehe\\gohitfinal\\app\\Views\\detaileventp.php', 24)
 2 SYSTEMPATH\View\View.php(213): include('D:\\TUGAS\\KULIAH\\P2MW\\hehe\\gohitfinal\\app\\Views\\detaileventp.php')
 3 SYSTEMPATH\View\View.php(216): CodeIgniter\View\View->CodeIgniter\View\{closure}()
 4 SYSTEMPATH\Common.php(1184): CodeIgniter\View\View->render('detaileventp', [], true)
 5 APPPATH\Controllers\DetailEvent.php(458): view('detaileventp', [...])
 6 SYSTEMPATH\CodeIgniter.php(934): App\Controllers\DetailEvent->peserta('css', 'style.css')
 7 SYSTEMPATH\CodeIgniter.php(499): CodeIgniter\CodeIgniter->runController(Object(App\Controllers\DetailEvent))
 8 SYSTEMPATH\CodeIgniter.php(368): CodeIgniter\CodeIgniter->handleRequest(null, Object(Config\Cache), false)
 9 FCPATH\index.php(67): CodeIgniter\CodeIgniter->run()
10 SYSTEMPATH\Commands\Server\rewrite.php(47): require_once('D:\\TUGAS\\KULIAH\\P2MW\\hehe\\gohitfinal\\public\\index.php')
INFO - 2025-05-20 14:52:58 --> Session: Class initialized using 'CodeIgniter\Session\Handlers\FileHandler' driver.
CRITICAL - 2025-05-20 14:52:58 --> Undefined variable $tgl
in APPPATH\Views\detaileventp.php on line 24.
 1 APPPATH\Views\detaileventp.php(24): CodeIgniter\Debug\Exceptions->errorHandler(2, 'Undefined variable $tgl', 'D:\\TUGAS\\KULIAH\\P2MW\\hehe\\gohitfinal\\app\\Views\\detaileventp.php', 24)
 2 SYSTEMPATH\View\View.php(213): include('D:\\TUGAS\\KULIAH\\P2MW\\hehe\\gohitfinal\\app\\Views\\detaileventp.php')
 3 SYSTEMPATH\View\View.php(216): CodeIgniter\View\View->CodeIgniter\View\{closure}()
 4 SYSTEMPATH\Common.php(1184): CodeIgniter\View\View->render('detaileventp', [], true)
 5 APPPATH\Controllers\DetailEvent.php(458): view('detaileventp', [...])
 6 SYSTEMPATH\CodeIgniter.php(934): App\Controllers\DetailEvent->peserta('images', 'bg-01.jpg')
 7 SYSTEMPATH\CodeIgniter.php(499): CodeIgniter\CodeIgniter->runController(Object(App\Controllers\DetailEvent))
 8 SYSTEMPATH\CodeIgniter.php(368): CodeIgniter\CodeIgniter->handleRequest(null, Object(Config\Cache), false)
 9 FCPATH\index.php(67): CodeIgniter\CodeIgniter->run()
10 SYSTEMPATH\Commands\Server\rewrite.php(47): require_once('D:\\TUGAS\\KULIAH\\P2MW\\hehe\\gohitfinal\\public\\index.php')
INFO - 2025-05-20 14:53:02 --> Session: Class initialized using 'CodeIgniter\Session\Handlers\FileHandler' driver.
INFO - 2025-05-20 14:53:02 --> Session: Class initialized using 'CodeIgniter\Session\Handlers\FileHandler' driver.
INFO - 2025-05-20 14:53:02 --> Session: Class initialized using 'CodeIgniter\Session\Handlers\FileHandler' driver.
CRITICAL - 2025-05-20 14:53:02 --> Undefined variable $tgl
in APPPATH\Views\detaileventp.php on line 24.
 1 APPPATH\Views\detaileventp.php(24): CodeIgniter\Debug\Exceptions->errorHandler(2, 'Undefined variable $tgl', 'D:\\TUGAS\\KULIAH\\P2MW\\hehe\\gohitfinal\\app\\Views\\detaileventp.php', 24)
 2 SYSTEMPATH\View\View.php(213): include('D:\\TUGAS\\KULIAH\\P2MW\\hehe\\gohitfinal\\app\\Views\\detaileventp.php')
 3 SYSTEMPATH\View\View.php(216): CodeIgniter\View\View->CodeIgniter\View\{closure}()
 4 SYSTEMPATH\Common.php(1184): CodeIgniter\View\View->render('detaileventp', [], true)
 5 APPPATH\Controllers\DetailEvent.php(458): view('detaileventp', [...])
 6 SYSTEMPATH\CodeIgniter.php(934): App\Controllers\DetailEvent->peserta('css', 'main.css')
 7 SYSTEMPATH\CodeIgniter.php(499): CodeIgniter\CodeIgniter->runController(Object(App\Controllers\DetailEvent))
 8 SYSTEMPATH\CodeIgniter.php(368): CodeIgniter\CodeIgniter->handleRequest(null, Object(Config\Cache), false)
 9 FCPATH\index.php(67): CodeIgniter\CodeIgniter->run()
10 SYSTEMPATH\Commands\Server\rewrite.php(47): require_once('D:\\TUGAS\\KULIAH\\P2MW\\hehe\\gohitfinal\\public\\index.php')
INFO - 2025-05-20 14:53:03 --> Session: Class initialized using 'CodeIgniter\Session\Handlers\FileHandler' driver.
CRITICAL - 2025-05-20 14:53:03 --> Undefined variable $tgl
in APPPATH\Views\detaileventp.php on line 24.
 1 APPPATH\Views\detaileventp.php(24): CodeIgniter\Debug\Exceptions->errorHandler(2, 'Undefined variable $tgl', 'D:\\TUGAS\\KULIAH\\P2MW\\hehe\\gohitfinal\\app\\Views\\detaileventp.php', 24)
 2 SYSTEMPATH\View\View.php(213): include('D:\\TUGAS\\KULIAH\\P2MW\\hehe\\gohitfinal\\app\\Views\\detaileventp.php')
 3 SYSTEMPATH\View\View.php(216): CodeIgniter\View\View->CodeIgniter\View\{closure}()
 4 SYSTEMPATH\Common.php(1184): CodeIgniter\View\View->render('detaileventp', [], true)
 5 APPPATH\Controllers\DetailEvent.php(458): view('detaileventp', [...])
 6 SYSTEMPATH\CodeIgniter.php(934): App\Controllers\DetailEvent->peserta('css', 'style.css')
 7 SYSTEMPATH\CodeIgniter.php(499): CodeIgniter\CodeIgniter->runController(Object(App\Controllers\DetailEvent))
 8 SYSTEMPATH\CodeIgniter.php(368): CodeIgniter\CodeIgniter->handleRequest(null, Object(Config\Cache), false)
 9 FCPATH\index.php(67): CodeIgniter\CodeIgniter->run()
10 SYSTEMPATH\Commands\Server\rewrite.php(47): require_once('D:\\TUGAS\\KULIAH\\P2MW\\hehe\\gohitfinal\\public\\index.php')
INFO - 2025-05-20 14:53:03 --> Session: Class initialized using 'CodeIgniter\Session\Handlers\FileHandler' driver.
CRITICAL - 2025-05-20 14:53:03 --> Undefined variable $tgl
in APPPATH\Views\detaileventp.php on line 24.
 1 APPPATH\Views\detaileventp.php(24): CodeIgniter\Debug\Exceptions->errorHandler(2, 'Undefined variable $tgl', 'D:\\TUGAS\\KULIAH\\P2MW\\hehe\\gohitfinal\\app\\Views\\detaileventp.php', 24)
 2 SYSTEMPATH\View\View.php(213): include('D:\\TUGAS\\KULIAH\\P2MW\\hehe\\gohitfinal\\app\\Views\\detaileventp.php')
 3 SYSTEMPATH\View\View.php(216): CodeIgniter\View\View->CodeIgniter\View\{closure}()
 4 SYSTEMPATH\Common.php(1184): CodeIgniter\View\View->render('detaileventp', [], true)
 5 APPPATH\Controllers\DetailEvent.php(458): view('detaileventp', [...])
 6 SYSTEMPATH\CodeIgniter.php(934): App\Controllers\DetailEvent->peserta('images', 'bg-01.jpg')
 7 SYSTEMPATH\CodeIgniter.php(499): CodeIgniter\CodeIgniter->runController(Object(App\Controllers\DetailEvent))
 8 SYSTEMPATH\CodeIgniter.php(368): CodeIgniter\CodeIgniter->handleRequest(null, Object(Config\Cache), false)
 9 FCPATH\index.php(67): CodeIgniter\CodeIgniter->run()
10 SYSTEMPATH\Commands\Server\rewrite.php(47): require_once('D:\\TUGAS\\KULIAH\\P2MW\\hehe\\gohitfinal\\public\\index.php')
INFO - 2025-05-20 14:54:20 --> Session: Class initialized using 'CodeIgniter\Session\Handlers\FileHandler' driver.
INFO - 2025-05-20 14:54:20 --> Session: Class initialized using 'CodeIgniter\Session\Handlers\FileHandler' driver.
INFO - 2025-05-20 14:54:20 --> Session: Class initialized using 'CodeIgniter\Session\Handlers\FileHandler' driver.
CRITICAL - 2025-05-20 14:54:20 --> Undefined variable $tgl
in APPPATH\Views\detaileventp.php on line 24.
 1 APPPATH\Views\detaileventp.php(24): CodeIgniter\Debug\Exceptions->errorHandler(2, 'Undefined variable $tgl', 'D:\\TUGAS\\KULIAH\\P2MW\\hehe\\gohitfinal\\app\\Views\\detaileventp.php', 24)
 2 SYSTEMPATH\View\View.php(213): include('D:\\TUGAS\\KULIAH\\P2MW\\hehe\\gohitfinal\\app\\Views\\detaileventp.php')
 3 SYSTEMPATH\View\View.php(216): CodeIgniter\View\View->CodeIgniter\View\{closure}()
 4 SYSTEMPATH\Common.php(1184): CodeIgniter\View\View->render('detaileventp', [], true)
 5 APPPATH\Controllers\DetailEvent.php(458): view('detaileventp', [...])
 6 SYSTEMPATH\CodeIgniter.php(934): App\Controllers\DetailEvent->peserta('css', 'main.css')
 7 SYSTEMPATH\CodeIgniter.php(499): CodeIgniter\CodeIgniter->runController(Object(App\Controllers\DetailEvent))
 8 SYSTEMPATH\CodeIgniter.php(368): CodeIgniter\CodeIgniter->handleRequest(null, Object(Config\Cache), false)
 9 FCPATH\index.php(67): CodeIgniter\CodeIgniter->run()
10 SYSTEMPATH\Commands\Server\rewrite.php(47): require_once('D:\\TUGAS\\KULIAH\\P2MW\\hehe\\gohitfinal\\public\\index.php')
INFO - 2025-05-20 14:54:21 --> Session: Class initialized using 'CodeIgniter\Session\Handlers\FileHandler' driver.
CRITICAL - 2025-05-20 14:54:21 --> Undefined variable $tgl
in APPPATH\Views\detaileventp.php on line 24.
 1 APPPATH\Views\detaileventp.php(24): CodeIgniter\Debug\Exceptions->errorHandler(2, 'Undefined variable $tgl', 'D:\\TUGAS\\KULIAH\\P2MW\\hehe\\gohitfinal\\app\\Views\\detaileventp.php', 24)
 2 SYSTEMPATH\View\View.php(213): include('D:\\TUGAS\\KULIAH\\P2MW\\hehe\\gohitfinal\\app\\Views\\detaileventp.php')
 3 SYSTEMPATH\View\View.php(216): CodeIgniter\View\View->CodeIgniter\View\{closure}()
 4 SYSTEMPATH\Common.php(1184): CodeIgniter\View\View->render('detaileventp', [], true)
 5 APPPATH\Controllers\DetailEvent.php(458): view('detaileventp', [...])
 6 SYSTEMPATH\CodeIgniter.php(934): App\Controllers\DetailEvent->peserta('css', 'style.css')
 7 SYSTEMPATH\CodeIgniter.php(499): CodeIgniter\CodeIgniter->runController(Object(App\Controllers\DetailEvent))
 8 SYSTEMPATH\CodeIgniter.php(368): CodeIgniter\CodeIgniter->handleRequest(null, Object(Config\Cache), false)
 9 FCPATH\index.php(67): CodeIgniter\CodeIgniter->run()
10 SYSTEMPATH\Commands\Server\rewrite.php(47): require_once('D:\\TUGAS\\KULIAH\\P2MW\\hehe\\gohitfinal\\public\\index.php')
INFO - 2025-05-20 14:54:21 --> Session: Class initialized using 'CodeIgniter\Session\Handlers\FileHandler' driver.
CRITICAL - 2025-05-20 14:54:21 --> Undefined variable $tgl
in APPPATH\Views\detaileventp.php on line 24.
 1 APPPATH\Views\detaileventp.php(24): CodeIgniter\Debug\Exceptions->errorHandler(2, 'Undefined variable $tgl', 'D:\\TUGAS\\KULIAH\\P2MW\\hehe\\gohitfinal\\app\\Views\\detaileventp.php', 24)
 2 SYSTEMPATH\View\View.php(213): include('D:\\TUGAS\\KULIAH\\P2MW\\hehe\\gohitfinal\\app\\Views\\detaileventp.php')
 3 SYSTEMPATH\View\View.php(216): CodeIgniter\View\View->CodeIgniter\View\{closure}()
 4 SYSTEMPATH\Common.php(1184): CodeIgniter\View\View->render('detaileventp', [], true)
 5 APPPATH\Controllers\DetailEvent.php(458): view('detaileventp', [...])
 6 SYSTEMPATH\CodeIgniter.php(934): App\Controllers\DetailEvent->peserta('images', 'bg-01.jpg')
 7 SYSTEMPATH\CodeIgniter.php(499): CodeIgniter\CodeIgniter->runController(Object(App\Controllers\DetailEvent))
 8 SYSTEMPATH\CodeIgniter.php(368): CodeIgniter\CodeIgniter->handleRequest(null, Object(Config\Cache), false)
 9 FCPATH\index.php(67): CodeIgniter\CodeIgniter->run()
10 SYSTEMPATH\Commands\Server\rewrite.php(47): require_once('D:\\TUGAS\\KULIAH\\P2MW\\hehe\\gohitfinal\\public\\index.php')
INFO - 2025-05-20 15:02:00 --> Session: Class initialized using 'CodeIgniter\Session\Handlers\FileHandler' driver.
INFO - 2025-05-20 15:02:00 --> Session: Class initialized using 'CodeIgniter\Session\Handlers\FileHandler' driver.
CRITICAL - 2025-05-20 15:02:00 --> Undefined variable $tgl
in APPPATH\Views\detaileventp.php on line 24.
 1 APPPATH\Views\detaileventp.php(24): CodeIgniter\Debug\Exceptions->errorHandler(2, 'Undefined variable $tgl', 'D:\\TUGAS\\KULIAH\\P2MW\\hehe\\gohitfinal\\app\\Views\\detaileventp.php', 24)
 2 SYSTEMPATH\View\View.php(213): include('D:\\TUGAS\\KULIAH\\P2MW\\hehe\\gohitfinal\\app\\Views\\detaileventp.php')
 3 SYSTEMPATH\View\View.php(216): CodeIgniter\View\View->CodeIgniter\View\{closure}()
 4 SYSTEMPATH\Common.php(1184): CodeIgniter\View\View->render('detaileventp', [], true)
 5 APPPATH\Controllers\DetailEvent.php(458): view('detaileventp', [...])
 6 SYSTEMPATH\CodeIgniter.php(934): App\Controllers\DetailEvent->peserta('css', 'main.css')
 7 SYSTEMPATH\CodeIgniter.php(499): CodeIgniter\CodeIgniter->runController(Object(App\Controllers\DetailEvent))
 8 SYSTEMPATH\CodeIgniter.php(368): CodeIgniter\CodeIgniter->handleRequest(null, Object(Config\Cache), false)
 9 FCPATH\index.php(67): CodeIgniter\CodeIgniter->run()
10 SYSTEMPATH\Commands\Server\rewrite.php(47): require_once('D:\\TUGAS\\KULIAH\\P2MW\\hehe\\gohitfinal\\public\\index.php')
INFO - 2025-05-20 15:02:00 --> Session: Class initialized using 'CodeIgniter\Session\Handlers\FileHandler' driver.
CRITICAL - 2025-05-20 15:02:00 --> Undefined variable $tgl
in APPPATH\Views\detaileventp.php on line 24.
 1 APPPATH\Views\detaileventp.php(24): CodeIgniter\Debug\Exceptions->errorHandler(2, 'Undefined variable $tgl', 'D:\\TUGAS\\KULIAH\\P2MW\\hehe\\gohitfinal\\app\\Views\\detaileventp.php', 24)
 2 SYSTEMPATH\View\View.php(213): include('D:\\TUGAS\\KULIAH\\P2MW\\hehe\\gohitfinal\\app\\Views\\detaileventp.php')
 3 SYSTEMPATH\View\View.php(216): CodeIgniter\View\View->CodeIgniter\View\{closure}()
 4 SYSTEMPATH\Common.php(1184): CodeIgniter\View\View->render('detaileventp', [], true)
 5 APPPATH\Controllers\DetailEvent.php(458): view('detaileventp', [...])
 6 SYSTEMPATH\CodeIgniter.php(934): App\Controllers\DetailEvent->peserta('css', 'style.css')
 7 SYSTEMPATH\CodeIgniter.php(499): CodeIgniter\CodeIgniter->runController(Object(App\Controllers\DetailEvent))
 8 SYSTEMPATH\CodeIgniter.php(368): CodeIgniter\CodeIgniter->handleRequest(null, Object(Config\Cache), false)
 9 FCPATH\index.php(67): CodeIgniter\CodeIgniter->run()
10 SYSTEMPATH\Commands\Server\rewrite.php(47): require_once('D:\\TUGAS\\KULIAH\\P2MW\\hehe\\gohitfinal\\public\\index.php')
INFO - 2025-05-20 15:02:00 --> Session: Class initialized using 'CodeIgniter\Session\Handlers\FileHandler' driver.
CRITICAL - 2025-05-20 15:02:00 --> Undefined variable $tgl
in APPPATH\Views\detaileventp.php on line 24.
 1 APPPATH\Views\detaileventp.php(24): CodeIgniter\Debug\Exceptions->errorHandler(2, 'Undefined variable $tgl', 'D:\\TUGAS\\KULIAH\\P2MW\\hehe\\gohitfinal\\app\\Views\\detaileventp.php', 24)
 2 SYSTEMPATH\View\View.php(213): include('D:\\TUGAS\\KULIAH\\P2MW\\hehe\\gohitfinal\\app\\Views\\detaileventp.php')
 3 SYSTEMPATH\View\View.php(216): CodeIgniter\View\View->CodeIgniter\View\{closure}()
 4 SYSTEMPATH\Common.php(1184): CodeIgniter\View\View->render('detaileventp', [], true)
 5 APPPATH\Controllers\DetailEvent.php(458): view('detaileventp', [...])
 6 SYSTEMPATH\CodeIgniter.php(934): App\Controllers\DetailEvent->peserta('images', 'bg-01.jpg')
 7 SYSTEMPATH\CodeIgniter.php(499): CodeIgniter\CodeIgniter->runController(Object(App\Controllers\DetailEvent))
 8 SYSTEMPATH\CodeIgniter.php(368): CodeIgniter\CodeIgniter->handleRequest(null, Object(Config\Cache), false)
 9 FCPATH\index.php(67): CodeIgniter\CodeIgniter->run()
10 SYSTEMPATH\Commands\Server\rewrite.php(47): require_once('D:\\TUGAS\\KULIAH\\P2MW\\hehe\\gohitfinal\\public\\index.php')
INFO - 2025-05-20 15:02:02 --> Session: Class initialized using 'CodeIgniter\Session\Handlers\FileHandler' driver.
INFO - 2025-05-20 15:02:02 --> Session: Class initialized using 'CodeIgniter\Session\Handlers\FileHandler' driver.
INFO - 2025-05-20 15:02:02 --> Session: Class initialized using 'CodeIgniter\Session\Handlers\FileHandler' driver.
CRITICAL - 2025-05-20 15:02:02 --> Undefined variable $tgl
in APPPATH\Views\detaileventp.php on line 24.
 1 APPPATH\Views\detaileventp.php(24): CodeIgniter\Debug\Exceptions->errorHandler(2, 'Undefined variable $tgl', 'D:\\TUGAS\\KULIAH\\P2MW\\hehe\\gohitfinal\\app\\Views\\detaileventp.php', 24)
 2 SYSTEMPATH\View\View.php(213): include('D:\\TUGAS\\KULIAH\\P2MW\\hehe\\gohitfinal\\app\\Views\\detaileventp.php')
 3 SYSTEMPATH\View\View.php(216): CodeIgniter\View\View->CodeIgniter\View\{closure}()
 4 SYSTEMPATH\Common.php(1184): CodeIgniter\View\View->render('detaileventp', [], true)
 5 APPPATH\Controllers\DetailEvent.php(458): view('detaileventp', [...])
 6 SYSTEMPATH\CodeIgniter.php(934): App\Controllers\DetailEvent->peserta('css', 'main.css')
 7 SYSTEMPATH\CodeIgniter.php(499): CodeIgniter\CodeIgniter->runController(Object(App\Controllers\DetailEvent))
 8 SYSTEMPATH\CodeIgniter.php(368): CodeIgniter\CodeIgniter->handleRequest(null, Object(Config\Cache), false)
 9 FCPATH\index.php(67): CodeIgniter\CodeIgniter->run()
10 SYSTEMPATH\Commands\Server\rewrite.php(47): require_once('D:\\TUGAS\\KULIAH\\P2MW\\hehe\\gohitfinal\\public\\index.php')
INFO - 2025-05-20 15:02:03 --> Session: Class initialized using 'CodeIgniter\Session\Handlers\FileHandler' driver.
CRITICAL - 2025-05-20 15:02:03 --> Undefined variable $tgl
in APPPATH\Views\detaileventp.php on line 24.
 1 APPPATH\Views\detaileventp.php(24): CodeIgniter\Debug\Exceptions->errorHandler(2, 'Undefined variable $tgl', 'D:\\TUGAS\\KULIAH\\P2MW\\hehe\\gohitfinal\\app\\Views\\detaileventp.php', 24)
 2 SYSTEMPATH\View\View.php(213): include('D:\\TUGAS\\KULIAH\\P2MW\\hehe\\gohitfinal\\app\\Views\\detaileventp.php')
 3 SYSTEMPATH\View\View.php(216): CodeIgniter\View\View->CodeIgniter\View\{closure}()
 4 SYSTEMPATH\Common.php(1184): CodeIgniter\View\View->render('detaileventp', [], true)
 5 APPPATH\Controllers\DetailEvent.php(458): view('detaileventp', [...])
 6 SYSTEMPATH\CodeIgniter.php(934): App\Controllers\DetailEvent->peserta('css', 'style.css')
 7 SYSTEMPATH\CodeIgniter.php(499): CodeIgniter\CodeIgniter->runController(Object(App\Controllers\DetailEvent))
 8 SYSTEMPATH\CodeIgniter.php(368): CodeIgniter\CodeIgniter->handleRequest(null, Object(Config\Cache), false)
 9 FCPATH\index.php(67): CodeIgniter\CodeIgniter->run()
10 SYSTEMPATH\Commands\Server\rewrite.php(47): require_once('D:\\TUGAS\\KULIAH\\P2MW\\hehe\\gohitfinal\\public\\index.php')
INFO - 2025-05-20 15:02:03 --> Session: Class initialized using 'CodeIgniter\Session\Handlers\FileHandler' driver.
CRITICAL - 2025-05-20 15:02:03 --> Undefined variable $tgl
in APPPATH\Views\detaileventp.php on line 24.
 1 APPPATH\Views\detaileventp.php(24): CodeIgniter\Debug\Exceptions->errorHandler(2, 'Undefined variable $tgl', 'D:\\TUGAS\\KULIAH\\P2MW\\hehe\\gohitfinal\\app\\Views\\detaileventp.php', 24)
 2 SYSTEMPATH\View\View.php(213): include('D:\\TUGAS\\KULIAH\\P2MW\\hehe\\gohitfinal\\app\\Views\\detaileventp.php')
 3 SYSTEMPATH\View\View.php(216): CodeIgniter\View\View->CodeIgniter\View\{closure}()
 4 SYSTEMPATH\Common.php(1184): CodeIgniter\View\View->render('detaileventp', [], true)
 5 APPPATH\Controllers\DetailEvent.php(458): view('detaileventp', [...])
 6 SYSTEMPATH\CodeIgniter.php(934): App\Controllers\DetailEvent->peserta('images', 'bg-01.jpg')
 7 SYSTEMPATH\CodeIgniter.php(499): CodeIgniter\CodeIgniter->runController(Object(App\Controllers\DetailEvent))
 8 SYSTEMPATH\CodeIgniter.php(368): CodeIgniter\CodeIgniter->handleRequest(null, Object(Config\Cache), false)
 9 FCPATH\index.php(67): CodeIgniter\CodeIgniter->run()
10 SYSTEMPATH\Commands\Server\rewrite.php(47): require_once('D:\\TUGAS\\KULIAH\\P2MW\\hehe\\gohitfinal\\public\\index.php')
INFO - 2025-05-20 15:06:05 --> Session: Class initialized using 'CodeIgniter\Session\Handlers\FileHandler' driver.
INFO - 2025-05-20 15:06:05 --> Session: Class initialized using 'CodeIgniter\Session\Handlers\FileHandler' driver.
CRITICAL - 2025-05-20 15:06:05 --> Undefined variable $tgl
in APPPATH\Views\detaileventp.php on line 24.
 1 APPPATH\Views\detaileventp.php(24): CodeIgniter\Debug\Exceptions->errorHandler(2, 'Undefined variable $tgl', 'D:\\TUGAS\\KULIAH\\P2MW\\hehe\\gohitfinal\\app\\Views\\detaileventp.php', 24)
 2 SYSTEMPATH\View\View.php(213): include('D:\\TUGAS\\KULIAH\\P2MW\\hehe\\gohitfinal\\app\\Views\\detaileventp.php')
 3 SYSTEMPATH\View\View.php(216): CodeIgniter\View\View->CodeIgniter\View\{closure}()
 4 SYSTEMPATH\Common.php(1184): CodeIgniter\View\View->render('detaileventp', [], true)
 5 APPPATH\Controllers\DetailEvent.php(458): view('detaileventp', [...])
 6 SYSTEMPATH\CodeIgniter.php(934): App\Controllers\DetailEvent->peserta('css', 'main.css')
 7 SYSTEMPATH\CodeIgniter.php(499): CodeIgniter\CodeIgniter->runController(Object(App\Controllers\DetailEvent))
 8 SYSTEMPATH\CodeIgniter.php(368): CodeIgniter\CodeIgniter->handleRequest(null, Object(Config\Cache), false)
 9 FCPATH\index.php(67): CodeIgniter\CodeIgniter->run()
10 SYSTEMPATH\Commands\Server\rewrite.php(47): require_once('D:\\TUGAS\\KULIAH\\P2MW\\hehe\\gohitfinal\\public\\index.php')
INFO - 2025-05-20 15:06:05 --> Session: Class initialized using 'CodeIgniter\Session\Handlers\FileHandler' driver.
CRITICAL - 2025-05-20 15:06:05 --> Undefined variable $tgl
in APPPATH\Views\detaileventp.php on line 24.
 1 APPPATH\Views\detaileventp.php(24): CodeIgniter\Debug\Exceptions->errorHandler(2, 'Undefined variable $tgl', 'D:\\TUGAS\\KULIAH\\P2MW\\hehe\\gohitfinal\\app\\Views\\detaileventp.php', 24)
 2 SYSTEMPATH\View\View.php(213): include('D:\\TUGAS\\KULIAH\\P2MW\\hehe\\gohitfinal\\app\\Views\\detaileventp.php')
 3 SYSTEMPATH\View\View.php(216): CodeIgniter\View\View->CodeIgniter\View\{closure}()
 4 SYSTEMPATH\Common.php(1184): CodeIgniter\View\View->render('detaileventp', [], true)
 5 APPPATH\Controllers\DetailEvent.php(458): view('detaileventp', [...])
 6 SYSTEMPATH\CodeIgniter.php(934): App\Controllers\DetailEvent->peserta('css', 'style.css')
 7 SYSTEMPATH\CodeIgniter.php(499): CodeIgniter\CodeIgniter->runController(Object(App\Controllers\DetailEvent))
 8 SYSTEMPATH\CodeIgniter.php(368): CodeIgniter\CodeIgniter->handleRequest(null, Object(Config\Cache), false)
 9 FCPATH\index.php(67): CodeIgniter\CodeIgniter->run()
10 SYSTEMPATH\Commands\Server\rewrite.php(47): require_once('D:\\TUGAS\\KULIAH\\P2MW\\hehe\\gohitfinal\\public\\index.php')
INFO - 2025-05-20 15:06:06 --> Session: Class initialized using 'CodeIgniter\Session\Handlers\FileHandler' driver.
CRITICAL - 2025-05-20 15:06:06 --> Undefined variable $tgl
in APPPATH\Views\detaileventp.php on line 24.
 1 APPPATH\Views\detaileventp.php(24): CodeIgniter\Debug\Exceptions->errorHandler(2, 'Undefined variable $tgl', 'D:\\TUGAS\\KULIAH\\P2MW\\hehe\\gohitfinal\\app\\Views\\detaileventp.php', 24)
 2 SYSTEMPATH\View\View.php(213): include('D:\\TUGAS\\KULIAH\\P2MW\\hehe\\gohitfinal\\app\\Views\\detaileventp.php')
 3 SYSTEMPATH\View\View.php(216): CodeIgniter\View\View->CodeIgniter\View\{closure}()
 4 SYSTEMPATH\Common.php(1184): CodeIgniter\View\View->render('detaileventp', [], true)
 5 APPPATH\Controllers\DetailEvent.php(458): view('detaileventp', [...])
 6 SYSTEMPATH\CodeIgniter.php(934): App\Controllers\DetailEvent->peserta('images', 'bg-01.jpg')
 7 SYSTEMPATH\CodeIgniter.php(499): CodeIgniter\CodeIgniter->runController(Object(App\Controllers\DetailEvent))
 8 SYSTEMPATH\CodeIgniter.php(368): CodeIgniter\CodeIgniter->handleRequest(null, Object(Config\Cache), false)
 9 FCPATH\index.php(67): CodeIgniter\CodeIgniter->run()
10 SYSTEMPATH\Commands\Server\rewrite.php(47): require_once('D:\\TUGAS\\KULIAH\\P2MW\\hehe\\gohitfinal\\public\\index.php')
INFO - 2025-05-20 15:06:08 --> Session: Class initialized using 'CodeIgniter\Session\Handlers\FileHandler' driver.
INFO - 2025-05-20 15:06:13 --> Session: Class initialized using 'CodeIgniter\Session\Handlers\FileHandler' driver.
INFO - 2025-05-20 15:06:13 --> Session: Class initialized using 'CodeIgniter\Session\Handlers\FileHandler' driver.
CRITICAL - 2025-05-20 15:06:13 --> foreach() argument must be of type array|object, null given
in SYSTEMPATH\Database\BaseBuilder.php on line 411.
 1 SYSTEMPATH\Database\BaseBuilder.php(411): CodeIgniter\Debug\Exceptions->errorHandler(2, 'foreach() argument must be of type array|object, null given', 'D:\\TUGAS\\KULIAH\\P2MW\\hehe\\gohitfinal\\system\\Database\\BaseBuilder.php', 411)
 2 SYSTEMPATH\Model.php(840): CodeIgniter\Database\BaseBuilder->select(null)
 3 APPPATH\Models\Fisher.php(20): CodeIgniter\Model->__call('select', [...])
 4 APPPATH\Controllers\DetailEvent.php(69): App\Models\Fisher->getUserPointBySport(null, null)
 5 SYSTEMPATH\CodeIgniter.php(934): App\Controllers\DetailEvent->index('css', 'main.css')
 6 SYSTEMPATH\CodeIgniter.php(499): CodeIgniter\CodeIgniter->runController(Object(App\Controllers\DetailEvent))
 7 SYSTEMPATH\CodeIgniter.php(368): CodeIgniter\CodeIgniter->handleRequest(null, Object(Config\Cache), false)
 8 FCPATH\index.php(67): CodeIgniter\CodeIgniter->run()
 9 SYSTEMPATH\Commands\Server\rewrite.php(47): require_once('D:\\TUGAS\\KULIAH\\P2MW\\hehe\\gohitfinal\\public\\index.php')
INFO - 2025-05-20 15:06:13 --> Session: Class initialized using 'CodeIgniter\Session\Handlers\FileHandler' driver.
CRITICAL - 2025-05-20 15:06:13 --> foreach() argument must be of type array|object, null given
in SYSTEMPATH\Database\BaseBuilder.php on line 411.
 1 SYSTEMPATH\Database\BaseBuilder.php(411): CodeIgniter\Debug\Exceptions->errorHandler(2, 'foreach() argument must be of type array|object, null given', 'D:\\TUGAS\\KULIAH\\P2MW\\hehe\\gohitfinal\\system\\Database\\BaseBuilder.php', 411)
 2 SYSTEMPATH\Model.php(840): CodeIgniter\Database\BaseBuilder->select(null)
 3 APPPATH\Models\Fisher.php(20): CodeIgniter\Model->__call('select', [...])
 4 APPPATH\Controllers\DetailEvent.php(69): App\Models\Fisher->getUserPointBySport(null, null)
 5 SYSTEMPATH\CodeIgniter.php(934): App\Controllers\DetailEvent->index('css', 'style.css')
 6 SYSTEMPATH\CodeIgniter.php(499): CodeIgniter\CodeIgniter->runController(Object(App\Controllers\DetailEvent))
 7 SYSTEMPATH\CodeIgniter.php(368): CodeIgniter\CodeIgniter->handleRequest(null, Object(Config\Cache), false)
 8 FCPATH\index.php(67): CodeIgniter\CodeIgniter->run()
 9 SYSTEMPATH\Commands\Server\rewrite.php(47): require_once('D:\\TUGAS\\KULIAH\\P2MW\\hehe\\gohitfinal\\public\\index.php')
INFO - 2025-05-20 15:06:13 --> Session: Class initialized using 'CodeIgniter\Session\Handlers\FileHandler' driver.
CRITICAL - 2025-05-20 15:06:13 --> foreach() argument must be of type array|object, null given
in SYSTEMPATH\Database\BaseBuilder.php on line 411.
 1 SYSTEMPATH\Database\BaseBuilder.php(411): CodeIgniter\Debug\Exceptions->errorHandler(2, 'foreach() argument must be of type array|object, null given', 'D:\\TUGAS\\KULIAH\\P2MW\\hehe\\gohitfinal\\system\\Database\\BaseBuilder.php', 411)
 2 SYSTEMPATH\Model.php(840): CodeIgniter\Database\BaseBuilder->select(null)
 3 APPPATH\Models\Fisher.php(20): CodeIgniter\Model->__call('select', [...])
 4 APPPATH\Controllers\DetailEvent.php(69): App\Models\Fisher->getUserPointBySport(null, null)
 5 SYSTEMPATH\CodeIgniter.php(934): App\Controllers\DetailEvent->index('images', 'bg-01.jpg')
 6 SYSTEMPATH\CodeIgniter.php(499): CodeIgniter\CodeIgniter->runController(Object(App\Controllers\DetailEvent))
 7 SYSTEMPATH\CodeIgniter.php(368): CodeIgniter\CodeIgniter->handleRequest(null, Object(Config\Cache), false)
 8 FCPATH\index.php(67): CodeIgniter\CodeIgniter->run()
 9 SYSTEMPATH\Commands\Server\rewrite.php(47): require_once('D:\\TUGAS\\KULIAH\\P2MW\\hehe\\gohitfinal\\public\\index.php')
INFO - 2025-05-20 15:07:32 --> Session: Class initialized using 'CodeIgniter\Session\Handlers\FileHandler' driver.
INFO - 2025-05-20 15:07:33 --> Session: Class initialized using 'CodeIgniter\Session\Handlers\FileHandler' driver.
CRITICAL - 2025-05-20 15:07:33 --> foreach() argument must be of type array|object, null given
in SYSTEMPATH\Database\BaseBuilder.php on line 411.
 1 SYSTEMPATH\Database\BaseBuilder.php(411): CodeIgniter\Debug\Exceptions->errorHandler(2, 'foreach() argument must be of type array|object, null given', 'D:\\TUGAS\\KULIAH\\P2MW\\hehe\\gohitfinal\\system\\Database\\BaseBuilder.php', 411)
 2 SYSTEMPATH\Model.php(840): CodeIgniter\Database\BaseBuilder->select(null)
 3 APPPATH\Models\Fisher.php(20): CodeIgniter\Model->__call('select', [...])
 4 APPPATH\Controllers\DetailEvent.php(69): App\Models\Fisher->getUserPointBySport(null, null)
 5 SYSTEMPATH\CodeIgniter.php(934): App\Controllers\DetailEvent->index('css', 'main.css')
 6 SYSTEMPATH\CodeIgniter.php(499): CodeIgniter\CodeIgniter->runController(Object(App\Controllers\DetailEvent))
 7 SYSTEMPATH\CodeIgniter.php(368): CodeIgniter\CodeIgniter->handleRequest(null, Object(Config\Cache), false)
 8 FCPATH\index.php(67): CodeIgniter\CodeIgniter->run()
 9 SYSTEMPATH\Commands\Server\rewrite.php(47): require_once('D:\\TUGAS\\KULIAH\\P2MW\\hehe\\gohitfinal\\public\\index.php')
INFO - 2025-05-20 15:07:33 --> Session: Class initialized using 'CodeIgniter\Session\Handlers\FileHandler' driver.
CRITICAL - 2025-05-20 15:07:33 --> foreach() argument must be of type array|object, null given
in SYSTEMPATH\Database\BaseBuilder.php on line 411.
 1 SYSTEMPATH\Database\BaseBuilder.php(411): CodeIgniter\Debug\Exceptions->errorHandler(2, 'foreach() argument must be of type array|object, null given', 'D:\\TUGAS\\KULIAH\\P2MW\\hehe\\gohitfinal\\system\\Database\\BaseBuilder.php', 411)
 2 SYSTEMPATH\Model.php(840): CodeIgniter\Database\BaseBuilder->select(null)
 3 APPPATH\Models\Fisher.php(20): CodeIgniter\Model->__call('select', [...])
 4 APPPATH\Controllers\DetailEvent.php(69): App\Models\Fisher->getUserPointBySport(null, null)
 5 SYSTEMPATH\CodeIgniter.php(934): App\Controllers\DetailEvent->index('css', 'style.css')
 6 SYSTEMPATH\CodeIgniter.php(499): CodeIgniter\CodeIgniter->runController(Object(App\Controllers\DetailEvent))
 7 SYSTEMPATH\CodeIgniter.php(368): CodeIgniter\CodeIgniter->handleRequest(null, Object(Config\Cache), false)
 8 FCPATH\index.php(67): CodeIgniter\CodeIgniter->run()
 9 SYSTEMPATH\Commands\Server\rewrite.php(47): require_once('D:\\TUGAS\\KULIAH\\P2MW\\hehe\\gohitfinal\\public\\index.php')
INFO - 2025-05-20 15:07:33 --> Session: Class initialized using 'CodeIgniter\Session\Handlers\FileHandler' driver.
CRITICAL - 2025-05-20 15:07:33 --> foreach() argument must be of type array|object, null given
in SYSTEMPATH\Database\BaseBuilder.php on line 411.
 1 SYSTEMPATH\Database\BaseBuilder.php(411): CodeIgniter\Debug\Exceptions->errorHandler(2, 'foreach() argument must be of type array|object, null given', 'D:\\TUGAS\\KULIAH\\P2MW\\hehe\\gohitfinal\\system\\Database\\BaseBuilder.php', 411)
 2 SYSTEMPATH\Model.php(840): CodeIgniter\Database\BaseBuilder->select(null)
 3 APPPATH\Models\Fisher.php(20): CodeIgniter\Model->__call('select', [...])
 4 APPPATH\Controllers\DetailEvent.php(69): App\Models\Fisher->getUserPointBySport(null, null)
 5 SYSTEMPATH\CodeIgniter.php(934): App\Controllers\DetailEvent->index('images', 'bg-01.jpg')
 6 SYSTEMPATH\CodeIgniter.php(499): CodeIgniter\CodeIgniter->runController(Object(App\Controllers\DetailEvent))
 7 SYSTEMPATH\CodeIgniter.php(368): CodeIgniter\CodeIgniter->handleRequest(null, Object(Config\Cache), false)
 8 FCPATH\index.php(67): CodeIgniter\CodeIgniter->run()
 9 SYSTEMPATH\Commands\Server\rewrite.php(47): require_once('D:\\TUGAS\\KULIAH\\P2MW\\hehe\\gohitfinal\\public\\index.php')
