INFO - 2025-07-17 00:30:38 --> Session: Class initialized using 'CodeIgniter\Session\Handlers\FileHandler' driver.
INFO - 2025-07-17 00:30:55 --> Session: Class initialized using 'CodeIgniter\Session\Handlers\FileHandler' driver.
INFO - 2025-07-17 00:30:55 --> Session: Class initialized using 'CodeIgniter\Session\Handlers\FileHandler' driver.
INFO - 2025-07-17 00:31:04 --> Session: Class initialized using 'CodeIgniter\Session\Handlers\FileHandler' driver.
INFO - 2025-07-17 00:31:04 --> Session: Class initialized using 'CodeIgniter\Session\Handlers\FileHandler' driver.
CRITICAL - 2025-07-17 00:31:04 --> foreach() argument must be of type array|object, null given
in SYSTEMPATH\Database\BaseBuilder.php on line 411.
 1 SYSTEMPATH\Database\BaseBuilder.php(411): CodeIgniter\Debug\Exceptions->errorHandler(2, 'foreach() argument must be of type array|object, null given', 'D:\\TUGAS\\KULIAH\\P2MW\\hehe\\gohitfinal\\system\\Database\\BaseBuilder.php', 411)
 2 SYSTEMPATH\Model.php(840): CodeIgniter\Database\BaseBuilder->select(null)
 3 APPPATH\Models\Fisher.php(20): CodeIgniter\Model->__call('select', [...])
 4 APPPATH\Controllers\DetailEvent.php(69): App\Models\Fisher->getUserPointBySport(null, null)
 5 SYSTEMPATH\CodeIgniter.php(934): App\Controllers\DetailEvent->index('css', 'main.css')
 6 SYSTEMPATH\CodeIgniter.php(499): CodeIgniter\CodeIgniter->runController(Object(App\Controllers\DetailEvent))
 7 SYSTEMPATH\CodeIgniter.php(368): CodeIgniter\CodeIgniter->handleRequest(null, Object(Config\Cache), false)
 8 FCPATH\index.php(67): CodeIgniter\CodeIgniter->run()
 9 SYSTEMPATH\Commands\Server\rewrite.php(47): require_once('D:\\TUGAS\\KULIAH\\P2MW\\hehe\\gohitfinal\\public\\index.php')
INFO - 2025-07-17 00:31:04 --> Session: Class initialized using 'CodeIgniter\Session\Handlers\FileHandler' driver.
CRITICAL - 2025-07-17 00:31:04 --> foreach() argument must be of type array|object, null given
in SYSTEMPATH\Database\BaseBuilder.php on line 411.
 1 SYSTEMPATH\Database\BaseBuilder.php(411): CodeIgniter\Debug\Exceptions->errorHandler(2, 'foreach() argument must be of type array|object, null given', 'D:\\TUGAS\\KULIAH\\P2MW\\hehe\\gohitfinal\\system\\Database\\BaseBuilder.php', 411)
 2 SYSTEMPATH\Model.php(840): CodeIgniter\Database\BaseBuilder->select(null)
 3 APPPATH\Models\Fisher.php(20): CodeIgniter\Model->__call('select', [...])
 4 APPPATH\Controllers\DetailEvent.php(69): App\Models\Fisher->getUserPointBySport(null, null)
 5 SYSTEMPATH\CodeIgniter.php(934): App\Controllers\DetailEvent->index('css', 'style.css')
 6 SYSTEMPATH\CodeIgniter.php(499): CodeIgniter\CodeIgniter->runController(Object(App\Controllers\DetailEvent))
 7 SYSTEMPATH\CodeIgniter.php(368): CodeIgniter\CodeIgniter->handleRequest(null, Object(Config\Cache), false)
 8 FCPATH\index.php(67): CodeIgniter\CodeIgniter->run()
 9 SYSTEMPATH\Commands\Server\rewrite.php(47): require_once('D:\\TUGAS\\KULIAH\\P2MW\\hehe\\gohitfinal\\public\\index.php')
INFO - 2025-07-17 00:31:05 --> Session: Class initialized using 'CodeIgniter\Session\Handlers\FileHandler' driver.
CRITICAL - 2025-07-17 00:31:05 --> foreach() argument must be of type array|object, null given
in SYSTEMPATH\Database\BaseBuilder.php on line 411.
 1 SYSTEMPATH\Database\BaseBuilder.php(411): CodeIgniter\Debug\Exceptions->errorHandler(2, 'foreach() argument must be of type array|object, null given', 'D:\\TUGAS\\KULIAH\\P2MW\\hehe\\gohitfinal\\system\\Database\\BaseBuilder.php', 411)
 2 SYSTEMPATH\Model.php(840): CodeIgniter\Database\BaseBuilder->select(null)
 3 APPPATH\Models\Fisher.php(20): CodeIgniter\Model->__call('select', [...])
 4 APPPATH\Controllers\DetailEvent.php(69): App\Models\Fisher->getUserPointBySport(null, null)
 5 SYSTEMPATH\CodeIgniter.php(934): App\Controllers\DetailEvent->index('images', 'bg-01.jpg')
 6 SYSTEMPATH\CodeIgniter.php(499): CodeIgniter\CodeIgniter->runController(Object(App\Controllers\DetailEvent))
 7 SYSTEMPATH\CodeIgniter.php(368): CodeIgniter\CodeIgniter->handleRequest(null, Object(Config\Cache), false)
 8 FCPATH\index.php(67): CodeIgniter\CodeIgniter->run()
 9 SYSTEMPATH\Commands\Server\rewrite.php(47): require_once('D:\\TUGAS\\KULIAH\\P2MW\\hehe\\gohitfinal\\public\\index.php')
INFO - 2025-07-17 00:31:13 --> Session: Class initialized using 'CodeIgniter\Session\Handlers\FileHandler' driver.
INFO - 2025-07-17 00:31:16 --> Session: Class initialized using 'CodeIgniter\Session\Handlers\FileHandler' driver.
INFO - 2025-07-17 00:31:16 --> Session: Class initialized using 'CodeIgniter\Session\Handlers\FileHandler' driver.
CRITICAL - 2025-07-17 00:31:16 --> Undefined variable $tgl
in APPPATH\Views\detaileventp.php on line 24.
 1 APPPATH\Views\detaileventp.php(24): CodeIgniter\Debug\Exceptions->errorHandler(2, 'Undefined variable $tgl', 'D:\\TUGAS\\KULIAH\\P2MW\\hehe\\gohitfinal\\app\\Views\\detaileventp.php', 24)
 2 SYSTEMPATH\View\View.php(213): include('D:\\TUGAS\\KULIAH\\P2MW\\hehe\\gohitfinal\\app\\Views\\detaileventp.php')
 3 SYSTEMPATH\View\View.php(216): CodeIgniter\View\View->CodeIgniter\View\{closure}()
 4 SYSTEMPATH\Common.php(1184): CodeIgniter\View\View->render('detaileventp', [], true)
 5 APPPATH\Controllers\DetailEvent.php(481): view('detaileventp', [...])
 6 SYSTEMPATH\CodeIgniter.php(934): App\Controllers\DetailEvent->peserta('css', 'main.css')
 7 SYSTEMPATH\CodeIgniter.php(499): CodeIgniter\CodeIgniter->runController(Object(App\Controllers\DetailEvent))
 8 SYSTEMPATH\CodeIgniter.php(368): CodeIgniter\CodeIgniter->handleRequest(null, Object(Config\Cache), false)
 9 FCPATH\index.php(67): CodeIgniter\CodeIgniter->run()
10 SYSTEMPATH\Commands\Server\rewrite.php(47): require_once('D:\\TUGAS\\KULIAH\\P2MW\\hehe\\gohitfinal\\public\\index.php')
INFO - 2025-07-17 00:31:16 --> Session: Class initialized using 'CodeIgniter\Session\Handlers\FileHandler' driver.
CRITICAL - 2025-07-17 00:31:16 --> Undefined variable $tgl
in APPPATH\Views\detaileventp.php on line 24.
 1 APPPATH\Views\detaileventp.php(24): CodeIgniter\Debug\Exceptions->errorHandler(2, 'Undefined variable $tgl', 'D:\\TUGAS\\KULIAH\\P2MW\\hehe\\gohitfinal\\app\\Views\\detaileventp.php', 24)
 2 SYSTEMPATH\View\View.php(213): include('D:\\TUGAS\\KULIAH\\P2MW\\hehe\\gohitfinal\\app\\Views\\detaileventp.php')
 3 SYSTEMPATH\View\View.php(216): CodeIgniter\View\View->CodeIgniter\View\{closure}()
 4 SYSTEMPATH\Common.php(1184): CodeIgniter\View\View->render('detaileventp', [], true)
 5 APPPATH\Controllers\DetailEvent.php(481): view('detaileventp', [...])
 6 SYSTEMPATH\CodeIgniter.php(934): App\Controllers\DetailEvent->peserta('css', 'style.css')
 7 SYSTEMPATH\CodeIgniter.php(499): CodeIgniter\CodeIgniter->runController(Object(App\Controllers\DetailEvent))
 8 SYSTEMPATH\CodeIgniter.php(368): CodeIgniter\CodeIgniter->handleRequest(null, Object(Config\Cache), false)
 9 FCPATH\index.php(67): CodeIgniter\CodeIgniter->run()
10 SYSTEMPATH\Commands\Server\rewrite.php(47): require_once('D:\\TUGAS\\KULIAH\\P2MW\\hehe\\gohitfinal\\public\\index.php')
INFO - 2025-07-17 00:31:16 --> Session: Class initialized using 'CodeIgniter\Session\Handlers\FileHandler' driver.
CRITICAL - 2025-07-17 00:31:16 --> Undefined variable $tgl
in APPPATH\Views\detaileventp.php on line 24.
 1 APPPATH\Views\detaileventp.php(24): CodeIgniter\Debug\Exceptions->errorHandler(2, 'Undefined variable $tgl', 'D:\\TUGAS\\KULIAH\\P2MW\\hehe\\gohitfinal\\app\\Views\\detaileventp.php', 24)
 2 SYSTEMPATH\View\View.php(213): include('D:\\TUGAS\\KULIAH\\P2MW\\hehe\\gohitfinal\\app\\Views\\detaileventp.php')
 3 SYSTEMPATH\View\View.php(216): CodeIgniter\View\View->CodeIgniter\View\{closure}()
 4 SYSTEMPATH\Common.php(1184): CodeIgniter\View\View->render('detaileventp', [], true)
 5 APPPATH\Controllers\DetailEvent.php(481): view('detaileventp', [...])
 6 SYSTEMPATH\CodeIgniter.php(934): App\Controllers\DetailEvent->peserta('images', 'bg-01.jpg')
 7 SYSTEMPATH\CodeIgniter.php(499): CodeIgniter\CodeIgniter->runController(Object(App\Controllers\DetailEvent))
 8 SYSTEMPATH\CodeIgniter.php(368): CodeIgniter\CodeIgniter->handleRequest(null, Object(Config\Cache), false)
 9 FCPATH\index.php(67): CodeIgniter\CodeIgniter->run()
10 SYSTEMPATH\Commands\Server\rewrite.php(47): require_once('D:\\TUGAS\\KULIAH\\P2MW\\hehe\\gohitfinal\\public\\index.php')
INFO - 2025-07-17 00:31:21 --> Session: Class initialized using 'CodeIgniter\Session\Handlers\FileHandler' driver.
INFO - 2025-07-17 00:31:21 --> Session: Class initialized using 'CodeIgniter\Session\Handlers\FileHandler' driver.
INFO - 2025-07-17 00:31:22 --> Session: Class initialized using 'CodeIgniter\Session\Handlers\FileHandler' driver.
CRITICAL - 2025-07-17 00:31:22 --> Undefined variable $tgl
in APPPATH\Views\detaileventp.php on line 24.
 1 APPPATH\Views\detaileventp.php(24): CodeIgniter\Debug\Exceptions->errorHandler(2, 'Undefined variable $tgl', 'D:\\TUGAS\\KULIAH\\P2MW\\hehe\\gohitfinal\\app\\Views\\detaileventp.php', 24)
 2 SYSTEMPATH\View\View.php(213): include('D:\\TUGAS\\KULIAH\\P2MW\\hehe\\gohitfinal\\app\\Views\\detaileventp.php')
 3 SYSTEMPATH\View\View.php(216): CodeIgniter\View\View->CodeIgniter\View\{closure}()
 4 SYSTEMPATH\Common.php(1184): CodeIgniter\View\View->render('detaileventp', [], true)
 5 APPPATH\Controllers\DetailEvent.php(481): view('detaileventp', [...])
 6 SYSTEMPATH\CodeIgniter.php(934): App\Controllers\DetailEvent->peserta('css', 'main.css')
 7 SYSTEMPATH\CodeIgniter.php(499): CodeIgniter\CodeIgniter->runController(Object(App\Controllers\DetailEvent))
 8 SYSTEMPATH\CodeIgniter.php(368): CodeIgniter\CodeIgniter->handleRequest(null, Object(Config\Cache), false)
 9 FCPATH\index.php(67): CodeIgniter\CodeIgniter->run()
10 SYSTEMPATH\Commands\Server\rewrite.php(47): require_once('D:\\TUGAS\\KULIAH\\P2MW\\hehe\\gohitfinal\\public\\index.php')
INFO - 2025-07-17 00:31:22 --> Session: Class initialized using 'CodeIgniter\Session\Handlers\FileHandler' driver.
CRITICAL - 2025-07-17 00:31:22 --> Undefined variable $tgl
in APPPATH\Views\detaileventp.php on line 24.
 1 APPPATH\Views\detaileventp.php(24): CodeIgniter\Debug\Exceptions->errorHandler(2, 'Undefined variable $tgl', 'D:\\TUGAS\\KULIAH\\P2MW\\hehe\\gohitfinal\\app\\Views\\detaileventp.php', 24)
 2 SYSTEMPATH\View\View.php(213): include('D:\\TUGAS\\KULIAH\\P2MW\\hehe\\gohitfinal\\app\\Views\\detaileventp.php')
 3 SYSTEMPATH\View\View.php(216): CodeIgniter\View\View->CodeIgniter\View\{closure}()
 4 SYSTEMPATH\Common.php(1184): CodeIgniter\View\View->render('detaileventp', [], true)
 5 APPPATH\Controllers\DetailEvent.php(481): view('detaileventp', [...])
 6 SYSTEMPATH\CodeIgniter.php(934): App\Controllers\DetailEvent->peserta('css', 'style.css')
 7 SYSTEMPATH\CodeIgniter.php(499): CodeIgniter\CodeIgniter->runController(Object(App\Controllers\DetailEvent))
 8 SYSTEMPATH\CodeIgniter.php(368): CodeIgniter\CodeIgniter->handleRequest(null, Object(Config\Cache), false)
 9 FCPATH\index.php(67): CodeIgniter\CodeIgniter->run()
10 SYSTEMPATH\Commands\Server\rewrite.php(47): require_once('D:\\TUGAS\\KULIAH\\P2MW\\hehe\\gohitfinal\\public\\index.php')
INFO - 2025-07-17 00:31:22 --> Session: Class initialized using 'CodeIgniter\Session\Handlers\FileHandler' driver.
CRITICAL - 2025-07-17 00:31:22 --> Undefined variable $tgl
in APPPATH\Views\detaileventp.php on line 24.
 1 APPPATH\Views\detaileventp.php(24): CodeIgniter\Debug\Exceptions->errorHandler(2, 'Undefined variable $tgl', 'D:\\TUGAS\\KULIAH\\P2MW\\hehe\\gohitfinal\\app\\Views\\detaileventp.php', 24)
 2 SYSTEMPATH\View\View.php(213): include('D:\\TUGAS\\KULIAH\\P2MW\\hehe\\gohitfinal\\app\\Views\\detaileventp.php')
 3 SYSTEMPATH\View\View.php(216): CodeIgniter\View\View->CodeIgniter\View\{closure}()
 4 SYSTEMPATH\Common.php(1184): CodeIgniter\View\View->render('detaileventp', [], true)
 5 APPPATH\Controllers\DetailEvent.php(481): view('detaileventp', [...])
 6 SYSTEMPATH\CodeIgniter.php(934): App\Controllers\DetailEvent->peserta('images', 'bg-01.jpg')
 7 SYSTEMPATH\CodeIgniter.php(499): CodeIgniter\CodeIgniter->runController(Object(App\Controllers\DetailEvent))
 8 SYSTEMPATH\CodeIgniter.php(368): CodeIgniter\CodeIgniter->handleRequest(null, Object(Config\Cache), false)
 9 FCPATH\index.php(67): CodeIgniter\CodeIgniter->run()
10 SYSTEMPATH\Commands\Server\rewrite.php(47): require_once('D:\\TUGAS\\KULIAH\\P2MW\\hehe\\gohitfinal\\public\\index.php')
INFO - 2025-07-17 01:10:32 --> Session: Class initialized using 'CodeIgniter\Session\Handlers\FileHandler' driver.
INFO - 2025-07-17 01:10:39 --> Session: Class initialized using 'CodeIgniter\Session\Handlers\FileHandler' driver.
INFO - 2025-07-17 01:10:49 --> Session: Class initialized using 'CodeIgniter\Session\Handlers\FileHandler' driver.
INFO - 2025-07-17 01:10:49 --> Session: Class initialized using 'CodeIgniter\Session\Handlers\FileHandler' driver.
CRITICAL - 2025-07-17 01:10:49 --> Undefined variable $tgl
in APPPATH\Views\detaileventp.php on line 24.
 1 APPPATH\Views\detaileventp.php(24): CodeIgniter\Debug\Exceptions->errorHandler(2, 'Undefined variable $tgl', 'D:\\TUGAS\\KULIAH\\P2MW\\hehe\\gohitfinal\\app\\Views\\detaileventp.php', 24)
 2 SYSTEMPATH\View\View.php(213): include('D:\\TUGAS\\KULIAH\\P2MW\\hehe\\gohitfinal\\app\\Views\\detaileventp.php')
 3 SYSTEMPATH\View\View.php(216): CodeIgniter\View\View->CodeIgniter\View\{closure}()
 4 SYSTEMPATH\Common.php(1184): CodeIgniter\View\View->render('detaileventp', [], true)
 5 APPPATH\Controllers\DetailEvent.php(481): view('detaileventp', [...])
 6 SYSTEMPATH\CodeIgniter.php(934): App\Controllers\DetailEvent->peserta('css', 'main.css')
 7 SYSTEMPATH\CodeIgniter.php(499): CodeIgniter\CodeIgniter->runController(Object(App\Controllers\DetailEvent))
 8 SYSTEMPATH\CodeIgniter.php(368): CodeIgniter\CodeIgniter->handleRequest(null, Object(Config\Cache), false)
 9 FCPATH\index.php(67): CodeIgniter\CodeIgniter->run()
10 SYSTEMPATH\Commands\Server\rewrite.php(47): require_once('D:\\TUGAS\\KULIAH\\P2MW\\hehe\\gohitfinal\\public\\index.php')
INFO - 2025-07-17 01:10:50 --> Session: Class initialized using 'CodeIgniter\Session\Handlers\FileHandler' driver.
CRITICAL - 2025-07-17 01:10:50 --> Undefined variable $tgl
in APPPATH\Views\detaileventp.php on line 24.
 1 APPPATH\Views\detaileventp.php(24): CodeIgniter\Debug\Exceptions->errorHandler(2, 'Undefined variable $tgl', 'D:\\TUGAS\\KULIAH\\P2MW\\hehe\\gohitfinal\\app\\Views\\detaileventp.php', 24)
 2 SYSTEMPATH\View\View.php(213): include('D:\\TUGAS\\KULIAH\\P2MW\\hehe\\gohitfinal\\app\\Views\\detaileventp.php')
 3 SYSTEMPATH\View\View.php(216): CodeIgniter\View\View->CodeIgniter\View\{closure}()
 4 SYSTEMPATH\Common.php(1184): CodeIgniter\View\View->render('detaileventp', [], true)
 5 APPPATH\Controllers\DetailEvent.php(481): view('detaileventp', [...])
 6 SYSTEMPATH\CodeIgniter.php(934): App\Controllers\DetailEvent->peserta('css', 'style.css')
 7 SYSTEMPATH\CodeIgniter.php(499): CodeIgniter\CodeIgniter->runController(Object(App\Controllers\DetailEvent))
 8 SYSTEMPATH\CodeIgniter.php(368): CodeIgniter\CodeIgniter->handleRequest(null, Object(Config\Cache), false)
 9 FCPATH\index.php(67): CodeIgniter\CodeIgniter->run()
10 SYSTEMPATH\Commands\Server\rewrite.php(47): require_once('D:\\TUGAS\\KULIAH\\P2MW\\hehe\\gohitfinal\\public\\index.php')
INFO - 2025-07-17 01:10:50 --> Session: Class initialized using 'CodeIgniter\Session\Handlers\FileHandler' driver.
CRITICAL - 2025-07-17 01:10:50 --> Undefined variable $tgl
in APPPATH\Views\detaileventp.php on line 24.
 1 APPPATH\Views\detaileventp.php(24): CodeIgniter\Debug\Exceptions->errorHandler(2, 'Undefined variable $tgl', 'D:\\TUGAS\\KULIAH\\P2MW\\hehe\\gohitfinal\\app\\Views\\detaileventp.php', 24)
 2 SYSTEMPATH\View\View.php(213): include('D:\\TUGAS\\KULIAH\\P2MW\\hehe\\gohitfinal\\app\\Views\\detaileventp.php')
 3 SYSTEMPATH\View\View.php(216): CodeIgniter\View\View->CodeIgniter\View\{closure}()
 4 SYSTEMPATH\Common.php(1184): CodeIgniter\View\View->render('detaileventp', [], true)
 5 APPPATH\Controllers\DetailEvent.php(481): view('detaileventp', [...])
 6 SYSTEMPATH\CodeIgniter.php(934): App\Controllers\DetailEvent->peserta('images', 'bg-01.jpg')
 7 SYSTEMPATH\CodeIgniter.php(499): CodeIgniter\CodeIgniter->runController(Object(App\Controllers\DetailEvent))
 8 SYSTEMPATH\CodeIgniter.php(368): CodeIgniter\CodeIgniter->handleRequest(null, Object(Config\Cache), false)
 9 FCPATH\index.php(67): CodeIgniter\CodeIgniter->run()
10 SYSTEMPATH\Commands\Server\rewrite.php(47): require_once('D:\\TUGAS\\KULIAH\\P2MW\\hehe\\gohitfinal\\public\\index.php')
INFO - 2025-07-17 01:45:39 --> Session: Class initialized using 'CodeIgniter\Session\Handlers\FileHandler' driver.
INFO - 2025-07-17 01:45:40 --> Session: Class initialized using 'CodeIgniter\Session\Handlers\FileHandler' driver.
INFO - 2025-07-17 01:45:43 --> Session: Class initialized using 'CodeIgniter\Session\Handlers\FileHandler' driver.
INFO - 2025-07-17 01:45:46 --> Session: Class initialized using 'CodeIgniter\Session\Handlers\FileHandler' driver.
INFO - 2025-07-17 01:45:59 --> Session: Class initialized using 'CodeIgniter\Session\Handlers\FileHandler' driver.
INFO - 2025-07-17 01:46:03 --> Session: Class initialized using 'CodeIgniter\Session\Handlers\FileHandler' driver.
INFO - 2025-07-17 01:46:03 --> Session: Class initialized using 'CodeIgniter\Session\Handlers\FileHandler' driver.
CRITICAL - 2025-07-17 01:46:03 --> Undefined variable $tgl
in APPPATH\Views\detaileventp.php on line 24.
 1 APPPATH\Views\detaileventp.php(24): CodeIgniter\Debug\Exceptions->errorHandler(2, 'Undefined variable $tgl', 'D:\\TUGAS\\KULIAH\\P2MW\\hehe\\gohitfinal\\app\\Views\\detaileventp.php', 24)
 2 SYSTEMPATH\View\View.php(213): include('D:\\TUGAS\\KULIAH\\P2MW\\hehe\\gohitfinal\\app\\Views\\detaileventp.php')
 3 SYSTEMPATH\View\View.php(216): CodeIgniter\View\View->CodeIgniter\View\{closure}()
 4 SYSTEMPATH\Common.php(1184): CodeIgniter\View\View->render('detaileventp', [], true)
 5 APPPATH\Controllers\DetailEvent.php(481): view('detaileventp', [...])
 6 SYSTEMPATH\CodeIgniter.php(934): App\Controllers\DetailEvent->peserta('css', 'main.css')
 7 SYSTEMPATH\CodeIgniter.php(499): CodeIgniter\CodeIgniter->runController(Object(App\Controllers\DetailEvent))
 8 SYSTEMPATH\CodeIgniter.php(368): CodeIgniter\CodeIgniter->handleRequest(null, Object(Config\Cache), false)
 9 FCPATH\index.php(67): CodeIgniter\CodeIgniter->run()
10 SYSTEMPATH\Commands\Server\rewrite.php(47): require_once('D:\\TUGAS\\KULIAH\\P2MW\\hehe\\gohitfinal\\public\\index.php')
INFO - 2025-07-17 01:46:03 --> Session: Class initialized using 'CodeIgniter\Session\Handlers\FileHandler' driver.
CRITICAL - 2025-07-17 01:46:03 --> Undefined variable $tgl
in APPPATH\Views\detaileventp.php on line 24.
 1 APPPATH\Views\detaileventp.php(24): CodeIgniter\Debug\Exceptions->errorHandler(2, 'Undefined variable $tgl', 'D:\\TUGAS\\KULIAH\\P2MW\\hehe\\gohitfinal\\app\\Views\\detaileventp.php', 24)
 2 SYSTEMPATH\View\View.php(213): include('D:\\TUGAS\\KULIAH\\P2MW\\hehe\\gohitfinal\\app\\Views\\detaileventp.php')
 3 SYSTEMPATH\View\View.php(216): CodeIgniter\View\View->CodeIgniter\View\{closure}()
 4 SYSTEMPATH\Common.php(1184): CodeIgniter\View\View->render('detaileventp', [], true)
 5 APPPATH\Controllers\DetailEvent.php(481): view('detaileventp', [...])
 6 SYSTEMPATH\CodeIgniter.php(934): App\Controllers\DetailEvent->peserta('css', 'style.css')
 7 SYSTEMPATH\CodeIgniter.php(499): CodeIgniter\CodeIgniter->runController(Object(App\Controllers\DetailEvent))
 8 SYSTEMPATH\CodeIgniter.php(368): CodeIgniter\CodeIgniter->handleRequest(null, Object(Config\Cache), false)
 9 FCPATH\index.php(67): CodeIgniter\CodeIgniter->run()
10 SYSTEMPATH\Commands\Server\rewrite.php(47): require_once('D:\\TUGAS\\KULIAH\\P2MW\\hehe\\gohitfinal\\public\\index.php')
INFO - 2025-07-17 01:46:03 --> Session: Class initialized using 'CodeIgniter\Session\Handlers\FileHandler' driver.
CRITICAL - 2025-07-17 01:46:04 --> Undefined variable $tgl
in APPPATH\Views\detaileventp.php on line 24.
 1 APPPATH\Views\detaileventp.php(24): CodeIgniter\Debug\Exceptions->errorHandler(2, 'Undefined variable $tgl', 'D:\\TUGAS\\KULIAH\\P2MW\\hehe\\gohitfinal\\app\\Views\\detaileventp.php', 24)
 2 SYSTEMPATH\View\View.php(213): include('D:\\TUGAS\\KULIAH\\P2MW\\hehe\\gohitfinal\\app\\Views\\detaileventp.php')
 3 SYSTEMPATH\View\View.php(216): CodeIgniter\View\View->CodeIgniter\View\{closure}()
 4 SYSTEMPATH\Common.php(1184): CodeIgniter\View\View->render('detaileventp', [], true)
 5 APPPATH\Controllers\DetailEvent.php(481): view('detaileventp', [...])
 6 SYSTEMPATH\CodeIgniter.php(934): App\Controllers\DetailEvent->peserta('images', 'bg-01.jpg')
 7 SYSTEMPATH\CodeIgniter.php(499): CodeIgniter\CodeIgniter->runController(Object(App\Controllers\DetailEvent))
 8 SYSTEMPATH\CodeIgniter.php(368): CodeIgniter\CodeIgniter->handleRequest(null, Object(Config\Cache), false)
 9 FCPATH\index.php(67): CodeIgniter\CodeIgniter->run()
10 SYSTEMPATH\Commands\Server\rewrite.php(47): require_once('D:\\TUGAS\\KULIAH\\P2MW\\hehe\\gohitfinal\\public\\index.php')
INFO - 2025-07-17 01:46:14 --> Session: Class initialized using 'CodeIgniter\Session\Handlers\FileHandler' driver.
INFO - 2025-07-17 01:46:14 --> Session: Class initialized using 'CodeIgniter\Session\Handlers\FileHandler' driver.
INFO - 2025-07-17 01:46:14 --> Session: Class initialized using 'CodeIgniter\Session\Handlers\FileHandler' driver.
CRITICAL - 2025-07-17 01:46:14 --> Undefined variable $tgl
in APPPATH\Views\detaileventp.php on line 24.
 1 APPPATH\Views\detaileventp.php(24): CodeIgniter\Debug\Exceptions->errorHandler(2, 'Undefined variable $tgl', 'D:\\TUGAS\\KULIAH\\P2MW\\hehe\\gohitfinal\\app\\Views\\detaileventp.php', 24)
 2 SYSTEMPATH\View\View.php(213): include('D:\\TUGAS\\KULIAH\\P2MW\\hehe\\gohitfinal\\app\\Views\\detaileventp.php')
 3 SYSTEMPATH\View\View.php(216): CodeIgniter\View\View->CodeIgniter\View\{closure}()
 4 SYSTEMPATH\Common.php(1184): CodeIgniter\View\View->render('detaileventp', [], true)
 5 APPPATH\Controllers\DetailEvent.php(481): view('detaileventp', [...])
 6 SYSTEMPATH\CodeIgniter.php(934): App\Controllers\DetailEvent->peserta('css', 'main.css')
 7 SYSTEMPATH\CodeIgniter.php(499): CodeIgniter\CodeIgniter->runController(Object(App\Controllers\DetailEvent))
 8 SYSTEMPATH\CodeIgniter.php(368): CodeIgniter\CodeIgniter->handleRequest(null, Object(Config\Cache), false)
 9 FCPATH\index.php(67): CodeIgniter\CodeIgniter->run()
10 SYSTEMPATH\Commands\Server\rewrite.php(47): require_once('D:\\TUGAS\\KULIAH\\P2MW\\hehe\\gohitfinal\\public\\index.php')
INFO - 2025-07-17 01:46:14 --> Session: Class initialized using 'CodeIgniter\Session\Handlers\FileHandler' driver.
CRITICAL - 2025-07-17 01:46:14 --> Undefined variable $tgl
in APPPATH\Views\detaileventp.php on line 24.
 1 APPPATH\Views\detaileventp.php(24): CodeIgniter\Debug\Exceptions->errorHandler(2, 'Undefined variable $tgl', 'D:\\TUGAS\\KULIAH\\P2MW\\hehe\\gohitfinal\\app\\Views\\detaileventp.php', 24)
 2 SYSTEMPATH\View\View.php(213): include('D:\\TUGAS\\KULIAH\\P2MW\\hehe\\gohitfinal\\app\\Views\\detaileventp.php')
 3 SYSTEMPATH\View\View.php(216): CodeIgniter\View\View->CodeIgniter\View\{closure}()
 4 SYSTEMPATH\Common.php(1184): CodeIgniter\View\View->render('detaileventp', [], true)
 5 APPPATH\Controllers\DetailEvent.php(481): view('detaileventp', [...])
 6 SYSTEMPATH\CodeIgniter.php(934): App\Controllers\DetailEvent->peserta('css', 'style.css')
 7 SYSTEMPATH\CodeIgniter.php(499): CodeIgniter\CodeIgniter->runController(Object(App\Controllers\DetailEvent))
 8 SYSTEMPATH\CodeIgniter.php(368): CodeIgniter\CodeIgniter->handleRequest(null, Object(Config\Cache), false)
 9 FCPATH\index.php(67): CodeIgniter\CodeIgniter->run()
10 SYSTEMPATH\Commands\Server\rewrite.php(47): require_once('D:\\TUGAS\\KULIAH\\P2MW\\hehe\\gohitfinal\\public\\index.php')
INFO - 2025-07-17 01:46:14 --> Session: Class initialized using 'CodeIgniter\Session\Handlers\FileHandler' driver.
CRITICAL - 2025-07-17 01:46:14 --> Undefined variable $tgl
in APPPATH\Views\detaileventp.php on line 24.
 1 APPPATH\Views\detaileventp.php(24): CodeIgniter\Debug\Exceptions->errorHandler(2, 'Undefined variable $tgl', 'D:\\TUGAS\\KULIAH\\P2MW\\hehe\\gohitfinal\\app\\Views\\detaileventp.php', 24)
 2 SYSTEMPATH\View\View.php(213): include('D:\\TUGAS\\KULIAH\\P2MW\\hehe\\gohitfinal\\app\\Views\\detaileventp.php')
 3 SYSTEMPATH\View\View.php(216): CodeIgniter\View\View->CodeIgniter\View\{closure}()
 4 SYSTEMPATH\Common.php(1184): CodeIgniter\View\View->render('detaileventp', [], true)
 5 APPPATH\Controllers\DetailEvent.php(481): view('detaileventp', [...])
 6 SYSTEMPATH\CodeIgniter.php(934): App\Controllers\DetailEvent->peserta('images', 'bg-01.jpg')
 7 SYSTEMPATH\CodeIgniter.php(499): CodeIgniter\CodeIgniter->runController(Object(App\Controllers\DetailEvent))
 8 SYSTEMPATH\CodeIgniter.php(368): CodeIgniter\CodeIgniter->handleRequest(null, Object(Config\Cache), false)
 9 FCPATH\index.php(67): CodeIgniter\CodeIgniter->run()
10 SYSTEMPATH\Commands\Server\rewrite.php(47): require_once('D:\\TUGAS\\KULIAH\\P2MW\\hehe\\gohitfinal\\public\\index.php')
INFO - 2025-07-17 01:46:22 --> Session: Class initialized using 'CodeIgniter\Session\Handlers\FileHandler' driver.
INFO - 2025-07-17 01:46:22 --> Session: Class initialized using 'CodeIgniter\Session\Handlers\FileHandler' driver.
INFO - 2025-07-17 01:46:23 --> Session: Class initialized using 'CodeIgniter\Session\Handlers\FileHandler' driver.
CRITICAL - 2025-07-17 01:46:23 --> Undefined variable $tgl
in APPPATH\Views\detaileventp.php on line 24.
 1 APPPATH\Views\detaileventp.php(24): CodeIgniter\Debug\Exceptions->errorHandler(2, 'Undefined variable $tgl', 'D:\\TUGAS\\KULIAH\\P2MW\\hehe\\gohitfinal\\app\\Views\\detaileventp.php', 24)
 2 SYSTEMPATH\View\View.php(213): include('D:\\TUGAS\\KULIAH\\P2MW\\hehe\\gohitfinal\\app\\Views\\detaileventp.php')
 3 SYSTEMPATH\View\View.php(216): CodeIgniter\View\View->CodeIgniter\View\{closure}()
 4 SYSTEMPATH\Common.php(1184): CodeIgniter\View\View->render('detaileventp', [], true)
 5 APPPATH\Controllers\DetailEvent.php(481): view('detaileventp', [...])
 6 SYSTEMPATH\CodeIgniter.php(934): App\Controllers\DetailEvent->peserta('css', 'main.css')
 7 SYSTEMPATH\CodeIgniter.php(499): CodeIgniter\CodeIgniter->runController(Object(App\Controllers\DetailEvent))
 8 SYSTEMPATH\CodeIgniter.php(368): CodeIgniter\CodeIgniter->handleRequest(null, Object(Config\Cache), false)
 9 FCPATH\index.php(67): CodeIgniter\CodeIgniter->run()
10 SYSTEMPATH\Commands\Server\rewrite.php(47): require_once('D:\\TUGAS\\KULIAH\\P2MW\\hehe\\gohitfinal\\public\\index.php')
INFO - 2025-07-17 01:46:23 --> Session: Class initialized using 'CodeIgniter\Session\Handlers\FileHandler' driver.
CRITICAL - 2025-07-17 01:46:23 --> Undefined variable $tgl
in APPPATH\Views\detaileventp.php on line 24.
 1 APPPATH\Views\detaileventp.php(24): CodeIgniter\Debug\Exceptions->errorHandler(2, 'Undefined variable $tgl', 'D:\\TUGAS\\KULIAH\\P2MW\\hehe\\gohitfinal\\app\\Views\\detaileventp.php', 24)
 2 SYSTEMPATH\View\View.php(213): include('D:\\TUGAS\\KULIAH\\P2MW\\hehe\\gohitfinal\\app\\Views\\detaileventp.php')
 3 SYSTEMPATH\View\View.php(216): CodeIgniter\View\View->CodeIgniter\View\{closure}()
 4 SYSTEMPATH\Common.php(1184): CodeIgniter\View\View->render('detaileventp', [], true)
 5 APPPATH\Controllers\DetailEvent.php(481): view('detaileventp', [...])
 6 SYSTEMPATH\CodeIgniter.php(934): App\Controllers\DetailEvent->peserta('css', 'style.css')
 7 SYSTEMPATH\CodeIgniter.php(499): CodeIgniter\CodeIgniter->runController(Object(App\Controllers\DetailEvent))
 8 SYSTEMPATH\CodeIgniter.php(368): CodeIgniter\CodeIgniter->handleRequest(null, Object(Config\Cache), false)
 9 FCPATH\index.php(67): CodeIgniter\CodeIgniter->run()
10 SYSTEMPATH\Commands\Server\rewrite.php(47): require_once('D:\\TUGAS\\KULIAH\\P2MW\\hehe\\gohitfinal\\public\\index.php')
INFO - 2025-07-17 01:46:23 --> Session: Class initialized using 'CodeIgniter\Session\Handlers\FileHandler' driver.
CRITICAL - 2025-07-17 01:46:23 --> Undefined variable $tgl
in APPPATH\Views\detaileventp.php on line 24.
 1 APPPATH\Views\detaileventp.php(24): CodeIgniter\Debug\Exceptions->errorHandler(2, 'Undefined variable $tgl', 'D:\\TUGAS\\KULIAH\\P2MW\\hehe\\gohitfinal\\app\\Views\\detaileventp.php', 24)
 2 SYSTEMPATH\View\View.php(213): include('D:\\TUGAS\\KULIAH\\P2MW\\hehe\\gohitfinal\\app\\Views\\detaileventp.php')
 3 SYSTEMPATH\View\View.php(216): CodeIgniter\View\View->CodeIgniter\View\{closure}()
 4 SYSTEMPATH\Common.php(1184): CodeIgniter\View\View->render('detaileventp', [], true)
 5 APPPATH\Controllers\DetailEvent.php(481): view('detaileventp', [...])
 6 SYSTEMPATH\CodeIgniter.php(934): App\Controllers\DetailEvent->peserta('images', 'bg-01.jpg')
 7 SYSTEMPATH\CodeIgniter.php(499): CodeIgniter\CodeIgniter->runController(Object(App\Controllers\DetailEvent))
 8 SYSTEMPATH\CodeIgniter.php(368): CodeIgniter\CodeIgniter->handleRequest(null, Object(Config\Cache), false)
 9 FCPATH\index.php(67): CodeIgniter\CodeIgniter->run()
10 SYSTEMPATH\Commands\Server\rewrite.php(47): require_once('D:\\TUGAS\\KULIAH\\P2MW\\hehe\\gohitfinal\\public\\index.php')
INFO - 2025-07-17 01:46:35 --> Session: Class initialized using 'CodeIgniter\Session\Handlers\FileHandler' driver.
INFO - 2025-07-17 01:46:36 --> Session: Class initialized using 'CodeIgniter\Session\Handlers\FileHandler' driver.
INFO - 2025-07-17 01:46:47 --> Session: Class initialized using 'CodeIgniter\Session\Handlers\FileHandler' driver.
INFO - 2025-07-17 01:47:17 --> Session: Class initialized using 'CodeIgniter\Session\Handlers\FileHandler' driver.
INFO - 2025-07-17 01:47:28 --> Session: Class initialized using 'CodeIgniter\Session\Handlers\FileHandler' driver.
INFO - 2025-07-17 01:47:29 --> Session: Class initialized using 'CodeIgniter\Session\Handlers\FileHandler' driver.
CRITICAL - 2025-07-17 01:47:29 --> foreach() argument must be of type array|object, null given
in SYSTEMPATH\Database\BaseBuilder.php on line 411.
 1 SYSTEMPATH\Database\BaseBuilder.php(411): CodeIgniter\Debug\Exceptions->errorHandler(2, 'foreach() argument must be of type array|object, null given', 'D:\\TUGAS\\KULIAH\\P2MW\\hehe\\gohitfinal\\system\\Database\\BaseBuilder.php', 411)
 2 SYSTEMPATH\Model.php(840): CodeIgniter\Database\BaseBuilder->select(null)
 3 APPPATH\Models\Fisher.php(20): CodeIgniter\Model->__call('select', [...])
 4 APPPATH\Controllers\DetailEvent.php(69): App\Models\Fisher->getUserPointBySport(null, null)
 5 SYSTEMPATH\CodeIgniter.php(934): App\Controllers\DetailEvent->index('css', 'main.css')
 6 SYSTEMPATH\CodeIgniter.php(499): CodeIgniter\CodeIgniter->runController(Object(App\Controllers\DetailEvent))
 7 SYSTEMPATH\CodeIgniter.php(368): CodeIgniter\CodeIgniter->handleRequest(null, Object(Config\Cache), false)
 8 FCPATH\index.php(67): CodeIgniter\CodeIgniter->run()
 9 SYSTEMPATH\Commands\Server\rewrite.php(47): require_once('D:\\TUGAS\\KULIAH\\P2MW\\hehe\\gohitfinal\\public\\index.php')
INFO - 2025-07-17 01:47:29 --> Session: Class initialized using 'CodeIgniter\Session\Handlers\FileHandler' driver.
CRITICAL - 2025-07-17 01:47:29 --> foreach() argument must be of type array|object, null given
in SYSTEMPATH\Database\BaseBuilder.php on line 411.
 1 SYSTEMPATH\Database\BaseBuilder.php(411): CodeIgniter\Debug\Exceptions->errorHandler(2, 'foreach() argument must be of type array|object, null given', 'D:\\TUGAS\\KULIAH\\P2MW\\hehe\\gohitfinal\\system\\Database\\BaseBuilder.php', 411)
 2 SYSTEMPATH\Model.php(840): CodeIgniter\Database\BaseBuilder->select(null)
 3 APPPATH\Models\Fisher.php(20): CodeIgniter\Model->__call('select', [...])
 4 APPPATH\Controllers\DetailEvent.php(69): App\Models\Fisher->getUserPointBySport(null, null)
 5 SYSTEMPATH\CodeIgniter.php(934): App\Controllers\DetailEvent->index('css', 'style.css')
 6 SYSTEMPATH\CodeIgniter.php(499): CodeIgniter\CodeIgniter->runController(Object(App\Controllers\DetailEvent))
 7 SYSTEMPATH\CodeIgniter.php(368): CodeIgniter\CodeIgniter->handleRequest(null, Object(Config\Cache), false)
 8 FCPATH\index.php(67): CodeIgniter\CodeIgniter->run()
 9 SYSTEMPATH\Commands\Server\rewrite.php(47): require_once('D:\\TUGAS\\KULIAH\\P2MW\\hehe\\gohitfinal\\public\\index.php')
INFO - 2025-07-17 01:47:29 --> Session: Class initialized using 'CodeIgniter\Session\Handlers\FileHandler' driver.
CRITICAL - 2025-07-17 01:47:29 --> foreach() argument must be of type array|object, null given
in SYSTEMPATH\Database\BaseBuilder.php on line 411.
 1 SYSTEMPATH\Database\BaseBuilder.php(411): CodeIgniter\Debug\Exceptions->errorHandler(2, 'foreach() argument must be of type array|object, null given', 'D:\\TUGAS\\KULIAH\\P2MW\\hehe\\gohitfinal\\system\\Database\\BaseBuilder.php', 411)
 2 SYSTEMPATH\Model.php(840): CodeIgniter\Database\BaseBuilder->select(null)
 3 APPPATH\Models\Fisher.php(20): CodeIgniter\Model->__call('select', [...])
 4 APPPATH\Controllers\DetailEvent.php(69): App\Models\Fisher->getUserPointBySport(null, null)
 5 SYSTEMPATH\CodeIgniter.php(934): App\Controllers\DetailEvent->index('images', 'bg-01.jpg')
 6 SYSTEMPATH\CodeIgniter.php(499): CodeIgniter\CodeIgniter->runController(Object(App\Controllers\DetailEvent))
 7 SYSTEMPATH\CodeIgniter.php(368): CodeIgniter\CodeIgniter->handleRequest(null, Object(Config\Cache), false)
 8 FCPATH\index.php(67): CodeIgniter\CodeIgniter->run()
 9 SYSTEMPATH\Commands\Server\rewrite.php(47): require_once('D:\\TUGAS\\KULIAH\\P2MW\\hehe\\gohitfinal\\public\\index.php')
INFO - 2025-07-17 01:47:34 --> Session: Class initialized using 'CodeIgniter\Session\Handlers\FileHandler' driver.
INFO - 2025-07-17 01:47:37 --> Session: Class initialized using 'CodeIgniter\Session\Handlers\FileHandler' driver.
INFO - 2025-07-17 01:47:37 --> Session: Class initialized using 'CodeIgniter\Session\Handlers\FileHandler' driver.
CRITICAL - 2025-07-17 01:47:37 --> foreach() argument must be of type array|object, null given
in SYSTEMPATH\Database\BaseBuilder.php on line 411.
 1 SYSTEMPATH\Database\BaseBuilder.php(411): CodeIgniter\Debug\Exceptions->errorHandler(2, 'foreach() argument must be of type array|object, null given', 'D:\\TUGAS\\KULIAH\\P2MW\\hehe\\gohitfinal\\system\\Database\\BaseBuilder.php', 411)
 2 SYSTEMPATH\Model.php(840): CodeIgniter\Database\BaseBuilder->select(null)
 3 APPPATH\Models\Fisher.php(20): CodeIgniter\Model->__call('select', [...])
 4 APPPATH\Controllers\DetailEvent.php(69): App\Models\Fisher->getUserPointBySport(null, null)
 5 SYSTEMPATH\CodeIgniter.php(934): App\Controllers\DetailEvent->index('css', 'main.css')
 6 SYSTEMPATH\CodeIgniter.php(499): CodeIgniter\CodeIgniter->runController(Object(App\Controllers\DetailEvent))
 7 SYSTEMPATH\CodeIgniter.php(368): CodeIgniter\CodeIgniter->handleRequest(null, Object(Config\Cache), false)
 8 FCPATH\index.php(67): CodeIgniter\CodeIgniter->run()
 9 SYSTEMPATH\Commands\Server\rewrite.php(47): require_once('D:\\TUGAS\\KULIAH\\P2MW\\hehe\\gohitfinal\\public\\index.php')
INFO - 2025-07-17 01:47:38 --> Session: Class initialized using 'CodeIgniter\Session\Handlers\FileHandler' driver.
CRITICAL - 2025-07-17 01:47:38 --> foreach() argument must be of type array|object, null given
in SYSTEMPATH\Database\BaseBuilder.php on line 411.
 1 SYSTEMPATH\Database\BaseBuilder.php(411): CodeIgniter\Debug\Exceptions->errorHandler(2, 'foreach() argument must be of type array|object, null given', 'D:\\TUGAS\\KULIAH\\P2MW\\hehe\\gohitfinal\\system\\Database\\BaseBuilder.php', 411)
 2 SYSTEMPATH\Model.php(840): CodeIgniter\Database\BaseBuilder->select(null)
 3 APPPATH\Models\Fisher.php(20): CodeIgniter\Model->__call('select', [...])
 4 APPPATH\Controllers\DetailEvent.php(69): App\Models\Fisher->getUserPointBySport(null, null)
 5 SYSTEMPATH\CodeIgniter.php(934): App\Controllers\DetailEvent->index('css', 'style.css')
 6 SYSTEMPATH\CodeIgniter.php(499): CodeIgniter\CodeIgniter->runController(Object(App\Controllers\DetailEvent))
 7 SYSTEMPATH\CodeIgniter.php(368): CodeIgniter\CodeIgniter->handleRequest(null, Object(Config\Cache), false)
 8 FCPATH\index.php(67): CodeIgniter\CodeIgniter->run()
 9 SYSTEMPATH\Commands\Server\rewrite.php(47): require_once('D:\\TUGAS\\KULIAH\\P2MW\\hehe\\gohitfinal\\public\\index.php')
INFO - 2025-07-17 01:47:38 --> Session: Class initialized using 'CodeIgniter\Session\Handlers\FileHandler' driver.
CRITICAL - 2025-07-17 01:47:38 --> foreach() argument must be of type array|object, null given
in SYSTEMPATH\Database\BaseBuilder.php on line 411.
 1 SYSTEMPATH\Database\BaseBuilder.php(411): CodeIgniter\Debug\Exceptions->errorHandler(2, 'foreach() argument must be of type array|object, null given', 'D:\\TUGAS\\KULIAH\\P2MW\\hehe\\gohitfinal\\system\\Database\\BaseBuilder.php', 411)
 2 SYSTEMPATH\Model.php(840): CodeIgniter\Database\BaseBuilder->select(null)
 3 APPPATH\Models\Fisher.php(20): CodeIgniter\Model->__call('select', [...])
 4 APPPATH\Controllers\DetailEvent.php(69): App\Models\Fisher->getUserPointBySport(null, null)
 5 SYSTEMPATH\CodeIgniter.php(934): App\Controllers\DetailEvent->index('images', 'bg-01.jpg')
 6 SYSTEMPATH\CodeIgniter.php(499): CodeIgniter\CodeIgniter->runController(Object(App\Controllers\DetailEvent))
 7 SYSTEMPATH\CodeIgniter.php(368): CodeIgniter\CodeIgniter->handleRequest(null, Object(Config\Cache), false)
 8 FCPATH\index.php(67): CodeIgniter\CodeIgniter->run()
 9 SYSTEMPATH\Commands\Server\rewrite.php(47): require_once('D:\\TUGAS\\KULIAH\\P2MW\\hehe\\gohitfinal\\public\\index.php')
INFO - 2025-07-17 01:47:42 --> Session: Class initialized using 'CodeIgniter\Session\Handlers\FileHandler' driver.
INFO - 2025-07-17 01:47:42 --> Session: Class initialized using 'CodeIgniter\Session\Handlers\FileHandler' driver.
CRITICAL - 2025-07-17 01:47:42 --> foreach() argument must be of type array|object, null given
in SYSTEMPATH\Database\BaseBuilder.php on line 411.
 1 SYSTEMPATH\Database\BaseBuilder.php(411): CodeIgniter\Debug\Exceptions->errorHandler(2, 'foreach() argument must be of type array|object, null given', 'D:\\TUGAS\\KULIAH\\P2MW\\hehe\\gohitfinal\\system\\Database\\BaseBuilder.php', 411)
 2 SYSTEMPATH\Model.php(840): CodeIgniter\Database\BaseBuilder->select(null)
 3 APPPATH\Models\Fisher.php(20): CodeIgniter\Model->__call('select', [...])
 4 APPPATH\Controllers\DetailEvent.php(69): App\Models\Fisher->getUserPointBySport(null, null)
 5 SYSTEMPATH\CodeIgniter.php(934): App\Controllers\DetailEvent->index('css', 'main.css')
 6 SYSTEMPATH\CodeIgniter.php(499): CodeIgniter\CodeIgniter->runController(Object(App\Controllers\DetailEvent))
 7 SYSTEMPATH\CodeIgniter.php(368): CodeIgniter\CodeIgniter->handleRequest(null, Object(Config\Cache), false)
 8 FCPATH\index.php(67): CodeIgniter\CodeIgniter->run()
 9 SYSTEMPATH\Commands\Server\rewrite.php(47): require_once('D:\\TUGAS\\KULIAH\\P2MW\\hehe\\gohitfinal\\public\\index.php')
INFO - 2025-07-17 01:47:43 --> Session: Class initialized using 'CodeIgniter\Session\Handlers\FileHandler' driver.
CRITICAL - 2025-07-17 01:47:43 --> foreach() argument must be of type array|object, null given
in SYSTEMPATH\Database\BaseBuilder.php on line 411.
 1 SYSTEMPATH\Database\BaseBuilder.php(411): CodeIgniter\Debug\Exceptions->errorHandler(2, 'foreach() argument must be of type array|object, null given', 'D:\\TUGAS\\KULIAH\\P2MW\\hehe\\gohitfinal\\system\\Database\\BaseBuilder.php', 411)
 2 SYSTEMPATH\Model.php(840): CodeIgniter\Database\BaseBuilder->select(null)
 3 APPPATH\Models\Fisher.php(20): CodeIgniter\Model->__call('select', [...])
 4 APPPATH\Controllers\DetailEvent.php(69): App\Models\Fisher->getUserPointBySport(null, null)
 5 SYSTEMPATH\CodeIgniter.php(934): App\Controllers\DetailEvent->index('css', 'style.css')
 6 SYSTEMPATH\CodeIgniter.php(499): CodeIgniter\CodeIgniter->runController(Object(App\Controllers\DetailEvent))
 7 SYSTEMPATH\CodeIgniter.php(368): CodeIgniter\CodeIgniter->handleRequest(null, Object(Config\Cache), false)
 8 FCPATH\index.php(67): CodeIgniter\CodeIgniter->run()
 9 SYSTEMPATH\Commands\Server\rewrite.php(47): require_once('D:\\TUGAS\\KULIAH\\P2MW\\hehe\\gohitfinal\\public\\index.php')
INFO - 2025-07-17 01:47:43 --> Session: Class initialized using 'CodeIgniter\Session\Handlers\FileHandler' driver.
CRITICAL - 2025-07-17 01:47:43 --> foreach() argument must be of type array|object, null given
in SYSTEMPATH\Database\BaseBuilder.php on line 411.
 1 SYSTEMPATH\Database\BaseBuilder.php(411): CodeIgniter\Debug\Exceptions->errorHandler(2, 'foreach() argument must be of type array|object, null given', 'D:\\TUGAS\\KULIAH\\P2MW\\hehe\\gohitfinal\\system\\Database\\BaseBuilder.php', 411)
 2 SYSTEMPATH\Model.php(840): CodeIgniter\Database\BaseBuilder->select(null)
 3 APPPATH\Models\Fisher.php(20): CodeIgniter\Model->__call('select', [...])
 4 APPPATH\Controllers\DetailEvent.php(69): App\Models\Fisher->getUserPointBySport(null, null)
 5 SYSTEMPATH\CodeIgniter.php(934): App\Controllers\DetailEvent->index('images', 'bg-01.jpg')
 6 SYSTEMPATH\CodeIgniter.php(499): CodeIgniter\CodeIgniter->runController(Object(App\Controllers\DetailEvent))
 7 SYSTEMPATH\CodeIgniter.php(368): CodeIgniter\CodeIgniter->handleRequest(null, Object(Config\Cache), false)
 8 FCPATH\index.php(67): CodeIgniter\CodeIgniter->run()
 9 SYSTEMPATH\Commands\Server\rewrite.php(47): require_once('D:\\TUGAS\\KULIAH\\P2MW\\hehe\\gohitfinal\\public\\index.php')
INFO - 2025-07-17 01:47:58 --> Session: Class initialized using 'CodeIgniter\Session\Handlers\FileHandler' driver.
INFO - 2025-07-17 01:47:58 --> Session: Class initialized using 'CodeIgniter\Session\Handlers\FileHandler' driver.
CRITICAL - 2025-07-17 01:47:58 --> foreach() argument must be of type array|object, null given
in SYSTEMPATH\Database\BaseBuilder.php on line 411.
 1 SYSTEMPATH\Database\BaseBuilder.php(411): CodeIgniter\Debug\Exceptions->errorHandler(2, 'foreach() argument must be of type array|object, null given', 'D:\\TUGAS\\KULIAH\\P2MW\\hehe\\gohitfinal\\system\\Database\\BaseBuilder.php', 411)
 2 SYSTEMPATH\Model.php(840): CodeIgniter\Database\BaseBuilder->select(null)
 3 APPPATH\Models\Fisher.php(20): CodeIgniter\Model->__call('select', [...])
 4 APPPATH\Controllers\DetailEvent.php(69): App\Models\Fisher->getUserPointBySport(null, null)
 5 SYSTEMPATH\CodeIgniter.php(934): App\Controllers\DetailEvent->index('css', 'main.css')
 6 SYSTEMPATH\CodeIgniter.php(499): CodeIgniter\CodeIgniter->runController(Object(App\Controllers\DetailEvent))
 7 SYSTEMPATH\CodeIgniter.php(368): CodeIgniter\CodeIgniter->handleRequest(null, Object(Config\Cache), false)
 8 FCPATH\index.php(67): CodeIgniter\CodeIgniter->run()
 9 SYSTEMPATH\Commands\Server\rewrite.php(47): require_once('D:\\TUGAS\\KULIAH\\P2MW\\hehe\\gohitfinal\\public\\index.php')
INFO - 2025-07-17 01:47:59 --> Session: Class initialized using 'CodeIgniter\Session\Handlers\FileHandler' driver.
CRITICAL - 2025-07-17 01:47:59 --> foreach() argument must be of type array|object, null given
in SYSTEMPATH\Database\BaseBuilder.php on line 411.
 1 SYSTEMPATH\Database\BaseBuilder.php(411): CodeIgniter\Debug\Exceptions->errorHandler(2, 'foreach() argument must be of type array|object, null given', 'D:\\TUGAS\\KULIAH\\P2MW\\hehe\\gohitfinal\\system\\Database\\BaseBuilder.php', 411)
 2 SYSTEMPATH\Model.php(840): CodeIgniter\Database\BaseBuilder->select(null)
 3 APPPATH\Models\Fisher.php(20): CodeIgniter\Model->__call('select', [...])
 4 APPPATH\Controllers\DetailEvent.php(69): App\Models\Fisher->getUserPointBySport(null, null)
 5 SYSTEMPATH\CodeIgniter.php(934): App\Controllers\DetailEvent->index('css', 'style.css')
 6 SYSTEMPATH\CodeIgniter.php(499): CodeIgniter\CodeIgniter->runController(Object(App\Controllers\DetailEvent))
 7 SYSTEMPATH\CodeIgniter.php(368): CodeIgniter\CodeIgniter->handleRequest(null, Object(Config\Cache), false)
 8 FCPATH\index.php(67): CodeIgniter\CodeIgniter->run()
 9 SYSTEMPATH\Commands\Server\rewrite.php(47): require_once('D:\\TUGAS\\KULIAH\\P2MW\\hehe\\gohitfinal\\public\\index.php')
INFO - 2025-07-17 01:47:59 --> Session: Class initialized using 'CodeIgniter\Session\Handlers\FileHandler' driver.
CRITICAL - 2025-07-17 01:47:59 --> foreach() argument must be of type array|object, null given
in SYSTEMPATH\Database\BaseBuilder.php on line 411.
 1 SYSTEMPATH\Database\BaseBuilder.php(411): CodeIgniter\Debug\Exceptions->errorHandler(2, 'foreach() argument must be of type array|object, null given', 'D:\\TUGAS\\KULIAH\\P2MW\\hehe\\gohitfinal\\system\\Database\\BaseBuilder.php', 411)
 2 SYSTEMPATH\Model.php(840): CodeIgniter\Database\BaseBuilder->select(null)
 3 APPPATH\Models\Fisher.php(20): CodeIgniter\Model->__call('select', [...])
 4 APPPATH\Controllers\DetailEvent.php(69): App\Models\Fisher->getUserPointBySport(null, null)
 5 SYSTEMPATH\CodeIgniter.php(934): App\Controllers\DetailEvent->index('images', 'bg-01.jpg')
 6 SYSTEMPATH\CodeIgniter.php(499): CodeIgniter\CodeIgniter->runController(Object(App\Controllers\DetailEvent))
 7 SYSTEMPATH\CodeIgniter.php(368): CodeIgniter\CodeIgniter->handleRequest(null, Object(Config\Cache), false)
 8 FCPATH\index.php(67): CodeIgniter\CodeIgniter->run()
 9 SYSTEMPATH\Commands\Server\rewrite.php(47): require_once('D:\\TUGAS\\KULIAH\\P2MW\\hehe\\gohitfinal\\public\\index.php')
INFO - 2025-07-17 01:48:13 --> Session: Class initialized using 'CodeIgniter\Session\Handlers\FileHandler' driver.
INFO - 2025-07-17 01:48:15 --> Session: Class initialized using 'CodeIgniter\Session\Handlers\FileHandler' driver.
INFO - 2025-07-17 01:48:29 --> Session: Class initialized using 'CodeIgniter\Session\Handlers\FileHandler' driver.
INFO - 2025-07-17 01:48:29 --> Session: Class initialized using 'CodeIgniter\Session\Handlers\FileHandler' driver.
CRITICAL - 2025-07-17 01:48:29 --> foreach() argument must be of type array|object, null given
in SYSTEMPATH\Database\BaseBuilder.php on line 411.
 1 SYSTEMPATH\Database\BaseBuilder.php(411): CodeIgniter\Debug\Exceptions->errorHandler(2, 'foreach() argument must be of type array|object, null given', 'D:\\TUGAS\\KULIAH\\P2MW\\hehe\\gohitfinal\\system\\Database\\BaseBuilder.php', 411)
 2 SYSTEMPATH\Model.php(840): CodeIgniter\Database\BaseBuilder->select(null)
 3 APPPATH\Models\Fisher.php(20): CodeIgniter\Model->__call('select', [...])
 4 APPPATH\Controllers\DetailEvent.php(69): App\Models\Fisher->getUserPointBySport(null, null)
 5 SYSTEMPATH\CodeIgniter.php(934): App\Controllers\DetailEvent->index('css', 'main.css')
 6 SYSTEMPATH\CodeIgniter.php(499): CodeIgniter\CodeIgniter->runController(Object(App\Controllers\DetailEvent))
 7 SYSTEMPATH\CodeIgniter.php(368): CodeIgniter\CodeIgniter->handleRequest(null, Object(Config\Cache), false)
 8 FCPATH\index.php(67): CodeIgniter\CodeIgniter->run()
 9 SYSTEMPATH\Commands\Server\rewrite.php(47): require_once('D:\\TUGAS\\KULIAH\\P2MW\\hehe\\gohitfinal\\public\\index.php')
INFO - 2025-07-17 01:48:29 --> Session: Class initialized using 'CodeIgniter\Session\Handlers\FileHandler' driver.
CRITICAL - 2025-07-17 01:48:29 --> foreach() argument must be of type array|object, null given
in SYSTEMPATH\Database\BaseBuilder.php on line 411.
 1 SYSTEMPATH\Database\BaseBuilder.php(411): CodeIgniter\Debug\Exceptions->errorHandler(2, 'foreach() argument must be of type array|object, null given', 'D:\\TUGAS\\KULIAH\\P2MW\\hehe\\gohitfinal\\system\\Database\\BaseBuilder.php', 411)
 2 SYSTEMPATH\Model.php(840): CodeIgniter\Database\BaseBuilder->select(null)
 3 APPPATH\Models\Fisher.php(20): CodeIgniter\Model->__call('select', [...])
 4 APPPATH\Controllers\DetailEvent.php(69): App\Models\Fisher->getUserPointBySport(null, null)
 5 SYSTEMPATH\CodeIgniter.php(934): App\Controllers\DetailEvent->index('css', 'style.css')
 6 SYSTEMPATH\CodeIgniter.php(499): CodeIgniter\CodeIgniter->runController(Object(App\Controllers\DetailEvent))
 7 SYSTEMPATH\CodeIgniter.php(368): CodeIgniter\CodeIgniter->handleRequest(null, Object(Config\Cache), false)
 8 FCPATH\index.php(67): CodeIgniter\CodeIgniter->run()
 9 SYSTEMPATH\Commands\Server\rewrite.php(47): require_once('D:\\TUGAS\\KULIAH\\P2MW\\hehe\\gohitfinal\\public\\index.php')
INFO - 2025-07-17 01:48:29 --> Session: Class initialized using 'CodeIgniter\Session\Handlers\FileHandler' driver.
CRITICAL - 2025-07-17 01:48:29 --> foreach() argument must be of type array|object, null given
in SYSTEMPATH\Database\BaseBuilder.php on line 411.
 1 SYSTEMPATH\Database\BaseBuilder.php(411): CodeIgniter\Debug\Exceptions->errorHandler(2, 'foreach() argument must be of type array|object, null given', 'D:\\TUGAS\\KULIAH\\P2MW\\hehe\\gohitfinal\\system\\Database\\BaseBuilder.php', 411)
 2 SYSTEMPATH\Model.php(840): CodeIgniter\Database\BaseBuilder->select(null)
 3 APPPATH\Models\Fisher.php(20): CodeIgniter\Model->__call('select', [...])
 4 APPPATH\Controllers\DetailEvent.php(69): App\Models\Fisher->getUserPointBySport(null, null)
 5 SYSTEMPATH\CodeIgniter.php(934): App\Controllers\DetailEvent->index('images', 'bg-01.jpg')
 6 SYSTEMPATH\CodeIgniter.php(499): CodeIgniter\CodeIgniter->runController(Object(App\Controllers\DetailEvent))
 7 SYSTEMPATH\CodeIgniter.php(368): CodeIgniter\CodeIgniter->handleRequest(null, Object(Config\Cache), false)
 8 FCPATH\index.php(67): CodeIgniter\CodeIgniter->run()
 9 SYSTEMPATH\Commands\Server\rewrite.php(47): require_once('D:\\TUGAS\\KULIAH\\P2MW\\hehe\\gohitfinal\\public\\index.php')
INFO - 2025-07-17 01:48:37 --> Session: Class initialized using 'CodeIgniter\Session\Handlers\FileHandler' driver.
INFO - 2025-07-17 01:48:40 --> Session: Class initialized using 'CodeIgniter\Session\Handlers\FileHandler' driver.
INFO - 2025-07-17 01:48:40 --> Session: Class initialized using 'CodeIgniter\Session\Handlers\FileHandler' driver.
CRITICAL - 2025-07-17 01:48:40 --> foreach() argument must be of type array|object, null given
in SYSTEMPATH\Database\BaseBuilder.php on line 411.
 1 SYSTEMPATH\Database\BaseBuilder.php(411): CodeIgniter\Debug\Exceptions->errorHandler(2, 'foreach() argument must be of type array|object, null given', 'D:\\TUGAS\\KULIAH\\P2MW\\hehe\\gohitfinal\\system\\Database\\BaseBuilder.php', 411)
 2 SYSTEMPATH\Model.php(840): CodeIgniter\Database\BaseBuilder->select(null)
 3 APPPATH\Models\Fisher.php(20): CodeIgniter\Model->__call('select', [...])
 4 APPPATH\Controllers\DetailEvent.php(69): App\Models\Fisher->getUserPointBySport(null, null)
 5 SYSTEMPATH\CodeIgniter.php(934): App\Controllers\DetailEvent->index('css', 'main.css')
 6 SYSTEMPATH\CodeIgniter.php(499): CodeIgniter\CodeIgniter->runController(Object(App\Controllers\DetailEvent))
 7 SYSTEMPATH\CodeIgniter.php(368): CodeIgniter\CodeIgniter->handleRequest(null, Object(Config\Cache), false)
 8 FCPATH\index.php(67): CodeIgniter\CodeIgniter->run()
 9 SYSTEMPATH\Commands\Server\rewrite.php(47): require_once('D:\\TUGAS\\KULIAH\\P2MW\\hehe\\gohitfinal\\public\\index.php')
INFO - 2025-07-17 01:48:40 --> Session: Class initialized using 'CodeIgniter\Session\Handlers\FileHandler' driver.
CRITICAL - 2025-07-17 01:48:40 --> foreach() argument must be of type array|object, null given
in SYSTEMPATH\Database\BaseBuilder.php on line 411.
 1 SYSTEMPATH\Database\BaseBuilder.php(411): CodeIgniter\Debug\Exceptions->errorHandler(2, 'foreach() argument must be of type array|object, null given', 'D:\\TUGAS\\KULIAH\\P2MW\\hehe\\gohitfinal\\system\\Database\\BaseBuilder.php', 411)
 2 SYSTEMPATH\Model.php(840): CodeIgniter\Database\BaseBuilder->select(null)
 3 APPPATH\Models\Fisher.php(20): CodeIgniter\Model->__call('select', [...])
 4 APPPATH\Controllers\DetailEvent.php(69): App\Models\Fisher->getUserPointBySport(null, null)
 5 SYSTEMPATH\CodeIgniter.php(934): App\Controllers\DetailEvent->index('css', 'style.css')
 6 SYSTEMPATH\CodeIgniter.php(499): CodeIgniter\CodeIgniter->runController(Object(App\Controllers\DetailEvent))
 7 SYSTEMPATH\CodeIgniter.php(368): CodeIgniter\CodeIgniter->handleRequest(null, Object(Config\Cache), false)
 8 FCPATH\index.php(67): CodeIgniter\CodeIgniter->run()
 9 SYSTEMPATH\Commands\Server\rewrite.php(47): require_once('D:\\TUGAS\\KULIAH\\P2MW\\hehe\\gohitfinal\\public\\index.php')
INFO - 2025-07-17 01:48:40 --> Session: Class initialized using 'CodeIgniter\Session\Handlers\FileHandler' driver.
CRITICAL - 2025-07-17 01:48:40 --> foreach() argument must be of type array|object, null given
in SYSTEMPATH\Database\BaseBuilder.php on line 411.
 1 SYSTEMPATH\Database\BaseBuilder.php(411): CodeIgniter\Debug\Exceptions->errorHandler(2, 'foreach() argument must be of type array|object, null given', 'D:\\TUGAS\\KULIAH\\P2MW\\hehe\\gohitfinal\\system\\Database\\BaseBuilder.php', 411)
 2 SYSTEMPATH\Model.php(840): CodeIgniter\Database\BaseBuilder->select(null)
 3 APPPATH\Models\Fisher.php(20): CodeIgniter\Model->__call('select', [...])
 4 APPPATH\Controllers\DetailEvent.php(69): App\Models\Fisher->getUserPointBySport(null, null)
 5 SYSTEMPATH\CodeIgniter.php(934): App\Controllers\DetailEvent->index('images', 'bg-01.jpg')
 6 SYSTEMPATH\CodeIgniter.php(499): CodeIgniter\CodeIgniter->runController(Object(App\Controllers\DetailEvent))
 7 SYSTEMPATH\CodeIgniter.php(368): CodeIgniter\CodeIgniter->handleRequest(null, Object(Config\Cache), false)
 8 FCPATH\index.php(67): CodeIgniter\CodeIgniter->run()
 9 SYSTEMPATH\Commands\Server\rewrite.php(47): require_once('D:\\TUGAS\\KULIAH\\P2MW\\hehe\\gohitfinal\\public\\index.php')
INFO - 2025-07-17 01:48:46 --> Session: Class initialized using 'CodeIgniter\Session\Handlers\FileHandler' driver.
INFO - 2025-07-17 01:48:48 --> Session: Class initialized using 'CodeIgniter\Session\Handlers\FileHandler' driver.
INFO - 2025-07-17 01:49:02 --> Session: Class initialized using 'CodeIgniter\Session\Handlers\FileHandler' driver.
INFO - 2025-07-17 01:49:02 --> Session: Class initialized using 'CodeIgniter\Session\Handlers\FileHandler' driver.
INFO - 2025-07-17 01:49:10 --> Session: Class initialized using 'CodeIgniter\Session\Handlers\FileHandler' driver.
INFO - 2025-07-17 01:49:10 --> Session: Class initialized using 'CodeIgniter\Session\Handlers\FileHandler' driver.
INFO - 2025-07-17 01:49:14 --> Session: Class initialized using 'CodeIgniter\Session\Handlers\FileHandler' driver.
INFO - 2025-07-17 01:49:18 --> Session: Class initialized using 'CodeIgniter\Session\Handlers\FileHandler' driver.
INFO - 2025-07-17 01:49:18 --> Session: Class initialized using 'CodeIgniter\Session\Handlers\FileHandler' driver.
CRITICAL - 2025-07-17 01:49:18 --> Undefined variable $tgl
in APPPATH\Views\detaileventp.php on line 24.
 1 APPPATH\Views\detaileventp.php(24): CodeIgniter\Debug\Exceptions->errorHandler(2, 'Undefined variable $tgl', 'D:\\TUGAS\\KULIAH\\P2MW\\hehe\\gohitfinal\\app\\Views\\detaileventp.php', 24)
 2 SYSTEMPATH\View\View.php(213): include('D:\\TUGAS\\KULIAH\\P2MW\\hehe\\gohitfinal\\app\\Views\\detaileventp.php')
 3 SYSTEMPATH\View\View.php(216): CodeIgniter\View\View->CodeIgniter\View\{closure}()
 4 SYSTEMPATH\Common.php(1184): CodeIgniter\View\View->render('detaileventp', [], true)
 5 APPPATH\Controllers\DetailEvent.php(481): view('detaileventp', [...])
 6 SYSTEMPATH\CodeIgniter.php(934): App\Controllers\DetailEvent->peserta('css', 'main.css')
 7 SYSTEMPATH\CodeIgniter.php(499): CodeIgniter\CodeIgniter->runController(Object(App\Controllers\DetailEvent))
 8 SYSTEMPATH\CodeIgniter.php(368): CodeIgniter\CodeIgniter->handleRequest(null, Object(Config\Cache), false)
 9 FCPATH\index.php(67): CodeIgniter\CodeIgniter->run()
10 SYSTEMPATH\Commands\Server\rewrite.php(47): require_once('D:\\TUGAS\\KULIAH\\P2MW\\hehe\\gohitfinal\\public\\index.php')
INFO - 2025-07-17 01:49:18 --> Session: Class initialized using 'CodeIgniter\Session\Handlers\FileHandler' driver.
CRITICAL - 2025-07-17 01:49:18 --> Undefined variable $tgl
in APPPATH\Views\detaileventp.php on line 24.
 1 APPPATH\Views\detaileventp.php(24): CodeIgniter\Debug\Exceptions->errorHandler(2, 'Undefined variable $tgl', 'D:\\TUGAS\\KULIAH\\P2MW\\hehe\\gohitfinal\\app\\Views\\detaileventp.php', 24)
 2 SYSTEMPATH\View\View.php(213): include('D:\\TUGAS\\KULIAH\\P2MW\\hehe\\gohitfinal\\app\\Views\\detaileventp.php')
 3 SYSTEMPATH\View\View.php(216): CodeIgniter\View\View->CodeIgniter\View\{closure}()
 4 SYSTEMPATH\Common.php(1184): CodeIgniter\View\View->render('detaileventp', [], true)
 5 APPPATH\Controllers\DetailEvent.php(481): view('detaileventp', [...])
 6 SYSTEMPATH\CodeIgniter.php(934): App\Controllers\DetailEvent->peserta('css', 'style.css')
 7 SYSTEMPATH\CodeIgniter.php(499): CodeIgniter\CodeIgniter->runController(Object(App\Controllers\DetailEvent))
 8 SYSTEMPATH\CodeIgniter.php(368): CodeIgniter\CodeIgniter->handleRequest(null, Object(Config\Cache), false)
 9 FCPATH\index.php(67): CodeIgniter\CodeIgniter->run()
10 SYSTEMPATH\Commands\Server\rewrite.php(47): require_once('D:\\TUGAS\\KULIAH\\P2MW\\hehe\\gohitfinal\\public\\index.php')
INFO - 2025-07-17 01:49:18 --> Session: Class initialized using 'CodeIgniter\Session\Handlers\FileHandler' driver.
CRITICAL - 2025-07-17 01:49:18 --> Undefined variable $tgl
in APPPATH\Views\detaileventp.php on line 24.
 1 APPPATH\Views\detaileventp.php(24): CodeIgniter\Debug\Exceptions->errorHandler(2, 'Undefined variable $tgl', 'D:\\TUGAS\\KULIAH\\P2MW\\hehe\\gohitfinal\\app\\Views\\detaileventp.php', 24)
 2 SYSTEMPATH\View\View.php(213): include('D:\\TUGAS\\KULIAH\\P2MW\\hehe\\gohitfinal\\app\\Views\\detaileventp.php')
 3 SYSTEMPATH\View\View.php(216): CodeIgniter\View\View->CodeIgniter\View\{closure}()
 4 SYSTEMPATH\Common.php(1184): CodeIgniter\View\View->render('detaileventp', [], true)
 5 APPPATH\Controllers\DetailEvent.php(481): view('detaileventp', [...])
 6 SYSTEMPATH\CodeIgniter.php(934): App\Controllers\DetailEvent->peserta('images', 'bg-01.jpg')
 7 SYSTEMPATH\CodeIgniter.php(499): CodeIgniter\CodeIgniter->runController(Object(App\Controllers\DetailEvent))
 8 SYSTEMPATH\CodeIgniter.php(368): CodeIgniter\CodeIgniter->handleRequest(null, Object(Config\Cache), false)
 9 FCPATH\index.php(67): CodeIgniter\CodeIgniter->run()
10 SYSTEMPATH\Commands\Server\rewrite.php(47): require_once('D:\\TUGAS\\KULIAH\\P2MW\\hehe\\gohitfinal\\public\\index.php')
INFO - 2025-07-17 01:49:25 --> Session: Class initialized using 'CodeIgniter\Session\Handlers\FileHandler' driver.
INFO - 2025-07-17 01:49:25 --> Session: Class initialized using 'CodeIgniter\Session\Handlers\FileHandler' driver.
INFO - 2025-07-17 01:49:25 --> Session: Class initialized using 'CodeIgniter\Session\Handlers\FileHandler' driver.
CRITICAL - 2025-07-17 01:49:25 --> Undefined variable $tgl
in APPPATH\Views\detaileventp.php on line 24.
 1 APPPATH\Views\detaileventp.php(24): CodeIgniter\Debug\Exceptions->errorHandler(2, 'Undefined variable $tgl', 'D:\\TUGAS\\KULIAH\\P2MW\\hehe\\gohitfinal\\app\\Views\\detaileventp.php', 24)
 2 SYSTEMPATH\View\View.php(213): include('D:\\TUGAS\\KULIAH\\P2MW\\hehe\\gohitfinal\\app\\Views\\detaileventp.php')
 3 SYSTEMPATH\View\View.php(216): CodeIgniter\View\View->CodeIgniter\View\{closure}()
 4 SYSTEMPATH\Common.php(1184): CodeIgniter\View\View->render('detaileventp', [], true)
 5 APPPATH\Controllers\DetailEvent.php(481): view('detaileventp', [...])
 6 SYSTEMPATH\CodeIgniter.php(934): App\Controllers\DetailEvent->peserta('css', 'main.css')
 7 SYSTEMPATH\CodeIgniter.php(499): CodeIgniter\CodeIgniter->runController(Object(App\Controllers\DetailEvent))
 8 SYSTEMPATH\CodeIgniter.php(368): CodeIgniter\CodeIgniter->handleRequest(null, Object(Config\Cache), false)
 9 FCPATH\index.php(67): CodeIgniter\CodeIgniter->run()
10 SYSTEMPATH\Commands\Server\rewrite.php(47): require_once('D:\\TUGAS\\KULIAH\\P2MW\\hehe\\gohitfinal\\public\\index.php')
INFO - 2025-07-17 01:49:26 --> Session: Class initialized using 'CodeIgniter\Session\Handlers\FileHandler' driver.
CRITICAL - 2025-07-17 01:49:26 --> Undefined variable $tgl
in APPPATH\Views\detaileventp.php on line 24.
 1 APPPATH\Views\detaileventp.php(24): CodeIgniter\Debug\Exceptions->errorHandler(2, 'Undefined variable $tgl', 'D:\\TUGAS\\KULIAH\\P2MW\\hehe\\gohitfinal\\app\\Views\\detaileventp.php', 24)
 2 SYSTEMPATH\View\View.php(213): include('D:\\TUGAS\\KULIAH\\P2MW\\hehe\\gohitfinal\\app\\Views\\detaileventp.php')
 3 SYSTEMPATH\View\View.php(216): CodeIgniter\View\View->CodeIgniter\View\{closure}()
 4 SYSTEMPATH\Common.php(1184): CodeIgniter\View\View->render('detaileventp', [], true)
 5 APPPATH\Controllers\DetailEvent.php(481): view('detaileventp', [...])
 6 SYSTEMPATH\CodeIgniter.php(934): App\Controllers\DetailEvent->peserta('css', 'style.css')
 7 SYSTEMPATH\CodeIgniter.php(499): CodeIgniter\CodeIgniter->runController(Object(App\Controllers\DetailEvent))
 8 SYSTEMPATH\CodeIgniter.php(368): CodeIgniter\CodeIgniter->handleRequest(null, Object(Config\Cache), false)
 9 FCPATH\index.php(67): CodeIgniter\CodeIgniter->run()
10 SYSTEMPATH\Commands\Server\rewrite.php(47): require_once('D:\\TUGAS\\KULIAH\\P2MW\\hehe\\gohitfinal\\public\\index.php')
INFO - 2025-07-17 01:49:26 --> Session: Class initialized using 'CodeIgniter\Session\Handlers\FileHandler' driver.
CRITICAL - 2025-07-17 01:49:26 --> Undefined variable $tgl
in APPPATH\Views\detaileventp.php on line 24.
 1 APPPATH\Views\detaileventp.php(24): CodeIgniter\Debug\Exceptions->errorHandler(2, 'Undefined variable $tgl', 'D:\\TUGAS\\KULIAH\\P2MW\\hehe\\gohitfinal\\app\\Views\\detaileventp.php', 24)
 2 SYSTEMPATH\View\View.php(213): include('D:\\TUGAS\\KULIAH\\P2MW\\hehe\\gohitfinal\\app\\Views\\detaileventp.php')
 3 SYSTEMPATH\View\View.php(216): CodeIgniter\View\View->CodeIgniter\View\{closure}()
 4 SYSTEMPATH\Common.php(1184): CodeIgniter\View\View->render('detaileventp', [], true)
 5 APPPATH\Controllers\DetailEvent.php(481): view('detaileventp', [...])
 6 SYSTEMPATH\CodeIgniter.php(934): App\Controllers\DetailEvent->peserta('images', 'bg-01.jpg')
 7 SYSTEMPATH\CodeIgniter.php(499): CodeIgniter\CodeIgniter->runController(Object(App\Controllers\DetailEvent))
 8 SYSTEMPATH\CodeIgniter.php(368): CodeIgniter\CodeIgniter->handleRequest(null, Object(Config\Cache), false)
 9 FCPATH\index.php(67): CodeIgniter\CodeIgniter->run()
10 SYSTEMPATH\Commands\Server\rewrite.php(47): require_once('D:\\TUGAS\\KULIAH\\P2MW\\hehe\\gohitfinal\\public\\index.php')
INFO - 2025-07-17 01:49:46 --> Session: Class initialized using 'CodeIgniter\Session\Handlers\FileHandler' driver.
INFO - 2025-07-17 01:49:46 --> Session: Class initialized using 'CodeIgniter\Session\Handlers\FileHandler' driver.
INFO - 2025-07-17 01:49:56 --> Session: Class initialized using 'CodeIgniter\Session\Handlers\FileHandler' driver.
INFO - 2025-07-17 02:01:17 --> Session: Class initialized using 'CodeIgniter\Session\Handlers\FileHandler' driver.
INFO - 2025-07-17 02:01:21 --> Session: Class initialized using 'CodeIgniter\Session\Handlers\FileHandler' driver.
INFO - 2025-07-17 02:01:21 --> Session: Class initialized using 'CodeIgniter\Session\Handlers\FileHandler' driver.
INFO - 2025-07-17 02:01:28 --> Session: Class initialized using 'CodeIgniter\Session\Handlers\FileHandler' driver.
INFO - 2025-07-17 02:01:28 --> Session: Class initialized using 'CodeIgniter\Session\Handlers\FileHandler' driver.
INFO - 2025-07-17 02:01:31 --> Session: Class initialized using 'CodeIgniter\Session\Handlers\FileHandler' driver.
INFO - 2025-07-17 02:01:34 --> Session: Class initialized using 'CodeIgniter\Session\Handlers\FileHandler' driver.
INFO - 2025-07-17 02:01:34 --> Session: Class initialized using 'CodeIgniter\Session\Handlers\FileHandler' driver.
CRITICAL - 2025-07-17 02:01:34 --> Undefined variable $tgl
in APPPATH\Views\detaileventp.php on line 24.
 1 APPPATH\Views\detaileventp.php(24): CodeIgniter\Debug\Exceptions->errorHandler(2, 'Undefined variable $tgl', 'D:\\TUGAS\\KULIAH\\P2MW\\hehe\\gohitfinal\\app\\Views\\detaileventp.php', 24)
 2 SYSTEMPATH\View\View.php(213): include('D:\\TUGAS\\KULIAH\\P2MW\\hehe\\gohitfinal\\app\\Views\\detaileventp.php')
 3 SYSTEMPATH\View\View.php(216): CodeIgniter\View\View->CodeIgniter\View\{closure}()
 4 SYSTEMPATH\Common.php(1184): CodeIgniter\View\View->render('detaileventp', [], true)
 5 APPPATH\Controllers\DetailEvent.php(481): view('detaileventp', [...])
 6 SYSTEMPATH\CodeIgniter.php(934): App\Controllers\DetailEvent->peserta('css', 'main.css')
 7 SYSTEMPATH\CodeIgniter.php(499): CodeIgniter\CodeIgniter->runController(Object(App\Controllers\DetailEvent))
 8 SYSTEMPATH\CodeIgniter.php(368): CodeIgniter\CodeIgniter->handleRequest(null, Object(Config\Cache), false)
 9 FCPATH\index.php(67): CodeIgniter\CodeIgniter->run()
10 SYSTEMPATH\Commands\Server\rewrite.php(47): require_once('D:\\TUGAS\\KULIAH\\P2MW\\hehe\\gohitfinal\\public\\index.php')
INFO - 2025-07-17 02:01:34 --> Session: Class initialized using 'CodeIgniter\Session\Handlers\FileHandler' driver.
CRITICAL - 2025-07-17 02:01:34 --> Undefined variable $tgl
in APPPATH\Views\detaileventp.php on line 24.
 1 APPPATH\Views\detaileventp.php(24): CodeIgniter\Debug\Exceptions->errorHandler(2, 'Undefined variable $tgl', 'D:\\TUGAS\\KULIAH\\P2MW\\hehe\\gohitfinal\\app\\Views\\detaileventp.php', 24)
 2 SYSTEMPATH\View\View.php(213): include('D:\\TUGAS\\KULIAH\\P2MW\\hehe\\gohitfinal\\app\\Views\\detaileventp.php')
 3 SYSTEMPATH\View\View.php(216): CodeIgniter\View\View->CodeIgniter\View\{closure}()
 4 SYSTEMPATH\Common.php(1184): CodeIgniter\View\View->render('detaileventp', [], true)
 5 APPPATH\Controllers\DetailEvent.php(481): view('detaileventp', [...])
 6 SYSTEMPATH\CodeIgniter.php(934): App\Controllers\DetailEvent->peserta('css', 'style.css')
 7 SYSTEMPATH\CodeIgniter.php(499): CodeIgniter\CodeIgniter->runController(Object(App\Controllers\DetailEvent))
 8 SYSTEMPATH\CodeIgniter.php(368): CodeIgniter\CodeIgniter->handleRequest(null, Object(Config\Cache), false)
 9 FCPATH\index.php(67): CodeIgniter\CodeIgniter->run()
10 SYSTEMPATH\Commands\Server\rewrite.php(47): require_once('D:\\TUGAS\\KULIAH\\P2MW\\hehe\\gohitfinal\\public\\index.php')
INFO - 2025-07-17 02:01:34 --> Session: Class initialized using 'CodeIgniter\Session\Handlers\FileHandler' driver.
CRITICAL - 2025-07-17 02:01:34 --> Undefined variable $tgl
in APPPATH\Views\detaileventp.php on line 24.
 1 APPPATH\Views\detaileventp.php(24): CodeIgniter\Debug\Exceptions->errorHandler(2, 'Undefined variable $tgl', 'D:\\TUGAS\\KULIAH\\P2MW\\hehe\\gohitfinal\\app\\Views\\detaileventp.php', 24)
 2 SYSTEMPATH\View\View.php(213): include('D:\\TUGAS\\KULIAH\\P2MW\\hehe\\gohitfinal\\app\\Views\\detaileventp.php')
 3 SYSTEMPATH\View\View.php(216): CodeIgniter\View\View->CodeIgniter\View\{closure}()
 4 SYSTEMPATH\Common.php(1184): CodeIgniter\View\View->render('detaileventp', [], true)
 5 APPPATH\Controllers\DetailEvent.php(481): view('detaileventp', [...])
 6 SYSTEMPATH\CodeIgniter.php(934): App\Controllers\DetailEvent->peserta('images', 'bg-01.jpg')
 7 SYSTEMPATH\CodeIgniter.php(499): CodeIgniter\CodeIgniter->runController(Object(App\Controllers\DetailEvent))
 8 SYSTEMPATH\CodeIgniter.php(368): CodeIgniter\CodeIgniter->handleRequest(null, Object(Config\Cache), false)
 9 FCPATH\index.php(67): CodeIgniter\CodeIgniter->run()
10 SYSTEMPATH\Commands\Server\rewrite.php(47): require_once('D:\\TUGAS\\KULIAH\\P2MW\\hehe\\gohitfinal\\public\\index.php')
INFO - 2025-07-17 02:02:14 --> Session: Class initialized using 'CodeIgniter\Session\Handlers\FileHandler' driver.
INFO - 2025-07-17 02:02:15 --> Session: Class initialized using 'CodeIgniter\Session\Handlers\FileHandler' driver.
CRITICAL - 2025-07-17 02:02:15 --> Undefined variable $tgl
in APPPATH\Views\detaileventp.php on line 24.
 1 APPPATH\Views\detaileventp.php(24): CodeIgniter\Debug\Exceptions->errorHandler(2, 'Undefined variable $tgl', 'D:\\TUGAS\\KULIAH\\P2MW\\hehe\\gohitfinal\\app\\Views\\detaileventp.php', 24)
 2 SYSTEMPATH\View\View.php(213): include('D:\\TUGAS\\KULIAH\\P2MW\\hehe\\gohitfinal\\app\\Views\\detaileventp.php')
 3 SYSTEMPATH\View\View.php(216): CodeIgniter\View\View->CodeIgniter\View\{closure}()
 4 SYSTEMPATH\Common.php(1184): CodeIgniter\View\View->render('detaileventp', [], true)
 5 APPPATH\Controllers\DetailEvent.php(481): view('detaileventp', [...])
 6 SYSTEMPATH\CodeIgniter.php(934): App\Controllers\DetailEvent->peserta('css', 'main.css')
 7 SYSTEMPATH\CodeIgniter.php(499): CodeIgniter\CodeIgniter->runController(Object(App\Controllers\DetailEvent))
 8 SYSTEMPATH\CodeIgniter.php(368): CodeIgniter\CodeIgniter->handleRequest(null, Object(Config\Cache), false)
 9 FCPATH\index.php(67): CodeIgniter\CodeIgniter->run()
10 SYSTEMPATH\Commands\Server\rewrite.php(47): require_once('D:\\TUGAS\\KULIAH\\P2MW\\hehe\\gohitfinal\\public\\index.php')
INFO - 2025-07-17 02:02:15 --> Session: Class initialized using 'CodeIgniter\Session\Handlers\FileHandler' driver.
CRITICAL - 2025-07-17 02:02:15 --> Undefined variable $tgl
in APPPATH\Views\detaileventp.php on line 24.
 1 APPPATH\Views\detaileventp.php(24): CodeIgniter\Debug\Exceptions->errorHandler(2, 'Undefined variable $tgl', 'D:\\TUGAS\\KULIAH\\P2MW\\hehe\\gohitfinal\\app\\Views\\detaileventp.php', 24)
 2 SYSTEMPATH\View\View.php(213): include('D:\\TUGAS\\KULIAH\\P2MW\\hehe\\gohitfinal\\app\\Views\\detaileventp.php')
 3 SYSTEMPATH\View\View.php(216): CodeIgniter\View\View->CodeIgniter\View\{closure}()
 4 SYSTEMPATH\Common.php(1184): CodeIgniter\View\View->render('detaileventp', [], true)
 5 APPPATH\Controllers\DetailEvent.php(481): view('detaileventp', [...])
 6 SYSTEMPATH\CodeIgniter.php(934): App\Controllers\DetailEvent->peserta('css', 'style.css')
 7 SYSTEMPATH\CodeIgniter.php(499): CodeIgniter\CodeIgniter->runController(Object(App\Controllers\DetailEvent))
 8 SYSTEMPATH\CodeIgniter.php(368): CodeIgniter\CodeIgniter->handleRequest(null, Object(Config\Cache), false)
 9 FCPATH\index.php(67): CodeIgniter\CodeIgniter->run()
10 SYSTEMPATH\Commands\Server\rewrite.php(47): require_once('D:\\TUGAS\\KULIAH\\P2MW\\hehe\\gohitfinal\\public\\index.php')
INFO - 2025-07-17 02:02:15 --> Session: Class initialized using 'CodeIgniter\Session\Handlers\FileHandler' driver.
CRITICAL - 2025-07-17 02:02:15 --> Undefined variable $tgl
in APPPATH\Views\detaileventp.php on line 24.
 1 APPPATH\Views\detaileventp.php(24): CodeIgniter\Debug\Exceptions->errorHandler(2, 'Undefined variable $tgl', 'D:\\TUGAS\\KULIAH\\P2MW\\hehe\\gohitfinal\\app\\Views\\detaileventp.php', 24)
 2 SYSTEMPATH\View\View.php(213): include('D:\\TUGAS\\KULIAH\\P2MW\\hehe\\gohitfinal\\app\\Views\\detaileventp.php')
 3 SYSTEMPATH\View\View.php(216): CodeIgniter\View\View->CodeIgniter\View\{closure}()
 4 SYSTEMPATH\Common.php(1184): CodeIgniter\View\View->render('detaileventp', [], true)
 5 APPPATH\Controllers\DetailEvent.php(481): view('detaileventp', [...])
 6 SYSTEMPATH\CodeIgniter.php(934): App\Controllers\DetailEvent->peserta('images', 'bg-01.jpg')
 7 SYSTEMPATH\CodeIgniter.php(499): CodeIgniter\CodeIgniter->runController(Object(App\Controllers\DetailEvent))
 8 SYSTEMPATH\CodeIgniter.php(368): CodeIgniter\CodeIgniter->handleRequest(null, Object(Config\Cache), false)
 9 FCPATH\index.php(67): CodeIgniter\CodeIgniter->run()
10 SYSTEMPATH\Commands\Server\rewrite.php(47): require_once('D:\\TUGAS\\KULIAH\\P2MW\\hehe\\gohitfinal\\public\\index.php')
INFO - 2025-07-17 02:02:33 --> Session: Class initialized using 'CodeIgniter\Session\Handlers\FileHandler' driver.
INFO - 2025-07-17 02:02:33 --> Session: Class initialized using 'CodeIgniter\Session\Handlers\FileHandler' driver.
INFO - 2025-07-17 02:02:33 --> Session: Class initialized using 'CodeIgniter\Session\Handlers\FileHandler' driver.
CRITICAL - 2025-07-17 02:02:34 --> Undefined variable $tgl
in APPPATH\Views\detaileventp.php on line 24.
 1 APPPATH\Views\detaileventp.php(24): CodeIgniter\Debug\Exceptions->errorHandler(2, 'Undefined variable $tgl', 'D:\\TUGAS\\KULIAH\\P2MW\\hehe\\gohitfinal\\app\\Views\\detaileventp.php', 24)
 2 SYSTEMPATH\View\View.php(213): include('D:\\TUGAS\\KULIAH\\P2MW\\hehe\\gohitfinal\\app\\Views\\detaileventp.php')
 3 SYSTEMPATH\View\View.php(216): CodeIgniter\View\View->CodeIgniter\View\{closure}()
 4 SYSTEMPATH\Common.php(1184): CodeIgniter\View\View->render('detaileventp', [], true)
 5 APPPATH\Controllers\DetailEvent.php(481): view('detaileventp', [...])
 6 SYSTEMPATH\CodeIgniter.php(934): App\Controllers\DetailEvent->peserta('css', 'main.css')
 7 SYSTEMPATH\CodeIgniter.php(499): CodeIgniter\CodeIgniter->runController(Object(App\Controllers\DetailEvent))
 8 SYSTEMPATH\CodeIgniter.php(368): CodeIgniter\CodeIgniter->handleRequest(null, Object(Config\Cache), false)
 9 FCPATH\index.php(67): CodeIgniter\CodeIgniter->run()
10 SYSTEMPATH\Commands\Server\rewrite.php(47): require_once('D:\\TUGAS\\KULIAH\\P2MW\\hehe\\gohitfinal\\public\\index.php')
INFO - 2025-07-17 02:02:34 --> Session: Class initialized using 'CodeIgniter\Session\Handlers\FileHandler' driver.
CRITICAL - 2025-07-17 02:02:34 --> Undefined variable $tgl
in APPPATH\Views\detaileventp.php on line 24.
 1 APPPATH\Views\detaileventp.php(24): CodeIgniter\Debug\Exceptions->errorHandler(2, 'Undefined variable $tgl', 'D:\\TUGAS\\KULIAH\\P2MW\\hehe\\gohitfinal\\app\\Views\\detaileventp.php', 24)
 2 SYSTEMPATH\View\View.php(213): include('D:\\TUGAS\\KULIAH\\P2MW\\hehe\\gohitfinal\\app\\Views\\detaileventp.php')
 3 SYSTEMPATH\View\View.php(216): CodeIgniter\View\View->CodeIgniter\View\{closure}()
 4 SYSTEMPATH\Common.php(1184): CodeIgniter\View\View->render('detaileventp', [], true)
 5 APPPATH\Controllers\DetailEvent.php(481): view('detaileventp', [...])
 6 SYSTEMPATH\CodeIgniter.php(934): App\Controllers\DetailEvent->peserta('css', 'style.css')
 7 SYSTEMPATH\CodeIgniter.php(499): CodeIgniter\CodeIgniter->runController(Object(App\Controllers\DetailEvent))
 8 SYSTEMPATH\CodeIgniter.php(368): CodeIgniter\CodeIgniter->handleRequest(null, Object(Config\Cache), false)
 9 FCPATH\index.php(67): CodeIgniter\CodeIgniter->run()
10 SYSTEMPATH\Commands\Server\rewrite.php(47): require_once('D:\\TUGAS\\KULIAH\\P2MW\\hehe\\gohitfinal\\public\\index.php')
INFO - 2025-07-17 02:02:34 --> Session: Class initialized using 'CodeIgniter\Session\Handlers\FileHandler' driver.
CRITICAL - 2025-07-17 02:02:34 --> Undefined variable $tgl
in APPPATH\Views\detaileventp.php on line 24.
 1 APPPATH\Views\detaileventp.php(24): CodeIgniter\Debug\Exceptions->errorHandler(2, 'Undefined variable $tgl', 'D:\\TUGAS\\KULIAH\\P2MW\\hehe\\gohitfinal\\app\\Views\\detaileventp.php', 24)
 2 SYSTEMPATH\View\View.php(213): include('D:\\TUGAS\\KULIAH\\P2MW\\hehe\\gohitfinal\\app\\Views\\detaileventp.php')
 3 SYSTEMPATH\View\View.php(216): CodeIgniter\View\View->CodeIgniter\View\{closure}()
 4 SYSTEMPATH\Common.php(1184): CodeIgniter\View\View->render('detaileventp', [], true)
 5 APPPATH\Controllers\DetailEvent.php(481): view('detaileventp', [...])
 6 SYSTEMPATH\CodeIgniter.php(934): App\Controllers\DetailEvent->peserta('images', 'bg-01.jpg')
 7 SYSTEMPATH\CodeIgniter.php(499): CodeIgniter\CodeIgniter->runController(Object(App\Controllers\DetailEvent))
 8 SYSTEMPATH\CodeIgniter.php(368): CodeIgniter\CodeIgniter->handleRequest(null, Object(Config\Cache), false)
 9 FCPATH\index.php(67): CodeIgniter\CodeIgniter->run()
10 SYSTEMPATH\Commands\Server\rewrite.php(47): require_once('D:\\TUGAS\\KULIAH\\P2MW\\hehe\\gohitfinal\\public\\index.php')
INFO - 2025-07-17 02:05:03 --> Session: Class initialized using 'CodeIgniter\Session\Handlers\FileHandler' driver.
INFO - 2025-07-17 02:05:03 --> Session: Class initialized using 'CodeIgniter\Session\Handlers\FileHandler' driver.
INFO - 2025-07-17 02:05:04 --> Session: Class initialized using 'CodeIgniter\Session\Handlers\FileHandler' driver.
CRITICAL - 2025-07-17 02:05:04 --> Undefined variable $tgl
in APPPATH\Views\detaileventp.php on line 24.
 1 APPPATH\Views\detaileventp.php(24): CodeIgniter\Debug\Exceptions->errorHandler(2, 'Undefined variable $tgl', 'D:\\TUGAS\\KULIAH\\P2MW\\hehe\\gohitfinal\\app\\Views\\detaileventp.php', 24)
 2 SYSTEMPATH\View\View.php(213): include('D:\\TUGAS\\KULIAH\\P2MW\\hehe\\gohitfinal\\app\\Views\\detaileventp.php')
 3 SYSTEMPATH\View\View.php(216): CodeIgniter\View\View->CodeIgniter\View\{closure}()
 4 SYSTEMPATH\Common.php(1184): CodeIgniter\View\View->render('detaileventp', [], true)
 5 APPPATH\Controllers\DetailEvent.php(481): view('detaileventp', [...])
 6 SYSTEMPATH\CodeIgniter.php(934): App\Controllers\DetailEvent->peserta('css', 'main.css')
 7 SYSTEMPATH\CodeIgniter.php(499): CodeIgniter\CodeIgniter->runController(Object(App\Controllers\DetailEvent))
 8 SYSTEMPATH\CodeIgniter.php(368): CodeIgniter\CodeIgniter->handleRequest(null, Object(Config\Cache), false)
 9 FCPATH\index.php(67): CodeIgniter\CodeIgniter->run()
10 SYSTEMPATH\Commands\Server\rewrite.php(47): require_once('D:\\TUGAS\\KULIAH\\P2MW\\hehe\\gohitfinal\\public\\index.php')
INFO - 2025-07-17 02:05:04 --> Session: Class initialized using 'CodeIgniter\Session\Handlers\FileHandler' driver.
CRITICAL - 2025-07-17 02:05:04 --> Undefined variable $tgl
in APPPATH\Views\detaileventp.php on line 24.
 1 APPPATH\Views\detaileventp.php(24): CodeIgniter\Debug\Exceptions->errorHandler(2, 'Undefined variable $tgl', 'D:\\TUGAS\\KULIAH\\P2MW\\hehe\\gohitfinal\\app\\Views\\detaileventp.php', 24)
 2 SYSTEMPATH\View\View.php(213): include('D:\\TUGAS\\KULIAH\\P2MW\\hehe\\gohitfinal\\app\\Views\\detaileventp.php')
 3 SYSTEMPATH\View\View.php(216): CodeIgniter\View\View->CodeIgniter\View\{closure}()
 4 SYSTEMPATH\Common.php(1184): CodeIgniter\View\View->render('detaileventp', [], true)
 5 APPPATH\Controllers\DetailEvent.php(481): view('detaileventp', [...])
 6 SYSTEMPATH\CodeIgniter.php(934): App\Controllers\DetailEvent->peserta('css', 'style.css')
 7 SYSTEMPATH\CodeIgniter.php(499): CodeIgniter\CodeIgniter->runController(Object(App\Controllers\DetailEvent))
 8 SYSTEMPATH\CodeIgniter.php(368): CodeIgniter\CodeIgniter->handleRequest(null, Object(Config\Cache), false)
 9 FCPATH\index.php(67): CodeIgniter\CodeIgniter->run()
10 SYSTEMPATH\Commands\Server\rewrite.php(47): require_once('D:\\TUGAS\\KULIAH\\P2MW\\hehe\\gohitfinal\\public\\index.php')
INFO - 2025-07-17 02:05:04 --> Session: Class initialized using 'CodeIgniter\Session\Handlers\FileHandler' driver.
CRITICAL - 2025-07-17 02:05:04 --> Undefined variable $tgl
in APPPATH\Views\detaileventp.php on line 24.
 1 APPPATH\Views\detaileventp.php(24): CodeIgniter\Debug\Exceptions->errorHandler(2, 'Undefined variable $tgl', 'D:\\TUGAS\\KULIAH\\P2MW\\hehe\\gohitfinal\\app\\Views\\detaileventp.php', 24)
 2 SYSTEMPATH\View\View.php(213): include('D:\\TUGAS\\KULIAH\\P2MW\\hehe\\gohitfinal\\app\\Views\\detaileventp.php')
 3 SYSTEMPATH\View\View.php(216): CodeIgniter\View\View->CodeIgniter\View\{closure}()
 4 SYSTEMPATH\Common.php(1184): CodeIgniter\View\View->render('detaileventp', [], true)
 5 APPPATH\Controllers\DetailEvent.php(481): view('detaileventp', [...])
 6 SYSTEMPATH\CodeIgniter.php(934): App\Controllers\DetailEvent->peserta('images', 'bg-01.jpg')
 7 SYSTEMPATH\CodeIgniter.php(499): CodeIgniter\CodeIgniter->runController(Object(App\Controllers\DetailEvent))
 8 SYSTEMPATH\CodeIgniter.php(368): CodeIgniter\CodeIgniter->handleRequest(null, Object(Config\Cache), false)
 9 FCPATH\index.php(67): CodeIgniter\CodeIgniter->run()
10 SYSTEMPATH\Commands\Server\rewrite.php(47): require_once('D:\\TUGAS\\KULIAH\\P2MW\\hehe\\gohitfinal\\public\\index.php')
INFO - 2025-07-17 02:08:15 --> Session: Class initialized using 'CodeIgniter\Session\Handlers\FileHandler' driver.
INFO - 2025-07-17 02:26:11 --> Session: Class initialized using 'CodeIgniter\Session\Handlers\FileHandler' driver.
INFO - 2025-07-17 02:26:14 --> Session: Class initialized using 'CodeIgniter\Session\Handlers\FileHandler' driver.
INFO - 2025-07-17 02:26:14 --> Session: Class initialized using 'CodeIgniter\Session\Handlers\FileHandler' driver.
CRITICAL - 2025-07-17 02:26:14 --> Undefined variable $tgl
in APPPATH\Views\detaileventp.php on line 24.
 1 APPPATH\Views\detaileventp.php(24): CodeIgniter\Debug\Exceptions->errorHandler(2, 'Undefined variable $tgl', 'D:\\TUGAS\\KULIAH\\P2MW\\hehe\\gohitfinal\\app\\Views\\detaileventp.php', 24)
 2 SYSTEMPATH\View\View.php(213): include('D:\\TUGAS\\KULIAH\\P2MW\\hehe\\gohitfinal\\app\\Views\\detaileventp.php')
 3 SYSTEMPATH\View\View.php(216): CodeIgniter\View\View->CodeIgniter\View\{closure}()
 4 SYSTEMPATH\Common.php(1184): CodeIgniter\View\View->render('detaileventp', [], true)
 5 APPPATH\Controllers\DetailEvent.php(481): view('detaileventp', [...])
 6 SYSTEMPATH\CodeIgniter.php(934): App\Controllers\DetailEvent->peserta('css', 'main.css')
 7 SYSTEMPATH\CodeIgniter.php(499): CodeIgniter\CodeIgniter->runController(Object(App\Controllers\DetailEvent))
 8 SYSTEMPATH\CodeIgniter.php(368): CodeIgniter\CodeIgniter->handleRequest(null, Object(Config\Cache), false)
 9 FCPATH\index.php(67): CodeIgniter\CodeIgniter->run()
10 SYSTEMPATH\Commands\Server\rewrite.php(47): require_once('D:\\TUGAS\\KULIAH\\P2MW\\hehe\\gohitfinal\\public\\index.php')
INFO - 2025-07-17 02:26:14 --> Session: Class initialized using 'CodeIgniter\Session\Handlers\FileHandler' driver.
CRITICAL - 2025-07-17 02:26:14 --> Undefined variable $tgl
in APPPATH\Views\detaileventp.php on line 24.
 1 APPPATH\Views\detaileventp.php(24): CodeIgniter\Debug\Exceptions->errorHandler(2, 'Undefined variable $tgl', 'D:\\TUGAS\\KULIAH\\P2MW\\hehe\\gohitfinal\\app\\Views\\detaileventp.php', 24)
 2 SYSTEMPATH\View\View.php(213): include('D:\\TUGAS\\KULIAH\\P2MW\\hehe\\gohitfinal\\app\\Views\\detaileventp.php')
 3 SYSTEMPATH\View\View.php(216): CodeIgniter\View\View->CodeIgniter\View\{closure}()
 4 SYSTEMPATH\Common.php(1184): CodeIgniter\View\View->render('detaileventp', [], true)
 5 APPPATH\Controllers\DetailEvent.php(481): view('detaileventp', [...])
 6 SYSTEMPATH\CodeIgniter.php(934): App\Controllers\DetailEvent->peserta('css', 'style.css')
 7 SYSTEMPATH\CodeIgniter.php(499): CodeIgniter\CodeIgniter->runController(Object(App\Controllers\DetailEvent))
 8 SYSTEMPATH\CodeIgniter.php(368): CodeIgniter\CodeIgniter->handleRequest(null, Object(Config\Cache), false)
 9 FCPATH\index.php(67): CodeIgniter\CodeIgniter->run()
10 SYSTEMPATH\Commands\Server\rewrite.php(47): require_once('D:\\TUGAS\\KULIAH\\P2MW\\hehe\\gohitfinal\\public\\index.php')
INFO - 2025-07-17 02:26:14 --> Session: Class initialized using 'CodeIgniter\Session\Handlers\FileHandler' driver.
CRITICAL - 2025-07-17 02:26:14 --> Undefined variable $tgl
in APPPATH\Views\detaileventp.php on line 24.
 1 APPPATH\Views\detaileventp.php(24): CodeIgniter\Debug\Exceptions->errorHandler(2, 'Undefined variable $tgl', 'D:\\TUGAS\\KULIAH\\P2MW\\hehe\\gohitfinal\\app\\Views\\detaileventp.php', 24)
 2 SYSTEMPATH\View\View.php(213): include('D:\\TUGAS\\KULIAH\\P2MW\\hehe\\gohitfinal\\app\\Views\\detaileventp.php')
 3 SYSTEMPATH\View\View.php(216): CodeIgniter\View\View->CodeIgniter\View\{closure}()
 4 SYSTEMPATH\Common.php(1184): CodeIgniter\View\View->render('detaileventp', [], true)
 5 APPPATH\Controllers\DetailEvent.php(481): view('detaileventp', [...])
 6 SYSTEMPATH\CodeIgniter.php(934): App\Controllers\DetailEvent->peserta('images', 'bg-01.jpg')
 7 SYSTEMPATH\CodeIgniter.php(499): CodeIgniter\CodeIgniter->runController(Object(App\Controllers\DetailEvent))
 8 SYSTEMPATH\CodeIgniter.php(368): CodeIgniter\CodeIgniter->handleRequest(null, Object(Config\Cache), false)
 9 FCPATH\index.php(67): CodeIgniter\CodeIgniter->run()
10 SYSTEMPATH\Commands\Server\rewrite.php(47): require_once('D:\\TUGAS\\KULIAH\\P2MW\\hehe\\gohitfinal\\public\\index.php')
INFO - 2025-07-17 02:29:42 --> Session: Class initialized using 'CodeIgniter\Session\Handlers\FileHandler' driver.
INFO - 2025-07-17 02:31:11 --> Session: Class initialized using 'CodeIgniter\Session\Handlers\FileHandler' driver.
INFO - 2025-07-17 02:31:11 --> Session: Class initialized using 'CodeIgniter\Session\Handlers\FileHandler' driver.
INFO - 2025-07-17 02:31:21 --> Session: Class initialized using 'CodeIgniter\Session\Handlers\FileHandler' driver.
INFO - 2025-07-17 02:31:46 --> Session: Class initialized using 'CodeIgniter\Session\Handlers\FileHandler' driver.
INFO - 2025-07-17 02:31:49 --> Session: Class initialized using 'CodeIgniter\Session\Handlers\FileHandler' driver.
INFO - 2025-07-17 02:31:50 --> Session: Class initialized using 'CodeIgniter\Session\Handlers\FileHandler' driver.
ERROR - 2025-07-17 02:32:24 --> mysqli_sql_exception: Unknown column 'id_user' in 'field list' in D:\TUGAS\KULIAH\P2MW\hehe\gohitfinal\system\Database\MySQLi\Connection.php:295
Stack trace:
#0 D:\TUGAS\KULIAH\P2MW\hehe\gohitfinal\system\Database\MySQLi\Connection.php(295): mysqli->query('INSERT INTO `us...', 0)
#1 D:\TUGAS\KULIAH\P2MW\hehe\gohitfinal\system\Database\BaseConnection.php(691): CodeIgniter\Database\MySQLi\Connection->execute('INSERT INTO `us...')
#2 D:\TUGAS\KULIAH\P2MW\hehe\gohitfinal\system\Database\BaseConnection.php(605): CodeIgniter\Database\BaseConnection->simpleQuery('INSERT INTO `us...')
#3 D:\TUGAS\KULIAH\P2MW\hehe\gohitfinal\system\Database\BaseBuilder.php(2309): CodeIgniter\Database\BaseConnection->query('INSERT INTO `us...', Array, false)
#4 D:\TUGAS\KULIAH\P2MW\hehe\gohitfinal\app\Models\User.php(23): CodeIgniter\Database\BaseBuilder->insert(Array)
#5 D:\TUGAS\KULIAH\P2MW\hehe\gohitfinal\app\Controllers\Login.php(97): App\Models\User->saveuser(Array)
#6 D:\TUGAS\KULIAH\P2MW\hehe\gohitfinal\system\CodeIgniter.php(934): App\Controllers\Login->add()
#7 D:\TUGAS\KULIAH\P2MW\hehe\gohitfinal\system\CodeIgniter.php(499): CodeIgniter\CodeIgniter->runController(Object(App\Controllers\Login))
#8 D:\TUGAS\KULIAH\P2MW\hehe\gohitfinal\system\CodeIgniter.php(368): CodeIgniter\CodeIgniter->handleRequest(NULL, Object(Config\Cache), false)
#9 D:\TUGAS\KULIAH\P2MW\hehe\gohitfinal\public\index.php(67): CodeIgniter\CodeIgniter->run()
#10 D:\TUGAS\KULIAH\P2MW\hehe\gohitfinal\system\Commands\Server\rewrite.php(47): require_once('D:\\TUGAS\\KULIAH...')
#11 {main}
CRITICAL - 2025-07-17 02:32:24 --> Unknown column 'id_user' in 'field list'
in SYSTEMPATH\Database\MySQLi\Connection.php on line 295.
 1 SYSTEMPATH\Database\MySQLi\Connection.php(295): mysqli->query('INSERT INTO `user` (`nama`, `email`, `password`, `jenis`, `sub`) VALUES (\'STIKI1\', \'stk@stiki.ac.id\', \'stiki\', \'1\', \'1\')', 0)
 2 SYSTEMPATH\Database\BaseConnection.php(691): CodeIgniter\Database\MySQLi\Connection->execute('INSERT INTO `user` (`nama`, `email`, `password`, `jenis`, `sub`) VALUES (\'STIKI1\', \'stk@stiki.ac.id\', \'stiki\', \'1\', \'1\')')
 3 SYSTEMPATH\Database\BaseConnection.php(605): CodeIgniter\Database\BaseConnection->simpleQuery('INSERT INTO `user` (`nama`, `email`, `password`, `jenis`, `sub`) VALUES (\'STIKI1\', \'stk@stiki.ac.id\', \'stiki\', \'1\', \'1\')')
 4 SYSTEMPATH\Database\BaseBuilder.php(2309): CodeIgniter\Database\BaseConnection->query('INSERT INTO `user` (`nama`, `email`, `password`, `jenis`, `sub`) VALUES (:nama:, :email:, :password:, :jenis:, :sub:)', [...], false)
 5 APPPATH\Models\User.php(23): CodeIgniter\Database\BaseBuilder->insert([...])
 6 APPPATH\Controllers\Login.php(97): App\Models\User->saveuser([...])
 7 SYSTEMPATH\CodeIgniter.php(934): App\Controllers\Login->add()
 8 SYSTEMPATH\CodeIgniter.php(499): CodeIgniter\CodeIgniter->runController(Object(App\Controllers\Login))
 9 SYSTEMPATH\CodeIgniter.php(368): CodeIgniter\CodeIgniter->handleRequest(null, Object(Config\Cache), false)
10 FCPATH\index.php(67): CodeIgniter\CodeIgniter->run()
11 SYSTEMPATH\Commands\Server\rewrite.php(47): require_once('D:\\TUGAS\\KULIAH\\P2MW\\hehe\\gohitfinal\\public\\index.php')
ERROR - 2025-07-17 02:32:36 --> mysqli_sql_exception: Unknown column 'id_user' in 'field list' in D:\TUGAS\KULIAH\P2MW\hehe\gohitfinal\system\Database\MySQLi\Connection.php:295
Stack trace:
#0 D:\TUGAS\KULIAH\P2MW\hehe\gohitfinal\system\Database\MySQLi\Connection.php(295): mysqli->query('INSERT INTO `us...', 0)
#1 D:\TUGAS\KULIAH\P2MW\hehe\gohitfinal\system\Database\BaseConnection.php(691): CodeIgniter\Database\MySQLi\Connection->execute('INSERT INTO `us...')
#2 D:\TUGAS\KULIAH\P2MW\hehe\gohitfinal\system\Database\BaseConnection.php(605): CodeIgniter\Database\BaseConnection->simpleQuery('INSERT INTO `us...')
#3 D:\TUGAS\KULIAH\P2MW\hehe\gohitfinal\system\Database\BaseBuilder.php(2309): CodeIgniter\Database\BaseConnection->query('INSERT INTO `us...', Array, false)
#4 D:\TUGAS\KULIAH\P2MW\hehe\gohitfinal\app\Models\User.php(23): CodeIgniter\Database\BaseBuilder->insert(Array)
#5 D:\TUGAS\KULIAH\P2MW\hehe\gohitfinal\app\Controllers\Login.php(97): App\Models\User->saveuser(Array)
#6 D:\TUGAS\KULIAH\P2MW\hehe\gohitfinal\system\CodeIgniter.php(934): App\Controllers\Login->add()
#7 D:\TUGAS\KULIAH\P2MW\hehe\gohitfinal\system\CodeIgniter.php(499): CodeIgniter\CodeIgniter->runController(Object(App\Controllers\Login))
#8 D:\TUGAS\KULIAH\P2MW\hehe\gohitfinal\system\CodeIgniter.php(368): CodeIgniter\CodeIgniter->handleRequest(NULL, Object(Config\Cache), false)
#9 D:\TUGAS\KULIAH\P2MW\hehe\gohitfinal\public\index.php(67): CodeIgniter\CodeIgniter->run()
#10 D:\TUGAS\KULIAH\P2MW\hehe\gohitfinal\system\Commands\Server\rewrite.php(47): require_once('D:\\TUGAS\\KULIAH...')
#11 {main}
CRITICAL - 2025-07-17 02:32:36 --> Unknown column 'id_user' in 'field list'
in SYSTEMPATH\Database\MySQLi\Connection.php on line 295.
 1 SYSTEMPATH\Database\MySQLi\Connection.php(295): mysqli->query('INSERT INTO `user` (`nama`, `email`, `password`, `jenis`, `sub`) VALUES (\'STIKI1\', \'stk@stiki.ac.id\', \'stiki\', \'1\', \'1\')', 0)
 2 SYSTEMPATH\Database\BaseConnection.php(691): CodeIgniter\Database\MySQLi\Connection->execute('INSERT INTO `user` (`nama`, `email`, `password`, `jenis`, `sub`) VALUES (\'STIKI1\', \'stk@stiki.ac.id\', \'stiki\', \'1\', \'1\')')
 3 SYSTEMPATH\Database\BaseConnection.php(605): CodeIgniter\Database\BaseConnection->simpleQuery('INSERT INTO `user` (`nama`, `email`, `password`, `jenis`, `sub`) VALUES (\'STIKI1\', \'stk@stiki.ac.id\', \'stiki\', \'1\', \'1\')')
 4 SYSTEMPATH\Database\BaseBuilder.php(2309): CodeIgniter\Database\BaseConnection->query('INSERT INTO `user` (`nama`, `email`, `password`, `jenis`, `sub`) VALUES (:nama:, :email:, :password:, :jenis:, :sub:)', [...], false)
 5 APPPATH\Models\User.php(23): CodeIgniter\Database\BaseBuilder->insert([...])
 6 APPPATH\Controllers\Login.php(97): App\Models\User->saveuser([...])
 7 SYSTEMPATH\CodeIgniter.php(934): App\Controllers\Login->add()
 8 SYSTEMPATH\CodeIgniter.php(499): CodeIgniter\CodeIgniter->runController(Object(App\Controllers\Login))
 9 SYSTEMPATH\CodeIgniter.php(368): CodeIgniter\CodeIgniter->handleRequest(null, Object(Config\Cache), false)
10 FCPATH\index.php(67): CodeIgniter\CodeIgniter->run()
11 SYSTEMPATH\Commands\Server\rewrite.php(47): require_once('D:\\TUGAS\\KULIAH\\P2MW\\hehe\\gohitfinal\\public\\index.php')
INFO - 2025-07-17 02:33:13 --> Session: Class initialized using 'CodeIgniter\Session\Handlers\FileHandler' driver.
INFO - 2025-07-17 02:33:28 --> Session: Class initialized using 'CodeIgniter\Session\Handlers\FileHandler' driver.
INFO - 2025-07-17 02:34:00 --> Session: Class initialized using 'CodeIgniter\Session\Handlers\FileHandler' driver.
INFO - 2025-07-17 02:34:03 --> Session: Class initialized using 'CodeIgniter\Session\Handlers\FileHandler' driver.
INFO - 2025-07-17 02:34:07 --> Session: Class initialized using 'CodeIgniter\Session\Handlers\FileHandler' driver.
INFO - 2025-07-17 02:34:07 --> Session: Class initialized using 'CodeIgniter\Session\Handlers\FileHandler' driver.
INFO - 2025-07-17 02:34:18 --> Session: Class initialized using 'CodeIgniter\Session\Handlers\FileHandler' driver.
INFO - 2025-07-17 02:34:18 --> Session: Class initialized using 'CodeIgniter\Session\Handlers\FileHandler' driver.
INFO - 2025-07-17 02:34:24 --> Session: Class initialized using 'CodeIgniter\Session\Handlers\FileHandler' driver.
INFO - 2025-07-17 02:34:27 --> Session: Class initialized using 'CodeIgniter\Session\Handlers\FileHandler' driver.
INFO - 2025-07-17 02:34:28 --> Session: Class initialized using 'CodeIgniter\Session\Handlers\FileHandler' driver.
CRITICAL - 2025-07-17 02:34:28 --> Undefined variable $tgl
in APPPATH\Views\detaileventp.php on line 24.
 1 APPPATH\Views\detaileventp.php(24): CodeIgniter\Debug\Exceptions->errorHandler(2, 'Undefined variable $tgl', 'D:\\TUGAS\\KULIAH\\P2MW\\hehe\\gohitfinal\\app\\Views\\detaileventp.php', 24)
 2 SYSTEMPATH\View\View.php(213): include('D:\\TUGAS\\KULIAH\\P2MW\\hehe\\gohitfinal\\app\\Views\\detaileventp.php')
 3 SYSTEMPATH\View\View.php(216): CodeIgniter\View\View->CodeIgniter\View\{closure}()
 4 SYSTEMPATH\Common.php(1184): CodeIgniter\View\View->render('detaileventp', [], true)
 5 APPPATH\Controllers\DetailEvent.php(481): view('detaileventp', [...])
 6 SYSTEMPATH\CodeIgniter.php(934): App\Controllers\DetailEvent->peserta('css', 'main.css')
 7 SYSTEMPATH\CodeIgniter.php(499): CodeIgniter\CodeIgniter->runController(Object(App\Controllers\DetailEvent))
 8 SYSTEMPATH\CodeIgniter.php(368): CodeIgniter\CodeIgniter->handleRequest(null, Object(Config\Cache), false)
 9 FCPATH\index.php(67): CodeIgniter\CodeIgniter->run()
10 SYSTEMPATH\Commands\Server\rewrite.php(47): require_once('D:\\TUGAS\\KULIAH\\P2MW\\hehe\\gohitfinal\\public\\index.php')
INFO - 2025-07-17 02:34:28 --> Session: Class initialized using 'CodeIgniter\Session\Handlers\FileHandler' driver.
CRITICAL - 2025-07-17 02:34:28 --> Undefined variable $tgl
in APPPATH\Views\detaileventp.php on line 24.
 1 APPPATH\Views\detaileventp.php(24): CodeIgniter\Debug\Exceptions->errorHandler(2, 'Undefined variable $tgl', 'D:\\TUGAS\\KULIAH\\P2MW\\hehe\\gohitfinal\\app\\Views\\detaileventp.php', 24)
 2 SYSTEMPATH\View\View.php(213): include('D:\\TUGAS\\KULIAH\\P2MW\\hehe\\gohitfinal\\app\\Views\\detaileventp.php')
 3 SYSTEMPATH\View\View.php(216): CodeIgniter\View\View->CodeIgniter\View\{closure}()
 4 SYSTEMPATH\Common.php(1184): CodeIgniter\View\View->render('detaileventp', [], true)
 5 APPPATH\Controllers\DetailEvent.php(481): view('detaileventp', [...])
 6 SYSTEMPATH\CodeIgniter.php(934): App\Controllers\DetailEvent->peserta('css', 'style.css')
 7 SYSTEMPATH\CodeIgniter.php(499): CodeIgniter\CodeIgniter->runController(Object(App\Controllers\DetailEvent))
 8 SYSTEMPATH\CodeIgniter.php(368): CodeIgniter\CodeIgniter->handleRequest(null, Object(Config\Cache), false)
 9 FCPATH\index.php(67): CodeIgniter\CodeIgniter->run()
10 SYSTEMPATH\Commands\Server\rewrite.php(47): require_once('D:\\TUGAS\\KULIAH\\P2MW\\hehe\\gohitfinal\\public\\index.php')
INFO - 2025-07-17 02:34:28 --> Session: Class initialized using 'CodeIgniter\Session\Handlers\FileHandler' driver.
CRITICAL - 2025-07-17 02:34:28 --> Undefined variable $tgl
in APPPATH\Views\detaileventp.php on line 24.
 1 APPPATH\Views\detaileventp.php(24): CodeIgniter\Debug\Exceptions->errorHandler(2, 'Undefined variable $tgl', 'D:\\TUGAS\\KULIAH\\P2MW\\hehe\\gohitfinal\\app\\Views\\detaileventp.php', 24)
 2 SYSTEMPATH\View\View.php(213): include('D:\\TUGAS\\KULIAH\\P2MW\\hehe\\gohitfinal\\app\\Views\\detaileventp.php')
 3 SYSTEMPATH\View\View.php(216): CodeIgniter\View\View->CodeIgniter\View\{closure}()
 4 SYSTEMPATH\Common.php(1184): CodeIgniter\View\View->render('detaileventp', [], true)
 5 APPPATH\Controllers\DetailEvent.php(481): view('detaileventp', [...])
 6 SYSTEMPATH\CodeIgniter.php(934): App\Controllers\DetailEvent->peserta('images', 'bg-01.jpg')
 7 SYSTEMPATH\CodeIgniter.php(499): CodeIgniter\CodeIgniter->runController(Object(App\Controllers\DetailEvent))
 8 SYSTEMPATH\CodeIgniter.php(368): CodeIgniter\CodeIgniter->handleRequest(null, Object(Config\Cache), false)
 9 FCPATH\index.php(67): CodeIgniter\CodeIgniter->run()
10 SYSTEMPATH\Commands\Server\rewrite.php(47): require_once('D:\\TUGAS\\KULIAH\\P2MW\\hehe\\gohitfinal\\public\\index.php')
INFO - 2025-07-17 02:40:45 --> Session: Class initialized using 'CodeIgniter\Session\Handlers\FileHandler' driver.
INFO - 2025-07-17 02:40:45 --> Session: Class initialized using 'CodeIgniter\Session\Handlers\FileHandler' driver.
INFO - 2025-07-17 02:40:57 --> Session: Class initialized using 'CodeIgniter\Session\Handlers\FileHandler' driver.
INFO - 2025-07-17 02:41:00 --> Session: Class initialized using 'CodeIgniter\Session\Handlers\FileHandler' driver.
INFO - 2025-07-17 02:41:04 --> Session: Class initialized using 'CodeIgniter\Session\Handlers\FileHandler' driver.
INFO - 2025-07-17 02:41:10 --> Session: Class initialized using 'CodeIgniter\Session\Handlers\FileHandler' driver.
INFO - 2025-07-17 02:41:15 --> Session: Class initialized using 'CodeIgniter\Session\Handlers\FileHandler' driver.
INFO - 2025-07-17 02:41:15 --> Session: Class initialized using 'CodeIgniter\Session\Handlers\FileHandler' driver.
CRITICAL - 2025-07-17 02:41:15 --> foreach() argument must be of type array|object, null given
in SYSTEMPATH\Database\BaseBuilder.php on line 411.
 1 SYSTEMPATH\Database\BaseBuilder.php(411): CodeIgniter\Debug\Exceptions->errorHandler(2, 'foreach() argument must be of type array|object, null given', 'D:\\TUGAS\\KULIAH\\P2MW\\hehe\\gohitfinal\\system\\Database\\BaseBuilder.php', 411)
 2 SYSTEMPATH\Model.php(840): CodeIgniter\Database\BaseBuilder->select(null)
 3 APPPATH\Models\Fisher.php(20): CodeIgniter\Model->__call('select', [...])
 4 APPPATH\Controllers\DetailEvent.php(69): App\Models\Fisher->getUserPointBySport(null, null)
 5 SYSTEMPATH\CodeIgniter.php(934): App\Controllers\DetailEvent->index('css', 'main.css')
 6 SYSTEMPATH\CodeIgniter.php(499): CodeIgniter\CodeIgniter->runController(Object(App\Controllers\DetailEvent))
 7 SYSTEMPATH\CodeIgniter.php(368): CodeIgniter\CodeIgniter->handleRequest(null, Object(Config\Cache), false)
 8 FCPATH\index.php(67): CodeIgniter\CodeIgniter->run()
 9 SYSTEMPATH\Commands\Server\rewrite.php(47): require_once('D:\\TUGAS\\KULIAH\\P2MW\\hehe\\gohitfinal\\public\\index.php')
INFO - 2025-07-17 02:41:15 --> Session: Class initialized using 'CodeIgniter\Session\Handlers\FileHandler' driver.
CRITICAL - 2025-07-17 02:41:15 --> foreach() argument must be of type array|object, null given
in SYSTEMPATH\Database\BaseBuilder.php on line 411.
 1 SYSTEMPATH\Database\BaseBuilder.php(411): CodeIgniter\Debug\Exceptions->errorHandler(2, 'foreach() argument must be of type array|object, null given', 'D:\\TUGAS\\KULIAH\\P2MW\\hehe\\gohitfinal\\system\\Database\\BaseBuilder.php', 411)
 2 SYSTEMPATH\Model.php(840): CodeIgniter\Database\BaseBuilder->select(null)
 3 APPPATH\Models\Fisher.php(20): CodeIgniter\Model->__call('select', [...])
 4 APPPATH\Controllers\DetailEvent.php(69): App\Models\Fisher->getUserPointBySport(null, null)
 5 SYSTEMPATH\CodeIgniter.php(934): App\Controllers\DetailEvent->index('css', 'style.css')
 6 SYSTEMPATH\CodeIgniter.php(499): CodeIgniter\CodeIgniter->runController(Object(App\Controllers\DetailEvent))
 7 SYSTEMPATH\CodeIgniter.php(368): CodeIgniter\CodeIgniter->handleRequest(null, Object(Config\Cache), false)
 8 FCPATH\index.php(67): CodeIgniter\CodeIgniter->run()
 9 SYSTEMPATH\Commands\Server\rewrite.php(47): require_once('D:\\TUGAS\\KULIAH\\P2MW\\hehe\\gohitfinal\\public\\index.php')
INFO - 2025-07-17 02:41:15 --> Session: Class initialized using 'CodeIgniter\Session\Handlers\FileHandler' driver.
CRITICAL - 2025-07-17 02:41:16 --> foreach() argument must be of type array|object, null given
in SYSTEMPATH\Database\BaseBuilder.php on line 411.
 1 SYSTEMPATH\Database\BaseBuilder.php(411): CodeIgniter\Debug\Exceptions->errorHandler(2, 'foreach() argument must be of type array|object, null given', 'D:\\TUGAS\\KULIAH\\P2MW\\hehe\\gohitfinal\\system\\Database\\BaseBuilder.php', 411)
 2 SYSTEMPATH\Model.php(840): CodeIgniter\Database\BaseBuilder->select(null)
 3 APPPATH\Models\Fisher.php(20): CodeIgniter\Model->__call('select', [...])
 4 APPPATH\Controllers\DetailEvent.php(69): App\Models\Fisher->getUserPointBySport(null, null)
 5 SYSTEMPATH\CodeIgniter.php(934): App\Controllers\DetailEvent->index('images', 'bg-01.jpg')
 6 SYSTEMPATH\CodeIgniter.php(499): CodeIgniter\CodeIgniter->runController(Object(App\Controllers\DetailEvent))
 7 SYSTEMPATH\CodeIgniter.php(368): CodeIgniter\CodeIgniter->handleRequest(null, Object(Config\Cache), false)
 8 FCPATH\index.php(67): CodeIgniter\CodeIgniter->run()
 9 SYSTEMPATH\Commands\Server\rewrite.php(47): require_once('D:\\TUGAS\\KULIAH\\P2MW\\hehe\\gohitfinal\\public\\index.php')
INFO - 2025-07-17 02:41:22 --> Session: Class initialized using 'CodeIgniter\Session\Handlers\FileHandler' driver.
INFO - 2025-07-17 02:41:22 --> Session: Class initialized using 'CodeIgniter\Session\Handlers\FileHandler' driver.
CRITICAL - 2025-07-17 02:41:22 --> foreach() argument must be of type array|object, null given
in SYSTEMPATH\Database\BaseBuilder.php on line 411.
 1 SYSTEMPATH\Database\BaseBuilder.php(411): CodeIgniter\Debug\Exceptions->errorHandler(2, 'foreach() argument must be of type array|object, null given', 'D:\\TUGAS\\KULIAH\\P2MW\\hehe\\gohitfinal\\system\\Database\\BaseBuilder.php', 411)
 2 SYSTEMPATH\Model.php(840): CodeIgniter\Database\BaseBuilder->select(null)
 3 APPPATH\Models\Fisher.php(20): CodeIgniter\Model->__call('select', [...])
 4 APPPATH\Controllers\DetailEvent.php(69): App\Models\Fisher->getUserPointBySport(null, null)
 5 SYSTEMPATH\CodeIgniter.php(934): App\Controllers\DetailEvent->index('css', 'main.css')
 6 SYSTEMPATH\CodeIgniter.php(499): CodeIgniter\CodeIgniter->runController(Object(App\Controllers\DetailEvent))
 7 SYSTEMPATH\CodeIgniter.php(368): CodeIgniter\CodeIgniter->handleRequest(null, Object(Config\Cache), false)
 8 FCPATH\index.php(67): CodeIgniter\CodeIgniter->run()
 9 SYSTEMPATH\Commands\Server\rewrite.php(47): require_once('D:\\TUGAS\\KULIAH\\P2MW\\hehe\\gohitfinal\\public\\index.php')
INFO - 2025-07-17 02:41:22 --> Session: Class initialized using 'CodeIgniter\Session\Handlers\FileHandler' driver.
CRITICAL - 2025-07-17 02:41:22 --> foreach() argument must be of type array|object, null given
in SYSTEMPATH\Database\BaseBuilder.php on line 411.
 1 SYSTEMPATH\Database\BaseBuilder.php(411): CodeIgniter\Debug\Exceptions->errorHandler(2, 'foreach() argument must be of type array|object, null given', 'D:\\TUGAS\\KULIAH\\P2MW\\hehe\\gohitfinal\\system\\Database\\BaseBuilder.php', 411)
 2 SYSTEMPATH\Model.php(840): CodeIgniter\Database\BaseBuilder->select(null)
 3 APPPATH\Models\Fisher.php(20): CodeIgniter\Model->__call('select', [...])
 4 APPPATH\Controllers\DetailEvent.php(69): App\Models\Fisher->getUserPointBySport(null, null)
 5 SYSTEMPATH\CodeIgniter.php(934): App\Controllers\DetailEvent->index('css', 'style.css')
 6 SYSTEMPATH\CodeIgniter.php(499): CodeIgniter\CodeIgniter->runController(Object(App\Controllers\DetailEvent))
 7 SYSTEMPATH\CodeIgniter.php(368): CodeIgniter\CodeIgniter->handleRequest(null, Object(Config\Cache), false)
 8 FCPATH\index.php(67): CodeIgniter\CodeIgniter->run()
 9 SYSTEMPATH\Commands\Server\rewrite.php(47): require_once('D:\\TUGAS\\KULIAH\\P2MW\\hehe\\gohitfinal\\public\\index.php')
INFO - 2025-07-17 02:41:22 --> Session: Class initialized using 'CodeIgniter\Session\Handlers\FileHandler' driver.
CRITICAL - 2025-07-17 02:41:22 --> foreach() argument must be of type array|object, null given
in SYSTEMPATH\Database\BaseBuilder.php on line 411.
 1 SYSTEMPATH\Database\BaseBuilder.php(411): CodeIgniter\Debug\Exceptions->errorHandler(2, 'foreach() argument must be of type array|object, null given', 'D:\\TUGAS\\KULIAH\\P2MW\\hehe\\gohitfinal\\system\\Database\\BaseBuilder.php', 411)
 2 SYSTEMPATH\Model.php(840): CodeIgniter\Database\BaseBuilder->select(null)
 3 APPPATH\Models\Fisher.php(20): CodeIgniter\Model->__call('select', [...])
 4 APPPATH\Controllers\DetailEvent.php(69): App\Models\Fisher->getUserPointBySport(null, null)
 5 SYSTEMPATH\CodeIgniter.php(934): App\Controllers\DetailEvent->index('images', 'bg-01.jpg')
 6 SYSTEMPATH\CodeIgniter.php(499): CodeIgniter\CodeIgniter->runController(Object(App\Controllers\DetailEvent))
 7 SYSTEMPATH\CodeIgniter.php(368): CodeIgniter\CodeIgniter->handleRequest(null, Object(Config\Cache), false)
 8 FCPATH\index.php(67): CodeIgniter\CodeIgniter->run()
 9 SYSTEMPATH\Commands\Server\rewrite.php(47): require_once('D:\\TUGAS\\KULIAH\\P2MW\\hehe\\gohitfinal\\public\\index.php')
INFO - 2025-07-17 02:41:43 --> Session: Class initialized using 'CodeIgniter\Session\Handlers\FileHandler' driver.
INFO - 2025-07-17 02:41:44 --> Session: Class initialized using 'CodeIgniter\Session\Handlers\FileHandler' driver.
CRITICAL - 2025-07-17 02:41:44 --> foreach() argument must be of type array|object, null given
in SYSTEMPATH\Database\BaseBuilder.php on line 411.
 1 SYSTEMPATH\Database\BaseBuilder.php(411): CodeIgniter\Debug\Exceptions->errorHandler(2, 'foreach() argument must be of type array|object, null given', 'D:\\TUGAS\\KULIAH\\P2MW\\hehe\\gohitfinal\\system\\Database\\BaseBuilder.php', 411)
 2 SYSTEMPATH\Model.php(840): CodeIgniter\Database\BaseBuilder->select(null)
 3 APPPATH\Models\Fisher.php(20): CodeIgniter\Model->__call('select', [...])
 4 APPPATH\Controllers\DetailEvent.php(69): App\Models\Fisher->getUserPointBySport(null, null)
 5 SYSTEMPATH\CodeIgniter.php(934): App\Controllers\DetailEvent->index('css', 'main.css')
 6 SYSTEMPATH\CodeIgniter.php(499): CodeIgniter\CodeIgniter->runController(Object(App\Controllers\DetailEvent))
 7 SYSTEMPATH\CodeIgniter.php(368): CodeIgniter\CodeIgniter->handleRequest(null, Object(Config\Cache), false)
 8 FCPATH\index.php(67): CodeIgniter\CodeIgniter->run()
 9 SYSTEMPATH\Commands\Server\rewrite.php(47): require_once('D:\\TUGAS\\KULIAH\\P2MW\\hehe\\gohitfinal\\public\\index.php')
INFO - 2025-07-17 02:41:44 --> Session: Class initialized using 'CodeIgniter\Session\Handlers\FileHandler' driver.
CRITICAL - 2025-07-17 02:41:44 --> foreach() argument must be of type array|object, null given
in SYSTEMPATH\Database\BaseBuilder.php on line 411.
 1 SYSTEMPATH\Database\BaseBuilder.php(411): CodeIgniter\Debug\Exceptions->errorHandler(2, 'foreach() argument must be of type array|object, null given', 'D:\\TUGAS\\KULIAH\\P2MW\\hehe\\gohitfinal\\system\\Database\\BaseBuilder.php', 411)
 2 SYSTEMPATH\Model.php(840): CodeIgniter\Database\BaseBuilder->select(null)
 3 APPPATH\Models\Fisher.php(20): CodeIgniter\Model->__call('select', [...])
 4 APPPATH\Controllers\DetailEvent.php(69): App\Models\Fisher->getUserPointBySport(null, null)
 5 SYSTEMPATH\CodeIgniter.php(934): App\Controllers\DetailEvent->index('css', 'style.css')
 6 SYSTEMPATH\CodeIgniter.php(499): CodeIgniter\CodeIgniter->runController(Object(App\Controllers\DetailEvent))
 7 SYSTEMPATH\CodeIgniter.php(368): CodeIgniter\CodeIgniter->handleRequest(null, Object(Config\Cache), false)
 8 FCPATH\index.php(67): CodeIgniter\CodeIgniter->run()
 9 SYSTEMPATH\Commands\Server\rewrite.php(47): require_once('D:\\TUGAS\\KULIAH\\P2MW\\hehe\\gohitfinal\\public\\index.php')
INFO - 2025-07-17 02:41:44 --> Session: Class initialized using 'CodeIgniter\Session\Handlers\FileHandler' driver.
CRITICAL - 2025-07-17 02:41:44 --> foreach() argument must be of type array|object, null given
in SYSTEMPATH\Database\BaseBuilder.php on line 411.
 1 SYSTEMPATH\Database\BaseBuilder.php(411): CodeIgniter\Debug\Exceptions->errorHandler(2, 'foreach() argument must be of type array|object, null given', 'D:\\TUGAS\\KULIAH\\P2MW\\hehe\\gohitfinal\\system\\Database\\BaseBuilder.php', 411)
 2 SYSTEMPATH\Model.php(840): CodeIgniter\Database\BaseBuilder->select(null)
 3 APPPATH\Models\Fisher.php(20): CodeIgniter\Model->__call('select', [...])
 4 APPPATH\Controllers\DetailEvent.php(69): App\Models\Fisher->getUserPointBySport(null, null)
 5 SYSTEMPATH\CodeIgniter.php(934): App\Controllers\DetailEvent->index('images', 'bg-01.jpg')
 6 SYSTEMPATH\CodeIgniter.php(499): CodeIgniter\CodeIgniter->runController(Object(App\Controllers\DetailEvent))
 7 SYSTEMPATH\CodeIgniter.php(368): CodeIgniter\CodeIgniter->handleRequest(null, Object(Config\Cache), false)
 8 FCPATH\index.php(67): CodeIgniter\CodeIgniter->run()
 9 SYSTEMPATH\Commands\Server\rewrite.php(47): require_once('D:\\TUGAS\\KULIAH\\P2MW\\hehe\\gohitfinal\\public\\index.php')
INFO - 2025-07-17 07:32:53 --> Session: Class initialized using 'CodeIgniter\Session\Handlers\FileHandler' driver.
ERROR - 2025-07-17 07:33:35 --> mysqli_sql_exception: Unknown column 'id_user' in 'field list' in D:\TUGAS\KULIAH\P2MW\hehe\gohitfinal\system\Database\MySQLi\Connection.php:295
Stack trace:
#0 D:\TUGAS\KULIAH\P2MW\hehe\gohitfinal\system\Database\MySQLi\Connection.php(295): mysqli->query('INSERT INTO `us...', 0)
#1 D:\TUGAS\KULIAH\P2MW\hehe\gohitfinal\system\Database\BaseConnection.php(691): CodeIgniter\Database\MySQLi\Connection->execute('INSERT INTO `us...')
#2 D:\TUGAS\KULIAH\P2MW\hehe\gohitfinal\system\Database\BaseConnection.php(605): CodeIgniter\Database\BaseConnection->simpleQuery('INSERT INTO `us...')
#3 D:\TUGAS\KULIAH\P2MW\hehe\gohitfinal\system\Database\BaseBuilder.php(2309): CodeIgniter\Database\BaseConnection->query('INSERT INTO `us...', Array, false)
#4 D:\TUGAS\KULIAH\P2MW\hehe\gohitfinal\app\Models\User.php(23): CodeIgniter\Database\BaseBuilder->insert(Array)
#5 D:\TUGAS\KULIAH\P2MW\hehe\gohitfinal\app\Controllers\Login.php(97): App\Models\User->saveuser(Array)
#6 D:\TUGAS\KULIAH\P2MW\hehe\gohitfinal\system\CodeIgniter.php(934): App\Controllers\Login->add()
#7 D:\TUGAS\KULIAH\P2MW\hehe\gohitfinal\system\CodeIgniter.php(499): CodeIgniter\CodeIgniter->runController(Object(App\Controllers\Login))
#8 D:\TUGAS\KULIAH\P2MW\hehe\gohitfinal\system\CodeIgniter.php(368): CodeIgniter\CodeIgniter->handleRequest(NULL, Object(Config\Cache), false)
#9 D:\TUGAS\KULIAH\P2MW\hehe\gohitfinal\public\index.php(67): CodeIgniter\CodeIgniter->run()
#10 D:\TUGAS\KULIAH\P2MW\hehe\gohitfinal\system\Commands\Server\rewrite.php(47): require_once('D:\\TUGAS\\KULIAH...')
#11 {main}
CRITICAL - 2025-07-17 07:33:35 --> Unknown column 'id_user' in 'field list'
in SYSTEMPATH\Database\MySQLi\Connection.php on line 295.
 1 SYSTEMPATH\Database\MySQLi\Connection.php(295): mysqli->query('INSERT INTO `user` (`nama`, `email`, `password`, `jenis`, `sub`) VALUES (\'STIKI1\', \'v@gmail.com\', \'stiki\', \'1\', \'1\')', 0)
 2 SYSTEMPATH\Database\BaseConnection.php(691): CodeIgniter\Database\MySQLi\Connection->execute('INSERT INTO `user` (`nama`, `email`, `password`, `jenis`, `sub`) VALUES (\'STIKI1\', \'v@gmail.com\', \'stiki\', \'1\', \'1\')')
 3 SYSTEMPATH\Database\BaseConnection.php(605): CodeIgniter\Database\BaseConnection->simpleQuery('INSERT INTO `user` (`nama`, `email`, `password`, `jenis`, `sub`) VALUES (\'STIKI1\', \'v@gmail.com\', \'stiki\', \'1\', \'1\')')
 4 SYSTEMPATH\Database\BaseBuilder.php(2309): CodeIgniter\Database\BaseConnection->query('INSERT INTO `user` (`nama`, `email`, `password`, `jenis`, `sub`) VALUES (:nama:, :email:, :password:, :jenis:, :sub:)', [...], false)
 5 APPPATH\Models\User.php(23): CodeIgniter\Database\BaseBuilder->insert([...])
 6 APPPATH\Controllers\Login.php(97): App\Models\User->saveuser([...])
 7 SYSTEMPATH\CodeIgniter.php(934): App\Controllers\Login->add()
 8 SYSTEMPATH\CodeIgniter.php(499): CodeIgniter\CodeIgniter->runController(Object(App\Controllers\Login))
 9 SYSTEMPATH\CodeIgniter.php(368): CodeIgniter\CodeIgniter->handleRequest(null, Object(Config\Cache), false)
10 FCPATH\index.php(67): CodeIgniter\CodeIgniter->run()
11 SYSTEMPATH\Commands\Server\rewrite.php(47): require_once('D:\\TUGAS\\KULIAH\\P2MW\\hehe\\gohitfinal\\public\\index.php')
ERROR - 2025-07-17 07:38:12 --> mysqli_sql_exception: Unknown column 'id_user' in 'field list' in D:\TUGAS\KULIAH\P2MW\hehe\gohitfinal\system\Database\MySQLi\Connection.php:295
Stack trace:
#0 D:\TUGAS\KULIAH\P2MW\hehe\gohitfinal\system\Database\MySQLi\Connection.php(295): mysqli->query('INSERT INTO `us...', 0)
#1 D:\TUGAS\KULIAH\P2MW\hehe\gohitfinal\system\Database\BaseConnection.php(691): CodeIgniter\Database\MySQLi\Connection->execute('INSERT INTO `us...')
#2 D:\TUGAS\KULIAH\P2MW\hehe\gohitfinal\system\Database\BaseConnection.php(605): CodeIgniter\Database\BaseConnection->simpleQuery('INSERT INTO `us...')
#3 D:\TUGAS\KULIAH\P2MW\hehe\gohitfinal\system\Database\BaseBuilder.php(2309): CodeIgniter\Database\BaseConnection->query('INSERT INTO `us...', Array, false)
#4 D:\TUGAS\KULIAH\P2MW\hehe\gohitfinal\app\Models\User.php(23): CodeIgniter\Database\BaseBuilder->insert(Array)
#5 D:\TUGAS\KULIAH\P2MW\hehe\gohitfinal\app\Controllers\Login.php(98): App\Models\User->saveuser(Array)
#6 D:\TUGAS\KULIAH\P2MW\hehe\gohitfinal\system\CodeIgniter.php(934): App\Controllers\Login->add()
#7 D:\TUGAS\KULIAH\P2MW\hehe\gohitfinal\system\CodeIgniter.php(499): CodeIgniter\CodeIgniter->runController(Object(App\Controllers\Login))
#8 D:\TUGAS\KULIAH\P2MW\hehe\gohitfinal\system\CodeIgniter.php(368): CodeIgniter\CodeIgniter->handleRequest(NULL, Object(Config\Cache), false)
#9 D:\TUGAS\KULIAH\P2MW\hehe\gohitfinal\public\index.php(67): CodeIgniter\CodeIgniter->run()
#10 D:\TUGAS\KULIAH\P2MW\hehe\gohitfinal\system\Commands\Server\rewrite.php(47): require_once('D:\\TUGAS\\KULIAH...')
#11 {main}
CRITICAL - 2025-07-17 07:38:12 --> Unknown column 'id_user' in 'field list'
in SYSTEMPATH\Database\MySQLi\Connection.php on line 295.
 1 SYSTEMPATH\Database\MySQLi\Connection.php(295): mysqli->query('INSERT INTO `user` (`id_user`, `nama`, `email`, `password`, `jenis`, `sub`) VALUES (\'\', \'STIKI1\', \'v@gmail.com\', \'stiki\', \'1\', \'1\')', 0)
 2 SYSTEMPATH\Database\BaseConnection.php(691): CodeIgniter\Database\MySQLi\Connection->execute('INSERT INTO `user` (`id_user`, `nama`, `email`, `password`, `jenis`, `sub`) VALUES (\'\', \'STIKI1\', \'v@gmail.com\', \'stiki\', \'1\', \'1\')')
 3 SYSTEMPATH\Database\BaseConnection.php(605): CodeIgniter\Database\BaseConnection->simpleQuery('INSERT INTO `user` (`id_user`, `nama`, `email`, `password`, `jenis`, `sub`) VALUES (\'\', \'STIKI1\', \'v@gmail.com\', \'stiki\', \'1\', \'1\')')
 4 SYSTEMPATH\Database\BaseBuilder.php(2309): CodeIgniter\Database\BaseConnection->query('INSERT INTO `user` (`id_user`, `nama`, `email`, `password`, `jenis`, `sub`) VALUES (:id_user:, :nama:, :email:, :password:, :jenis:, :sub:)', [...], false)
 5 APPPATH\Models\User.php(23): CodeIgniter\Database\BaseBuilder->insert([...])
 6 APPPATH\Controllers\Login.php(98): App\Models\User->saveuser([...])
 7 SYSTEMPATH\CodeIgniter.php(934): App\Controllers\Login->add()
 8 SYSTEMPATH\CodeIgniter.php(499): CodeIgniter\CodeIgniter->runController(Object(App\Controllers\Login))
 9 SYSTEMPATH\CodeIgniter.php(368): CodeIgniter\CodeIgniter->handleRequest(null, Object(Config\Cache), false)
10 FCPATH\index.php(67): CodeIgniter\CodeIgniter->run()
11 SYSTEMPATH\Commands\Server\rewrite.php(47): require_once('D:\\TUGAS\\KULIAH\\P2MW\\hehe\\gohitfinal\\public\\index.php')
ERROR - 2025-07-17 07:38:15 --> mysqli_sql_exception: Unknown column 'id_user' in 'field list' in D:\TUGAS\KULIAH\P2MW\hehe\gohitfinal\system\Database\MySQLi\Connection.php:295
Stack trace:
#0 D:\TUGAS\KULIAH\P2MW\hehe\gohitfinal\system\Database\MySQLi\Connection.php(295): mysqli->query('INSERT INTO `us...', 0)
#1 D:\TUGAS\KULIAH\P2MW\hehe\gohitfinal\system\Database\BaseConnection.php(691): CodeIgniter\Database\MySQLi\Connection->execute('INSERT INTO `us...')
#2 D:\TUGAS\KULIAH\P2MW\hehe\gohitfinal\system\Database\BaseConnection.php(605): CodeIgniter\Database\BaseConnection->simpleQuery('INSERT INTO `us...')
#3 D:\TUGAS\KULIAH\P2MW\hehe\gohitfinal\system\Database\BaseBuilder.php(2309): CodeIgniter\Database\BaseConnection->query('INSERT INTO `us...', Array, false)
#4 D:\TUGAS\KULIAH\P2MW\hehe\gohitfinal\app\Models\User.php(23): CodeIgniter\Database\BaseBuilder->insert(Array)
#5 D:\TUGAS\KULIAH\P2MW\hehe\gohitfinal\app\Controllers\Login.php(98): App\Models\User->saveuser(Array)
#6 D:\TUGAS\KULIAH\P2MW\hehe\gohitfinal\system\CodeIgniter.php(934): App\Controllers\Login->add()
#7 D:\TUGAS\KULIAH\P2MW\hehe\gohitfinal\system\CodeIgniter.php(499): CodeIgniter\CodeIgniter->runController(Object(App\Controllers\Login))
#8 D:\TUGAS\KULIAH\P2MW\hehe\gohitfinal\system\CodeIgniter.php(368): CodeIgniter\CodeIgniter->handleRequest(NULL, Object(Config\Cache), false)
#9 D:\TUGAS\KULIAH\P2MW\hehe\gohitfinal\public\index.php(67): CodeIgniter\CodeIgniter->run()
#10 D:\TUGAS\KULIAH\P2MW\hehe\gohitfinal\system\Commands\Server\rewrite.php(47): require_once('D:\\TUGAS\\KULIAH...')
#11 {main}
CRITICAL - 2025-07-17 07:38:15 --> Unknown column 'id_user' in 'field list'
in SYSTEMPATH\Database\MySQLi\Connection.php on line 295.
 1 SYSTEMPATH\Database\MySQLi\Connection.php(295): mysqli->query('INSERT INTO `user` (`id_user`, `nama`, `email`, `password`, `jenis`, `sub`) VALUES (\'\', \'STIKI1\', \'v@gmail.com\', \'stiki\', \'1\', \'1\')', 0)
 2 SYSTEMPATH\Database\BaseConnection.php(691): CodeIgniter\Database\MySQLi\Connection->execute('INSERT INTO `user` (`id_user`, `nama`, `email`, `password`, `jenis`, `sub`) VALUES (\'\', \'STIKI1\', \'v@gmail.com\', \'stiki\', \'1\', \'1\')')
 3 SYSTEMPATH\Database\BaseConnection.php(605): CodeIgniter\Database\BaseConnection->simpleQuery('INSERT INTO `user` (`id_user`, `nama`, `email`, `password`, `jenis`, `sub`) VALUES (\'\', \'STIKI1\', \'v@gmail.com\', \'stiki\', \'1\', \'1\')')
 4 SYSTEMPATH\Database\BaseBuilder.php(2309): CodeIgniter\Database\BaseConnection->query('INSERT INTO `user` (`id_user`, `nama`, `email`, `password`, `jenis`, `sub`) VALUES (:id_user:, :nama:, :email:, :password:, :jenis:, :sub:)', [...], false)
 5 APPPATH\Models\User.php(23): CodeIgniter\Database\BaseBuilder->insert([...])
 6 APPPATH\Controllers\Login.php(98): App\Models\User->saveuser([...])
 7 SYSTEMPATH\CodeIgniter.php(934): App\Controllers\Login->add()
 8 SYSTEMPATH\CodeIgniter.php(499): CodeIgniter\CodeIgniter->runController(Object(App\Controllers\Login))
 9 SYSTEMPATH\CodeIgniter.php(368): CodeIgniter\CodeIgniter->handleRequest(null, Object(Config\Cache), false)
10 FCPATH\index.php(67): CodeIgniter\CodeIgniter->run()
11 SYSTEMPATH\Commands\Server\rewrite.php(47): require_once('D:\\TUGAS\\KULIAH\\P2MW\\hehe\\gohitfinal\\public\\index.php')
ERROR - 2025-07-17 07:38:21 --> mysqli_sql_exception: Unknown column 'id_user' in 'field list' in D:\TUGAS\KULIAH\P2MW\hehe\gohitfinal\system\Database\MySQLi\Connection.php:295
Stack trace:
#0 D:\TUGAS\KULIAH\P2MW\hehe\gohitfinal\system\Database\MySQLi\Connection.php(295): mysqli->query('INSERT INTO `us...', 0)
#1 D:\TUGAS\KULIAH\P2MW\hehe\gohitfinal\system\Database\BaseConnection.php(691): CodeIgniter\Database\MySQLi\Connection->execute('INSERT INTO `us...')
#2 D:\TUGAS\KULIAH\P2MW\hehe\gohitfinal\system\Database\BaseConnection.php(605): CodeIgniter\Database\BaseConnection->simpleQuery('INSERT INTO `us...')
#3 D:\TUGAS\KULIAH\P2MW\hehe\gohitfinal\system\Database\BaseBuilder.php(2309): CodeIgniter\Database\BaseConnection->query('INSERT INTO `us...', Array, false)
#4 D:\TUGAS\KULIAH\P2MW\hehe\gohitfinal\app\Models\User.php(23): CodeIgniter\Database\BaseBuilder->insert(Array)
#5 D:\TUGAS\KULIAH\P2MW\hehe\gohitfinal\app\Controllers\Login.php(98): App\Models\User->saveuser(Array)
#6 D:\TUGAS\KULIAH\P2MW\hehe\gohitfinal\system\CodeIgniter.php(934): App\Controllers\Login->add()
#7 D:\TUGAS\KULIAH\P2MW\hehe\gohitfinal\system\CodeIgniter.php(499): CodeIgniter\CodeIgniter->runController(Object(App\Controllers\Login))
#8 D:\TUGAS\KULIAH\P2MW\hehe\gohitfinal\system\CodeIgniter.php(368): CodeIgniter\CodeIgniter->handleRequest(NULL, Object(Config\Cache), false)
#9 D:\TUGAS\KULIAH\P2MW\hehe\gohitfinal\public\index.php(67): CodeIgniter\CodeIgniter->run()
#10 D:\TUGAS\KULIAH\P2MW\hehe\gohitfinal\system\Commands\Server\rewrite.php(47): require_once('D:\\TUGAS\\KULIAH...')
#11 {main}
CRITICAL - 2025-07-17 07:38:21 --> Unknown column 'id_user' in 'field list'
in SYSTEMPATH\Database\MySQLi\Connection.php on line 295.
 1 SYSTEMPATH\Database\MySQLi\Connection.php(295): mysqli->query('INSERT INTO `user` (`id_user`, `nama`, `email`, `password`, `jenis`, `sub`) VALUES (\'\', \'STIKI1\', \'v@gmail.com\', \'s\', \'1\', \'1\')', 0)
 2 SYSTEMPATH\Database\BaseConnection.php(691): CodeIgniter\Database\MySQLi\Connection->execute('INSERT INTO `user` (`id_user`, `nama`, `email`, `password`, `jenis`, `sub`) VALUES (\'\', \'STIKI1\', \'v@gmail.com\', \'s\', \'1\', \'1\')')
 3 SYSTEMPATH\Database\BaseConnection.php(605): CodeIgniter\Database\BaseConnection->simpleQuery('INSERT INTO `user` (`id_user`, `nama`, `email`, `password`, `jenis`, `sub`) VALUES (\'\', \'STIKI1\', \'v@gmail.com\', \'s\', \'1\', \'1\')')
 4 SYSTEMPATH\Database\BaseBuilder.php(2309): CodeIgniter\Database\BaseConnection->query('INSERT INTO `user` (`id_user`, `nama`, `email`, `password`, `jenis`, `sub`) VALUES (:id_user:, :nama:, :email:, :password:, :jenis:, :sub:)', [...], false)
 5 APPPATH\Models\User.php(23): CodeIgniter\Database\BaseBuilder->insert([...])
 6 APPPATH\Controllers\Login.php(98): App\Models\User->saveuser([...])
 7 SYSTEMPATH\CodeIgniter.php(934): App\Controllers\Login->add()
 8 SYSTEMPATH\CodeIgniter.php(499): CodeIgniter\CodeIgniter->runController(Object(App\Controllers\Login))
 9 SYSTEMPATH\CodeIgniter.php(368): CodeIgniter\CodeIgniter->handleRequest(null, Object(Config\Cache), false)
10 FCPATH\index.php(67): CodeIgniter\CodeIgniter->run()
11 SYSTEMPATH\Commands\Server\rewrite.php(47): require_once('D:\\TUGAS\\KULIAH\\P2MW\\hehe\\gohitfinal\\public\\index.php')
INFO - 2025-07-17 07:40:04 --> Session: Class initialized using 'CodeIgniter\Session\Handlers\FileHandler' driver.
ERROR - 2025-07-17 07:40:07 --> mysqli_sql_exception: Unknown column 'id_user' in 'field list' in D:\TUGAS\KULIAH\P2MW\hehe\gohitfinal\system\Database\MySQLi\Connection.php:295
Stack trace:
#0 D:\TUGAS\KULIAH\P2MW\hehe\gohitfinal\system\Database\MySQLi\Connection.php(295): mysqli->query('INSERT INTO `us...', 0)
#1 D:\TUGAS\KULIAH\P2MW\hehe\gohitfinal\system\Database\BaseConnection.php(691): CodeIgniter\Database\MySQLi\Connection->execute('INSERT INTO `us...')
#2 D:\TUGAS\KULIAH\P2MW\hehe\gohitfinal\system\Database\BaseConnection.php(605): CodeIgniter\Database\BaseConnection->simpleQuery('INSERT INTO `us...')
#3 D:\TUGAS\KULIAH\P2MW\hehe\gohitfinal\system\Database\BaseBuilder.php(2309): CodeIgniter\Database\BaseConnection->query('INSERT INTO `us...', Array, false)
#4 D:\TUGAS\KULIAH\P2MW\hehe\gohitfinal\app\Models\User.php(23): CodeIgniter\Database\BaseBuilder->insert(Array)
#5 D:\TUGAS\KULIAH\P2MW\hehe\gohitfinal\app\Controllers\Login.php(98): App\Models\User->saveuser(Array)
#6 D:\TUGAS\KULIAH\P2MW\hehe\gohitfinal\system\CodeIgniter.php(934): App\Controllers\Login->add()
#7 D:\TUGAS\KULIAH\P2MW\hehe\gohitfinal\system\CodeIgniter.php(499): CodeIgniter\CodeIgniter->runController(Object(App\Controllers\Login))
#8 D:\TUGAS\KULIAH\P2MW\hehe\gohitfinal\system\CodeIgniter.php(368): CodeIgniter\CodeIgniter->handleRequest(NULL, Object(Config\Cache), false)
#9 D:\TUGAS\KULIAH\P2MW\hehe\gohitfinal\public\index.php(67): CodeIgniter\CodeIgniter->run()
#10 D:\TUGAS\KULIAH\P2MW\hehe\gohitfinal\system\Commands\Server\rewrite.php(47): require_once('D:\\TUGAS\\KULIAH...')
#11 {main}
CRITICAL - 2025-07-17 07:40:07 --> Unknown column 'id_user' in 'field list'
in SYSTEMPATH\Database\MySQLi\Connection.php on line 295.
 1 SYSTEMPATH\Database\MySQLi\Connection.php(295): mysqli->query('INSERT INTO `user` (`id_user`, `nama`, `email`, `password`, `jenis`, `sub`) VALUES (\'\', \'STIKI1\', \'v@gmail.com\', \'s\', \'1\', \'1\')', 0)
 2 SYSTEMPATH\Database\BaseConnection.php(691): CodeIgniter\Database\MySQLi\Connection->execute('INSERT INTO `user` (`id_user`, `nama`, `email`, `password`, `jenis`, `sub`) VALUES (\'\', \'STIKI1\', \'v@gmail.com\', \'s\', \'1\', \'1\')')
 3 SYSTEMPATH\Database\BaseConnection.php(605): CodeIgniter\Database\BaseConnection->simpleQuery('INSERT INTO `user` (`id_user`, `nama`, `email`, `password`, `jenis`, `sub`) VALUES (\'\', \'STIKI1\', \'v@gmail.com\', \'s\', \'1\', \'1\')')
 4 SYSTEMPATH\Database\BaseBuilder.php(2309): CodeIgniter\Database\BaseConnection->query('INSERT INTO `user` (`id_user`, `nama`, `email`, `password`, `jenis`, `sub`) VALUES (:id_user:, :nama:, :email:, :password:, :jenis:, :sub:)', [...], false)
 5 APPPATH\Models\User.php(23): CodeIgniter\Database\BaseBuilder->insert([...])
 6 APPPATH\Controllers\Login.php(98): App\Models\User->saveuser([...])
 7 SYSTEMPATH\CodeIgniter.php(934): App\Controllers\Login->add()
 8 SYSTEMPATH\CodeIgniter.php(499): CodeIgniter\CodeIgniter->runController(Object(App\Controllers\Login))
 9 SYSTEMPATH\CodeIgniter.php(368): CodeIgniter\CodeIgniter->handleRequest(null, Object(Config\Cache), false)
10 FCPATH\index.php(67): CodeIgniter\CodeIgniter->run()
11 SYSTEMPATH\Commands\Server\rewrite.php(47): require_once('D:\\TUGAS\\KULIAH\\P2MW\\hehe\\gohitfinal\\public\\index.php')
INFO - 2025-07-17 07:40:11 --> Session: Class initialized using 'CodeIgniter\Session\Handlers\FileHandler' driver.
ERROR - 2025-07-17 07:44:53 --> mysqli_sql_exception: Unknown column 'id_user' in 'field list' in D:\TUGAS\KULIAH\P2MW\hehe\gohitfinal\system\Database\MySQLi\Connection.php:295
Stack trace:
#0 D:\TUGAS\KULIAH\P2MW\hehe\gohitfinal\system\Database\MySQLi\Connection.php(295): mysqli->query('INSERT INTO `us...', 0)
#1 D:\TUGAS\KULIAH\P2MW\hehe\gohitfinal\system\Database\BaseConnection.php(691): CodeIgniter\Database\MySQLi\Connection->execute('INSERT INTO `us...')
#2 D:\TUGAS\KULIAH\P2MW\hehe\gohitfinal\system\Database\BaseConnection.php(605): CodeIgniter\Database\BaseConnection->simpleQuery('INSERT INTO `us...')
#3 D:\TUGAS\KULIAH\P2MW\hehe\gohitfinal\system\Database\BaseBuilder.php(2309): CodeIgniter\Database\BaseConnection->query('INSERT INTO `us...', Array, false)
#4 D:\TUGAS\KULIAH\P2MW\hehe\gohitfinal\app\Models\User.php(23): CodeIgniter\Database\BaseBuilder->insert(Array)
#5 D:\TUGAS\KULIAH\P2MW\hehe\gohitfinal\app\Controllers\Login.php(98): App\Models\User->saveuserr(Array)
#6 D:\TUGAS\KULIAH\P2MW\hehe\gohitfinal\system\CodeIgniter.php(934): App\Controllers\Login->add()
#7 D:\TUGAS\KULIAH\P2MW\hehe\gohitfinal\system\CodeIgniter.php(499): CodeIgniter\CodeIgniter->runController(Object(App\Controllers\Login))
#8 D:\TUGAS\KULIAH\P2MW\hehe\gohitfinal\system\CodeIgniter.php(368): CodeIgniter\CodeIgniter->handleRequest(NULL, Object(Config\Cache), false)
#9 D:\TUGAS\KULIAH\P2MW\hehe\gohitfinal\public\index.php(67): CodeIgniter\CodeIgniter->run()
#10 D:\TUGAS\KULIAH\P2MW\hehe\gohitfinal\system\Commands\Server\rewrite.php(47): require_once('D:\\TUGAS\\KULIAH...')
#11 {main}
CRITICAL - 2025-07-17 07:44:53 --> Unknown column 'id_user' in 'field list'
in SYSTEMPATH\Database\MySQLi\Connection.php on line 295.
 1 SYSTEMPATH\Database\MySQLi\Connection.php(295): mysqli->query('INSERT INTO `user` (`id_user`, `nama`, `email`, `password`, `jenis`, `sub`) VALUES (\'\', \'STIKI1\', \'v@gmail.com\', \'s\', \'1\', \'1\')', 0)
 2 SYSTEMPATH\Database\BaseConnection.php(691): CodeIgniter\Database\MySQLi\Connection->execute('INSERT INTO `user` (`id_user`, `nama`, `email`, `password`, `jenis`, `sub`) VALUES (\'\', \'STIKI1\', \'v@gmail.com\', \'s\', \'1\', \'1\')')
 3 SYSTEMPATH\Database\BaseConnection.php(605): CodeIgniter\Database\BaseConnection->simpleQuery('INSERT INTO `user` (`id_user`, `nama`, `email`, `password`, `jenis`, `sub`) VALUES (\'\', \'STIKI1\', \'v@gmail.com\', \'s\', \'1\', \'1\')')
 4 SYSTEMPATH\Database\BaseBuilder.php(2309): CodeIgniter\Database\BaseConnection->query('INSERT INTO `user` (`id_user`, `nama`, `email`, `password`, `jenis`, `sub`) VALUES (:id_user:, :nama:, :email:, :password:, :jenis:, :sub:)', [...], false)
 5 APPPATH\Models\User.php(23): CodeIgniter\Database\BaseBuilder->insert([...])
 6 APPPATH\Controllers\Login.php(98): App\Models\User->saveuserr([...])
 7 SYSTEMPATH\CodeIgniter.php(934): App\Controllers\Login->add()
 8 SYSTEMPATH\CodeIgniter.php(499): CodeIgniter\CodeIgniter->runController(Object(App\Controllers\Login))
 9 SYSTEMPATH\CodeIgniter.php(368): CodeIgniter\CodeIgniter->handleRequest(null, Object(Config\Cache), false)
10 FCPATH\index.php(67): CodeIgniter\CodeIgniter->run()
11 SYSTEMPATH\Commands\Server\rewrite.php(47): require_once('D:\\TUGAS\\KULIAH\\P2MW\\hehe\\gohitfinal\\public\\index.php')
ERROR - 2025-07-17 07:44:56 --> mysqli_sql_exception: Unknown column 'id_user' in 'field list' in D:\TUGAS\KULIAH\P2MW\hehe\gohitfinal\system\Database\MySQLi\Connection.php:295
Stack trace:
#0 D:\TUGAS\KULIAH\P2MW\hehe\gohitfinal\system\Database\MySQLi\Connection.php(295): mysqli->query('INSERT INTO `us...', 0)
#1 D:\TUGAS\KULIAH\P2MW\hehe\gohitfinal\system\Database\BaseConnection.php(691): CodeIgniter\Database\MySQLi\Connection->execute('INSERT INTO `us...')
#2 D:\TUGAS\KULIAH\P2MW\hehe\gohitfinal\system\Database\BaseConnection.php(605): CodeIgniter\Database\BaseConnection->simpleQuery('INSERT INTO `us...')
#3 D:\TUGAS\KULIAH\P2MW\hehe\gohitfinal\system\Database\BaseBuilder.php(2309): CodeIgniter\Database\BaseConnection->query('INSERT INTO `us...', Array, false)
#4 D:\TUGAS\KULIAH\P2MW\hehe\gohitfinal\app\Models\User.php(23): CodeIgniter\Database\BaseBuilder->insert(Array)
#5 D:\TUGAS\KULIAH\P2MW\hehe\gohitfinal\app\Controllers\Login.php(98): App\Models\User->saveuserr(Array)
#6 D:\TUGAS\KULIAH\P2MW\hehe\gohitfinal\system\CodeIgniter.php(934): App\Controllers\Login->add()
#7 D:\TUGAS\KULIAH\P2MW\hehe\gohitfinal\system\CodeIgniter.php(499): CodeIgniter\CodeIgniter->runController(Object(App\Controllers\Login))
#8 D:\TUGAS\KULIAH\P2MW\hehe\gohitfinal\system\CodeIgniter.php(368): CodeIgniter\CodeIgniter->handleRequest(NULL, Object(Config\Cache), false)
#9 D:\TUGAS\KULIAH\P2MW\hehe\gohitfinal\public\index.php(67): CodeIgniter\CodeIgniter->run()
#10 D:\TUGAS\KULIAH\P2MW\hehe\gohitfinal\system\Commands\Server\rewrite.php(47): require_once('D:\\TUGAS\\KULIAH...')
#11 {main}
CRITICAL - 2025-07-17 07:44:56 --> Unknown column 'id_user' in 'field list'
in SYSTEMPATH\Database\MySQLi\Connection.php on line 295.
 1 SYSTEMPATH\Database\MySQLi\Connection.php(295): mysqli->query('INSERT INTO `user` (`id_user`, `nama`, `email`, `password`, `jenis`, `sub`) VALUES (\'\', \'STIKI1\', \'v@gmail.com\', \'s\', \'1\', \'1\')', 0)
 2 SYSTEMPATH\Database\BaseConnection.php(691): CodeIgniter\Database\MySQLi\Connection->execute('INSERT INTO `user` (`id_user`, `nama`, `email`, `password`, `jenis`, `sub`) VALUES (\'\', \'STIKI1\', \'v@gmail.com\', \'s\', \'1\', \'1\')')
 3 SYSTEMPATH\Database\BaseConnection.php(605): CodeIgniter\Database\BaseConnection->simpleQuery('INSERT INTO `user` (`id_user`, `nama`, `email`, `password`, `jenis`, `sub`) VALUES (\'\', \'STIKI1\', \'v@gmail.com\', \'s\', \'1\', \'1\')')
 4 SYSTEMPATH\Database\BaseBuilder.php(2309): CodeIgniter\Database\BaseConnection->query('INSERT INTO `user` (`id_user`, `nama`, `email`, `password`, `jenis`, `sub`) VALUES (:id_user:, :nama:, :email:, :password:, :jenis:, :sub:)', [...], false)
 5 APPPATH\Models\User.php(23): CodeIgniter\Database\BaseBuilder->insert([...])
 6 APPPATH\Controllers\Login.php(98): App\Models\User->saveuserr([...])
 7 SYSTEMPATH\CodeIgniter.php(934): App\Controllers\Login->add()
 8 SYSTEMPATH\CodeIgniter.php(499): CodeIgniter\CodeIgniter->runController(Object(App\Controllers\Login))
 9 SYSTEMPATH\CodeIgniter.php(368): CodeIgniter\CodeIgniter->handleRequest(null, Object(Config\Cache), false)
10 FCPATH\index.php(67): CodeIgniter\CodeIgniter->run()
11 SYSTEMPATH\Commands\Server\rewrite.php(47): require_once('D:\\TUGAS\\KULIAH\\P2MW\\hehe\\gohitfinal\\public\\index.php')
ERROR - 2025-07-17 07:45:03 --> mysqli_sql_exception: Unknown column 'id_user' in 'field list' in D:\TUGAS\KULIAH\P2MW\hehe\gohitfinal\system\Database\MySQLi\Connection.php:295
Stack trace:
#0 D:\TUGAS\KULIAH\P2MW\hehe\gohitfinal\system\Database\MySQLi\Connection.php(295): mysqli->query('INSERT INTO `us...', 0)
#1 D:\TUGAS\KULIAH\P2MW\hehe\gohitfinal\system\Database\BaseConnection.php(691): CodeIgniter\Database\MySQLi\Connection->execute('INSERT INTO `us...')
#2 D:\TUGAS\KULIAH\P2MW\hehe\gohitfinal\system\Database\BaseConnection.php(605): CodeIgniter\Database\BaseConnection->simpleQuery('INSERT INTO `us...')
#3 D:\TUGAS\KULIAH\P2MW\hehe\gohitfinal\system\Database\BaseBuilder.php(2309): CodeIgniter\Database\BaseConnection->query('INSERT INTO `us...', Array, false)
#4 D:\TUGAS\KULIAH\P2MW\hehe\gohitfinal\app\Models\User.php(23): CodeIgniter\Database\BaseBuilder->insert(Array)
#5 D:\TUGAS\KULIAH\P2MW\hehe\gohitfinal\app\Controllers\Login.php(98): App\Models\User->saveuserr(Array)
#6 D:\TUGAS\KULIAH\P2MW\hehe\gohitfinal\system\CodeIgniter.php(934): App\Controllers\Login->add()
#7 D:\TUGAS\KULIAH\P2MW\hehe\gohitfinal\system\CodeIgniter.php(499): CodeIgniter\CodeIgniter->runController(Object(App\Controllers\Login))
#8 D:\TUGAS\KULIAH\P2MW\hehe\gohitfinal\system\CodeIgniter.php(368): CodeIgniter\CodeIgniter->handleRequest(NULL, Object(Config\Cache), false)
#9 D:\TUGAS\KULIAH\P2MW\hehe\gohitfinal\public\index.php(67): CodeIgniter\CodeIgniter->run()
#10 D:\TUGAS\KULIAH\P2MW\hehe\gohitfinal\system\Commands\Server\rewrite.php(47): require_once('D:\\TUGAS\\KULIAH...')
#11 {main}
CRITICAL - 2025-07-17 07:45:03 --> Unknown column 'id_user' in 'field list'
in SYSTEMPATH\Database\MySQLi\Connection.php on line 295.
 1 SYSTEMPATH\Database\MySQLi\Connection.php(295): mysqli->query('INSERT INTO `user` (`id_user`, `nama`, `email`, `password`, `jenis`, `sub`) VALUES (\'\', \'STIKI1\', \'v@gmail.com\', \'s\', \'1\', \'1\')', 0)
 2 SYSTEMPATH\Database\BaseConnection.php(691): CodeIgniter\Database\MySQLi\Connection->execute('INSERT INTO `user` (`id_user`, `nama`, `email`, `password`, `jenis`, `sub`) VALUES (\'\', \'STIKI1\', \'v@gmail.com\', \'s\', \'1\', \'1\')')
 3 SYSTEMPATH\Database\BaseConnection.php(605): CodeIgniter\Database\BaseConnection->simpleQuery('INSERT INTO `user` (`id_user`, `nama`, `email`, `password`, `jenis`, `sub`) VALUES (\'\', \'STIKI1\', \'v@gmail.com\', \'s\', \'1\', \'1\')')
 4 SYSTEMPATH\Database\BaseBuilder.php(2309): CodeIgniter\Database\BaseConnection->query('INSERT INTO `user` (`id_user`, `nama`, `email`, `password`, `jenis`, `sub`) VALUES (:id_user:, :nama:, :email:, :password:, :jenis:, :sub:)', [...], false)
 5 APPPATH\Models\User.php(23): CodeIgniter\Database\BaseBuilder->insert([...])
 6 APPPATH\Controllers\Login.php(98): App\Models\User->saveuserr([...])
 7 SYSTEMPATH\CodeIgniter.php(934): App\Controllers\Login->add()
 8 SYSTEMPATH\CodeIgniter.php(499): CodeIgniter\CodeIgniter->runController(Object(App\Controllers\Login))
 9 SYSTEMPATH\CodeIgniter.php(368): CodeIgniter\CodeIgniter->handleRequest(null, Object(Config\Cache), false)
10 FCPATH\index.php(67): CodeIgniter\CodeIgniter->run()
11 SYSTEMPATH\Commands\Server\rewrite.php(47): require_once('D:\\TUGAS\\KULIAH\\P2MW\\hehe\\gohitfinal\\public\\index.php')
ERROR - 2025-07-17 07:45:18 --> mysqli_sql_exception: Unknown column 'id_user' in 'field list' in D:\TUGAS\KULIAH\P2MW\hehe\gohitfinal\system\Database\MySQLi\Connection.php:295
Stack trace:
#0 D:\TUGAS\KULIAH\P2MW\hehe\gohitfinal\system\Database\MySQLi\Connection.php(295): mysqli->query('INSERT INTO `us...', 0)
#1 D:\TUGAS\KULIAH\P2MW\hehe\gohitfinal\system\Database\BaseConnection.php(691): CodeIgniter\Database\MySQLi\Connection->execute('INSERT INTO `us...')
#2 D:\TUGAS\KULIAH\P2MW\hehe\gohitfinal\system\Database\BaseConnection.php(605): CodeIgniter\Database\BaseConnection->simpleQuery('INSERT INTO `us...')
#3 D:\TUGAS\KULIAH\P2MW\hehe\gohitfinal\system\Database\BaseBuilder.php(2309): CodeIgniter\Database\BaseConnection->query('INSERT INTO `us...', Array, false)
#4 D:\TUGAS\KULIAH\P2MW\hehe\gohitfinal\app\Models\User.php(23): CodeIgniter\Database\BaseBuilder->insert(Array)
#5 D:\TUGAS\KULIAH\P2MW\hehe\gohitfinal\app\Controllers\Login.php(98): App\Models\User->saveuserr(Array)
#6 D:\TUGAS\KULIAH\P2MW\hehe\gohitfinal\system\CodeIgniter.php(934): App\Controllers\Login->add()
#7 D:\TUGAS\KULIAH\P2MW\hehe\gohitfinal\system\CodeIgniter.php(499): CodeIgniter\CodeIgniter->runController(Object(App\Controllers\Login))
#8 D:\TUGAS\KULIAH\P2MW\hehe\gohitfinal\system\CodeIgniter.php(368): CodeIgniter\CodeIgniter->handleRequest(NULL, Object(Config\Cache), false)
#9 D:\TUGAS\KULIAH\P2MW\hehe\gohitfinal\public\index.php(67): CodeIgniter\CodeIgniter->run()
#10 D:\TUGAS\KULIAH\P2MW\hehe\gohitfinal\system\Commands\Server\rewrite.php(47): require_once('D:\\TUGAS\\KULIAH...')
#11 {main}
CRITICAL - 2025-07-17 07:45:18 --> Unknown column 'id_user' in 'field list'
in SYSTEMPATH\Database\MySQLi\Connection.php on line 295.
 1 SYSTEMPATH\Database\MySQLi\Connection.php(295): mysqli->query('INSERT INTO `user` (`id_user`, `nama`, `email`, `password`, `jenis`, `sub`) VALUES (\'\', \'STIKI1\', \'v@gmail.com\', \'w\', \'1\', \'1\')', 0)
 2 SYSTEMPATH\Database\BaseConnection.php(691): CodeIgniter\Database\MySQLi\Connection->execute('INSERT INTO `user` (`id_user`, `nama`, `email`, `password`, `jenis`, `sub`) VALUES (\'\', \'STIKI1\', \'v@gmail.com\', \'w\', \'1\', \'1\')')
 3 SYSTEMPATH\Database\BaseConnection.php(605): CodeIgniter\Database\BaseConnection->simpleQuery('INSERT INTO `user` (`id_user`, `nama`, `email`, `password`, `jenis`, `sub`) VALUES (\'\', \'STIKI1\', \'v@gmail.com\', \'w\', \'1\', \'1\')')
 4 SYSTEMPATH\Database\BaseBuilder.php(2309): CodeIgniter\Database\BaseConnection->query('INSERT INTO `user` (`id_user`, `nama`, `email`, `password`, `jenis`, `sub`) VALUES (:id_user:, :nama:, :email:, :password:, :jenis:, :sub:)', [...], false)
 5 APPPATH\Models\User.php(23): CodeIgniter\Database\BaseBuilder->insert([...])
 6 APPPATH\Controllers\Login.php(98): App\Models\User->saveuserr([...])
 7 SYSTEMPATH\CodeIgniter.php(934): App\Controllers\Login->add()
 8 SYSTEMPATH\CodeIgniter.php(499): CodeIgniter\CodeIgniter->runController(Object(App\Controllers\Login))
 9 SYSTEMPATH\CodeIgniter.php(368): CodeIgniter\CodeIgniter->handleRequest(null, Object(Config\Cache), false)
10 FCPATH\index.php(67): CodeIgniter\CodeIgniter->run()
11 SYSTEMPATH\Commands\Server\rewrite.php(47): require_once('D:\\TUGAS\\KULIAH\\P2MW\\hehe\\gohitfinal\\public\\index.php')
ERROR - 2025-07-17 07:45:48 --> mysqli_sql_exception: Unknown column 'id_user' in 'field list' in D:\TUGAS\KULIAH\P2MW\hehe\gohitfinal\system\Database\MySQLi\Connection.php:295
Stack trace:
#0 D:\TUGAS\KULIAH\P2MW\hehe\gohitfinal\system\Database\MySQLi\Connection.php(295): mysqli->query('INSERT INTO `us...', 0)
#1 D:\TUGAS\KULIAH\P2MW\hehe\gohitfinal\system\Database\BaseConnection.php(691): CodeIgniter\Database\MySQLi\Connection->execute('INSERT INTO `us...')
#2 D:\TUGAS\KULIAH\P2MW\hehe\gohitfinal\system\Database\BaseConnection.php(605): CodeIgniter\Database\BaseConnection->simpleQuery('INSERT INTO `us...')
#3 D:\TUGAS\KULIAH\P2MW\hehe\gohitfinal\system\Database\BaseBuilder.php(2309): CodeIgniter\Database\BaseConnection->query('INSERT INTO `us...', Array, false)
#4 D:\TUGAS\KULIAH\P2MW\hehe\gohitfinal\app\Models\User.php(23): CodeIgniter\Database\BaseBuilder->insert(Array)
#5 D:\TUGAS\KULIAH\P2MW\hehe\gohitfinal\app\Controllers\Login.php(97): App\Models\User->saveuser(Array)
#6 D:\TUGAS\KULIAH\P2MW\hehe\gohitfinal\system\CodeIgniter.php(934): App\Controllers\Login->add()
#7 D:\TUGAS\KULIAH\P2MW\hehe\gohitfinal\system\CodeIgniter.php(499): CodeIgniter\CodeIgniter->runController(Object(App\Controllers\Login))
#8 D:\TUGAS\KULIAH\P2MW\hehe\gohitfinal\system\CodeIgniter.php(368): CodeIgniter\CodeIgniter->handleRequest(NULL, Object(Config\Cache), false)
#9 D:\TUGAS\KULIAH\P2MW\hehe\gohitfinal\public\index.php(67): CodeIgniter\CodeIgniter->run()
#10 D:\TUGAS\KULIAH\P2MW\hehe\gohitfinal\system\Commands\Server\rewrite.php(47): require_once('D:\\TUGAS\\KULIAH...')
#11 {main}
CRITICAL - 2025-07-17 07:45:48 --> Unknown column 'id_user' in 'field list'
in SYSTEMPATH\Database\MySQLi\Connection.php on line 295.
 1 SYSTEMPATH\Database\MySQLi\Connection.php(295): mysqli->query('INSERT INTO `user` (`nama`, `email`, `password`, `jenis`, `sub`) VALUES (\'STIKI1\', \'v@gmail.com\', \'w\', \'1\', \'1\')', 0)
 2 SYSTEMPATH\Database\BaseConnection.php(691): CodeIgniter\Database\MySQLi\Connection->execute('INSERT INTO `user` (`nama`, `email`, `password`, `jenis`, `sub`) VALUES (\'STIKI1\', \'v@gmail.com\', \'w\', \'1\', \'1\')')
 3 SYSTEMPATH\Database\BaseConnection.php(605): CodeIgniter\Database\BaseConnection->simpleQuery('INSERT INTO `user` (`nama`, `email`, `password`, `jenis`, `sub`) VALUES (\'STIKI1\', \'v@gmail.com\', \'w\', \'1\', \'1\')')
 4 SYSTEMPATH\Database\BaseBuilder.php(2309): CodeIgniter\Database\BaseConnection->query('INSERT INTO `user` (`nama`, `email`, `password`, `jenis`, `sub`) VALUES (:nama:, :email:, :password:, :jenis:, :sub:)', [...], false)
 5 APPPATH\Models\User.php(23): CodeIgniter\Database\BaseBuilder->insert([...])
 6 APPPATH\Controllers\Login.php(97): App\Models\User->saveuser([...])
 7 SYSTEMPATH\CodeIgniter.php(934): App\Controllers\Login->add()
 8 SYSTEMPATH\CodeIgniter.php(499): CodeIgniter\CodeIgniter->runController(Object(App\Controllers\Login))
 9 SYSTEMPATH\CodeIgniter.php(368): CodeIgniter\CodeIgniter->handleRequest(null, Object(Config\Cache), false)
10 FCPATH\index.php(67): CodeIgniter\CodeIgniter->run()
11 SYSTEMPATH\Commands\Server\rewrite.php(47): require_once('D:\\TUGAS\\KULIAH\\P2MW\\hehe\\gohitfinal\\public\\index.php')
ERROR - 2025-07-17 07:49:56 --> mysqli_sql_exception: Unknown column 'id_user' in 'field list' in D:\TUGAS\KULIAH\P2MW\hehe\gohitfinal\system\Database\MySQLi\Connection.php:295
Stack trace:
#0 D:\TUGAS\KULIAH\P2MW\hehe\gohitfinal\system\Database\MySQLi\Connection.php(295): mysqli->query('INSERT INTO `us...', 0)
#1 D:\TUGAS\KULIAH\P2MW\hehe\gohitfinal\system\Database\BaseConnection.php(691): CodeIgniter\Database\MySQLi\Connection->execute('INSERT INTO `us...')
#2 D:\TUGAS\KULIAH\P2MW\hehe\gohitfinal\system\Database\BaseConnection.php(605): CodeIgniter\Database\BaseConnection->simpleQuery('INSERT INTO `us...')
#3 D:\TUGAS\KULIAH\P2MW\hehe\gohitfinal\system\Database\BaseBuilder.php(2309): CodeIgniter\Database\BaseConnection->query('INSERT INTO `us...', Array, false)
#4 D:\TUGAS\KULIAH\P2MW\hehe\gohitfinal\app\Models\User.php(25): CodeIgniter\Database\BaseBuilder->insert(Array)
#5 D:\TUGAS\KULIAH\P2MW\hehe\gohitfinal\app\Controllers\Login.php(97): App\Models\User->saveuser(Array)
#6 D:\TUGAS\KULIAH\P2MW\hehe\gohitfinal\system\CodeIgniter.php(934): App\Controllers\Login->add()
#7 D:\TUGAS\KULIAH\P2MW\hehe\gohitfinal\system\CodeIgniter.php(499): CodeIgniter\CodeIgniter->runController(Object(App\Controllers\Login))
#8 D:\TUGAS\KULIAH\P2MW\hehe\gohitfinal\system\CodeIgniter.php(368): CodeIgniter\CodeIgniter->handleRequest(NULL, Object(Config\Cache), false)
#9 D:\TUGAS\KULIAH\P2MW\hehe\gohitfinal\public\index.php(67): CodeIgniter\CodeIgniter->run()
#10 D:\TUGAS\KULIAH\P2MW\hehe\gohitfinal\system\Commands\Server\rewrite.php(47): require_once('D:\\TUGAS\\KULIAH...')
#11 {main}
CRITICAL - 2025-07-17 07:49:56 --> Unknown column 'id_user' in 'field list'
in SYSTEMPATH\Database\MySQLi\Connection.php on line 295.
 1 SYSTEMPATH\Database\MySQLi\Connection.php(295): mysqli->query('INSERT INTO `user` (`nama`, `email`, `password`, `jenis`, `sub`) VALUES (\'STIKI1\', \'v@gmail.com\', \'w\', \'1\', \'1\')', 0)
 2 SYSTEMPATH\Database\BaseConnection.php(691): CodeIgniter\Database\MySQLi\Connection->execute('INSERT INTO `user` (`nama`, `email`, `password`, `jenis`, `sub`) VALUES (\'STIKI1\', \'v@gmail.com\', \'w\', \'1\', \'1\')')
 3 SYSTEMPATH\Database\BaseConnection.php(605): CodeIgniter\Database\BaseConnection->simpleQuery('INSERT INTO `user` (`nama`, `email`, `password`, `jenis`, `sub`) VALUES (\'STIKI1\', \'v@gmail.com\', \'w\', \'1\', \'1\')')
 4 SYSTEMPATH\Database\BaseBuilder.php(2309): CodeIgniter\Database\BaseConnection->query('INSERT INTO `user` (`nama`, `email`, `password`, `jenis`, `sub`) VALUES (:nama:, :email:, :password:, :jenis:, :sub:)', [...], false)
 5 APPPATH\Models\User.php(25): CodeIgniter\Database\BaseBuilder->insert([...])
 6 APPPATH\Controllers\Login.php(97): App\Models\User->saveuser([...])
 7 SYSTEMPATH\CodeIgniter.php(934): App\Controllers\Login->add()
 8 SYSTEMPATH\CodeIgniter.php(499): CodeIgniter\CodeIgniter->runController(Object(App\Controllers\Login))
 9 SYSTEMPATH\CodeIgniter.php(368): CodeIgniter\CodeIgniter->handleRequest(null, Object(Config\Cache), false)
10 FCPATH\index.php(67): CodeIgniter\CodeIgniter->run()
11 SYSTEMPATH\Commands\Server\rewrite.php(47): require_once('D:\\TUGAS\\KULIAH\\P2MW\\hehe\\gohitfinal\\public\\index.php')
ERROR - 2025-07-17 07:50:03 --> mysqli_sql_exception: Unknown column 'id_user' in 'field list' in D:\TUGAS\KULIAH\P2MW\hehe\gohitfinal\system\Database\MySQLi\Connection.php:295
Stack trace:
#0 D:\TUGAS\KULIAH\P2MW\hehe\gohitfinal\system\Database\MySQLi\Connection.php(295): mysqli->query('INSERT INTO `us...', 0)
#1 D:\TUGAS\KULIAH\P2MW\hehe\gohitfinal\system\Database\BaseConnection.php(691): CodeIgniter\Database\MySQLi\Connection->execute('INSERT INTO `us...')
#2 D:\TUGAS\KULIAH\P2MW\hehe\gohitfinal\system\Database\BaseConnection.php(605): CodeIgniter\Database\BaseConnection->simpleQuery('INSERT INTO `us...')
#3 D:\TUGAS\KULIAH\P2MW\hehe\gohitfinal\system\Database\BaseBuilder.php(2309): CodeIgniter\Database\BaseConnection->query('INSERT INTO `us...', Array, false)
#4 D:\TUGAS\KULIAH\P2MW\hehe\gohitfinal\app\Models\User.php(25): CodeIgniter\Database\BaseBuilder->insert(Array)
#5 D:\TUGAS\KULIAH\P2MW\hehe\gohitfinal\app\Controllers\Login.php(97): App\Models\User->saveuser(Array)
#6 D:\TUGAS\KULIAH\P2MW\hehe\gohitfinal\system\CodeIgniter.php(934): App\Controllers\Login->add()
#7 D:\TUGAS\KULIAH\P2MW\hehe\gohitfinal\system\CodeIgniter.php(499): CodeIgniter\CodeIgniter->runController(Object(App\Controllers\Login))
#8 D:\TUGAS\KULIAH\P2MW\hehe\gohitfinal\system\CodeIgniter.php(368): CodeIgniter\CodeIgniter->handleRequest(NULL, Object(Config\Cache), false)
#9 D:\TUGAS\KULIAH\P2MW\hehe\gohitfinal\public\index.php(67): CodeIgniter\CodeIgniter->run()
#10 D:\TUGAS\KULIAH\P2MW\hehe\gohitfinal\system\Commands\Server\rewrite.php(47): require_once('D:\\TUGAS\\KULIAH...')
#11 {main}
CRITICAL - 2025-07-17 07:50:03 --> Unknown column 'id_user' in 'field list'
in SYSTEMPATH\Database\MySQLi\Connection.php on line 295.
 1 SYSTEMPATH\Database\MySQLi\Connection.php(295): mysqli->query('INSERT INTO `user` (`nama`, `email`, `password`, `jenis`, `sub`) VALUES (\'STIKI1\', \'v@gmail.com\', \'w\', \'1\', \'1\')', 0)
 2 SYSTEMPATH\Database\BaseConnection.php(691): CodeIgniter\Database\MySQLi\Connection->execute('INSERT INTO `user` (`nama`, `email`, `password`, `jenis`, `sub`) VALUES (\'STIKI1\', \'v@gmail.com\', \'w\', \'1\', \'1\')')
 3 SYSTEMPATH\Database\BaseConnection.php(605): CodeIgniter\Database\BaseConnection->simpleQuery('INSERT INTO `user` (`nama`, `email`, `password`, `jenis`, `sub`) VALUES (\'STIKI1\', \'v@gmail.com\', \'w\', \'1\', \'1\')')
 4 SYSTEMPATH\Database\BaseBuilder.php(2309): CodeIgniter\Database\BaseConnection->query('INSERT INTO `user` (`nama`, `email`, `password`, `jenis`, `sub`) VALUES (:nama:, :email:, :password:, :jenis:, :sub:)', [...], false)
 5 APPPATH\Models\User.php(25): CodeIgniter\Database\BaseBuilder->insert([...])
 6 APPPATH\Controllers\Login.php(97): App\Models\User->saveuser([...])
 7 SYSTEMPATH\CodeIgniter.php(934): App\Controllers\Login->add()
 8 SYSTEMPATH\CodeIgniter.php(499): CodeIgniter\CodeIgniter->runController(Object(App\Controllers\Login))
 9 SYSTEMPATH\CodeIgniter.php(368): CodeIgniter\CodeIgniter->handleRequest(null, Object(Config\Cache), false)
10 FCPATH\index.php(67): CodeIgniter\CodeIgniter->run()
11 SYSTEMPATH\Commands\Server\rewrite.php(47): require_once('D:\\TUGAS\\KULIAH\\P2MW\\hehe\\gohitfinal\\public\\index.php')
ERROR - 2025-07-17 07:55:37 --> mysqli_sql_exception: Unknown column 'id_user' in 'field list' in D:\TUGAS\KULIAH\P2MW\hehe\gohitfinal\system\Database\MySQLi\Connection.php:295
Stack trace:
#0 D:\TUGAS\KULIAH\P2MW\hehe\gohitfinal\system\Database\MySQLi\Connection.php(295): mysqli->query('INSERT INTO `us...', 0)
#1 D:\TUGAS\KULIAH\P2MW\hehe\gohitfinal\system\Database\BaseConnection.php(691): CodeIgniter\Database\MySQLi\Connection->execute('INSERT INTO `us...')
#2 D:\TUGAS\KULIAH\P2MW\hehe\gohitfinal\system\Database\BaseConnection.php(605): CodeIgniter\Database\BaseConnection->simpleQuery('INSERT INTO `us...')
#3 D:\TUGAS\KULIAH\P2MW\hehe\gohitfinal\system\Database\BaseBuilder.php(2309): CodeIgniter\Database\BaseConnection->query('INSERT INTO `us...', Array, false)
#4 D:\TUGAS\KULIAH\P2MW\hehe\gohitfinal\system\Model.php(330): CodeIgniter\Database\BaseBuilder->insert()
#5 D:\TUGAS\KULIAH\P2MW\hehe\gohitfinal\system\BaseModel.php(782): CodeIgniter\Model->doInsert(Array)
#6 D:\TUGAS\KULIAH\P2MW\hehe\gohitfinal\system\Model.php(730): CodeIgniter\BaseModel->insert(Array, true)
#7 D:\TUGAS\KULIAH\P2MW\hehe\gohitfinal\app\Models\User.php(24): CodeIgniter\Model->insert(Array)
#8 D:\TUGAS\KULIAH\P2MW\hehe\gohitfinal\app\Controllers\Login.php(97): App\Models\User->saveuser(Array)
#9 D:\TUGAS\KULIAH\P2MW\hehe\gohitfinal\system\CodeIgniter.php(934): App\Controllers\Login->add()
#10 D:\TUGAS\KULIAH\P2MW\hehe\gohitfinal\system\CodeIgniter.php(499): CodeIgniter\CodeIgniter->runController(Object(App\Controllers\Login))
#11 D:\TUGAS\KULIAH\P2MW\hehe\gohitfinal\system\CodeIgniter.php(368): CodeIgniter\CodeIgniter->handleRequest(NULL, Object(Config\Cache), false)
#12 D:\TUGAS\KULIAH\P2MW\hehe\gohitfinal\public\index.php(67): CodeIgniter\CodeIgniter->run()
#13 D:\TUGAS\KULIAH\P2MW\hehe\gohitfinal\system\Commands\Server\rewrite.php(47): require_once('D:\\TUGAS\\KULIAH...')
#14 {main}
CRITICAL - 2025-07-17 07:55:37 --> Unknown column 'id_user' in 'field list'
in SYSTEMPATH\Database\MySQLi\Connection.php on line 295.
 1 SYSTEMPATH\Database\MySQLi\Connection.php(295): mysqli->query('INSERT INTO `user` (`nama`, `email`, `password`, `jenis`, `sub`) VALUES (\'STIKI1\', \'v@gmail.com\', \'w\', \'1\', \'1\')', 0)
 2 SYSTEMPATH\Database\BaseConnection.php(691): CodeIgniter\Database\MySQLi\Connection->execute('INSERT INTO `user` (`nama`, `email`, `password`, `jenis`, `sub`) VALUES (\'STIKI1\', \'v@gmail.com\', \'w\', \'1\', \'1\')')
 3 SYSTEMPATH\Database\BaseConnection.php(605): CodeIgniter\Database\BaseConnection->simpleQuery('INSERT INTO `user` (`nama`, `email`, `password`, `jenis`, `sub`) VALUES (\'STIKI1\', \'v@gmail.com\', \'w\', \'1\', \'1\')')
 4 SYSTEMPATH\Database\BaseBuilder.php(2309): CodeIgniter\Database\BaseConnection->query('INSERT INTO `user` (`nama`, `email`, `password`, `jenis`, `sub`) VALUES (:nama:, :email:, :password:, :jenis:, :sub:)', [...], false)
 5 SYSTEMPATH\Model.php(330): CodeIgniter\Database\BaseBuilder->insert()
 6 SYSTEMPATH\BaseModel.php(782): CodeIgniter\Model->doInsert([...])
 7 SYSTEMPATH\Model.php(730): CodeIgniter\BaseModel->insert([...], true)
 8 APPPATH\Models\User.php(24): CodeIgniter\Model->insert([...])
 9 APPPATH\Controllers\Login.php(97): App\Models\User->saveuser([...])
10 SYSTEMPATH\CodeIgniter.php(934): App\Controllers\Login->add()
11 SYSTEMPATH\CodeIgniter.php(499): CodeIgniter\CodeIgniter->runController(Object(App\Controllers\Login))
12 SYSTEMPATH\CodeIgniter.php(368): CodeIgniter\CodeIgniter->handleRequest(null, Object(Config\Cache), false)
13 FCPATH\index.php(67): CodeIgniter\CodeIgniter->run()
14 SYSTEMPATH\Commands\Server\rewrite.php(47): require_once('D:\\TUGAS\\KULIAH\\P2MW\\hehe\\gohitfinal\\public\\index.php')
ERROR - 2025-07-17 07:55:40 --> mysqli_sql_exception: Unknown column 'id_user' in 'field list' in D:\TUGAS\KULIAH\P2MW\hehe\gohitfinal\system\Database\MySQLi\Connection.php:295
Stack trace:
#0 D:\TUGAS\KULIAH\P2MW\hehe\gohitfinal\system\Database\MySQLi\Connection.php(295): mysqli->query('INSERT INTO `us...', 0)
#1 D:\TUGAS\KULIAH\P2MW\hehe\gohitfinal\system\Database\BaseConnection.php(691): CodeIgniter\Database\MySQLi\Connection->execute('INSERT INTO `us...')
#2 D:\TUGAS\KULIAH\P2MW\hehe\gohitfinal\system\Database\BaseConnection.php(605): CodeIgniter\Database\BaseConnection->simpleQuery('INSERT INTO `us...')
#3 D:\TUGAS\KULIAH\P2MW\hehe\gohitfinal\system\Database\BaseBuilder.php(2309): CodeIgniter\Database\BaseConnection->query('INSERT INTO `us...', Array, false)
#4 D:\TUGAS\KULIAH\P2MW\hehe\gohitfinal\system\Model.php(330): CodeIgniter\Database\BaseBuilder->insert()
#5 D:\TUGAS\KULIAH\P2MW\hehe\gohitfinal\system\BaseModel.php(782): CodeIgniter\Model->doInsert(Array)
#6 D:\TUGAS\KULIAH\P2MW\hehe\gohitfinal\system\Model.php(730): CodeIgniter\BaseModel->insert(Array, true)
#7 D:\TUGAS\KULIAH\P2MW\hehe\gohitfinal\app\Models\User.php(24): CodeIgniter\Model->insert(Array)
#8 D:\TUGAS\KULIAH\P2MW\hehe\gohitfinal\app\Controllers\Login.php(97): App\Models\User->saveuser(Array)
#9 D:\TUGAS\KULIAH\P2MW\hehe\gohitfinal\system\CodeIgniter.php(934): App\Controllers\Login->add()
#10 D:\TUGAS\KULIAH\P2MW\hehe\gohitfinal\system\CodeIgniter.php(499): CodeIgniter\CodeIgniter->runController(Object(App\Controllers\Login))
#11 D:\TUGAS\KULIAH\P2MW\hehe\gohitfinal\system\CodeIgniter.php(368): CodeIgniter\CodeIgniter->handleRequest(NULL, Object(Config\Cache), false)
#12 D:\TUGAS\KULIAH\P2MW\hehe\gohitfinal\public\index.php(67): CodeIgniter\CodeIgniter->run()
#13 D:\TUGAS\KULIAH\P2MW\hehe\gohitfinal\system\Commands\Server\rewrite.php(47): require_once('D:\\TUGAS\\KULIAH...')
#14 {main}
CRITICAL - 2025-07-17 07:55:40 --> Unknown column 'id_user' in 'field list'
in SYSTEMPATH\Database\MySQLi\Connection.php on line 295.
 1 SYSTEMPATH\Database\MySQLi\Connection.php(295): mysqli->query('INSERT INTO `user` (`nama`, `email`, `password`, `jenis`, `sub`) VALUES (\'STIKI1\', \'v@gmail.com\', \'w\', \'1\', \'1\')', 0)
 2 SYSTEMPATH\Database\BaseConnection.php(691): CodeIgniter\Database\MySQLi\Connection->execute('INSERT INTO `user` (`nama`, `email`, `password`, `jenis`, `sub`) VALUES (\'STIKI1\', \'v@gmail.com\', \'w\', \'1\', \'1\')')
 3 SYSTEMPATH\Database\BaseConnection.php(605): CodeIgniter\Database\BaseConnection->simpleQuery('INSERT INTO `user` (`nama`, `email`, `password`, `jenis`, `sub`) VALUES (\'STIKI1\', \'v@gmail.com\', \'w\', \'1\', \'1\')')
 4 SYSTEMPATH\Database\BaseBuilder.php(2309): CodeIgniter\Database\BaseConnection->query('INSERT INTO `user` (`nama`, `email`, `password`, `jenis`, `sub`) VALUES (:nama:, :email:, :password:, :jenis:, :sub:)', [...], false)
 5 SYSTEMPATH\Model.php(330): CodeIgniter\Database\BaseBuilder->insert()
 6 SYSTEMPATH\BaseModel.php(782): CodeIgniter\Model->doInsert([...])
 7 SYSTEMPATH\Model.php(730): CodeIgniter\BaseModel->insert([...], true)
 8 APPPATH\Models\User.php(24): CodeIgniter\Model->insert([...])
 9 APPPATH\Controllers\Login.php(97): App\Models\User->saveuser([...])
10 SYSTEMPATH\CodeIgniter.php(934): App\Controllers\Login->add()
11 SYSTEMPATH\CodeIgniter.php(499): CodeIgniter\CodeIgniter->runController(Object(App\Controllers\Login))
12 SYSTEMPATH\CodeIgniter.php(368): CodeIgniter\CodeIgniter->handleRequest(null, Object(Config\Cache), false)
13 FCPATH\index.php(67): CodeIgniter\CodeIgniter->run()
14 SYSTEMPATH\Commands\Server\rewrite.php(47): require_once('D:\\TUGAS\\KULIAH\\P2MW\\hehe\\gohitfinal\\public\\index.php')
ERROR - 2025-07-17 07:55:46 --> mysqli_sql_exception: Unknown column 'id_user' in 'field list' in D:\TUGAS\KULIAH\P2MW\hehe\gohitfinal\system\Database\MySQLi\Connection.php:295
Stack trace:
#0 D:\TUGAS\KULIAH\P2MW\hehe\gohitfinal\system\Database\MySQLi\Connection.php(295): mysqli->query('INSERT INTO `us...', 0)
#1 D:\TUGAS\KULIAH\P2MW\hehe\gohitfinal\system\Database\BaseConnection.php(691): CodeIgniter\Database\MySQLi\Connection->execute('INSERT INTO `us...')
#2 D:\TUGAS\KULIAH\P2MW\hehe\gohitfinal\system\Database\BaseConnection.php(605): CodeIgniter\Database\BaseConnection->simpleQuery('INSERT INTO `us...')
#3 D:\TUGAS\KULIAH\P2MW\hehe\gohitfinal\system\Database\BaseBuilder.php(2309): CodeIgniter\Database\BaseConnection->query('INSERT INTO `us...', Array, false)
#4 D:\TUGAS\KULIAH\P2MW\hehe\gohitfinal\system\Model.php(330): CodeIgniter\Database\BaseBuilder->insert()
#5 D:\TUGAS\KULIAH\P2MW\hehe\gohitfinal\system\BaseModel.php(782): CodeIgniter\Model->doInsert(Array)
#6 D:\TUGAS\KULIAH\P2MW\hehe\gohitfinal\system\Model.php(730): CodeIgniter\BaseModel->insert(Array, true)
#7 D:\TUGAS\KULIAH\P2MW\hehe\gohitfinal\app\Models\User.php(24): CodeIgniter\Model->insert(Array)
#8 D:\TUGAS\KULIAH\P2MW\hehe\gohitfinal\app\Controllers\Login.php(97): App\Models\User->saveuser(Array)
#9 D:\TUGAS\KULIAH\P2MW\hehe\gohitfinal\system\CodeIgniter.php(934): App\Controllers\Login->add()
#10 D:\TUGAS\KULIAH\P2MW\hehe\gohitfinal\system\CodeIgniter.php(499): CodeIgniter\CodeIgniter->runController(Object(App\Controllers\Login))
#11 D:\TUGAS\KULIAH\P2MW\hehe\gohitfinal\system\CodeIgniter.php(368): CodeIgniter\CodeIgniter->handleRequest(NULL, Object(Config\Cache), false)
#12 D:\TUGAS\KULIAH\P2MW\hehe\gohitfinal\public\index.php(67): CodeIgniter\CodeIgniter->run()
#13 D:\TUGAS\KULIAH\P2MW\hehe\gohitfinal\system\Commands\Server\rewrite.php(47): require_once('D:\\TUGAS\\KULIAH...')
#14 {main}
CRITICAL - 2025-07-17 07:55:46 --> Unknown column 'id_user' in 'field list'
in SYSTEMPATH\Database\MySQLi\Connection.php on line 295.
 1 SYSTEMPATH\Database\MySQLi\Connection.php(295): mysqli->query('INSERT INTO `user` (`nama`, `email`, `password`, `jenis`, `sub`) VALUES (\'STIKI1\', \'v@gmail.com\', \'s\', \'1\', \'1\')', 0)
 2 SYSTEMPATH\Database\BaseConnection.php(691): CodeIgniter\Database\MySQLi\Connection->execute('INSERT INTO `user` (`nama`, `email`, `password`, `jenis`, `sub`) VALUES (\'STIKI1\', \'v@gmail.com\', \'s\', \'1\', \'1\')')
 3 SYSTEMPATH\Database\BaseConnection.php(605): CodeIgniter\Database\BaseConnection->simpleQuery('INSERT INTO `user` (`nama`, `email`, `password`, `jenis`, `sub`) VALUES (\'STIKI1\', \'v@gmail.com\', \'s\', \'1\', \'1\')')
 4 SYSTEMPATH\Database\BaseBuilder.php(2309): CodeIgniter\Database\BaseConnection->query('INSERT INTO `user` (`nama`, `email`, `password`, `jenis`, `sub`) VALUES (:nama:, :email:, :password:, :jenis:, :sub:)', [...], false)
 5 SYSTEMPATH\Model.php(330): CodeIgniter\Database\BaseBuilder->insert()
 6 SYSTEMPATH\BaseModel.php(782): CodeIgniter\Model->doInsert([...])
 7 SYSTEMPATH\Model.php(730): CodeIgniter\BaseModel->insert([...], true)
 8 APPPATH\Models\User.php(24): CodeIgniter\Model->insert([...])
 9 APPPATH\Controllers\Login.php(97): App\Models\User->saveuser([...])
10 SYSTEMPATH\CodeIgniter.php(934): App\Controllers\Login->add()
11 SYSTEMPATH\CodeIgniter.php(499): CodeIgniter\CodeIgniter->runController(Object(App\Controllers\Login))
12 SYSTEMPATH\CodeIgniter.php(368): CodeIgniter\CodeIgniter->handleRequest(null, Object(Config\Cache), false)
13 FCPATH\index.php(67): CodeIgniter\CodeIgniter->run()
14 SYSTEMPATH\Commands\Server\rewrite.php(47): require_once('D:\\TUGAS\\KULIAH\\P2MW\\hehe\\gohitfinal\\public\\index.php')
ERROR - 2025-07-17 07:56:15 --> mysqli_sql_exception: Unknown column 'id_user' in 'field list' in D:\TUGAS\KULIAH\P2MW\hehe\gohitfinal\system\Database\MySQLi\Connection.php:295
Stack trace:
#0 D:\TUGAS\KULIAH\P2MW\hehe\gohitfinal\system\Database\MySQLi\Connection.php(295): mysqli->query('INSERT INTO `us...', 0)
#1 D:\TUGAS\KULIAH\P2MW\hehe\gohitfinal\system\Database\BaseConnection.php(691): CodeIgniter\Database\MySQLi\Connection->execute('INSERT INTO `us...')
#2 D:\TUGAS\KULIAH\P2MW\hehe\gohitfinal\system\Database\BaseConnection.php(605): CodeIgniter\Database\BaseConnection->simpleQuery('INSERT INTO `us...')
#3 D:\TUGAS\KULIAH\P2MW\hehe\gohitfinal\system\Database\BaseBuilder.php(2309): CodeIgniter\Database\BaseConnection->query('INSERT INTO `us...', Array, false)
#4 D:\TUGAS\KULIAH\P2MW\hehe\gohitfinal\system\Model.php(330): CodeIgniter\Database\BaseBuilder->insert()
#5 D:\TUGAS\KULIAH\P2MW\hehe\gohitfinal\system\BaseModel.php(782): CodeIgniter\Model->doInsert(Array)
#6 D:\TUGAS\KULIAH\P2MW\hehe\gohitfinal\system\Model.php(730): CodeIgniter\BaseModel->insert(Array, true)
#7 D:\TUGAS\KULIAH\P2MW\hehe\gohitfinal\app\Models\User.php(24): CodeIgniter\Model->insert(Array)
#8 D:\TUGAS\KULIAH\P2MW\hehe\gohitfinal\app\Controllers\Login.php(97): App\Models\User->saveuser(Array)
#9 D:\TUGAS\KULIAH\P2MW\hehe\gohitfinal\system\CodeIgniter.php(934): App\Controllers\Login->add()
#10 D:\TUGAS\KULIAH\P2MW\hehe\gohitfinal\system\CodeIgniter.php(499): CodeIgniter\CodeIgniter->runController(Object(App\Controllers\Login))
#11 D:\TUGAS\KULIAH\P2MW\hehe\gohitfinal\system\CodeIgniter.php(368): CodeIgniter\CodeIgniter->handleRequest(NULL, Object(Config\Cache), false)
#12 D:\TUGAS\KULIAH\P2MW\hehe\gohitfinal\public\index.php(67): CodeIgniter\CodeIgniter->run()
#13 D:\TUGAS\KULIAH\P2MW\hehe\gohitfinal\system\Commands\Server\rewrite.php(47): require_once('D:\\TUGAS\\KULIAH...')
#14 {main}
CRITICAL - 2025-07-17 07:56:15 --> Unknown column 'id_user' in 'field list'
in SYSTEMPATH\Database\MySQLi\Connection.php on line 295.
 1 SYSTEMPATH\Database\MySQLi\Connection.php(295): mysqli->query('INSERT INTO `user` (`nama`, `email`, `password`, `jenis`, `sub`) VALUES (\'STIKI1\', \'vwww@gmail.com\', \'ssssssss\', \'1\', \'1\')', 0)
 2 SYSTEMPATH\Database\BaseConnection.php(691): CodeIgniter\Database\MySQLi\Connection->execute('INSERT INTO `user` (`nama`, `email`, `password`, `jenis`, `sub`) VALUES (\'STIKI1\', \'vwww@gmail.com\', \'ssssssss\', \'1\', \'1\')')
 3 SYSTEMPATH\Database\BaseConnection.php(605): CodeIgniter\Database\BaseConnection->simpleQuery('INSERT INTO `user` (`nama`, `email`, `password`, `jenis`, `sub`) VALUES (\'STIKI1\', \'vwww@gmail.com\', \'ssssssss\', \'1\', \'1\')')
 4 SYSTEMPATH\Database\BaseBuilder.php(2309): CodeIgniter\Database\BaseConnection->query('INSERT INTO `user` (`nama`, `email`, `password`, `jenis`, `sub`) VALUES (:nama:, :email:, :password:, :jenis:, :sub:)', [...], false)
 5 SYSTEMPATH\Model.php(330): CodeIgniter\Database\BaseBuilder->insert()
 6 SYSTEMPATH\BaseModel.php(782): CodeIgniter\Model->doInsert([...])
 7 SYSTEMPATH\Model.php(730): CodeIgniter\BaseModel->insert([...], true)
 8 APPPATH\Models\User.php(24): CodeIgniter\Model->insert([...])
 9 APPPATH\Controllers\Login.php(97): App\Models\User->saveuser([...])
10 SYSTEMPATH\CodeIgniter.php(934): App\Controllers\Login->add()
11 SYSTEMPATH\CodeIgniter.php(499): CodeIgniter\CodeIgniter->runController(Object(App\Controllers\Login))
12 SYSTEMPATH\CodeIgniter.php(368): CodeIgniter\CodeIgniter->handleRequest(null, Object(Config\Cache), false)
13 FCPATH\index.php(67): CodeIgniter\CodeIgniter->run()
14 SYSTEMPATH\Commands\Server\rewrite.php(47): require_once('D:\\TUGAS\\KULIAH\\P2MW\\hehe\\gohitfinal\\public\\index.php')
ERROR - 2025-07-17 07:57:32 --> mysqli_sql_exception: Unknown column 'id_user' in 'field list' in D:\TUGAS\KULIAH\P2MW\hehe\gohitfinal\system\Database\MySQLi\Connection.php:295
Stack trace:
#0 D:\TUGAS\KULIAH\P2MW\hehe\gohitfinal\system\Database\MySQLi\Connection.php(295): mysqli->query('INSERT INTO `us...', 0)
#1 D:\TUGAS\KULIAH\P2MW\hehe\gohitfinal\system\Database\BaseConnection.php(691): CodeIgniter\Database\MySQLi\Connection->execute('INSERT INTO `us...')
#2 D:\TUGAS\KULIAH\P2MW\hehe\gohitfinal\system\Database\BaseConnection.php(605): CodeIgniter\Database\BaseConnection->simpleQuery('INSERT INTO `us...')
#3 D:\TUGAS\KULIAH\P2MW\hehe\gohitfinal\system\Database\BaseBuilder.php(2309): CodeIgniter\Database\BaseConnection->query('INSERT INTO `us...', Array, false)
#4 D:\TUGAS\KULIAH\P2MW\hehe\gohitfinal\system\Model.php(330): CodeIgniter\Database\BaseBuilder->insert()
#5 D:\TUGAS\KULIAH\P2MW\hehe\gohitfinal\system\BaseModel.php(782): CodeIgniter\Model->doInsert(Array)
#6 D:\TUGAS\KULIAH\P2MW\hehe\gohitfinal\system\Model.php(730): CodeIgniter\BaseModel->insert(Array, true)
#7 D:\TUGAS\KULIAH\P2MW\hehe\gohitfinal\app\Models\User.php(24): CodeIgniter\Model->insert(Array)
#8 D:\TUGAS\KULIAH\P2MW\hehe\gohitfinal\app\Controllers\Login.php(97): App\Models\User->saveuser(Array)
#9 D:\TUGAS\KULIAH\P2MW\hehe\gohitfinal\system\CodeIgniter.php(934): App\Controllers\Login->add()
#10 D:\TUGAS\KULIAH\P2MW\hehe\gohitfinal\system\CodeIgniter.php(499): CodeIgniter\CodeIgniter->runController(Object(App\Controllers\Login))
#11 D:\TUGAS\KULIAH\P2MW\hehe\gohitfinal\system\CodeIgniter.php(368): CodeIgniter\CodeIgniter->handleRequest(NULL, Object(Config\Cache), false)
#12 D:\TUGAS\KULIAH\P2MW\hehe\gohitfinal\public\index.php(67): CodeIgniter\CodeIgniter->run()
#13 D:\TUGAS\KULIAH\P2MW\hehe\gohitfinal\system\Commands\Server\rewrite.php(47): require_once('D:\\TUGAS\\KULIAH...')
#14 {main}
CRITICAL - 2025-07-17 07:57:32 --> Unknown column 'id_user' in 'field list'
in SYSTEMPATH\Database\MySQLi\Connection.php on line 295.
 1 SYSTEMPATH\Database\MySQLi\Connection.php(295): mysqli->query('INSERT INTO `user` (`nama`, `email`, `password`, `jenis`, `sub`) VALUES (\'STIKI1\', \'vwww@gmail.com\', \'ssssssss\', \'1\', \'1\')', 0)
 2 SYSTEMPATH\Database\BaseConnection.php(691): CodeIgniter\Database\MySQLi\Connection->execute('INSERT INTO `user` (`nama`, `email`, `password`, `jenis`, `sub`) VALUES (\'STIKI1\', \'vwww@gmail.com\', \'ssssssss\', \'1\', \'1\')')
 3 SYSTEMPATH\Database\BaseConnection.php(605): CodeIgniter\Database\BaseConnection->simpleQuery('INSERT INTO `user` (`nama`, `email`, `password`, `jenis`, `sub`) VALUES (\'STIKI1\', \'vwww@gmail.com\', \'ssssssss\', \'1\', \'1\')')
 4 SYSTEMPATH\Database\BaseBuilder.php(2309): CodeIgniter\Database\BaseConnection->query('INSERT INTO `user` (`nama`, `email`, `password`, `jenis`, `sub`) VALUES (:nama:, :email:, :password:, :jenis:, :sub:)', [...], false)
 5 SYSTEMPATH\Model.php(330): CodeIgniter\Database\BaseBuilder->insert()
 6 SYSTEMPATH\BaseModel.php(782): CodeIgniter\Model->doInsert([...])
 7 SYSTEMPATH\Model.php(730): CodeIgniter\BaseModel->insert([...], true)
 8 APPPATH\Models\User.php(24): CodeIgniter\Model->insert([...])
 9 APPPATH\Controllers\Login.php(97): App\Models\User->saveuser([...])
10 SYSTEMPATH\CodeIgniter.php(934): App\Controllers\Login->add()
11 SYSTEMPATH\CodeIgniter.php(499): CodeIgniter\CodeIgniter->runController(Object(App\Controllers\Login))
12 SYSTEMPATH\CodeIgniter.php(368): CodeIgniter\CodeIgniter->handleRequest(null, Object(Config\Cache), false)
13 FCPATH\index.php(67): CodeIgniter\CodeIgniter->run()
14 SYSTEMPATH\Commands\Server\rewrite.php(47): require_once('D:\\TUGAS\\KULIAH\\P2MW\\hehe\\gohitfinal\\public\\index.php')
ERROR - 2025-07-17 07:57:36 --> mysqli_sql_exception: Unknown column 'id_user' in 'field list' in D:\TUGAS\KULIAH\P2MW\hehe\gohitfinal\system\Database\MySQLi\Connection.php:295
Stack trace:
#0 D:\TUGAS\KULIAH\P2MW\hehe\gohitfinal\system\Database\MySQLi\Connection.php(295): mysqli->query('INSERT INTO `us...', 0)
#1 D:\TUGAS\KULIAH\P2MW\hehe\gohitfinal\system\Database\BaseConnection.php(691): CodeIgniter\Database\MySQLi\Connection->execute('INSERT INTO `us...')
#2 D:\TUGAS\KULIAH\P2MW\hehe\gohitfinal\system\Database\BaseConnection.php(605): CodeIgniter\Database\BaseConnection->simpleQuery('INSERT INTO `us...')
#3 D:\TUGAS\KULIAH\P2MW\hehe\gohitfinal\system\Database\BaseBuilder.php(2309): CodeIgniter\Database\BaseConnection->query('INSERT INTO `us...', Array, false)
#4 D:\TUGAS\KULIAH\P2MW\hehe\gohitfinal\system\Model.php(330): CodeIgniter\Database\BaseBuilder->insert()
#5 D:\TUGAS\KULIAH\P2MW\hehe\gohitfinal\system\BaseModel.php(782): CodeIgniter\Model->doInsert(Array)
#6 D:\TUGAS\KULIAH\P2MW\hehe\gohitfinal\system\Model.php(730): CodeIgniter\BaseModel->insert(Array, true)
#7 D:\TUGAS\KULIAH\P2MW\hehe\gohitfinal\app\Models\User.php(24): CodeIgniter\Model->insert(Array)
#8 D:\TUGAS\KULIAH\P2MW\hehe\gohitfinal\app\Controllers\Login.php(97): App\Models\User->saveuser(Array)
#9 D:\TUGAS\KULIAH\P2MW\hehe\gohitfinal\system\CodeIgniter.php(934): App\Controllers\Login->add()
#10 D:\TUGAS\KULIAH\P2MW\hehe\gohitfinal\system\CodeIgniter.php(499): CodeIgniter\CodeIgniter->runController(Object(App\Controllers\Login))
#11 D:\TUGAS\KULIAH\P2MW\hehe\gohitfinal\system\CodeIgniter.php(368): CodeIgniter\CodeIgniter->handleRequest(NULL, Object(Config\Cache), false)
#12 D:\TUGAS\KULIAH\P2MW\hehe\gohitfinal\public\index.php(67): CodeIgniter\CodeIgniter->run()
#13 D:\TUGAS\KULIAH\P2MW\hehe\gohitfinal\system\Commands\Server\rewrite.php(47): require_once('D:\\TUGAS\\KULIAH...')
#14 {main}
CRITICAL - 2025-07-17 07:57:36 --> Unknown column 'id_user' in 'field list'
in SYSTEMPATH\Database\MySQLi\Connection.php on line 295.
 1 SYSTEMPATH\Database\MySQLi\Connection.php(295): mysqli->query('INSERT INTO `user` (`nama`, `email`, `password`, `jenis`, `sub`) VALUES (\'STIKI1\', \'vwww@gmail.com\', \'ssssssss\', \'1\', \'1\')', 0)
 2 SYSTEMPATH\Database\BaseConnection.php(691): CodeIgniter\Database\MySQLi\Connection->execute('INSERT INTO `user` (`nama`, `email`, `password`, `jenis`, `sub`) VALUES (\'STIKI1\', \'vwww@gmail.com\', \'ssssssss\', \'1\', \'1\')')
 3 SYSTEMPATH\Database\BaseConnection.php(605): CodeIgniter\Database\BaseConnection->simpleQuery('INSERT INTO `user` (`nama`, `email`, `password`, `jenis`, `sub`) VALUES (\'STIKI1\', \'vwww@gmail.com\', \'ssssssss\', \'1\', \'1\')')
 4 SYSTEMPATH\Database\BaseBuilder.php(2309): CodeIgniter\Database\BaseConnection->query('INSERT INTO `user` (`nama`, `email`, `password`, `jenis`, `sub`) VALUES (:nama:, :email:, :password:, :jenis:, :sub:)', [...], false)
 5 SYSTEMPATH\Model.php(330): CodeIgniter\Database\BaseBuilder->insert()
 6 SYSTEMPATH\BaseModel.php(782): CodeIgniter\Model->doInsert([...])
 7 SYSTEMPATH\Model.php(730): CodeIgniter\BaseModel->insert([...], true)
 8 APPPATH\Models\User.php(24): CodeIgniter\Model->insert([...])
 9 APPPATH\Controllers\Login.php(97): App\Models\User->saveuser([...])
10 SYSTEMPATH\CodeIgniter.php(934): App\Controllers\Login->add()
11 SYSTEMPATH\CodeIgniter.php(499): CodeIgniter\CodeIgniter->runController(Object(App\Controllers\Login))
12 SYSTEMPATH\CodeIgniter.php(368): CodeIgniter\CodeIgniter->handleRequest(null, Object(Config\Cache), false)
13 FCPATH\index.php(67): CodeIgniter\CodeIgniter->run()
14 SYSTEMPATH\Commands\Server\rewrite.php(47): require_once('D:\\TUGAS\\KULIAH\\P2MW\\hehe\\gohitfinal\\public\\index.php')
ERROR - 2025-07-17 07:57:43 --> mysqli_sql_exception: Unknown column 'id_user' in 'field list' in D:\TUGAS\KULIAH\P2MW\hehe\gohitfinal\system\Database\MySQLi\Connection.php:295
Stack trace:
#0 D:\TUGAS\KULIAH\P2MW\hehe\gohitfinal\system\Database\MySQLi\Connection.php(295): mysqli->query('INSERT INTO `us...', 0)
#1 D:\TUGAS\KULIAH\P2MW\hehe\gohitfinal\system\Database\BaseConnection.php(691): CodeIgniter\Database\MySQLi\Connection->execute('INSERT INTO `us...')
#2 D:\TUGAS\KULIAH\P2MW\hehe\gohitfinal\system\Database\BaseConnection.php(605): CodeIgniter\Database\BaseConnection->simpleQuery('INSERT INTO `us...')
#3 D:\TUGAS\KULIAH\P2MW\hehe\gohitfinal\system\Database\BaseBuilder.php(2309): CodeIgniter\Database\BaseConnection->query('INSERT INTO `us...', Array, false)
#4 D:\TUGAS\KULIAH\P2MW\hehe\gohitfinal\system\Model.php(330): CodeIgniter\Database\BaseBuilder->insert()
#5 D:\TUGAS\KULIAH\P2MW\hehe\gohitfinal\system\BaseModel.php(782): CodeIgniter\Model->doInsert(Array)
#6 D:\TUGAS\KULIAH\P2MW\hehe\gohitfinal\system\Model.php(730): CodeIgniter\BaseModel->insert(Array, true)
#7 D:\TUGAS\KULIAH\P2MW\hehe\gohitfinal\app\Models\User.php(24): CodeIgniter\Model->insert(Array)
#8 D:\TUGAS\KULIAH\P2MW\hehe\gohitfinal\app\Controllers\Login.php(97): App\Models\User->saveuser(Array)
#9 D:\TUGAS\KULIAH\P2MW\hehe\gohitfinal\system\CodeIgniter.php(934): App\Controllers\Login->add()
#10 D:\TUGAS\KULIAH\P2MW\hehe\gohitfinal\system\CodeIgniter.php(499): CodeIgniter\CodeIgniter->runController(Object(App\Controllers\Login))
#11 D:\TUGAS\KULIAH\P2MW\hehe\gohitfinal\system\CodeIgniter.php(368): CodeIgniter\CodeIgniter->handleRequest(NULL, Object(Config\Cache), false)
#12 D:\TUGAS\KULIAH\P2MW\hehe\gohitfinal\public\index.php(67): CodeIgniter\CodeIgniter->run()
#13 D:\TUGAS\KULIAH\P2MW\hehe\gohitfinal\system\Commands\Server\rewrite.php(47): require_once('D:\\TUGAS\\KULIAH...')
#14 {main}
CRITICAL - 2025-07-17 07:57:43 --> Unknown column 'id_user' in 'field list'
in SYSTEMPATH\Database\MySQLi\Connection.php on line 295.
 1 SYSTEMPATH\Database\MySQLi\Connection.php(295): mysqli->query('INSERT INTO `user` (`nama`, `email`, `password`, `jenis`, `sub`) VALUES (\'STIKI1\', \'vwww@gmail.com\', \'ssssssss\', \'1\', \'1\')', 0)
 2 SYSTEMPATH\Database\BaseConnection.php(691): CodeIgniter\Database\MySQLi\Connection->execute('INSERT INTO `user` (`nama`, `email`, `password`, `jenis`, `sub`) VALUES (\'STIKI1\', \'vwww@gmail.com\', \'ssssssss\', \'1\', \'1\')')
 3 SYSTEMPATH\Database\BaseConnection.php(605): CodeIgniter\Database\BaseConnection->simpleQuery('INSERT INTO `user` (`nama`, `email`, `password`, `jenis`, `sub`) VALUES (\'STIKI1\', \'vwww@gmail.com\', \'ssssssss\', \'1\', \'1\')')
 4 SYSTEMPATH\Database\BaseBuilder.php(2309): CodeIgniter\Database\BaseConnection->query('INSERT INTO `user` (`nama`, `email`, `password`, `jenis`, `sub`) VALUES (:nama:, :email:, :password:, :jenis:, :sub:)', [...], false)
 5 SYSTEMPATH\Model.php(330): CodeIgniter\Database\BaseBuilder->insert()
 6 SYSTEMPATH\BaseModel.php(782): CodeIgniter\Model->doInsert([...])
 7 SYSTEMPATH\Model.php(730): CodeIgniter\BaseModel->insert([...], true)
 8 APPPATH\Models\User.php(24): CodeIgniter\Model->insert([...])
 9 APPPATH\Controllers\Login.php(97): App\Models\User->saveuser([...])
10 SYSTEMPATH\CodeIgniter.php(934): App\Controllers\Login->add()
11 SYSTEMPATH\CodeIgniter.php(499): CodeIgniter\CodeIgniter->runController(Object(App\Controllers\Login))
12 SYSTEMPATH\CodeIgniter.php(368): CodeIgniter\CodeIgniter->handleRequest(null, Object(Config\Cache), false)
13 FCPATH\index.php(67): CodeIgniter\CodeIgniter->run()
14 SYSTEMPATH\Commands\Server\rewrite.php(47): require_once('D:\\TUGAS\\KULIAH\\P2MW\\hehe\\gohitfinal\\public\\index.php')
ERROR - 2025-07-17 07:58:09 --> mysqli_sql_exception: Unknown column 'id_user' in 'field list' in D:\TUGAS\KULIAH\P2MW\hehe\gohitfinal\system\Database\MySQLi\Connection.php:295
Stack trace:
#0 D:\TUGAS\KULIAH\P2MW\hehe\gohitfinal\system\Database\MySQLi\Connection.php(295): mysqli->query('INSERT INTO `us...', 0)
#1 D:\TUGAS\KULIAH\P2MW\hehe\gohitfinal\system\Database\BaseConnection.php(691): CodeIgniter\Database\MySQLi\Connection->execute('INSERT INTO `us...')
#2 D:\TUGAS\KULIAH\P2MW\hehe\gohitfinal\system\Database\BaseConnection.php(605): CodeIgniter\Database\BaseConnection->simpleQuery('INSERT INTO `us...')
#3 D:\TUGAS\KULIAH\P2MW\hehe\gohitfinal\system\Database\BaseBuilder.php(2309): CodeIgniter\Database\BaseConnection->query('INSERT INTO `us...', Array, false)
#4 D:\TUGAS\KULIAH\P2MW\hehe\gohitfinal\system\Model.php(330): CodeIgniter\Database\BaseBuilder->insert()
#5 D:\TUGAS\KULIAH\P2MW\hehe\gohitfinal\system\BaseModel.php(782): CodeIgniter\Model->doInsert(Array)
#6 D:\TUGAS\KULIAH\P2MW\hehe\gohitfinal\system\Model.php(730): CodeIgniter\BaseModel->insert(Array, true)
#7 D:\TUGAS\KULIAH\P2MW\hehe\gohitfinal\app\Models\User.php(24): CodeIgniter\Model->insert(Array)
#8 D:\TUGAS\KULIAH\P2MW\hehe\gohitfinal\app\Controllers\Login.php(97): App\Models\User->saveuser(Array)
#9 D:\TUGAS\KULIAH\P2MW\hehe\gohitfinal\system\CodeIgniter.php(934): App\Controllers\Login->add()
#10 D:\TUGAS\KULIAH\P2MW\hehe\gohitfinal\system\CodeIgniter.php(499): CodeIgniter\CodeIgniter->runController(Object(App\Controllers\Login))
#11 D:\TUGAS\KULIAH\P2MW\hehe\gohitfinal\system\CodeIgniter.php(368): CodeIgniter\CodeIgniter->handleRequest(NULL, Object(Config\Cache), false)
#12 D:\TUGAS\KULIAH\P2MW\hehe\gohitfinal\public\index.php(67): CodeIgniter\CodeIgniter->run()
#13 D:\TUGAS\KULIAH\P2MW\hehe\gohitfinal\system\Commands\Server\rewrite.php(47): require_once('D:\\TUGAS\\KULIAH...')
#14 {main}
CRITICAL - 2025-07-17 07:58:09 --> Unknown column 'id_user' in 'field list'
in SYSTEMPATH\Database\MySQLi\Connection.php on line 295.
 1 SYSTEMPATH\Database\MySQLi\Connection.php(295): mysqli->query('INSERT INTO `user` (`nama`, `email`, `password`, `jenis`, `sub`) VALUES (\'STIKI1\', \'v@gmail.com\', \'sss\', \'1\', \'1\')', 0)
 2 SYSTEMPATH\Database\BaseConnection.php(691): CodeIgniter\Database\MySQLi\Connection->execute('INSERT INTO `user` (`nama`, `email`, `password`, `jenis`, `sub`) VALUES (\'STIKI1\', \'v@gmail.com\', \'sss\', \'1\', \'1\')')
 3 SYSTEMPATH\Database\BaseConnection.php(605): CodeIgniter\Database\BaseConnection->simpleQuery('INSERT INTO `user` (`nama`, `email`, `password`, `jenis`, `sub`) VALUES (\'STIKI1\', \'v@gmail.com\', \'sss\', \'1\', \'1\')')
 4 SYSTEMPATH\Database\BaseBuilder.php(2309): CodeIgniter\Database\BaseConnection->query('INSERT INTO `user` (`nama`, `email`, `password`, `jenis`, `sub`) VALUES (:nama:, :email:, :password:, :jenis:, :sub:)', [...], false)
 5 SYSTEMPATH\Model.php(330): CodeIgniter\Database\BaseBuilder->insert()
 6 SYSTEMPATH\BaseModel.php(782): CodeIgniter\Model->doInsert([...])
 7 SYSTEMPATH\Model.php(730): CodeIgniter\BaseModel->insert([...], true)
 8 APPPATH\Models\User.php(24): CodeIgniter\Model->insert([...])
 9 APPPATH\Controllers\Login.php(97): App\Models\User->saveuser([...])
10 SYSTEMPATH\CodeIgniter.php(934): App\Controllers\Login->add()
11 SYSTEMPATH\CodeIgniter.php(499): CodeIgniter\CodeIgniter->runController(Object(App\Controllers\Login))
12 SYSTEMPATH\CodeIgniter.php(368): CodeIgniter\CodeIgniter->handleRequest(null, Object(Config\Cache), false)
13 FCPATH\index.php(67): CodeIgniter\CodeIgniter->run()
14 SYSTEMPATH\Commands\Server\rewrite.php(47): require_once('D:\\TUGAS\\KULIAH\\P2MW\\hehe\\gohitfinal\\public\\index.php')
ERROR - 2025-07-17 07:59:37 --> mysqli_sql_exception: Unknown column 'id_user' in 'field list' in D:\TUGAS\KULIAH\P2MW\hehe\gohitfinal\system\Database\MySQLi\Connection.php:295
Stack trace:
#0 D:\TUGAS\KULIAH\P2MW\hehe\gohitfinal\system\Database\MySQLi\Connection.php(295): mysqli->query('INSERT INTO `us...', 0)
#1 D:\TUGAS\KULIAH\P2MW\hehe\gohitfinal\system\Database\BaseConnection.php(691): CodeIgniter\Database\MySQLi\Connection->execute('INSERT INTO `us...')
#2 D:\TUGAS\KULIAH\P2MW\hehe\gohitfinal\system\Database\BaseConnection.php(605): CodeIgniter\Database\BaseConnection->simpleQuery('INSERT INTO `us...')
#3 D:\TUGAS\KULIAH\P2MW\hehe\gohitfinal\system\Database\BaseBuilder.php(2309): CodeIgniter\Database\BaseConnection->query('INSERT INTO `us...', Array, false)
#4 D:\TUGAS\KULIAH\P2MW\hehe\gohitfinal\system\Model.php(330): CodeIgniter\Database\BaseBuilder->insert()
#5 D:\TUGAS\KULIAH\P2MW\hehe\gohitfinal\system\BaseModel.php(782): CodeIgniter\Model->doInsert(Array)
#6 D:\TUGAS\KULIAH\P2MW\hehe\gohitfinal\system\Model.php(730): CodeIgniter\BaseModel->insert(Array, true)
#7 D:\TUGAS\KULIAH\P2MW\hehe\gohitfinal\app\Models\User.php(24): CodeIgniter\Model->insert(Array)
#8 D:\TUGAS\KULIAH\P2MW\hehe\gohitfinal\app\Controllers\Login.php(98): App\Models\User->saveuser(Array)
#9 D:\TUGAS\KULIAH\P2MW\hehe\gohitfinal\system\CodeIgniter.php(934): App\Controllers\Login->add()
#10 D:\TUGAS\KULIAH\P2MW\hehe\gohitfinal\system\CodeIgniter.php(499): CodeIgniter\CodeIgniter->runController(Object(App\Controllers\Login))
#11 D:\TUGAS\KULIAH\P2MW\hehe\gohitfinal\system\CodeIgniter.php(368): CodeIgniter\CodeIgniter->handleRequest(NULL, Object(Config\Cache), false)
#12 D:\TUGAS\KULIAH\P2MW\hehe\gohitfinal\public\index.php(67): CodeIgniter\CodeIgniter->run()
#13 D:\TUGAS\KULIAH\P2MW\hehe\gohitfinal\system\Commands\Server\rewrite.php(47): require_once('D:\\TUGAS\\KULIAH...')
#14 {main}
CRITICAL - 2025-07-17 07:59:37 --> Unknown column 'id_user' in 'field list'
in SYSTEMPATH\Database\MySQLi\Connection.php on line 295.
 1 SYSTEMPATH\Database\MySQLi\Connection.php(295): mysqli->query('INSERT INTO `user` (`nama`, `email`, `password`, `jenis`, `sub`) VALUES (\'STIKI1\', \'v@gmail.com\', \'sss\', \'1\', \'1\')', 0)
 2 SYSTEMPATH\Database\BaseConnection.php(691): CodeIgniter\Database\MySQLi\Connection->execute('INSERT INTO `user` (`nama`, `email`, `password`, `jenis`, `sub`) VALUES (\'STIKI1\', \'v@gmail.com\', \'sss\', \'1\', \'1\')')
 3 SYSTEMPATH\Database\BaseConnection.php(605): CodeIgniter\Database\BaseConnection->simpleQuery('INSERT INTO `user` (`nama`, `email`, `password`, `jenis`, `sub`) VALUES (\'STIKI1\', \'v@gmail.com\', \'sss\', \'1\', \'1\')')
 4 SYSTEMPATH\Database\BaseBuilder.php(2309): CodeIgniter\Database\BaseConnection->query('INSERT INTO `user` (`nama`, `email`, `password`, `jenis`, `sub`) VALUES (:nama:, :email:, :password:, :jenis:, :sub:)', [...], false)
 5 SYSTEMPATH\Model.php(330): CodeIgniter\Database\BaseBuilder->insert()
 6 SYSTEMPATH\BaseModel.php(782): CodeIgniter\Model->doInsert([...])
 7 SYSTEMPATH\Model.php(730): CodeIgniter\BaseModel->insert([...], true)
 8 APPPATH\Models\User.php(24): CodeIgniter\Model->insert([...])
 9 APPPATH\Controllers\Login.php(98): App\Models\User->saveuser([...])
10 SYSTEMPATH\CodeIgniter.php(934): App\Controllers\Login->add()
11 SYSTEMPATH\CodeIgniter.php(499): CodeIgniter\CodeIgniter->runController(Object(App\Controllers\Login))
12 SYSTEMPATH\CodeIgniter.php(368): CodeIgniter\CodeIgniter->handleRequest(null, Object(Config\Cache), false)
13 FCPATH\index.php(67): CodeIgniter\CodeIgniter->run()
14 SYSTEMPATH\Commands\Server\rewrite.php(47): require_once('D:\\TUGAS\\KULIAH\\P2MW\\hehe\\gohitfinal\\public\\index.php')
ERROR - 2025-07-17 07:59:50 --> mysqli_sql_exception: Unknown column 'id_user' in 'field list' in D:\TUGAS\KULIAH\P2MW\hehe\gohitfinal\system\Database\MySQLi\Connection.php:295
Stack trace:
#0 D:\TUGAS\KULIAH\P2MW\hehe\gohitfinal\system\Database\MySQLi\Connection.php(295): mysqli->query('INSERT INTO `us...', 0)
#1 D:\TUGAS\KULIAH\P2MW\hehe\gohitfinal\system\Database\BaseConnection.php(691): CodeIgniter\Database\MySQLi\Connection->execute('INSERT INTO `us...')
#2 D:\TUGAS\KULIAH\P2MW\hehe\gohitfinal\system\Database\BaseConnection.php(605): CodeIgniter\Database\BaseConnection->simpleQuery('INSERT INTO `us...')
#3 D:\TUGAS\KULIAH\P2MW\hehe\gohitfinal\system\Database\BaseBuilder.php(2309): CodeIgniter\Database\BaseConnection->query('INSERT INTO `us...', Array, false)
#4 D:\TUGAS\KULIAH\P2MW\hehe\gohitfinal\system\Model.php(330): CodeIgniter\Database\BaseBuilder->insert()
#5 D:\TUGAS\KULIAH\P2MW\hehe\gohitfinal\system\BaseModel.php(782): CodeIgniter\Model->doInsert(Array)
#6 D:\TUGAS\KULIAH\P2MW\hehe\gohitfinal\system\Model.php(730): CodeIgniter\BaseModel->insert(Array, true)
#7 D:\TUGAS\KULIAH\P2MW\hehe\gohitfinal\app\Models\User.php(24): CodeIgniter\Model->insert(Array)
#8 D:\TUGAS\KULIAH\P2MW\hehe\gohitfinal\app\Controllers\Login.php(98): App\Models\User->saveuser(Array)
#9 D:\TUGAS\KULIAH\P2MW\hehe\gohitfinal\system\CodeIgniter.php(934): App\Controllers\Login->add()
#10 D:\TUGAS\KULIAH\P2MW\hehe\gohitfinal\system\CodeIgniter.php(499): CodeIgniter\CodeIgniter->runController(Object(App\Controllers\Login))
#11 D:\TUGAS\KULIAH\P2MW\hehe\gohitfinal\system\CodeIgniter.php(368): CodeIgniter\CodeIgniter->handleRequest(NULL, Object(Config\Cache), false)
#12 D:\TUGAS\KULIAH\P2MW\hehe\gohitfinal\public\index.php(67): CodeIgniter\CodeIgniter->run()
#13 D:\TUGAS\KULIAH\P2MW\hehe\gohitfinal\system\Commands\Server\rewrite.php(47): require_once('D:\\TUGAS\\KULIAH...')
#14 {main}
CRITICAL - 2025-07-17 07:59:50 --> Unknown column 'id_user' in 'field list'
in SYSTEMPATH\Database\MySQLi\Connection.php on line 295.
 1 SYSTEMPATH\Database\MySQLi\Connection.php(295): mysqli->query('INSERT INTO `user` (`nama`, `email`, `password`, `jenis`, `sub`) VALUES (\'Varis anggito\', \'v@gmail.com\', \'wwww\', \'1\', \'1\')', 0)
 2 SYSTEMPATH\Database\BaseConnection.php(691): CodeIgniter\Database\MySQLi\Connection->execute('INSERT INTO `user` (`nama`, `email`, `password`, `jenis`, `sub`) VALUES (\'Varis anggito\', \'v@gmail.com\', \'wwww\', \'1\', \'1\')')
 3 SYSTEMPATH\Database\BaseConnection.php(605): CodeIgniter\Database\BaseConnection->simpleQuery('INSERT INTO `user` (`nama`, `email`, `password`, `jenis`, `sub`) VALUES (\'Varis anggito\', \'v@gmail.com\', \'wwww\', \'1\', \'1\')')
 4 SYSTEMPATH\Database\BaseBuilder.php(2309): CodeIgniter\Database\BaseConnection->query('INSERT INTO `user` (`nama`, `email`, `password`, `jenis`, `sub`) VALUES (:nama:, :email:, :password:, :jenis:, :sub:)', [...], false)
 5 SYSTEMPATH\Model.php(330): CodeIgniter\Database\BaseBuilder->insert()
 6 SYSTEMPATH\BaseModel.php(782): CodeIgniter\Model->doInsert([...])
 7 SYSTEMPATH\Model.php(730): CodeIgniter\BaseModel->insert([...], true)
 8 APPPATH\Models\User.php(24): CodeIgniter\Model->insert([...])
 9 APPPATH\Controllers\Login.php(98): App\Models\User->saveuser([...])
10 SYSTEMPATH\CodeIgniter.php(934): App\Controllers\Login->add()
11 SYSTEMPATH\CodeIgniter.php(499): CodeIgniter\CodeIgniter->runController(Object(App\Controllers\Login))
12 SYSTEMPATH\CodeIgniter.php(368): CodeIgniter\CodeIgniter->handleRequest(null, Object(Config\Cache), false)
13 FCPATH\index.php(67): CodeIgniter\CodeIgniter->run()
14 SYSTEMPATH\Commands\Server\rewrite.php(47): require_once('D:\\TUGAS\\KULIAH\\P2MW\\hehe\\gohitfinal\\public\\index.php')
ERROR - 2025-07-17 08:00:31 --> mysqli_sql_exception: Unknown column 'id_user' in 'field list' in D:\TUGAS\KULIAH\P2MW\hehe\gohitfinal\system\Database\MySQLi\Connection.php:295
Stack trace:
#0 D:\TUGAS\KULIAH\P2MW\hehe\gohitfinal\system\Database\MySQLi\Connection.php(295): mysqli->query('INSERT INTO `us...', 0)
#1 D:\TUGAS\KULIAH\P2MW\hehe\gohitfinal\system\Database\BaseConnection.php(691): CodeIgniter\Database\MySQLi\Connection->execute('INSERT INTO `us...')
#2 D:\TUGAS\KULIAH\P2MW\hehe\gohitfinal\system\Database\BaseConnection.php(605): CodeIgniter\Database\BaseConnection->simpleQuery('INSERT INTO `us...')
#3 D:\TUGAS\KULIAH\P2MW\hehe\gohitfinal\system\Database\BaseBuilder.php(2309): CodeIgniter\Database\BaseConnection->query('INSERT INTO `us...', Array, false)
#4 D:\TUGAS\KULIAH\P2MW\hehe\gohitfinal\system\Model.php(330): CodeIgniter\Database\BaseBuilder->insert()
#5 D:\TUGAS\KULIAH\P2MW\hehe\gohitfinal\system\BaseModel.php(782): CodeIgniter\Model->doInsert(Array)
#6 D:\TUGAS\KULIAH\P2MW\hehe\gohitfinal\system\Model.php(730): CodeIgniter\BaseModel->insert(Array, true)
#7 D:\TUGAS\KULIAH\P2MW\hehe\gohitfinal\app\Models\User.php(24): CodeIgniter\Model->insert(Array)
#8 D:\TUGAS\KULIAH\P2MW\hehe\gohitfinal\app\Controllers\Login.php(98): App\Models\User->saveuser(Array)
#9 D:\TUGAS\KULIAH\P2MW\hehe\gohitfinal\system\CodeIgniter.php(934): App\Controllers\Login->add()
#10 D:\TUGAS\KULIAH\P2MW\hehe\gohitfinal\system\CodeIgniter.php(499): CodeIgniter\CodeIgniter->runController(Object(App\Controllers\Login))
#11 D:\TUGAS\KULIAH\P2MW\hehe\gohitfinal\system\CodeIgniter.php(368): CodeIgniter\CodeIgniter->handleRequest(NULL, Object(Config\Cache), false)
#12 D:\TUGAS\KULIAH\P2MW\hehe\gohitfinal\public\index.php(67): CodeIgniter\CodeIgniter->run()
#13 D:\TUGAS\KULIAH\P2MW\hehe\gohitfinal\system\Commands\Server\rewrite.php(47): require_once('D:\\TUGAS\\KULIAH...')
#14 {main}
CRITICAL - 2025-07-17 08:00:31 --> Unknown column 'id_user' in 'field list'
in SYSTEMPATH\Database\MySQLi\Connection.php on line 295.
 1 SYSTEMPATH\Database\MySQLi\Connection.php(295): mysqli->query('INSERT INTO `user` (`nama`, `email`, `password`, `jenis`, `sub`) VALUES (\'Varis asdasdasd\', \'varies@gmail.com\', \'wkwkwkwk\', \'1\', \'1\')', 0)
 2 SYSTEMPATH\Database\BaseConnection.php(691): CodeIgniter\Database\MySQLi\Connection->execute('INSERT INTO `user` (`nama`, `email`, `password`, `jenis`, `sub`) VALUES (\'Varis asdasdasd\', \'varies@gmail.com\', \'wkwkwkwk\', \'1\', \'1\')')
 3 SYSTEMPATH\Database\BaseConnection.php(605): CodeIgniter\Database\BaseConnection->simpleQuery('INSERT INTO `user` (`nama`, `email`, `password`, `jenis`, `sub`) VALUES (\'Varis asdasdasd\', \'varies@gmail.com\', \'wkwkwkwk\', \'1\', \'1\')')
 4 SYSTEMPATH\Database\BaseBuilder.php(2309): CodeIgniter\Database\BaseConnection->query('INSERT INTO `user` (`nama`, `email`, `password`, `jenis`, `sub`) VALUES (:nama:, :email:, :password:, :jenis:, :sub:)', [...], false)
 5 SYSTEMPATH\Model.php(330): CodeIgniter\Database\BaseBuilder->insert()
 6 SYSTEMPATH\BaseModel.php(782): CodeIgniter\Model->doInsert([...])
 7 SYSTEMPATH\Model.php(730): CodeIgniter\BaseModel->insert([...], true)
 8 APPPATH\Models\User.php(24): CodeIgniter\Model->insert([...])
 9 APPPATH\Controllers\Login.php(98): App\Models\User->saveuser([...])
10 SYSTEMPATH\CodeIgniter.php(934): App\Controllers\Login->add()
11 SYSTEMPATH\CodeIgniter.php(499): CodeIgniter\CodeIgniter->runController(Object(App\Controllers\Login))
12 SYSTEMPATH\CodeIgniter.php(368): CodeIgniter\CodeIgniter->handleRequest(null, Object(Config\Cache), false)
13 FCPATH\index.php(67): CodeIgniter\CodeIgniter->run()
14 SYSTEMPATH\Commands\Server\rewrite.php(47): require_once('D:\\TUGAS\\KULIAH\\P2MW\\hehe\\gohitfinal\\public\\index.php')
ERROR - 2025-07-17 08:02:22 --> mysqli_sql_exception: Unknown column 'id_user' in 'field list' in D:\TUGAS\KULIAH\P2MW\hehe\gohitfinal\system\Database\MySQLi\Connection.php:295
Stack trace:
#0 D:\TUGAS\KULIAH\P2MW\hehe\gohitfinal\system\Database\MySQLi\Connection.php(295): mysqli->query('INSERT INTO `us...', 0)
#1 D:\TUGAS\KULIAH\P2MW\hehe\gohitfinal\system\Database\BaseConnection.php(691): CodeIgniter\Database\MySQLi\Connection->execute('INSERT INTO `us...')
#2 D:\TUGAS\KULIAH\P2MW\hehe\gohitfinal\system\Database\BaseConnection.php(605): CodeIgniter\Database\BaseConnection->simpleQuery('INSERT INTO `us...')
#3 D:\TUGAS\KULIAH\P2MW\hehe\gohitfinal\system\Database\BaseBuilder.php(2309): CodeIgniter\Database\BaseConnection->query('INSERT INTO `us...', Array, false)
#4 D:\TUGAS\KULIAH\P2MW\hehe\gohitfinal\system\Model.php(330): CodeIgniter\Database\BaseBuilder->insert()
#5 D:\TUGAS\KULIAH\P2MW\hehe\gohitfinal\system\BaseModel.php(782): CodeIgniter\Model->doInsert(Array)
#6 D:\TUGAS\KULIAH\P2MW\hehe\gohitfinal\system\Model.php(730): CodeIgniter\BaseModel->insert(Array, true)
#7 D:\TUGAS\KULIAH\P2MW\hehe\gohitfinal\app\Models\User.php(24): CodeIgniter\Model->insert(Array)
#8 D:\TUGAS\KULIAH\P2MW\hehe\gohitfinal\app\Controllers\Login.php(98): App\Models\User->saveuser(Array)
#9 D:\TUGAS\KULIAH\P2MW\hehe\gohitfinal\system\CodeIgniter.php(934): App\Controllers\Login->add()
#10 D:\TUGAS\KULIAH\P2MW\hehe\gohitfinal\system\CodeIgniter.php(499): CodeIgniter\CodeIgniter->runController(Object(App\Controllers\Login))
#11 D:\TUGAS\KULIAH\P2MW\hehe\gohitfinal\system\CodeIgniter.php(368): CodeIgniter\CodeIgniter->handleRequest(NULL, Object(Config\Cache), false)
#12 D:\TUGAS\KULIAH\P2MW\hehe\gohitfinal\public\index.php(67): CodeIgniter\CodeIgniter->run()
#13 D:\TUGAS\KULIAH\P2MW\hehe\gohitfinal\system\Commands\Server\rewrite.php(47): require_once('D:\\TUGAS\\KULIAH...')
#14 {main}
CRITICAL - 2025-07-17 08:02:22 --> Unknown column 'id_user' in 'field list'
in SYSTEMPATH\Database\MySQLi\Connection.php on line 295.
 1 SYSTEMPATH\Database\MySQLi\Connection.php(295): mysqli->query('INSERT INTO `user` (`nama`, `email`, `password`, `jenis`, `sub`) VALUES (\'STIKI1\', \'v@gmail.com\', \'www\', \'1\', \'1\')', 0)
 2 SYSTEMPATH\Database\BaseConnection.php(691): CodeIgniter\Database\MySQLi\Connection->execute('INSERT INTO `user` (`nama`, `email`, `password`, `jenis`, `sub`) VALUES (\'STIKI1\', \'v@gmail.com\', \'www\', \'1\', \'1\')')
 3 SYSTEMPATH\Database\BaseConnection.php(605): CodeIgniter\Database\BaseConnection->simpleQuery('INSERT INTO `user` (`nama`, `email`, `password`, `jenis`, `sub`) VALUES (\'STIKI1\', \'v@gmail.com\', \'www\', \'1\', \'1\')')
 4 SYSTEMPATH\Database\BaseBuilder.php(2309): CodeIgniter\Database\BaseConnection->query('INSERT INTO `user` (`nama`, `email`, `password`, `jenis`, `sub`) VALUES (:nama:, :email:, :password:, :jenis:, :sub:)', [...], false)
 5 SYSTEMPATH\Model.php(330): CodeIgniter\Database\BaseBuilder->insert()
 6 SYSTEMPATH\BaseModel.php(782): CodeIgniter\Model->doInsert([...])
 7 SYSTEMPATH\Model.php(730): CodeIgniter\BaseModel->insert([...], true)
 8 APPPATH\Models\User.php(24): CodeIgniter\Model->insert([...])
 9 APPPATH\Controllers\Login.php(98): App\Models\User->saveuser([...])
10 SYSTEMPATH\CodeIgniter.php(934): App\Controllers\Login->add()
11 SYSTEMPATH\CodeIgniter.php(499): CodeIgniter\CodeIgniter->runController(Object(App\Controllers\Login))
12 SYSTEMPATH\CodeIgniter.php(368): CodeIgniter\CodeIgniter->handleRequest(null, Object(Config\Cache), false)
13 FCPATH\index.php(67): CodeIgniter\CodeIgniter->run()
14 SYSTEMPATH\Commands\Server\rewrite.php(47): require_once('D:\\TUGAS\\KULIAH\\P2MW\\hehe\\gohitfinal\\public\\index.php')
ERROR - 2025-07-17 08:03:04 --> mysqli_sql_exception: Unknown column 'id_user' in 'field list' in D:\TUGAS\KULIAH\P2MW\hehe\gohitfinal\system\Database\MySQLi\Connection.php:295
Stack trace:
#0 D:\TUGAS\KULIAH\P2MW\hehe\gohitfinal\system\Database\MySQLi\Connection.php(295): mysqli->query('INSERT INTO `us...', 0)
#1 D:\TUGAS\KULIAH\P2MW\hehe\gohitfinal\system\Database\BaseConnection.php(691): CodeIgniter\Database\MySQLi\Connection->execute('INSERT INTO `us...')
#2 D:\TUGAS\KULIAH\P2MW\hehe\gohitfinal\system\Database\BaseConnection.php(605): CodeIgniter\Database\BaseConnection->simpleQuery('INSERT INTO `us...')
#3 D:\TUGAS\KULIAH\P2MW\hehe\gohitfinal\system\Database\BaseBuilder.php(2309): CodeIgniter\Database\BaseConnection->query('INSERT INTO `us...', Array, false)
#4 D:\TUGAS\KULIAH\P2MW\hehe\gohitfinal\system\Model.php(330): CodeIgniter\Database\BaseBuilder->insert()
#5 D:\TUGAS\KULIAH\P2MW\hehe\gohitfinal\system\BaseModel.php(782): CodeIgniter\Model->doInsert(Array)
#6 D:\TUGAS\KULIAH\P2MW\hehe\gohitfinal\system\Model.php(730): CodeIgniter\BaseModel->insert(Array, true)
#7 D:\TUGAS\KULIAH\P2MW\hehe\gohitfinal\app\Models\User.php(24): CodeIgniter\Model->insert(Array)
#8 D:\TUGAS\KULIAH\P2MW\hehe\gohitfinal\app\Controllers\Login.php(98): App\Models\User->saveuser(Array)
#9 D:\TUGAS\KULIAH\P2MW\hehe\gohitfinal\system\CodeIgniter.php(934): App\Controllers\Login->add()
#10 D:\TUGAS\KULIAH\P2MW\hehe\gohitfinal\system\CodeIgniter.php(499): CodeIgniter\CodeIgniter->runController(Object(App\Controllers\Login))
#11 D:\TUGAS\KULIAH\P2MW\hehe\gohitfinal\system\CodeIgniter.php(368): CodeIgniter\CodeIgniter->handleRequest(NULL, Object(Config\Cache), false)
#12 D:\TUGAS\KULIAH\P2MW\hehe\gohitfinal\public\index.php(67): CodeIgniter\CodeIgniter->run()
#13 D:\TUGAS\KULIAH\P2MW\hehe\gohitfinal\system\Commands\Server\rewrite.php(47): require_once('D:\\TUGAS\\KULIAH...')
#14 {main}
CRITICAL - 2025-07-17 08:03:04 --> Unknown column 'id_user' in 'field list'
in SYSTEMPATH\Database\MySQLi\Connection.php on line 295.
 1 SYSTEMPATH\Database\MySQLi\Connection.php(295): mysqli->query('INSERT INTO `user` (`id_user`, `nama`, `email`, `password`, `jenis`, `sub`) VALUES (NULL, \'STIKI1\', \'v@gmail.com\', \'www\', \'1\', \'1\')', 0)
 2 SYSTEMPATH\Database\BaseConnection.php(691): CodeIgniter\Database\MySQLi\Connection->execute('INSERT INTO `user` (`id_user`, `nama`, `email`, `password`, `jenis`, `sub`) VALUES (NULL, \'STIKI1\', \'v@gmail.com\', \'www\', \'1\', \'1\')')
 3 SYSTEMPATH\Database\BaseConnection.php(605): CodeIgniter\Database\BaseConnection->simpleQuery('INSERT INTO `user` (`id_user`, `nama`, `email`, `password`, `jenis`, `sub`) VALUES (NULL, \'STIKI1\', \'v@gmail.com\', \'www\', \'1\', \'1\')')
 4 SYSTEMPATH\Database\BaseBuilder.php(2309): CodeIgniter\Database\BaseConnection->query('INSERT INTO `user` (`id_user`, `nama`, `email`, `password`, `jenis`, `sub`) VALUES (:id_user:, :nama:, :email:, :password:, :jenis:, :sub:)', [...], false)
 5 SYSTEMPATH\Model.php(330): CodeIgniter\Database\BaseBuilder->insert()
 6 SYSTEMPATH\BaseModel.php(782): CodeIgniter\Model->doInsert([...])
 7 SYSTEMPATH\Model.php(730): CodeIgniter\BaseModel->insert([...], true)
 8 APPPATH\Models\User.php(24): CodeIgniter\Model->insert([...])
 9 APPPATH\Controllers\Login.php(98): App\Models\User->saveuser([...])
10 SYSTEMPATH\CodeIgniter.php(934): App\Controllers\Login->add()
11 SYSTEMPATH\CodeIgniter.php(499): CodeIgniter\CodeIgniter->runController(Object(App\Controllers\Login))
12 SYSTEMPATH\CodeIgniter.php(368): CodeIgniter\CodeIgniter->handleRequest(null, Object(Config\Cache), false)
13 FCPATH\index.php(67): CodeIgniter\CodeIgniter->run()
14 SYSTEMPATH\Commands\Server\rewrite.php(47): require_once('D:\\TUGAS\\KULIAH\\P2MW\\hehe\\gohitfinal\\public\\index.php')
ERROR - 2025-07-17 08:03:07 --> mysqli_sql_exception: Unknown column 'id_user' in 'field list' in D:\TUGAS\KULIAH\P2MW\hehe\gohitfinal\system\Database\MySQLi\Connection.php:295
Stack trace:
#0 D:\TUGAS\KULIAH\P2MW\hehe\gohitfinal\system\Database\MySQLi\Connection.php(295): mysqli->query('INSERT INTO `us...', 0)
#1 D:\TUGAS\KULIAH\P2MW\hehe\gohitfinal\system\Database\BaseConnection.php(691): CodeIgniter\Database\MySQLi\Connection->execute('INSERT INTO `us...')
#2 D:\TUGAS\KULIAH\P2MW\hehe\gohitfinal\system\Database\BaseConnection.php(605): CodeIgniter\Database\BaseConnection->simpleQuery('INSERT INTO `us...')
#3 D:\TUGAS\KULIAH\P2MW\hehe\gohitfinal\system\Database\BaseBuilder.php(2309): CodeIgniter\Database\BaseConnection->query('INSERT INTO `us...', Array, false)
#4 D:\TUGAS\KULIAH\P2MW\hehe\gohitfinal\system\Model.php(330): CodeIgniter\Database\BaseBuilder->insert()
#5 D:\TUGAS\KULIAH\P2MW\hehe\gohitfinal\system\BaseModel.php(782): CodeIgniter\Model->doInsert(Array)
#6 D:\TUGAS\KULIAH\P2MW\hehe\gohitfinal\system\Model.php(730): CodeIgniter\BaseModel->insert(Array, true)
#7 D:\TUGAS\KULIAH\P2MW\hehe\gohitfinal\app\Models\User.php(24): CodeIgniter\Model->insert(Array)
#8 D:\TUGAS\KULIAH\P2MW\hehe\gohitfinal\app\Controllers\Login.php(98): App\Models\User->saveuser(Array)
#9 D:\TUGAS\KULIAH\P2MW\hehe\gohitfinal\system\CodeIgniter.php(934): App\Controllers\Login->add()
#10 D:\TUGAS\KULIAH\P2MW\hehe\gohitfinal\system\CodeIgniter.php(499): CodeIgniter\CodeIgniter->runController(Object(App\Controllers\Login))
#11 D:\TUGAS\KULIAH\P2MW\hehe\gohitfinal\system\CodeIgniter.php(368): CodeIgniter\CodeIgniter->handleRequest(NULL, Object(Config\Cache), false)
#12 D:\TUGAS\KULIAH\P2MW\hehe\gohitfinal\public\index.php(67): CodeIgniter\CodeIgniter->run()
#13 D:\TUGAS\KULIAH\P2MW\hehe\gohitfinal\system\Commands\Server\rewrite.php(47): require_once('D:\\TUGAS\\KULIAH...')
#14 {main}
CRITICAL - 2025-07-17 08:03:07 --> Unknown column 'id_user' in 'field list'
in SYSTEMPATH\Database\MySQLi\Connection.php on line 295.
 1 SYSTEMPATH\Database\MySQLi\Connection.php(295): mysqli->query('INSERT INTO `user` (`id_user`, `nama`, `email`, `password`, `jenis`, `sub`) VALUES (NULL, \'STIKI1\', \'v@gmail.com\', \'www\', \'1\', \'1\')', 0)
 2 SYSTEMPATH\Database\BaseConnection.php(691): CodeIgniter\Database\MySQLi\Connection->execute('INSERT INTO `user` (`id_user`, `nama`, `email`, `password`, `jenis`, `sub`) VALUES (NULL, \'STIKI1\', \'v@gmail.com\', \'www\', \'1\', \'1\')')
 3 SYSTEMPATH\Database\BaseConnection.php(605): CodeIgniter\Database\BaseConnection->simpleQuery('INSERT INTO `user` (`id_user`, `nama`, `email`, `password`, `jenis`, `sub`) VALUES (NULL, \'STIKI1\', \'v@gmail.com\', \'www\', \'1\', \'1\')')
 4 SYSTEMPATH\Database\BaseBuilder.php(2309): CodeIgniter\Database\BaseConnection->query('INSERT INTO `user` (`id_user`, `nama`, `email`, `password`, `jenis`, `sub`) VALUES (:id_user:, :nama:, :email:, :password:, :jenis:, :sub:)', [...], false)
 5 SYSTEMPATH\Model.php(330): CodeIgniter\Database\BaseBuilder->insert()
 6 SYSTEMPATH\BaseModel.php(782): CodeIgniter\Model->doInsert([...])
 7 SYSTEMPATH\Model.php(730): CodeIgniter\BaseModel->insert([...], true)
 8 APPPATH\Models\User.php(24): CodeIgniter\Model->insert([...])
 9 APPPATH\Controllers\Login.php(98): App\Models\User->saveuser([...])
10 SYSTEMPATH\CodeIgniter.php(934): App\Controllers\Login->add()
11 SYSTEMPATH\CodeIgniter.php(499): CodeIgniter\CodeIgniter->runController(Object(App\Controllers\Login))
12 SYSTEMPATH\CodeIgniter.php(368): CodeIgniter\CodeIgniter->handleRequest(null, Object(Config\Cache), false)
13 FCPATH\index.php(67): CodeIgniter\CodeIgniter->run()
14 SYSTEMPATH\Commands\Server\rewrite.php(47): require_once('D:\\TUGAS\\KULIAH\\P2MW\\hehe\\gohitfinal\\public\\index.php')
ERROR - 2025-07-17 08:05:43 --> mysqli_sql_exception: Unknown column 'id_user' in 'field list' in D:\TUGAS\KULIAH\P2MW\hehe\gohitfinal\system\Database\MySQLi\Connection.php:295
Stack trace:
#0 D:\TUGAS\KULIAH\P2MW\hehe\gohitfinal\system\Database\MySQLi\Connection.php(295): mysqli->query('INSERT INTO `us...', 0)
#1 D:\TUGAS\KULIAH\P2MW\hehe\gohitfinal\system\Database\BaseConnection.php(691): CodeIgniter\Database\MySQLi\Connection->execute('INSERT INTO `us...')
#2 D:\TUGAS\KULIAH\P2MW\hehe\gohitfinal\system\Database\BaseConnection.php(605): CodeIgniter\Database\BaseConnection->simpleQuery('INSERT INTO `us...')
#3 D:\TUGAS\KULIAH\P2MW\hehe\gohitfinal\system\Database\BaseBuilder.php(2309): CodeIgniter\Database\BaseConnection->query('INSERT INTO `us...', Array, false)
#4 D:\TUGAS\KULIAH\P2MW\hehe\gohitfinal\system\Model.php(330): CodeIgniter\Database\BaseBuilder->insert()
#5 D:\TUGAS\KULIAH\P2MW\hehe\gohitfinal\system\BaseModel.php(782): CodeIgniter\Model->doInsert(Array)
#6 D:\TUGAS\KULIAH\P2MW\hehe\gohitfinal\system\Model.php(730): CodeIgniter\BaseModel->insert(Array, true)
#7 D:\TUGAS\KULIAH\P2MW\hehe\gohitfinal\app\Models\User.php(24): CodeIgniter\Model->insert(Array)
#8 D:\TUGAS\KULIAH\P2MW\hehe\gohitfinal\app\Controllers\Login.php(99): App\Models\User->saveuser(Array)
#9 D:\TUGAS\KULIAH\P2MW\hehe\gohitfinal\system\CodeIgniter.php(934): App\Controllers\Login->add()
#10 D:\TUGAS\KULIAH\P2MW\hehe\gohitfinal\system\CodeIgniter.php(499): CodeIgniter\CodeIgniter->runController(Object(App\Controllers\Login))
#11 D:\TUGAS\KULIAH\P2MW\hehe\gohitfinal\system\CodeIgniter.php(368): CodeIgniter\CodeIgniter->handleRequest(NULL, Object(Config\Cache), false)
#12 D:\TUGAS\KULIAH\P2MW\hehe\gohitfinal\public\index.php(67): CodeIgniter\CodeIgniter->run()
#13 D:\TUGAS\KULIAH\P2MW\hehe\gohitfinal\system\Commands\Server\rewrite.php(47): require_once('D:\\TUGAS\\KULIAH...')
#14 {main}
CRITICAL - 2025-07-17 08:05:43 --> Unknown column 'id_user' in 'field list'
in SYSTEMPATH\Database\MySQLi\Connection.php on line 295.
 1 SYSTEMPATH\Database\MySQLi\Connection.php(295): mysqli->query('INSERT INTO `user` (`id_user`, `nama`, `email`, `password`, `jenis`, `sub`) VALUES (NULL, \'STIKI1\', \'v@gmail.com\', \'www\', \'1\', \'1\')', 0)
 2 SYSTEMPATH\Database\BaseConnection.php(691): CodeIgniter\Database\MySQLi\Connection->execute('INSERT INTO `user` (`id_user`, `nama`, `email`, `password`, `jenis`, `sub`) VALUES (NULL, \'STIKI1\', \'v@gmail.com\', \'www\', \'1\', \'1\')')
 3 SYSTEMPATH\Database\BaseConnection.php(605): CodeIgniter\Database\BaseConnection->simpleQuery('INSERT INTO `user` (`id_user`, `nama`, `email`, `password`, `jenis`, `sub`) VALUES (NULL, \'STIKI1\', \'v@gmail.com\', \'www\', \'1\', \'1\')')
 4 SYSTEMPATH\Database\BaseBuilder.php(2309): CodeIgniter\Database\BaseConnection->query('INSERT INTO `user` (`id_user`, `nama`, `email`, `password`, `jenis`, `sub`) VALUES (:id_user:, :nama:, :email:, :password:, :jenis:, :sub:)', [...], false)
 5 SYSTEMPATH\Model.php(330): CodeIgniter\Database\BaseBuilder->insert()
 6 SYSTEMPATH\BaseModel.php(782): CodeIgniter\Model->doInsert([...])
 7 SYSTEMPATH\Model.php(730): CodeIgniter\BaseModel->insert([...], true)
 8 APPPATH\Models\User.php(24): CodeIgniter\Model->insert([...])
 9 APPPATH\Controllers\Login.php(99): App\Models\User->saveuser([...])
10 SYSTEMPATH\CodeIgniter.php(934): App\Controllers\Login->add()
11 SYSTEMPATH\CodeIgniter.php(499): CodeIgniter\CodeIgniter->runController(Object(App\Controllers\Login))
12 SYSTEMPATH\CodeIgniter.php(368): CodeIgniter\CodeIgniter->handleRequest(null, Object(Config\Cache), false)
13 FCPATH\index.php(67): CodeIgniter\CodeIgniter->run()
14 SYSTEMPATH\Commands\Server\rewrite.php(47): require_once('D:\\TUGAS\\KULIAH\\P2MW\\hehe\\gohitfinal\\public\\index.php')
ERROR - 2025-07-17 08:05:46 --> mysqli_sql_exception: Unknown column 'id_user' in 'field list' in D:\TUGAS\KULIAH\P2MW\hehe\gohitfinal\system\Database\MySQLi\Connection.php:295
Stack trace:
#0 D:\TUGAS\KULIAH\P2MW\hehe\gohitfinal\system\Database\MySQLi\Connection.php(295): mysqli->query('INSERT INTO `us...', 0)
#1 D:\TUGAS\KULIAH\P2MW\hehe\gohitfinal\system\Database\BaseConnection.php(691): CodeIgniter\Database\MySQLi\Connection->execute('INSERT INTO `us...')
#2 D:\TUGAS\KULIAH\P2MW\hehe\gohitfinal\system\Database\BaseConnection.php(605): CodeIgniter\Database\BaseConnection->simpleQuery('INSERT INTO `us...')
#3 D:\TUGAS\KULIAH\P2MW\hehe\gohitfinal\system\Database\BaseBuilder.php(2309): CodeIgniter\Database\BaseConnection->query('INSERT INTO `us...', Array, false)
#4 D:\TUGAS\KULIAH\P2MW\hehe\gohitfinal\system\Model.php(330): CodeIgniter\Database\BaseBuilder->insert()
#5 D:\TUGAS\KULIAH\P2MW\hehe\gohitfinal\system\BaseModel.php(782): CodeIgniter\Model->doInsert(Array)
#6 D:\TUGAS\KULIAH\P2MW\hehe\gohitfinal\system\Model.php(730): CodeIgniter\BaseModel->insert(Array, true)
#7 D:\TUGAS\KULIAH\P2MW\hehe\gohitfinal\app\Models\User.php(24): CodeIgniter\Model->insert(Array)
#8 D:\TUGAS\KULIAH\P2MW\hehe\gohitfinal\app\Controllers\Login.php(99): App\Models\User->saveuser(Array)
#9 D:\TUGAS\KULIAH\P2MW\hehe\gohitfinal\system\CodeIgniter.php(934): App\Controllers\Login->add()
#10 D:\TUGAS\KULIAH\P2MW\hehe\gohitfinal\system\CodeIgniter.php(499): CodeIgniter\CodeIgniter->runController(Object(App\Controllers\Login))
#11 D:\TUGAS\KULIAH\P2MW\hehe\gohitfinal\system\CodeIgniter.php(368): CodeIgniter\CodeIgniter->handleRequest(NULL, Object(Config\Cache), false)
#12 D:\TUGAS\KULIAH\P2MW\hehe\gohitfinal\public\index.php(67): CodeIgniter\CodeIgniter->run()
#13 D:\TUGAS\KULIAH\P2MW\hehe\gohitfinal\system\Commands\Server\rewrite.php(47): require_once('D:\\TUGAS\\KULIAH...')
#14 {main}
CRITICAL - 2025-07-17 08:05:46 --> Unknown column 'id_user' in 'field list'
in SYSTEMPATH\Database\MySQLi\Connection.php on line 295.
 1 SYSTEMPATH\Database\MySQLi\Connection.php(295): mysqli->query('INSERT INTO `user` (`id_user`, `nama`, `email`, `password`, `jenis`, `sub`) VALUES (NULL, \'STIKI1\', \'v@gmail.com\', \'www\', \'1\', \'1\')', 0)
 2 SYSTEMPATH\Database\BaseConnection.php(691): CodeIgniter\Database\MySQLi\Connection->execute('INSERT INTO `user` (`id_user`, `nama`, `email`, `password`, `jenis`, `sub`) VALUES (NULL, \'STIKI1\', \'v@gmail.com\', \'www\', \'1\', \'1\')')
 3 SYSTEMPATH\Database\BaseConnection.php(605): CodeIgniter\Database\BaseConnection->simpleQuery('INSERT INTO `user` (`id_user`, `nama`, `email`, `password`, `jenis`, `sub`) VALUES (NULL, \'STIKI1\', \'v@gmail.com\', \'www\', \'1\', \'1\')')
 4 SYSTEMPATH\Database\BaseBuilder.php(2309): CodeIgniter\Database\BaseConnection->query('INSERT INTO `user` (`id_user`, `nama`, `email`, `password`, `jenis`, `sub`) VALUES (:id_user:, :nama:, :email:, :password:, :jenis:, :sub:)', [...], false)
 5 SYSTEMPATH\Model.php(330): CodeIgniter\Database\BaseBuilder->insert()
 6 SYSTEMPATH\BaseModel.php(782): CodeIgniter\Model->doInsert([...])
 7 SYSTEMPATH\Model.php(730): CodeIgniter\BaseModel->insert([...], true)
 8 APPPATH\Models\User.php(24): CodeIgniter\Model->insert([...])
 9 APPPATH\Controllers\Login.php(99): App\Models\User->saveuser([...])
10 SYSTEMPATH\CodeIgniter.php(934): App\Controllers\Login->add()
11 SYSTEMPATH\CodeIgniter.php(499): CodeIgniter\CodeIgniter->runController(Object(App\Controllers\Login))
12 SYSTEMPATH\CodeIgniter.php(368): CodeIgniter\CodeIgniter->handleRequest(null, Object(Config\Cache), false)
13 FCPATH\index.php(67): CodeIgniter\CodeIgniter->run()
14 SYSTEMPATH\Commands\Server\rewrite.php(47): require_once('D:\\TUGAS\\KULIAH\\P2MW\\hehe\\gohitfinal\\public\\index.php')
ERROR - 2025-07-17 08:05:48 --> mysqli_sql_exception: Unknown column 'id_user' in 'field list' in D:\TUGAS\KULIAH\P2MW\hehe\gohitfinal\system\Database\MySQLi\Connection.php:295
Stack trace:
#0 D:\TUGAS\KULIAH\P2MW\hehe\gohitfinal\system\Database\MySQLi\Connection.php(295): mysqli->query('INSERT INTO `us...', 0)
#1 D:\TUGAS\KULIAH\P2MW\hehe\gohitfinal\system\Database\BaseConnection.php(691): CodeIgniter\Database\MySQLi\Connection->execute('INSERT INTO `us...')
#2 D:\TUGAS\KULIAH\P2MW\hehe\gohitfinal\system\Database\BaseConnection.php(605): CodeIgniter\Database\BaseConnection->simpleQuery('INSERT INTO `us...')
#3 D:\TUGAS\KULIAH\P2MW\hehe\gohitfinal\system\Database\BaseBuilder.php(2309): CodeIgniter\Database\BaseConnection->query('INSERT INTO `us...', Array, false)
#4 D:\TUGAS\KULIAH\P2MW\hehe\gohitfinal\system\Model.php(330): CodeIgniter\Database\BaseBuilder->insert()
#5 D:\TUGAS\KULIAH\P2MW\hehe\gohitfinal\system\BaseModel.php(782): CodeIgniter\Model->doInsert(Array)
#6 D:\TUGAS\KULIAH\P2MW\hehe\gohitfinal\system\Model.php(730): CodeIgniter\BaseModel->insert(Array, true)
#7 D:\TUGAS\KULIAH\P2MW\hehe\gohitfinal\app\Models\User.php(24): CodeIgniter\Model->insert(Array)
#8 D:\TUGAS\KULIAH\P2MW\hehe\gohitfinal\app\Controllers\Login.php(99): App\Models\User->saveuser(Array)
#9 D:\TUGAS\KULIAH\P2MW\hehe\gohitfinal\system\CodeIgniter.php(934): App\Controllers\Login->add()
#10 D:\TUGAS\KULIAH\P2MW\hehe\gohitfinal\system\CodeIgniter.php(499): CodeIgniter\CodeIgniter->runController(Object(App\Controllers\Login))
#11 D:\TUGAS\KULIAH\P2MW\hehe\gohitfinal\system\CodeIgniter.php(368): CodeIgniter\CodeIgniter->handleRequest(NULL, Object(Config\Cache), false)
#12 D:\TUGAS\KULIAH\P2MW\hehe\gohitfinal\public\index.php(67): CodeIgniter\CodeIgniter->run()
#13 D:\TUGAS\KULIAH\P2MW\hehe\gohitfinal\system\Commands\Server\rewrite.php(47): require_once('D:\\TUGAS\\KULIAH...')
#14 {main}
CRITICAL - 2025-07-17 08:05:48 --> Unknown column 'id_user' in 'field list'
in SYSTEMPATH\Database\MySQLi\Connection.php on line 295.
 1 SYSTEMPATH\Database\MySQLi\Connection.php(295): mysqli->query('INSERT INTO `user` (`id_user`, `nama`, `email`, `password`, `jenis`, `sub`) VALUES (NULL, \'STIKI1\', \'v@gmail.com\', \'www\', \'1\', \'1\')', 0)
 2 SYSTEMPATH\Database\BaseConnection.php(691): CodeIgniter\Database\MySQLi\Connection->execute('INSERT INTO `user` (`id_user`, `nama`, `email`, `password`, `jenis`, `sub`) VALUES (NULL, \'STIKI1\', \'v@gmail.com\', \'www\', \'1\', \'1\')')
 3 SYSTEMPATH\Database\BaseConnection.php(605): CodeIgniter\Database\BaseConnection->simpleQuery('INSERT INTO `user` (`id_user`, `nama`, `email`, `password`, `jenis`, `sub`) VALUES (NULL, \'STIKI1\', \'v@gmail.com\', \'www\', \'1\', \'1\')')
 4 SYSTEMPATH\Database\BaseBuilder.php(2309): CodeIgniter\Database\BaseConnection->query('INSERT INTO `user` (`id_user`, `nama`, `email`, `password`, `jenis`, `sub`) VALUES (:id_user:, :nama:, :email:, :password:, :jenis:, :sub:)', [...], false)
 5 SYSTEMPATH\Model.php(330): CodeIgniter\Database\BaseBuilder->insert()
 6 SYSTEMPATH\BaseModel.php(782): CodeIgniter\Model->doInsert([...])
 7 SYSTEMPATH\Model.php(730): CodeIgniter\BaseModel->insert([...], true)
 8 APPPATH\Models\User.php(24): CodeIgniter\Model->insert([...])
 9 APPPATH\Controllers\Login.php(99): App\Models\User->saveuser([...])
10 SYSTEMPATH\CodeIgniter.php(934): App\Controllers\Login->add()
11 SYSTEMPATH\CodeIgniter.php(499): CodeIgniter\CodeIgniter->runController(Object(App\Controllers\Login))
12 SYSTEMPATH\CodeIgniter.php(368): CodeIgniter\CodeIgniter->handleRequest(null, Object(Config\Cache), false)
13 FCPATH\index.php(67): CodeIgniter\CodeIgniter->run()
14 SYSTEMPATH\Commands\Server\rewrite.php(47): require_once('D:\\TUGAS\\KULIAH\\P2MW\\hehe\\gohitfinal\\public\\index.php')
ERROR - 2025-07-17 08:06:55 --> mysqli_sql_exception: Unknown column 'id_user' in 'field list' in D:\TUGAS\KULIAH\P2MW\hehe\gohitfinal\system\Database\MySQLi\Connection.php:295
Stack trace:
#0 D:\TUGAS\KULIAH\P2MW\hehe\gohitfinal\system\Database\MySQLi\Connection.php(295): mysqli->query('INSERT INTO `us...', 0)
#1 D:\TUGAS\KULIAH\P2MW\hehe\gohitfinal\system\Database\BaseConnection.php(691): CodeIgniter\Database\MySQLi\Connection->execute('INSERT INTO `us...')
#2 D:\TUGAS\KULIAH\P2MW\hehe\gohitfinal\system\Database\BaseConnection.php(605): CodeIgniter\Database\BaseConnection->simpleQuery('INSERT INTO `us...')
#3 D:\TUGAS\KULIAH\P2MW\hehe\gohitfinal\system\Database\BaseBuilder.php(2309): CodeIgniter\Database\BaseConnection->query('INSERT INTO `us...', Array, false)
#4 D:\TUGAS\KULIAH\P2MW\hehe\gohitfinal\system\Model.php(330): CodeIgniter\Database\BaseBuilder->insert()
#5 D:\TUGAS\KULIAH\P2MW\hehe\gohitfinal\system\BaseModel.php(782): CodeIgniter\Model->doInsert(Array)
#6 D:\TUGAS\KULIAH\P2MW\hehe\gohitfinal\system\Model.php(730): CodeIgniter\BaseModel->insert(Array, true)
#7 D:\TUGAS\KULIAH\P2MW\hehe\gohitfinal\app\Models\User.php(24): CodeIgniter\Model->insert(Array)
#8 D:\TUGAS\KULIAH\P2MW\hehe\gohitfinal\app\Controllers\Login.php(98): App\Models\User->saveuser(Array)
#9 D:\TUGAS\KULIAH\P2MW\hehe\gohitfinal\system\CodeIgniter.php(934): App\Controllers\Login->add()
#10 D:\TUGAS\KULIAH\P2MW\hehe\gohitfinal\system\CodeIgniter.php(499): CodeIgniter\CodeIgniter->runController(Object(App\Controllers\Login))
#11 D:\TUGAS\KULIAH\P2MW\hehe\gohitfinal\system\CodeIgniter.php(368): CodeIgniter\CodeIgniter->handleRequest(NULL, Object(Config\Cache), false)
#12 D:\TUGAS\KULIAH\P2MW\hehe\gohitfinal\public\index.php(67): CodeIgniter\CodeIgniter->run()
#13 D:\TUGAS\KULIAH\P2MW\hehe\gohitfinal\system\Commands\Server\rewrite.php(47): require_once('D:\\TUGAS\\KULIAH...')
#14 {main}
CRITICAL - 2025-07-17 08:06:55 --> Unknown column 'id_user' in 'field list'
in SYSTEMPATH\Database\MySQLi\Connection.php on line 295.
 1 SYSTEMPATH\Database\MySQLi\Connection.php(295): mysqli->query('INSERT INTO `user` (`id_user`, `nama`, `email`, `password`, `jenis`, `sub`) VALUES (\'6878af1f6bb5d\', \'STIKI1\', \'v@gmail.com\', \'www\', \'1\', \'1\')', 0)
 2 SYSTEMPATH\Database\BaseConnection.php(691): CodeIgniter\Database\MySQLi\Connection->execute('INSERT INTO `user` (`id_user`, `nama`, `email`, `password`, `jenis`, `sub`) VALUES (\'6878af1f6bb5d\', \'STIKI1\', \'v@gmail.com\', \'www\', \'1\', \'1\')')
 3 SYSTEMPATH\Database\BaseConnection.php(605): CodeIgniter\Database\BaseConnection->simpleQuery('INSERT INTO `user` (`id_user`, `nama`, `email`, `password`, `jenis`, `sub`) VALUES (\'6878af1f6bb5d\', \'STIKI1\', \'v@gmail.com\', \'www\', \'1\', \'1\')')
 4 SYSTEMPATH\Database\BaseBuilder.php(2309): CodeIgniter\Database\BaseConnection->query('INSERT INTO `user` (`id_user`, `nama`, `email`, `password`, `jenis`, `sub`) VALUES (:id_user:, :nama:, :email:, :password:, :jenis:, :sub:)', [...], false)
 5 SYSTEMPATH\Model.php(330): CodeIgniter\Database\BaseBuilder->insert()
 6 SYSTEMPATH\BaseModel.php(782): CodeIgniter\Model->doInsert([...])
 7 SYSTEMPATH\Model.php(730): CodeIgniter\BaseModel->insert([...], true)
 8 APPPATH\Models\User.php(24): CodeIgniter\Model->insert([...])
 9 APPPATH\Controllers\Login.php(98): App\Models\User->saveuser([...])
10 SYSTEMPATH\CodeIgniter.php(934): App\Controllers\Login->add()
11 SYSTEMPATH\CodeIgniter.php(499): CodeIgniter\CodeIgniter->runController(Object(App\Controllers\Login))
12 SYSTEMPATH\CodeIgniter.php(368): CodeIgniter\CodeIgniter->handleRequest(null, Object(Config\Cache), false)
13 FCPATH\index.php(67): CodeIgniter\CodeIgniter->run()
14 SYSTEMPATH\Commands\Server\rewrite.php(47): require_once('D:\\TUGAS\\KULIAH\\P2MW\\hehe\\gohitfinal\\public\\index.php')
ERROR - 2025-07-17 08:07:07 --> mysqli_sql_exception: Unknown column 'id_user' in 'field list' in D:\TUGAS\KULIAH\P2MW\hehe\gohitfinal\system\Database\MySQLi\Connection.php:295
Stack trace:
#0 D:\TUGAS\KULIAH\P2MW\hehe\gohitfinal\system\Database\MySQLi\Connection.php(295): mysqli->query('INSERT INTO `us...', 0)
#1 D:\TUGAS\KULIAH\P2MW\hehe\gohitfinal\system\Database\BaseConnection.php(691): CodeIgniter\Database\MySQLi\Connection->execute('INSERT INTO `us...')
#2 D:\TUGAS\KULIAH\P2MW\hehe\gohitfinal\system\Database\BaseConnection.php(605): CodeIgniter\Database\BaseConnection->simpleQuery('INSERT INTO `us...')
#3 D:\TUGAS\KULIAH\P2MW\hehe\gohitfinal\system\Database\BaseBuilder.php(2309): CodeIgniter\Database\BaseConnection->query('INSERT INTO `us...', Array, false)
#4 D:\TUGAS\KULIAH\P2MW\hehe\gohitfinal\system\Model.php(330): CodeIgniter\Database\BaseBuilder->insert()
#5 D:\TUGAS\KULIAH\P2MW\hehe\gohitfinal\system\BaseModel.php(782): CodeIgniter\Model->doInsert(Array)
#6 D:\TUGAS\KULIAH\P2MW\hehe\gohitfinal\system\Model.php(730): CodeIgniter\BaseModel->insert(Array, true)
#7 D:\TUGAS\KULIAH\P2MW\hehe\gohitfinal\app\Models\User.php(24): CodeIgniter\Model->insert(Array)
#8 D:\TUGAS\KULIAH\P2MW\hehe\gohitfinal\app\Controllers\Login.php(98): App\Models\User->saveuser(Array)
#9 D:\TUGAS\KULIAH\P2MW\hehe\gohitfinal\system\CodeIgniter.php(934): App\Controllers\Login->add()
#10 D:\TUGAS\KULIAH\P2MW\hehe\gohitfinal\system\CodeIgniter.php(499): CodeIgniter\CodeIgniter->runController(Object(App\Controllers\Login))
#11 D:\TUGAS\KULIAH\P2MW\hehe\gohitfinal\system\CodeIgniter.php(368): CodeIgniter\CodeIgniter->handleRequest(NULL, Object(Config\Cache), false)
#12 D:\TUGAS\KULIAH\P2MW\hehe\gohitfinal\public\index.php(67): CodeIgniter\CodeIgniter->run()
#13 D:\TUGAS\KULIAH\P2MW\hehe\gohitfinal\system\Commands\Server\rewrite.php(47): require_once('D:\\TUGAS\\KULIAH...')
#14 {main}
CRITICAL - 2025-07-17 08:07:07 --> Unknown column 'id_user' in 'field list'
in SYSTEMPATH\Database\MySQLi\Connection.php on line 295.
 1 SYSTEMPATH\Database\MySQLi\Connection.php(295): mysqli->query('INSERT INTO `user` (`id_user`, `nama`, `email`, `password`, `jenis`, `sub`) VALUES (\'6878af2b7ac77\', \'w\', \'v@gmail.com\', \'w\', \'1\', \'1\')', 0)
 2 SYSTEMPATH\Database\BaseConnection.php(691): CodeIgniter\Database\MySQLi\Connection->execute('INSERT INTO `user` (`id_user`, `nama`, `email`, `password`, `jenis`, `sub`) VALUES (\'6878af2b7ac77\', \'w\', \'v@gmail.com\', \'w\', \'1\', \'1\')')
 3 SYSTEMPATH\Database\BaseConnection.php(605): CodeIgniter\Database\BaseConnection->simpleQuery('INSERT INTO `user` (`id_user`, `nama`, `email`, `password`, `jenis`, `sub`) VALUES (\'6878af2b7ac77\', \'w\', \'v@gmail.com\', \'w\', \'1\', \'1\')')
 4 SYSTEMPATH\Database\BaseBuilder.php(2309): CodeIgniter\Database\BaseConnection->query('INSERT INTO `user` (`id_user`, `nama`, `email`, `password`, `jenis`, `sub`) VALUES (:id_user:, :nama:, :email:, :password:, :jenis:, :sub:)', [...], false)
 5 SYSTEMPATH\Model.php(330): CodeIgniter\Database\BaseBuilder->insert()
 6 SYSTEMPATH\BaseModel.php(782): CodeIgniter\Model->doInsert([...])
 7 SYSTEMPATH\Model.php(730): CodeIgniter\BaseModel->insert([...], true)
 8 APPPATH\Models\User.php(24): CodeIgniter\Model->insert([...])
 9 APPPATH\Controllers\Login.php(98): App\Models\User->saveuser([...])
10 SYSTEMPATH\CodeIgniter.php(934): App\Controllers\Login->add()
11 SYSTEMPATH\CodeIgniter.php(499): CodeIgniter\CodeIgniter->runController(Object(App\Controllers\Login))
12 SYSTEMPATH\CodeIgniter.php(368): CodeIgniter\CodeIgniter->handleRequest(null, Object(Config\Cache), false)
13 FCPATH\index.php(67): CodeIgniter\CodeIgniter->run()
14 SYSTEMPATH\Commands\Server\rewrite.php(47): require_once('D:\\TUGAS\\KULIAH\\P2MW\\hehe\\gohitfinal\\public\\index.php')
ERROR - 2025-07-17 08:07:48 --> mysqli_sql_exception: Unknown column 'id_user' in 'field list' in D:\TUGAS\KULIAH\P2MW\hehe\gohitfinal\system\Database\MySQLi\Connection.php:295
Stack trace:
#0 D:\TUGAS\KULIAH\P2MW\hehe\gohitfinal\system\Database\MySQLi\Connection.php(295): mysqli->query('INSERT INTO `us...', 0)
#1 D:\TUGAS\KULIAH\P2MW\hehe\gohitfinal\system\Database\BaseConnection.php(691): CodeIgniter\Database\MySQLi\Connection->execute('INSERT INTO `us...')
#2 D:\TUGAS\KULIAH\P2MW\hehe\gohitfinal\system\Database\BaseConnection.php(605): CodeIgniter\Database\BaseConnection->simpleQuery('INSERT INTO `us...')
#3 D:\TUGAS\KULIAH\P2MW\hehe\gohitfinal\system\Database\BaseBuilder.php(2309): CodeIgniter\Database\BaseConnection->query('INSERT INTO `us...', Array, false)
#4 D:\TUGAS\KULIAH\P2MW\hehe\gohitfinal\system\Model.php(330): CodeIgniter\Database\BaseBuilder->insert()
#5 D:\TUGAS\KULIAH\P2MW\hehe\gohitfinal\system\BaseModel.php(782): CodeIgniter\Model->doInsert(Array)
#6 D:\TUGAS\KULIAH\P2MW\hehe\gohitfinal\system\Model.php(730): CodeIgniter\BaseModel->insert(Array, true)
#7 D:\TUGAS\KULIAH\P2MW\hehe\gohitfinal\app\Models\User.php(24): CodeIgniter\Model->insert(Array)
#8 D:\TUGAS\KULIAH\P2MW\hehe\gohitfinal\app\Controllers\Login.php(98): App\Models\User->saveuser(Array)
#9 D:\TUGAS\KULIAH\P2MW\hehe\gohitfinal\system\CodeIgniter.php(934): App\Controllers\Login->add()
#10 D:\TUGAS\KULIAH\P2MW\hehe\gohitfinal\system\CodeIgniter.php(499): CodeIgniter\CodeIgniter->runController(Object(App\Controllers\Login))
#11 D:\TUGAS\KULIAH\P2MW\hehe\gohitfinal\system\CodeIgniter.php(368): CodeIgniter\CodeIgniter->handleRequest(NULL, Object(Config\Cache), false)
#12 D:\TUGAS\KULIAH\P2MW\hehe\gohitfinal\public\index.php(67): CodeIgniter\CodeIgniter->run()
#13 D:\TUGAS\KULIAH\P2MW\hehe\gohitfinal\system\Commands\Server\rewrite.php(47): require_once('D:\\TUGAS\\KULIAH...')
#14 {main}
CRITICAL - 2025-07-17 08:07:48 --> Unknown column 'id_user' in 'field list'
in SYSTEMPATH\Database\MySQLi\Connection.php on line 295.
 1 SYSTEMPATH\Database\MySQLi\Connection.php(295): mysqli->query('INSERT INTO `user` (`id_user`, `nama`, `email`, `password`, `jenis`, `sub`) VALUES (\'6878af53f1a89\', \'w\', \'v@gmail.com\', \'w\', \'1\', \'1\')', 0)
 2 SYSTEMPATH\Database\BaseConnection.php(691): CodeIgniter\Database\MySQLi\Connection->execute('INSERT INTO `user` (`id_user`, `nama`, `email`, `password`, `jenis`, `sub`) VALUES (\'6878af53f1a89\', \'w\', \'v@gmail.com\', \'w\', \'1\', \'1\')')
 3 SYSTEMPATH\Database\BaseConnection.php(605): CodeIgniter\Database\BaseConnection->simpleQuery('INSERT INTO `user` (`id_user`, `nama`, `email`, `password`, `jenis`, `sub`) VALUES (\'6878af53f1a89\', \'w\', \'v@gmail.com\', \'w\', \'1\', \'1\')')
 4 SYSTEMPATH\Database\BaseBuilder.php(2309): CodeIgniter\Database\BaseConnection->query('INSERT INTO `user` (`id_user`, `nama`, `email`, `password`, `jenis`, `sub`) VALUES (:id_user:, :nama:, :email:, :password:, :jenis:, :sub:)', [...], false)
 5 SYSTEMPATH\Model.php(330): CodeIgniter\Database\BaseBuilder->insert()
 6 SYSTEMPATH\BaseModel.php(782): CodeIgniter\Model->doInsert([...])
 7 SYSTEMPATH\Model.php(730): CodeIgniter\BaseModel->insert([...], true)
 8 APPPATH\Models\User.php(24): CodeIgniter\Model->insert([...])
 9 APPPATH\Controllers\Login.php(98): App\Models\User->saveuser([...])
10 SYSTEMPATH\CodeIgniter.php(934): App\Controllers\Login->add()
11 SYSTEMPATH\CodeIgniter.php(499): CodeIgniter\CodeIgniter->runController(Object(App\Controllers\Login))
12 SYSTEMPATH\CodeIgniter.php(368): CodeIgniter\CodeIgniter->handleRequest(null, Object(Config\Cache), false)
13 FCPATH\index.php(67): CodeIgniter\CodeIgniter->run()
14 SYSTEMPATH\Commands\Server\rewrite.php(47): require_once('D:\\TUGAS\\KULIAH\\P2MW\\hehe\\gohitfinal\\public\\index.php')
ERROR - 2025-07-17 08:07:51 --> mysqli_sql_exception: Unknown column 'id_user' in 'field list' in D:\TUGAS\KULIAH\P2MW\hehe\gohitfinal\system\Database\MySQLi\Connection.php:295
Stack trace:
#0 D:\TUGAS\KULIAH\P2MW\hehe\gohitfinal\system\Database\MySQLi\Connection.php(295): mysqli->query('INSERT INTO `us...', 0)
#1 D:\TUGAS\KULIAH\P2MW\hehe\gohitfinal\system\Database\BaseConnection.php(691): CodeIgniter\Database\MySQLi\Connection->execute('INSERT INTO `us...')
#2 D:\TUGAS\KULIAH\P2MW\hehe\gohitfinal\system\Database\BaseConnection.php(605): CodeIgniter\Database\BaseConnection->simpleQuery('INSERT INTO `us...')
#3 D:\TUGAS\KULIAH\P2MW\hehe\gohitfinal\system\Database\BaseBuilder.php(2309): CodeIgniter\Database\BaseConnection->query('INSERT INTO `us...', Array, false)
#4 D:\TUGAS\KULIAH\P2MW\hehe\gohitfinal\system\Model.php(330): CodeIgniter\Database\BaseBuilder->insert()
#5 D:\TUGAS\KULIAH\P2MW\hehe\gohitfinal\system\BaseModel.php(782): CodeIgniter\Model->doInsert(Array)
#6 D:\TUGAS\KULIAH\P2MW\hehe\gohitfinal\system\Model.php(730): CodeIgniter\BaseModel->insert(Array, true)
#7 D:\TUGAS\KULIAH\P2MW\hehe\gohitfinal\app\Models\User.php(24): CodeIgniter\Model->insert(Array)
#8 D:\TUGAS\KULIAH\P2MW\hehe\gohitfinal\app\Controllers\Login.php(98): App\Models\User->saveuser(Array)
#9 D:\TUGAS\KULIAH\P2MW\hehe\gohitfinal\system\CodeIgniter.php(934): App\Controllers\Login->add()
#10 D:\TUGAS\KULIAH\P2MW\hehe\gohitfinal\system\CodeIgniter.php(499): CodeIgniter\CodeIgniter->runController(Object(App\Controllers\Login))
#11 D:\TUGAS\KULIAH\P2MW\hehe\gohitfinal\system\CodeIgniter.php(368): CodeIgniter\CodeIgniter->handleRequest(NULL, Object(Config\Cache), false)
#12 D:\TUGAS\KULIAH\P2MW\hehe\gohitfinal\public\index.php(67): CodeIgniter\CodeIgniter->run()
#13 D:\TUGAS\KULIAH\P2MW\hehe\gohitfinal\system\Commands\Server\rewrite.php(47): require_once('D:\\TUGAS\\KULIAH...')
#14 {main}
CRITICAL - 2025-07-17 08:07:51 --> Unknown column 'id_user' in 'field list'
in SYSTEMPATH\Database\MySQLi\Connection.php on line 295.
 1 SYSTEMPATH\Database\MySQLi\Connection.php(295): mysqli->query('INSERT INTO `user` (`id_user`, `nama`, `email`, `password`, `jenis`, `sub`) VALUES (\'6878af577158f\', \'w\', \'v@gmail.com\', \'w\', \'1\', \'1\')', 0)
 2 SYSTEMPATH\Database\BaseConnection.php(691): CodeIgniter\Database\MySQLi\Connection->execute('INSERT INTO `user` (`id_user`, `nama`, `email`, `password`, `jenis`, `sub`) VALUES (\'6878af577158f\', \'w\', \'v@gmail.com\', \'w\', \'1\', \'1\')')
 3 SYSTEMPATH\Database\BaseConnection.php(605): CodeIgniter\Database\BaseConnection->simpleQuery('INSERT INTO `user` (`id_user`, `nama`, `email`, `password`, `jenis`, `sub`) VALUES (\'6878af577158f\', \'w\', \'v@gmail.com\', \'w\', \'1\', \'1\')')
 4 SYSTEMPATH\Database\BaseBuilder.php(2309): CodeIgniter\Database\BaseConnection->query('INSERT INTO `user` (`id_user`, `nama`, `email`, `password`, `jenis`, `sub`) VALUES (:id_user:, :nama:, :email:, :password:, :jenis:, :sub:)', [...], false)
 5 SYSTEMPATH\Model.php(330): CodeIgniter\Database\BaseBuilder->insert()
 6 SYSTEMPATH\BaseModel.php(782): CodeIgniter\Model->doInsert([...])
 7 SYSTEMPATH\Model.php(730): CodeIgniter\BaseModel->insert([...], true)
 8 APPPATH\Models\User.php(24): CodeIgniter\Model->insert([...])
 9 APPPATH\Controllers\Login.php(98): App\Models\User->saveuser([...])
10 SYSTEMPATH\CodeIgniter.php(934): App\Controllers\Login->add()
11 SYSTEMPATH\CodeIgniter.php(499): CodeIgniter\CodeIgniter->runController(Object(App\Controllers\Login))
12 SYSTEMPATH\CodeIgniter.php(368): CodeIgniter\CodeIgniter->handleRequest(null, Object(Config\Cache), false)
13 FCPATH\index.php(67): CodeIgniter\CodeIgniter->run()
14 SYSTEMPATH\Commands\Server\rewrite.php(47): require_once('D:\\TUGAS\\KULIAH\\P2MW\\hehe\\gohitfinal\\public\\index.php')
ERROR - 2025-07-17 08:07:53 --> mysqli_sql_exception: Unknown column 'id_user' in 'field list' in D:\TUGAS\KULIAH\P2MW\hehe\gohitfinal\system\Database\MySQLi\Connection.php:295
Stack trace:
#0 D:\TUGAS\KULIAH\P2MW\hehe\gohitfinal\system\Database\MySQLi\Connection.php(295): mysqli->query('INSERT INTO `us...', 0)
#1 D:\TUGAS\KULIAH\P2MW\hehe\gohitfinal\system\Database\BaseConnection.php(691): CodeIgniter\Database\MySQLi\Connection->execute('INSERT INTO `us...')
#2 D:\TUGAS\KULIAH\P2MW\hehe\gohitfinal\system\Database\BaseConnection.php(605): CodeIgniter\Database\BaseConnection->simpleQuery('INSERT INTO `us...')
#3 D:\TUGAS\KULIAH\P2MW\hehe\gohitfinal\system\Database\BaseBuilder.php(2309): CodeIgniter\Database\BaseConnection->query('INSERT INTO `us...', Array, false)
#4 D:\TUGAS\KULIAH\P2MW\hehe\gohitfinal\system\Model.php(330): CodeIgniter\Database\BaseBuilder->insert()
#5 D:\TUGAS\KULIAH\P2MW\hehe\gohitfinal\system\BaseModel.php(782): CodeIgniter\Model->doInsert(Array)
#6 D:\TUGAS\KULIAH\P2MW\hehe\gohitfinal\system\Model.php(730): CodeIgniter\BaseModel->insert(Array, true)
#7 D:\TUGAS\KULIAH\P2MW\hehe\gohitfinal\app\Models\User.php(24): CodeIgniter\Model->insert(Array)
#8 D:\TUGAS\KULIAH\P2MW\hehe\gohitfinal\app\Controllers\Login.php(98): App\Models\User->saveuser(Array)
#9 D:\TUGAS\KULIAH\P2MW\hehe\gohitfinal\system\CodeIgniter.php(934): App\Controllers\Login->add()
#10 D:\TUGAS\KULIAH\P2MW\hehe\gohitfinal\system\CodeIgniter.php(499): CodeIgniter\CodeIgniter->runController(Object(App\Controllers\Login))
#11 D:\TUGAS\KULIAH\P2MW\hehe\gohitfinal\system\CodeIgniter.php(368): CodeIgniter\CodeIgniter->handleRequest(NULL, Object(Config\Cache), false)
#12 D:\TUGAS\KULIAH\P2MW\hehe\gohitfinal\public\index.php(67): CodeIgniter\CodeIgniter->run()
#13 D:\TUGAS\KULIAH\P2MW\hehe\gohitfinal\system\Commands\Server\rewrite.php(47): require_once('D:\\TUGAS\\KULIAH...')
#14 {main}
CRITICAL - 2025-07-17 08:07:53 --> Unknown column 'id_user' in 'field list'
in SYSTEMPATH\Database\MySQLi\Connection.php on line 295.
 1 SYSTEMPATH\Database\MySQLi\Connection.php(295): mysqli->query('INSERT INTO `user` (`id_user`, `nama`, `email`, `password`, `jenis`, `sub`) VALUES (\'6878af593f604\', \'w\', \'v@gmail.com\', \'w\', \'1\', \'1\')', 0)
 2 SYSTEMPATH\Database\BaseConnection.php(691): CodeIgniter\Database\MySQLi\Connection->execute('INSERT INTO `user` (`id_user`, `nama`, `email`, `password`, `jenis`, `sub`) VALUES (\'6878af593f604\', \'w\', \'v@gmail.com\', \'w\', \'1\', \'1\')')
 3 SYSTEMPATH\Database\BaseConnection.php(605): CodeIgniter\Database\BaseConnection->simpleQuery('INSERT INTO `user` (`id_user`, `nama`, `email`, `password`, `jenis`, `sub`) VALUES (\'6878af593f604\', \'w\', \'v@gmail.com\', \'w\', \'1\', \'1\')')
 4 SYSTEMPATH\Database\BaseBuilder.php(2309): CodeIgniter\Database\BaseConnection->query('INSERT INTO `user` (`id_user`, `nama`, `email`, `password`, `jenis`, `sub`) VALUES (:id_user:, :nama:, :email:, :password:, :jenis:, :sub:)', [...], false)
 5 SYSTEMPATH\Model.php(330): CodeIgniter\Database\BaseBuilder->insert()
 6 SYSTEMPATH\BaseModel.php(782): CodeIgniter\Model->doInsert([...])
 7 SYSTEMPATH\Model.php(730): CodeIgniter\BaseModel->insert([...], true)
 8 APPPATH\Models\User.php(24): CodeIgniter\Model->insert([...])
 9 APPPATH\Controllers\Login.php(98): App\Models\User->saveuser([...])
10 SYSTEMPATH\CodeIgniter.php(934): App\Controllers\Login->add()
11 SYSTEMPATH\CodeIgniter.php(499): CodeIgniter\CodeIgniter->runController(Object(App\Controllers\Login))
12 SYSTEMPATH\CodeIgniter.php(368): CodeIgniter\CodeIgniter->handleRequest(null, Object(Config\Cache), false)
13 FCPATH\index.php(67): CodeIgniter\CodeIgniter->run()
14 SYSTEMPATH\Commands\Server\rewrite.php(47): require_once('D:\\TUGAS\\KULIAH\\P2MW\\hehe\\gohitfinal\\public\\index.php')
ERROR - 2025-07-17 08:07:55 --> mysqli_sql_exception: Unknown column 'id_user' in 'field list' in D:\TUGAS\KULIAH\P2MW\hehe\gohitfinal\system\Database\MySQLi\Connection.php:295
Stack trace:
#0 D:\TUGAS\KULIAH\P2MW\hehe\gohitfinal\system\Database\MySQLi\Connection.php(295): mysqli->query('INSERT INTO `us...', 0)
#1 D:\TUGAS\KULIAH\P2MW\hehe\gohitfinal\system\Database\BaseConnection.php(691): CodeIgniter\Database\MySQLi\Connection->execute('INSERT INTO `us...')
#2 D:\TUGAS\KULIAH\P2MW\hehe\gohitfinal\system\Database\BaseConnection.php(605): CodeIgniter\Database\BaseConnection->simpleQuery('INSERT INTO `us...')
#3 D:\TUGAS\KULIAH\P2MW\hehe\gohitfinal\system\Database\BaseBuilder.php(2309): CodeIgniter\Database\BaseConnection->query('INSERT INTO `us...', Array, false)
#4 D:\TUGAS\KULIAH\P2MW\hehe\gohitfinal\system\Model.php(330): CodeIgniter\Database\BaseBuilder->insert()
#5 D:\TUGAS\KULIAH\P2MW\hehe\gohitfinal\system\BaseModel.php(782): CodeIgniter\Model->doInsert(Array)
#6 D:\TUGAS\KULIAH\P2MW\hehe\gohitfinal\system\Model.php(730): CodeIgniter\BaseModel->insert(Array, true)
#7 D:\TUGAS\KULIAH\P2MW\hehe\gohitfinal\app\Models\User.php(24): CodeIgniter\Model->insert(Array)
#8 D:\TUGAS\KULIAH\P2MW\hehe\gohitfinal\app\Controllers\Login.php(98): App\Models\User->saveuser(Array)
#9 D:\TUGAS\KULIAH\P2MW\hehe\gohitfinal\system\CodeIgniter.php(934): App\Controllers\Login->add()
#10 D:\TUGAS\KULIAH\P2MW\hehe\gohitfinal\system\CodeIgniter.php(499): CodeIgniter\CodeIgniter->runController(Object(App\Controllers\Login))
#11 D:\TUGAS\KULIAH\P2MW\hehe\gohitfinal\system\CodeIgniter.php(368): CodeIgniter\CodeIgniter->handleRequest(NULL, Object(Config\Cache), false)
#12 D:\TUGAS\KULIAH\P2MW\hehe\gohitfinal\public\index.php(67): CodeIgniter\CodeIgniter->run()
#13 D:\TUGAS\KULIAH\P2MW\hehe\gohitfinal\system\Commands\Server\rewrite.php(47): require_once('D:\\TUGAS\\KULIAH...')
#14 {main}
CRITICAL - 2025-07-17 08:07:55 --> Unknown column 'id_user' in 'field list'
in SYSTEMPATH\Database\MySQLi\Connection.php on line 295.
 1 SYSTEMPATH\Database\MySQLi\Connection.php(295): mysqli->query('INSERT INTO `user` (`id_user`, `nama`, `email`, `password`, `jenis`, `sub`) VALUES (\'6878af5b00504\', \'w\', \'v@gmail.com\', \'w\', \'1\', \'1\')', 0)
 2 SYSTEMPATH\Database\BaseConnection.php(691): CodeIgniter\Database\MySQLi\Connection->execute('INSERT INTO `user` (`id_user`, `nama`, `email`, `password`, `jenis`, `sub`) VALUES (\'6878af5b00504\', \'w\', \'v@gmail.com\', \'w\', \'1\', \'1\')')
 3 SYSTEMPATH\Database\BaseConnection.php(605): CodeIgniter\Database\BaseConnection->simpleQuery('INSERT INTO `user` (`id_user`, `nama`, `email`, `password`, `jenis`, `sub`) VALUES (\'6878af5b00504\', \'w\', \'v@gmail.com\', \'w\', \'1\', \'1\')')
 4 SYSTEMPATH\Database\BaseBuilder.php(2309): CodeIgniter\Database\BaseConnection->query('INSERT INTO `user` (`id_user`, `nama`, `email`, `password`, `jenis`, `sub`) VALUES (:id_user:, :nama:, :email:, :password:, :jenis:, :sub:)', [...], false)
 5 SYSTEMPATH\Model.php(330): CodeIgniter\Database\BaseBuilder->insert()
 6 SYSTEMPATH\BaseModel.php(782): CodeIgniter\Model->doInsert([...])
 7 SYSTEMPATH\Model.php(730): CodeIgniter\BaseModel->insert([...], true)
 8 APPPATH\Models\User.php(24): CodeIgniter\Model->insert([...])
 9 APPPATH\Controllers\Login.php(98): App\Models\User->saveuser([...])
10 SYSTEMPATH\CodeIgniter.php(934): App\Controllers\Login->add()
11 SYSTEMPATH\CodeIgniter.php(499): CodeIgniter\CodeIgniter->runController(Object(App\Controllers\Login))
12 SYSTEMPATH\CodeIgniter.php(368): CodeIgniter\CodeIgniter->handleRequest(null, Object(Config\Cache), false)
13 FCPATH\index.php(67): CodeIgniter\CodeIgniter->run()
14 SYSTEMPATH\Commands\Server\rewrite.php(47): require_once('D:\\TUGAS\\KULIAH\\P2MW\\hehe\\gohitfinal\\public\\index.php')
ERROR - 2025-07-17 08:08:00 --> mysqli_sql_exception: Unknown column 'id_user' in 'field list' in D:\TUGAS\KULIAH\P2MW\hehe\gohitfinal\system\Database\MySQLi\Connection.php:295
Stack trace:
#0 D:\TUGAS\KULIAH\P2MW\hehe\gohitfinal\system\Database\MySQLi\Connection.php(295): mysqli->query('INSERT INTO `us...', 0)
#1 D:\TUGAS\KULIAH\P2MW\hehe\gohitfinal\system\Database\BaseConnection.php(691): CodeIgniter\Database\MySQLi\Connection->execute('INSERT INTO `us...')
#2 D:\TUGAS\KULIAH\P2MW\hehe\gohitfinal\system\Database\BaseConnection.php(605): CodeIgniter\Database\BaseConnection->simpleQuery('INSERT INTO `us...')
#3 D:\TUGAS\KULIAH\P2MW\hehe\gohitfinal\system\Database\BaseBuilder.php(2309): CodeIgniter\Database\BaseConnection->query('INSERT INTO `us...', Array, false)
#4 D:\TUGAS\KULIAH\P2MW\hehe\gohitfinal\system\Model.php(330): CodeIgniter\Database\BaseBuilder->insert()
#5 D:\TUGAS\KULIAH\P2MW\hehe\gohitfinal\system\BaseModel.php(782): CodeIgniter\Model->doInsert(Array)
#6 D:\TUGAS\KULIAH\P2MW\hehe\gohitfinal\system\Model.php(730): CodeIgniter\BaseModel->insert(Array, true)
#7 D:\TUGAS\KULIAH\P2MW\hehe\gohitfinal\app\Models\User.php(24): CodeIgniter\Model->insert(Array)
#8 D:\TUGAS\KULIAH\P2MW\hehe\gohitfinal\app\Controllers\Login.php(98): App\Models\User->saveuser(Array)
#9 D:\TUGAS\KULIAH\P2MW\hehe\gohitfinal\system\CodeIgniter.php(934): App\Controllers\Login->add()
#10 D:\TUGAS\KULIAH\P2MW\hehe\gohitfinal\system\CodeIgniter.php(499): CodeIgniter\CodeIgniter->runController(Object(App\Controllers\Login))
#11 D:\TUGAS\KULIAH\P2MW\hehe\gohitfinal\system\CodeIgniter.php(368): CodeIgniter\CodeIgniter->handleRequest(NULL, Object(Config\Cache), false)
#12 D:\TUGAS\KULIAH\P2MW\hehe\gohitfinal\public\index.php(67): CodeIgniter\CodeIgniter->run()
#13 D:\TUGAS\KULIAH\P2MW\hehe\gohitfinal\system\Commands\Server\rewrite.php(47): require_once('D:\\TUGAS\\KULIAH...')
#14 {main}
CRITICAL - 2025-07-17 08:08:00 --> Unknown column 'id_user' in 'field list'
in SYSTEMPATH\Database\MySQLi\Connection.php on line 295.
 1 SYSTEMPATH\Database\MySQLi\Connection.php(295): mysqli->query('INSERT INTO `user` (`id_user`, `nama`, `email`, `password`, `jenis`, `sub`) VALUES (\'6878af60b445f\', \'w\', \'v@gmail.com\', \'w\', \'1\', \'1\')', 0)
 2 SYSTEMPATH\Database\BaseConnection.php(691): CodeIgniter\Database\MySQLi\Connection->execute('INSERT INTO `user` (`id_user`, `nama`, `email`, `password`, `jenis`, `sub`) VALUES (\'6878af60b445f\', \'w\', \'v@gmail.com\', \'w\', \'1\', \'1\')')
 3 SYSTEMPATH\Database\BaseConnection.php(605): CodeIgniter\Database\BaseConnection->simpleQuery('INSERT INTO `user` (`id_user`, `nama`, `email`, `password`, `jenis`, `sub`) VALUES (\'6878af60b445f\', \'w\', \'v@gmail.com\', \'w\', \'1\', \'1\')')
 4 SYSTEMPATH\Database\BaseBuilder.php(2309): CodeIgniter\Database\BaseConnection->query('INSERT INTO `user` (`id_user`, `nama`, `email`, `password`, `jenis`, `sub`) VALUES (:id_user:, :nama:, :email:, :password:, :jenis:, :sub:)', [...], false)
 5 SYSTEMPATH\Model.php(330): CodeIgniter\Database\BaseBuilder->insert()
 6 SYSTEMPATH\BaseModel.php(782): CodeIgniter\Model->doInsert([...])
 7 SYSTEMPATH\Model.php(730): CodeIgniter\BaseModel->insert([...], true)
 8 APPPATH\Models\User.php(24): CodeIgniter\Model->insert([...])
 9 APPPATH\Controllers\Login.php(98): App\Models\User->saveuser([...])
10 SYSTEMPATH\CodeIgniter.php(934): App\Controllers\Login->add()
11 SYSTEMPATH\CodeIgniter.php(499): CodeIgniter\CodeIgniter->runController(Object(App\Controllers\Login))
12 SYSTEMPATH\CodeIgniter.php(368): CodeIgniter\CodeIgniter->handleRequest(null, Object(Config\Cache), false)
13 FCPATH\index.php(67): CodeIgniter\CodeIgniter->run()
14 SYSTEMPATH\Commands\Server\rewrite.php(47): require_once('D:\\TUGAS\\KULIAH\\P2MW\\hehe\\gohitfinal\\public\\index.php')
ERROR - 2025-07-17 08:08:02 --> mysqli_sql_exception: Unknown column 'id_user' in 'field list' in D:\TUGAS\KULIAH\P2MW\hehe\gohitfinal\system\Database\MySQLi\Connection.php:295
Stack trace:
#0 D:\TUGAS\KULIAH\P2MW\hehe\gohitfinal\system\Database\MySQLi\Connection.php(295): mysqli->query('INSERT INTO `us...', 0)
#1 D:\TUGAS\KULIAH\P2MW\hehe\gohitfinal\system\Database\BaseConnection.php(691): CodeIgniter\Database\MySQLi\Connection->execute('INSERT INTO `us...')
#2 D:\TUGAS\KULIAH\P2MW\hehe\gohitfinal\system\Database\BaseConnection.php(605): CodeIgniter\Database\BaseConnection->simpleQuery('INSERT INTO `us...')
#3 D:\TUGAS\KULIAH\P2MW\hehe\gohitfinal\system\Database\BaseBuilder.php(2309): CodeIgniter\Database\BaseConnection->query('INSERT INTO `us...', Array, false)
#4 D:\TUGAS\KULIAH\P2MW\hehe\gohitfinal\system\Model.php(330): CodeIgniter\Database\BaseBuilder->insert()
#5 D:\TUGAS\KULIAH\P2MW\hehe\gohitfinal\system\BaseModel.php(782): CodeIgniter\Model->doInsert(Array)
#6 D:\TUGAS\KULIAH\P2MW\hehe\gohitfinal\system\Model.php(730): CodeIgniter\BaseModel->insert(Array, true)
#7 D:\TUGAS\KULIAH\P2MW\hehe\gohitfinal\app\Models\User.php(24): CodeIgniter\Model->insert(Array)
#8 D:\TUGAS\KULIAH\P2MW\hehe\gohitfinal\app\Controllers\Login.php(98): App\Models\User->saveuser(Array)
#9 D:\TUGAS\KULIAH\P2MW\hehe\gohitfinal\system\CodeIgniter.php(934): App\Controllers\Login->add()
#10 D:\TUGAS\KULIAH\P2MW\hehe\gohitfinal\system\CodeIgniter.php(499): CodeIgniter\CodeIgniter->runController(Object(App\Controllers\Login))
#11 D:\TUGAS\KULIAH\P2MW\hehe\gohitfinal\system\CodeIgniter.php(368): CodeIgniter\CodeIgniter->handleRequest(NULL, Object(Config\Cache), false)
#12 D:\TUGAS\KULIAH\P2MW\hehe\gohitfinal\public\index.php(67): CodeIgniter\CodeIgniter->run()
#13 D:\TUGAS\KULIAH\P2MW\hehe\gohitfinal\system\Commands\Server\rewrite.php(47): require_once('D:\\TUGAS\\KULIAH...')
#14 {main}
CRITICAL - 2025-07-17 08:08:03 --> Unknown column 'id_user' in 'field list'
in SYSTEMPATH\Database\MySQLi\Connection.php on line 295.
 1 SYSTEMPATH\Database\MySQLi\Connection.php(295): mysqli->query('INSERT INTO `user` (`id_user`, `nama`, `email`, `password`, `jenis`, `sub`) VALUES (\'6878af62eb959\', \'w\', \'v@gmail.com\', \'w\', \'1\', \'1\')', 0)
 2 SYSTEMPATH\Database\BaseConnection.php(691): CodeIgniter\Database\MySQLi\Connection->execute('INSERT INTO `user` (`id_user`, `nama`, `email`, `password`, `jenis`, `sub`) VALUES (\'6878af62eb959\', \'w\', \'v@gmail.com\', \'w\', \'1\', \'1\')')
 3 SYSTEMPATH\Database\BaseConnection.php(605): CodeIgniter\Database\BaseConnection->simpleQuery('INSERT INTO `user` (`id_user`, `nama`, `email`, `password`, `jenis`, `sub`) VALUES (\'6878af62eb959\', \'w\', \'v@gmail.com\', \'w\', \'1\', \'1\')')
 4 SYSTEMPATH\Database\BaseBuilder.php(2309): CodeIgniter\Database\BaseConnection->query('INSERT INTO `user` (`id_user`, `nama`, `email`, `password`, `jenis`, `sub`) VALUES (:id_user:, :nama:, :email:, :password:, :jenis:, :sub:)', [...], false)
 5 SYSTEMPATH\Model.php(330): CodeIgniter\Database\BaseBuilder->insert()
 6 SYSTEMPATH\BaseModel.php(782): CodeIgniter\Model->doInsert([...])
 7 SYSTEMPATH\Model.php(730): CodeIgniter\BaseModel->insert([...], true)
 8 APPPATH\Models\User.php(24): CodeIgniter\Model->insert([...])
 9 APPPATH\Controllers\Login.php(98): App\Models\User->saveuser([...])
10 SYSTEMPATH\CodeIgniter.php(934): App\Controllers\Login->add()
11 SYSTEMPATH\CodeIgniter.php(499): CodeIgniter\CodeIgniter->runController(Object(App\Controllers\Login))
12 SYSTEMPATH\CodeIgniter.php(368): CodeIgniter\CodeIgniter->handleRequest(null, Object(Config\Cache), false)
13 FCPATH\index.php(67): CodeIgniter\CodeIgniter->run()
14 SYSTEMPATH\Commands\Server\rewrite.php(47): require_once('D:\\TUGAS\\KULIAH\\P2MW\\hehe\\gohitfinal\\public\\index.php')
ERROR - 2025-07-17 08:08:36 --> mysqli_sql_exception: Table 'gohit.user' doesn't exist in D:\TUGAS\KULIAH\P2MW\hehe\gohitfinal\system\Database\MySQLi\Connection.php:295
Stack trace:
#0 D:\TUGAS\KULIAH\P2MW\hehe\gohitfinal\system\Database\MySQLi\Connection.php(295): mysqli->query('INSERT INTO `us...', 0)
#1 D:\TUGAS\KULIAH\P2MW\hehe\gohitfinal\system\Database\BaseConnection.php(691): CodeIgniter\Database\MySQLi\Connection->execute('INSERT INTO `us...')
#2 D:\TUGAS\KULIAH\P2MW\hehe\gohitfinal\system\Database\BaseConnection.php(605): CodeIgniter\Database\BaseConnection->simpleQuery('INSERT INTO `us...')
#3 D:\TUGAS\KULIAH\P2MW\hehe\gohitfinal\system\Database\BaseBuilder.php(2309): CodeIgniter\Database\BaseConnection->query('INSERT INTO `us...', Array, false)
#4 D:\TUGAS\KULIAH\P2MW\hehe\gohitfinal\system\Model.php(330): CodeIgniter\Database\BaseBuilder->insert()
#5 D:\TUGAS\KULIAH\P2MW\hehe\gohitfinal\system\BaseModel.php(782): CodeIgniter\Model->doInsert(Array)
#6 D:\TUGAS\KULIAH\P2MW\hehe\gohitfinal\system\Model.php(730): CodeIgniter\BaseModel->insert(Array, true)
#7 D:\TUGAS\KULIAH\P2MW\hehe\gohitfinal\app\Models\User.php(24): CodeIgniter\Model->insert(Array)
#8 D:\TUGAS\KULIAH\P2MW\hehe\gohitfinal\app\Controllers\Login.php(98): App\Models\User->saveuser(Array)
#9 D:\TUGAS\KULIAH\P2MW\hehe\gohitfinal\system\CodeIgniter.php(934): App\Controllers\Login->add()
#10 D:\TUGAS\KULIAH\P2MW\hehe\gohitfinal\system\CodeIgniter.php(499): CodeIgniter\CodeIgniter->runController(Object(App\Controllers\Login))
#11 D:\TUGAS\KULIAH\P2MW\hehe\gohitfinal\system\CodeIgniter.php(368): CodeIgniter\CodeIgniter->handleRequest(NULL, Object(Config\Cache), false)
#12 D:\TUGAS\KULIAH\P2MW\hehe\gohitfinal\public\index.php(67): CodeIgniter\CodeIgniter->run()
#13 D:\TUGAS\KULIAH\P2MW\hehe\gohitfinal\system\Commands\Server\rewrite.php(47): require_once('D:\\TUGAS\\KULIAH...')
#14 {main}
CRITICAL - 2025-07-17 08:08:36 --> Table 'gohit.user' doesn't exist
in SYSTEMPATH\Database\MySQLi\Connection.php on line 295.
 1 SYSTEMPATH\Database\MySQLi\Connection.php(295): mysqli->query('INSERT INTO `user` (`id_user`, `nama`, `email`, `password`, `jenis`, `sub`) VALUES (\'6878af84343d7\', \'w\', \'v@gmail.com\', \'w\', \'1\', \'1\')', 0)
 2 SYSTEMPATH\Database\BaseConnection.php(691): CodeIgniter\Database\MySQLi\Connection->execute('INSERT INTO `user` (`id_user`, `nama`, `email`, `password`, `jenis`, `sub`) VALUES (\'6878af84343d7\', \'w\', \'v@gmail.com\', \'w\', \'1\', \'1\')')
 3 SYSTEMPATH\Database\BaseConnection.php(605): CodeIgniter\Database\BaseConnection->simpleQuery('INSERT INTO `user` (`id_user`, `nama`, `email`, `password`, `jenis`, `sub`) VALUES (\'6878af84343d7\', \'w\', \'v@gmail.com\', \'w\', \'1\', \'1\')')
 4 SYSTEMPATH\Database\BaseBuilder.php(2309): CodeIgniter\Database\BaseConnection->query('INSERT INTO `user` (`id_user`, `nama`, `email`, `password`, `jenis`, `sub`) VALUES (:id_user:, :nama:, :email:, :password:, :jenis:, :sub:)', [...], false)
 5 SYSTEMPATH\Model.php(330): CodeIgniter\Database\BaseBuilder->insert()
 6 SYSTEMPATH\BaseModel.php(782): CodeIgniter\Model->doInsert([...])
 7 SYSTEMPATH\Model.php(730): CodeIgniter\BaseModel->insert([...], true)
 8 APPPATH\Models\User.php(24): CodeIgniter\Model->insert([...])
 9 APPPATH\Controllers\Login.php(98): App\Models\User->saveuser([...])
10 SYSTEMPATH\CodeIgniter.php(934): App\Controllers\Login->add()
11 SYSTEMPATH\CodeIgniter.php(499): CodeIgniter\CodeIgniter->runController(Object(App\Controllers\Login))
12 SYSTEMPATH\CodeIgniter.php(368): CodeIgniter\CodeIgniter->handleRequest(null, Object(Config\Cache), false)
13 FCPATH\index.php(67): CodeIgniter\CodeIgniter->run()
14 SYSTEMPATH\Commands\Server\rewrite.php(47): require_once('D:\\TUGAS\\KULIAH\\P2MW\\hehe\\gohitfinal\\public\\index.php')
ERROR - 2025-07-17 08:09:22 --> mysqli_sql_exception: Unknown column 'id_user' in 'field list' in D:\TUGAS\KULIAH\P2MW\hehe\gohitfinal\system\Database\MySQLi\Connection.php:295
Stack trace:
#0 D:\TUGAS\KULIAH\P2MW\hehe\gohitfinal\system\Database\MySQLi\Connection.php(295): mysqli->query('INSERT INTO `us...', 0)
#1 D:\TUGAS\KULIAH\P2MW\hehe\gohitfinal\system\Database\BaseConnection.php(691): CodeIgniter\Database\MySQLi\Connection->execute('INSERT INTO `us...')
#2 D:\TUGAS\KULIAH\P2MW\hehe\gohitfinal\system\Database\BaseConnection.php(605): CodeIgniter\Database\BaseConnection->simpleQuery('INSERT INTO `us...')
#3 D:\TUGAS\KULIAH\P2MW\hehe\gohitfinal\system\Database\BaseBuilder.php(2309): CodeIgniter\Database\BaseConnection->query('INSERT INTO `us...', Array, false)
#4 D:\TUGAS\KULIAH\P2MW\hehe\gohitfinal\system\Model.php(330): CodeIgniter\Database\BaseBuilder->insert()
#5 D:\TUGAS\KULIAH\P2MW\hehe\gohitfinal\system\BaseModel.php(782): CodeIgniter\Model->doInsert(Array)
#6 D:\TUGAS\KULIAH\P2MW\hehe\gohitfinal\system\Model.php(730): CodeIgniter\BaseModel->insert(Array, true)
#7 D:\TUGAS\KULIAH\P2MW\hehe\gohitfinal\app\Models\User.php(24): CodeIgniter\Model->insert(Array)
#8 D:\TUGAS\KULIAH\P2MW\hehe\gohitfinal\app\Controllers\Login.php(98): App\Models\User->saveuser(Array)
#9 D:\TUGAS\KULIAH\P2MW\hehe\gohitfinal\system\CodeIgniter.php(934): App\Controllers\Login->add()
#10 D:\TUGAS\KULIAH\P2MW\hehe\gohitfinal\system\CodeIgniter.php(499): CodeIgniter\CodeIgniter->runController(Object(App\Controllers\Login))
#11 D:\TUGAS\KULIAH\P2MW\hehe\gohitfinal\system\CodeIgniter.php(368): CodeIgniter\CodeIgniter->handleRequest(NULL, Object(Config\Cache), false)
#12 D:\TUGAS\KULIAH\P2MW\hehe\gohitfinal\public\index.php(67): CodeIgniter\CodeIgniter->run()
#13 D:\TUGAS\KULIAH\P2MW\hehe\gohitfinal\system\Commands\Server\rewrite.php(47): require_once('D:\\TUGAS\\KULIAH...')
#14 {main}
CRITICAL - 2025-07-17 08:09:22 --> Unknown column 'id_user' in 'field list'
in SYSTEMPATH\Database\MySQLi\Connection.php on line 295.
 1 SYSTEMPATH\Database\MySQLi\Connection.php(295): mysqli->query('INSERT INTO `user` (`id_user`, `nama`, `email`, `password`, `jenis`, `sub`) VALUES (\'6878afb24cbaf\', \'w\', \'v@gmail.com\', \'w\', \'1\', \'1\')', 0)
 2 SYSTEMPATH\Database\BaseConnection.php(691): CodeIgniter\Database\MySQLi\Connection->execute('INSERT INTO `user` (`id_user`, `nama`, `email`, `password`, `jenis`, `sub`) VALUES (\'6878afb24cbaf\', \'w\', \'v@gmail.com\', \'w\', \'1\', \'1\')')
 3 SYSTEMPATH\Database\BaseConnection.php(605): CodeIgniter\Database\BaseConnection->simpleQuery('INSERT INTO `user` (`id_user`, `nama`, `email`, `password`, `jenis`, `sub`) VALUES (\'6878afb24cbaf\', \'w\', \'v@gmail.com\', \'w\', \'1\', \'1\')')
 4 SYSTEMPATH\Database\BaseBuilder.php(2309): CodeIgniter\Database\BaseConnection->query('INSERT INTO `user` (`id_user`, `nama`, `email`, `password`, `jenis`, `sub`) VALUES (:id_user:, :nama:, :email:, :password:, :jenis:, :sub:)', [...], false)
 5 SYSTEMPATH\Model.php(330): CodeIgniter\Database\BaseBuilder->insert()
 6 SYSTEMPATH\BaseModel.php(782): CodeIgniter\Model->doInsert([...])
 7 SYSTEMPATH\Model.php(730): CodeIgniter\BaseModel->insert([...], true)
 8 APPPATH\Models\User.php(24): CodeIgniter\Model->insert([...])
 9 APPPATH\Controllers\Login.php(98): App\Models\User->saveuser([...])
10 SYSTEMPATH\CodeIgniter.php(934): App\Controllers\Login->add()
11 SYSTEMPATH\CodeIgniter.php(499): CodeIgniter\CodeIgniter->runController(Object(App\Controllers\Login))
12 SYSTEMPATH\CodeIgniter.php(368): CodeIgniter\CodeIgniter->handleRequest(null, Object(Config\Cache), false)
13 FCPATH\index.php(67): CodeIgniter\CodeIgniter->run()
14 SYSTEMPATH\Commands\Server\rewrite.php(47): require_once('D:\\TUGAS\\KULIAH\\P2MW\\hehe\\gohitfinal\\public\\index.php')
ERROR - 2025-07-17 08:10:02 --> mysqli_sql_exception: Unknown column 'id_user' in 'field list' in D:\TUGAS\KULIAH\P2MW\hehe\gohitfinal\system\Database\MySQLi\Connection.php:295
Stack trace:
#0 D:\TUGAS\KULIAH\P2MW\hehe\gohitfinal\system\Database\MySQLi\Connection.php(295): mysqli->query('INSERT INTO `us...', 0)
#1 D:\TUGAS\KULIAH\P2MW\hehe\gohitfinal\system\Database\BaseConnection.php(691): CodeIgniter\Database\MySQLi\Connection->execute('INSERT INTO `us...')
#2 D:\TUGAS\KULIAH\P2MW\hehe\gohitfinal\system\Database\BaseConnection.php(605): CodeIgniter\Database\BaseConnection->simpleQuery('INSERT INTO `us...')
#3 D:\TUGAS\KULIAH\P2MW\hehe\gohitfinal\system\Database\BaseBuilder.php(2309): CodeIgniter\Database\BaseConnection->query('INSERT INTO `us...', Array, false)
#4 D:\TUGAS\KULIAH\P2MW\hehe\gohitfinal\system\Model.php(330): CodeIgniter\Database\BaseBuilder->insert()
#5 D:\TUGAS\KULIAH\P2MW\hehe\gohitfinal\system\BaseModel.php(782): CodeIgniter\Model->doInsert(Array)
#6 D:\TUGAS\KULIAH\P2MW\hehe\gohitfinal\system\Model.php(730): CodeIgniter\BaseModel->insert(Array, true)
#7 D:\TUGAS\KULIAH\P2MW\hehe\gohitfinal\app\Models\User.php(24): CodeIgniter\Model->insert(Array)
#8 D:\TUGAS\KULIAH\P2MW\hehe\gohitfinal\app\Controllers\Login.php(98): App\Models\User->saveuser(Array)
#9 D:\TUGAS\KULIAH\P2MW\hehe\gohitfinal\system\CodeIgniter.php(934): App\Controllers\Login->add()
#10 D:\TUGAS\KULIAH\P2MW\hehe\gohitfinal\system\CodeIgniter.php(499): CodeIgniter\CodeIgniter->runController(Object(App\Controllers\Login))
#11 D:\TUGAS\KULIAH\P2MW\hehe\gohitfinal\system\CodeIgniter.php(368): CodeIgniter\CodeIgniter->handleRequest(NULL, Object(Config\Cache), false)
#12 D:\TUGAS\KULIAH\P2MW\hehe\gohitfinal\public\index.php(67): CodeIgniter\CodeIgniter->run()
#13 D:\TUGAS\KULIAH\P2MW\hehe\gohitfinal\system\Commands\Server\rewrite.php(47): require_once('D:\\TUGAS\\KULIAH...')
#14 {main}
CRITICAL - 2025-07-17 08:10:02 --> Unknown column 'id_user' in 'field list'
in SYSTEMPATH\Database\MySQLi\Connection.php on line 295.
 1 SYSTEMPATH\Database\MySQLi\Connection.php(295): mysqli->query('INSERT INTO `user` (`id_user`, `nama`, `email`, `password`, `jenis`, `sub`) VALUES (\'6878afdacb6e8\', \'w\', \'v@gmail.com\', \'w\', \'1\', \'1\')', 0)
 2 SYSTEMPATH\Database\BaseConnection.php(691): CodeIgniter\Database\MySQLi\Connection->execute('INSERT INTO `user` (`id_user`, `nama`, `email`, `password`, `jenis`, `sub`) VALUES (\'6878afdacb6e8\', \'w\', \'v@gmail.com\', \'w\', \'1\', \'1\')')
 3 SYSTEMPATH\Database\BaseConnection.php(605): CodeIgniter\Database\BaseConnection->simpleQuery('INSERT INTO `user` (`id_user`, `nama`, `email`, `password`, `jenis`, `sub`) VALUES (\'6878afdacb6e8\', \'w\', \'v@gmail.com\', \'w\', \'1\', \'1\')')
 4 SYSTEMPATH\Database\BaseBuilder.php(2309): CodeIgniter\Database\BaseConnection->query('INSERT INTO `user` (`id_user`, `nama`, `email`, `password`, `jenis`, `sub`) VALUES (:id_user:, :nama:, :email:, :password:, :jenis:, :sub:)', [...], false)
 5 SYSTEMPATH\Model.php(330): CodeIgniter\Database\BaseBuilder->insert()
 6 SYSTEMPATH\BaseModel.php(782): CodeIgniter\Model->doInsert([...])
 7 SYSTEMPATH\Model.php(730): CodeIgniter\BaseModel->insert([...], true)
 8 APPPATH\Models\User.php(24): CodeIgniter\Model->insert([...])
 9 APPPATH\Controllers\Login.php(98): App\Models\User->saveuser([...])
10 SYSTEMPATH\CodeIgniter.php(934): App\Controllers\Login->add()
11 SYSTEMPATH\CodeIgniter.php(499): CodeIgniter\CodeIgniter->runController(Object(App\Controllers\Login))
12 SYSTEMPATH\CodeIgniter.php(368): CodeIgniter\CodeIgniter->handleRequest(null, Object(Config\Cache), false)
13 FCPATH\index.php(67): CodeIgniter\CodeIgniter->run()
14 SYSTEMPATH\Commands\Server\rewrite.php(47): require_once('D:\\TUGAS\\KULIAH\\P2MW\\hehe\\gohitfinal\\public\\index.php')
ERROR - 2025-07-17 08:10:05 --> mysqli_sql_exception: Unknown column 'id_user' in 'field list' in D:\TUGAS\KULIAH\P2MW\hehe\gohitfinal\system\Database\MySQLi\Connection.php:295
Stack trace:
#0 D:\TUGAS\KULIAH\P2MW\hehe\gohitfinal\system\Database\MySQLi\Connection.php(295): mysqli->query('INSERT INTO `us...', 0)
#1 D:\TUGAS\KULIAH\P2MW\hehe\gohitfinal\system\Database\BaseConnection.php(691): CodeIgniter\Database\MySQLi\Connection->execute('INSERT INTO `us...')
#2 D:\TUGAS\KULIAH\P2MW\hehe\gohitfinal\system\Database\BaseConnection.php(605): CodeIgniter\Database\BaseConnection->simpleQuery('INSERT INTO `us...')
#3 D:\TUGAS\KULIAH\P2MW\hehe\gohitfinal\system\Database\BaseBuilder.php(2309): CodeIgniter\Database\BaseConnection->query('INSERT INTO `us...', Array, false)
#4 D:\TUGAS\KULIAH\P2MW\hehe\gohitfinal\system\Model.php(330): CodeIgniter\Database\BaseBuilder->insert()
#5 D:\TUGAS\KULIAH\P2MW\hehe\gohitfinal\system\BaseModel.php(782): CodeIgniter\Model->doInsert(Array)
#6 D:\TUGAS\KULIAH\P2MW\hehe\gohitfinal\system\Model.php(730): CodeIgniter\BaseModel->insert(Array, true)
#7 D:\TUGAS\KULIAH\P2MW\hehe\gohitfinal\app\Models\User.php(24): CodeIgniter\Model->insert(Array)
#8 D:\TUGAS\KULIAH\P2MW\hehe\gohitfinal\app\Controllers\Login.php(98): App\Models\User->saveuser(Array)
#9 D:\TUGAS\KULIAH\P2MW\hehe\gohitfinal\system\CodeIgniter.php(934): App\Controllers\Login->add()
#10 D:\TUGAS\KULIAH\P2MW\hehe\gohitfinal\system\CodeIgniter.php(499): CodeIgniter\CodeIgniter->runController(Object(App\Controllers\Login))
#11 D:\TUGAS\KULIAH\P2MW\hehe\gohitfinal\system\CodeIgniter.php(368): CodeIgniter\CodeIgniter->handleRequest(NULL, Object(Config\Cache), false)
#12 D:\TUGAS\KULIAH\P2MW\hehe\gohitfinal\public\index.php(67): CodeIgniter\CodeIgniter->run()
#13 D:\TUGAS\KULIAH\P2MW\hehe\gohitfinal\system\Commands\Server\rewrite.php(47): require_once('D:\\TUGAS\\KULIAH...')
#14 {main}
CRITICAL - 2025-07-17 08:10:05 --> Unknown column 'id_user' in 'field list'
in SYSTEMPATH\Database\MySQLi\Connection.php on line 295.
 1 SYSTEMPATH\Database\MySQLi\Connection.php(295): mysqli->query('INSERT INTO `user` (`id_user`, `nama`, `email`, `password`, `jenis`, `sub`) VALUES (\'6878afddd57c9\', \'w\', \'v@gmail.com\', \'w\', \'1\', \'1\')', 0)
 2 SYSTEMPATH\Database\BaseConnection.php(691): CodeIgniter\Database\MySQLi\Connection->execute('INSERT INTO `user` (`id_user`, `nama`, `email`, `password`, `jenis`, `sub`) VALUES (\'6878afddd57c9\', \'w\', \'v@gmail.com\', \'w\', \'1\', \'1\')')
 3 SYSTEMPATH\Database\BaseConnection.php(605): CodeIgniter\Database\BaseConnection->simpleQuery('INSERT INTO `user` (`id_user`, `nama`, `email`, `password`, `jenis`, `sub`) VALUES (\'6878afddd57c9\', \'w\', \'v@gmail.com\', \'w\', \'1\', \'1\')')
 4 SYSTEMPATH\Database\BaseBuilder.php(2309): CodeIgniter\Database\BaseConnection->query('INSERT INTO `user` (`id_user`, `nama`, `email`, `password`, `jenis`, `sub`) VALUES (:id_user:, :nama:, :email:, :password:, :jenis:, :sub:)', [...], false)
 5 SYSTEMPATH\Model.php(330): CodeIgniter\Database\BaseBuilder->insert()
 6 SYSTEMPATH\BaseModel.php(782): CodeIgniter\Model->doInsert([...])
 7 SYSTEMPATH\Model.php(730): CodeIgniter\BaseModel->insert([...], true)
 8 APPPATH\Models\User.php(24): CodeIgniter\Model->insert([...])
 9 APPPATH\Controllers\Login.php(98): App\Models\User->saveuser([...])
10 SYSTEMPATH\CodeIgniter.php(934): App\Controllers\Login->add()
11 SYSTEMPATH\CodeIgniter.php(499): CodeIgniter\CodeIgniter->runController(Object(App\Controllers\Login))
12 SYSTEMPATH\CodeIgniter.php(368): CodeIgniter\CodeIgniter->handleRequest(null, Object(Config\Cache), false)
13 FCPATH\index.php(67): CodeIgniter\CodeIgniter->run()
14 SYSTEMPATH\Commands\Server\rewrite.php(47): require_once('D:\\TUGAS\\KULIAH\\P2MW\\hehe\\gohitfinal\\public\\index.php')
ERROR - 2025-07-17 08:11:50 --> mysqli_sql_exception: Unknown column 'id_user' in 'field list' in D:\TUGAS\KULIAH\P2MW\hehe\gohitfinal\system\Database\MySQLi\Connection.php:295
Stack trace:
#0 D:\TUGAS\KULIAH\P2MW\hehe\gohitfinal\system\Database\MySQLi\Connection.php(295): mysqli->query('INSERT INTO `us...', 0)
#1 D:\TUGAS\KULIAH\P2MW\hehe\gohitfinal\system\Database\BaseConnection.php(691): CodeIgniter\Database\MySQLi\Connection->execute('INSERT INTO `us...')
#2 D:\TUGAS\KULIAH\P2MW\hehe\gohitfinal\system\Database\BaseConnection.php(605): CodeIgniter\Database\BaseConnection->simpleQuery('INSERT INTO `us...')
#3 D:\TUGAS\KULIAH\P2MW\hehe\gohitfinal\system\Database\BaseBuilder.php(2309): CodeIgniter\Database\BaseConnection->query('INSERT INTO `us...', Array, false)
#4 D:\TUGAS\KULIAH\P2MW\hehe\gohitfinal\system\Model.php(330): CodeIgniter\Database\BaseBuilder->insert()
#5 D:\TUGAS\KULIAH\P2MW\hehe\gohitfinal\system\BaseModel.php(782): CodeIgniter\Model->doInsert(Array)
#6 D:\TUGAS\KULIAH\P2MW\hehe\gohitfinal\system\Model.php(730): CodeIgniter\BaseModel->insert(Array, true)
#7 D:\TUGAS\KULIAH\P2MW\hehe\gohitfinal\app\Models\User.php(24): CodeIgniter\Model->insert(Array)
#8 D:\TUGAS\KULIAH\P2MW\hehe\gohitfinal\app\Controllers\Login.php(97): App\Models\User->saveuser(Array)
#9 D:\TUGAS\KULIAH\P2MW\hehe\gohitfinal\system\CodeIgniter.php(934): App\Controllers\Login->add()
#10 D:\TUGAS\KULIAH\P2MW\hehe\gohitfinal\system\CodeIgniter.php(499): CodeIgniter\CodeIgniter->runController(Object(App\Controllers\Login))
#11 D:\TUGAS\KULIAH\P2MW\hehe\gohitfinal\system\CodeIgniter.php(368): CodeIgniter\CodeIgniter->handleRequest(NULL, Object(Config\Cache), false)
#12 D:\TUGAS\KULIAH\P2MW\hehe\gohitfinal\public\index.php(67): CodeIgniter\CodeIgniter->run()
#13 D:\TUGAS\KULIAH\P2MW\hehe\gohitfinal\system\Commands\Server\rewrite.php(47): require_once('D:\\TUGAS\\KULIAH...')
#14 {main}
CRITICAL - 2025-07-17 08:11:50 --> Unknown column 'id_user' in 'field list'
in SYSTEMPATH\Database\MySQLi\Connection.php on line 295.
 1 SYSTEMPATH\Database\MySQLi\Connection.php(295): mysqli->query('INSERT INTO `user` (`nama`, `email`, `password`, `jenis`, `sub`) VALUES (\'w\', \'v@gmail.com\', \'w\', \'1\', \'1\')', 0)
 2 SYSTEMPATH\Database\BaseConnection.php(691): CodeIgniter\Database\MySQLi\Connection->execute('INSERT INTO `user` (`nama`, `email`, `password`, `jenis`, `sub`) VALUES (\'w\', \'v@gmail.com\', \'w\', \'1\', \'1\')')
 3 SYSTEMPATH\Database\BaseConnection.php(605): CodeIgniter\Database\BaseConnection->simpleQuery('INSERT INTO `user` (`nama`, `email`, `password`, `jenis`, `sub`) VALUES (\'w\', \'v@gmail.com\', \'w\', \'1\', \'1\')')
 4 SYSTEMPATH\Database\BaseBuilder.php(2309): CodeIgniter\Database\BaseConnection->query('INSERT INTO `user` (`nama`, `email`, `password`, `jenis`, `sub`) VALUES (:nama:, :email:, :password:, :jenis:, :sub:)', [...], false)
 5 SYSTEMPATH\Model.php(330): CodeIgniter\Database\BaseBuilder->insert()
 6 SYSTEMPATH\BaseModel.php(782): CodeIgniter\Model->doInsert([...])
 7 SYSTEMPATH\Model.php(730): CodeIgniter\BaseModel->insert([...], true)
 8 APPPATH\Models\User.php(24): CodeIgniter\Model->insert([...])
 9 APPPATH\Controllers\Login.php(97): App\Models\User->saveuser([...])
10 SYSTEMPATH\CodeIgniter.php(934): App\Controllers\Login->add()
11 SYSTEMPATH\CodeIgniter.php(499): CodeIgniter\CodeIgniter->runController(Object(App\Controllers\Login))
12 SYSTEMPATH\CodeIgniter.php(368): CodeIgniter\CodeIgniter->handleRequest(null, Object(Config\Cache), false)
13 FCPATH\index.php(67): CodeIgniter\CodeIgniter->run()
14 SYSTEMPATH\Commands\Server\rewrite.php(47): require_once('D:\\TUGAS\\KULIAH\\P2MW\\hehe\\gohitfinal\\public\\index.php')
ERROR - 2025-07-17 08:11:52 --> mysqli_sql_exception: Unknown column 'id_user' in 'field list' in D:\TUGAS\KULIAH\P2MW\hehe\gohitfinal\system\Database\MySQLi\Connection.php:295
Stack trace:
#0 D:\TUGAS\KULIAH\P2MW\hehe\gohitfinal\system\Database\MySQLi\Connection.php(295): mysqli->query('INSERT INTO `us...', 0)
#1 D:\TUGAS\KULIAH\P2MW\hehe\gohitfinal\system\Database\BaseConnection.php(691): CodeIgniter\Database\MySQLi\Connection->execute('INSERT INTO `us...')
#2 D:\TUGAS\KULIAH\P2MW\hehe\gohitfinal\system\Database\BaseConnection.php(605): CodeIgniter\Database\BaseConnection->simpleQuery('INSERT INTO `us...')
#3 D:\TUGAS\KULIAH\P2MW\hehe\gohitfinal\system\Database\BaseBuilder.php(2309): CodeIgniter\Database\BaseConnection->query('INSERT INTO `us...', Array, false)
#4 D:\TUGAS\KULIAH\P2MW\hehe\gohitfinal\system\Model.php(330): CodeIgniter\Database\BaseBuilder->insert()
#5 D:\TUGAS\KULIAH\P2MW\hehe\gohitfinal\system\BaseModel.php(782): CodeIgniter\Model->doInsert(Array)
#6 D:\TUGAS\KULIAH\P2MW\hehe\gohitfinal\system\Model.php(730): CodeIgniter\BaseModel->insert(Array, true)
#7 D:\TUGAS\KULIAH\P2MW\hehe\gohitfinal\app\Models\User.php(24): CodeIgniter\Model->insert(Array)
#8 D:\TUGAS\KULIAH\P2MW\hehe\gohitfinal\app\Controllers\Login.php(97): App\Models\User->saveuser(Array)
#9 D:\TUGAS\KULIAH\P2MW\hehe\gohitfinal\system\CodeIgniter.php(934): App\Controllers\Login->add()
#10 D:\TUGAS\KULIAH\P2MW\hehe\gohitfinal\system\CodeIgniter.php(499): CodeIgniter\CodeIgniter->runController(Object(App\Controllers\Login))
#11 D:\TUGAS\KULIAH\P2MW\hehe\gohitfinal\system\CodeIgniter.php(368): CodeIgniter\CodeIgniter->handleRequest(NULL, Object(Config\Cache), false)
#12 D:\TUGAS\KULIAH\P2MW\hehe\gohitfinal\public\index.php(67): CodeIgniter\CodeIgniter->run()
#13 D:\TUGAS\KULIAH\P2MW\hehe\gohitfinal\system\Commands\Server\rewrite.php(47): require_once('D:\\TUGAS\\KULIAH...')
#14 {main}
CRITICAL - 2025-07-17 08:11:52 --> Unknown column 'id_user' in 'field list'
in SYSTEMPATH\Database\MySQLi\Connection.php on line 295.
 1 SYSTEMPATH\Database\MySQLi\Connection.php(295): mysqli->query('INSERT INTO `user` (`nama`, `email`, `password`, `jenis`, `sub`) VALUES (\'w\', \'v@gmail.com\', \'w\', \'1\', \'1\')', 0)
 2 SYSTEMPATH\Database\BaseConnection.php(691): CodeIgniter\Database\MySQLi\Connection->execute('INSERT INTO `user` (`nama`, `email`, `password`, `jenis`, `sub`) VALUES (\'w\', \'v@gmail.com\', \'w\', \'1\', \'1\')')
 3 SYSTEMPATH\Database\BaseConnection.php(605): CodeIgniter\Database\BaseConnection->simpleQuery('INSERT INTO `user` (`nama`, `email`, `password`, `jenis`, `sub`) VALUES (\'w\', \'v@gmail.com\', \'w\', \'1\', \'1\')')
 4 SYSTEMPATH\Database\BaseBuilder.php(2309): CodeIgniter\Database\BaseConnection->query('INSERT INTO `user` (`nama`, `email`, `password`, `jenis`, `sub`) VALUES (:nama:, :email:, :password:, :jenis:, :sub:)', [...], false)
 5 SYSTEMPATH\Model.php(330): CodeIgniter\Database\BaseBuilder->insert()
 6 SYSTEMPATH\BaseModel.php(782): CodeIgniter\Model->doInsert([...])
 7 SYSTEMPATH\Model.php(730): CodeIgniter\BaseModel->insert([...], true)
 8 APPPATH\Models\User.php(24): CodeIgniter\Model->insert([...])
 9 APPPATH\Controllers\Login.php(97): App\Models\User->saveuser([...])
10 SYSTEMPATH\CodeIgniter.php(934): App\Controllers\Login->add()
11 SYSTEMPATH\CodeIgniter.php(499): CodeIgniter\CodeIgniter->runController(Object(App\Controllers\Login))
12 SYSTEMPATH\CodeIgniter.php(368): CodeIgniter\CodeIgniter->handleRequest(null, Object(Config\Cache), false)
13 FCPATH\index.php(67): CodeIgniter\CodeIgniter->run()
14 SYSTEMPATH\Commands\Server\rewrite.php(47): require_once('D:\\TUGAS\\KULIAH\\P2MW\\hehe\\gohitfinal\\public\\index.php')
ERROR - 2025-07-17 08:11:55 --> mysqli_sql_exception: Unknown column 'id_user' in 'field list' in D:\TUGAS\KULIAH\P2MW\hehe\gohitfinal\system\Database\MySQLi\Connection.php:295
Stack trace:
#0 D:\TUGAS\KULIAH\P2MW\hehe\gohitfinal\system\Database\MySQLi\Connection.php(295): mysqli->query('INSERT INTO `us...', 0)
#1 D:\TUGAS\KULIAH\P2MW\hehe\gohitfinal\system\Database\BaseConnection.php(691): CodeIgniter\Database\MySQLi\Connection->execute('INSERT INTO `us...')
#2 D:\TUGAS\KULIAH\P2MW\hehe\gohitfinal\system\Database\BaseConnection.php(605): CodeIgniter\Database\BaseConnection->simpleQuery('INSERT INTO `us...')
#3 D:\TUGAS\KULIAH\P2MW\hehe\gohitfinal\system\Database\BaseBuilder.php(2309): CodeIgniter\Database\BaseConnection->query('INSERT INTO `us...', Array, false)
#4 D:\TUGAS\KULIAH\P2MW\hehe\gohitfinal\system\Model.php(330): CodeIgniter\Database\BaseBuilder->insert()
#5 D:\TUGAS\KULIAH\P2MW\hehe\gohitfinal\system\BaseModel.php(782): CodeIgniter\Model->doInsert(Array)
#6 D:\TUGAS\KULIAH\P2MW\hehe\gohitfinal\system\Model.php(730): CodeIgniter\BaseModel->insert(Array, true)
#7 D:\TUGAS\KULIAH\P2MW\hehe\gohitfinal\app\Models\User.php(24): CodeIgniter\Model->insert(Array)
#8 D:\TUGAS\KULIAH\P2MW\hehe\gohitfinal\app\Controllers\Login.php(97): App\Models\User->saveuser(Array)
#9 D:\TUGAS\KULIAH\P2MW\hehe\gohitfinal\system\CodeIgniter.php(934): App\Controllers\Login->add()
#10 D:\TUGAS\KULIAH\P2MW\hehe\gohitfinal\system\CodeIgniter.php(499): CodeIgniter\CodeIgniter->runController(Object(App\Controllers\Login))
#11 D:\TUGAS\KULIAH\P2MW\hehe\gohitfinal\system\CodeIgniter.php(368): CodeIgniter\CodeIgniter->handleRequest(NULL, Object(Config\Cache), false)
#12 D:\TUGAS\KULIAH\P2MW\hehe\gohitfinal\public\index.php(67): CodeIgniter\CodeIgniter->run()
#13 D:\TUGAS\KULIAH\P2MW\hehe\gohitfinal\system\Commands\Server\rewrite.php(47): require_once('D:\\TUGAS\\KULIAH...')
#14 {main}
CRITICAL - 2025-07-17 08:11:55 --> Unknown column 'id_user' in 'field list'
in SYSTEMPATH\Database\MySQLi\Connection.php on line 295.
 1 SYSTEMPATH\Database\MySQLi\Connection.php(295): mysqli->query('INSERT INTO `user` (`nama`, `email`, `password`, `jenis`, `sub`) VALUES (\'w\', \'v@gmail.com\', \'w\', \'1\', \'1\')', 0)
 2 SYSTEMPATH\Database\BaseConnection.php(691): CodeIgniter\Database\MySQLi\Connection->execute('INSERT INTO `user` (`nama`, `email`, `password`, `jenis`, `sub`) VALUES (\'w\', \'v@gmail.com\', \'w\', \'1\', \'1\')')
 3 SYSTEMPATH\Database\BaseConnection.php(605): CodeIgniter\Database\BaseConnection->simpleQuery('INSERT INTO `user` (`nama`, `email`, `password`, `jenis`, `sub`) VALUES (\'w\', \'v@gmail.com\', \'w\', \'1\', \'1\')')
 4 SYSTEMPATH\Database\BaseBuilder.php(2309): CodeIgniter\Database\BaseConnection->query('INSERT INTO `user` (`nama`, `email`, `password`, `jenis`, `sub`) VALUES (:nama:, :email:, :password:, :jenis:, :sub:)', [...], false)
 5 SYSTEMPATH\Model.php(330): CodeIgniter\Database\BaseBuilder->insert()
 6 SYSTEMPATH\BaseModel.php(782): CodeIgniter\Model->doInsert([...])
 7 SYSTEMPATH\Model.php(730): CodeIgniter\BaseModel->insert([...], true)
 8 APPPATH\Models\User.php(24): CodeIgniter\Model->insert([...])
 9 APPPATH\Controllers\Login.php(97): App\Models\User->saveuser([...])
10 SYSTEMPATH\CodeIgniter.php(934): App\Controllers\Login->add()
11 SYSTEMPATH\CodeIgniter.php(499): CodeIgniter\CodeIgniter->runController(Object(App\Controllers\Login))
12 SYSTEMPATH\CodeIgniter.php(368): CodeIgniter\CodeIgniter->handleRequest(null, Object(Config\Cache), false)
13 FCPATH\index.php(67): CodeIgniter\CodeIgniter->run()
14 SYSTEMPATH\Commands\Server\rewrite.php(47): require_once('D:\\TUGAS\\KULIAH\\P2MW\\hehe\\gohitfinal\\public\\index.php')
ERROR - 2025-07-17 08:12:08 --> mysqli_sql_exception: Unknown column 'id_user' in 'field list' in D:\TUGAS\KULIAH\P2MW\hehe\gohitfinal\system\Database\MySQLi\Connection.php:295
Stack trace:
#0 D:\TUGAS\KULIAH\P2MW\hehe\gohitfinal\system\Database\MySQLi\Connection.php(295): mysqli->query('INSERT INTO `us...', 0)
#1 D:\TUGAS\KULIAH\P2MW\hehe\gohitfinal\system\Database\BaseConnection.php(691): CodeIgniter\Database\MySQLi\Connection->execute('INSERT INTO `us...')
#2 D:\TUGAS\KULIAH\P2MW\hehe\gohitfinal\system\Database\BaseConnection.php(605): CodeIgniter\Database\BaseConnection->simpleQuery('INSERT INTO `us...')
#3 D:\TUGAS\KULIAH\P2MW\hehe\gohitfinal\system\Database\BaseBuilder.php(2309): CodeIgniter\Database\BaseConnection->query('INSERT INTO `us...', Array, false)
#4 D:\TUGAS\KULIAH\P2MW\hehe\gohitfinal\system\Model.php(330): CodeIgniter\Database\BaseBuilder->insert()
#5 D:\TUGAS\KULIAH\P2MW\hehe\gohitfinal\system\BaseModel.php(782): CodeIgniter\Model->doInsert(Array)
#6 D:\TUGAS\KULIAH\P2MW\hehe\gohitfinal\system\Model.php(730): CodeIgniter\BaseModel->insert(Array, true)
#7 D:\TUGAS\KULIAH\P2MW\hehe\gohitfinal\app\Models\User.php(24): CodeIgniter\Model->insert(Array)
#8 D:\TUGAS\KULIAH\P2MW\hehe\gohitfinal\app\Controllers\Login.php(97): App\Models\User->saveuser(Array)
#9 D:\TUGAS\KULIAH\P2MW\hehe\gohitfinal\system\CodeIgniter.php(934): App\Controllers\Login->add()
#10 D:\TUGAS\KULIAH\P2MW\hehe\gohitfinal\system\CodeIgniter.php(499): CodeIgniter\CodeIgniter->runController(Object(App\Controllers\Login))
#11 D:\TUGAS\KULIAH\P2MW\hehe\gohitfinal\system\CodeIgniter.php(368): CodeIgniter\CodeIgniter->handleRequest(NULL, Object(Config\Cache), false)
#12 D:\TUGAS\KULIAH\P2MW\hehe\gohitfinal\public\index.php(67): CodeIgniter\CodeIgniter->run()
#13 D:\TUGAS\KULIAH\P2MW\hehe\gohitfinal\system\Commands\Server\rewrite.php(47): require_once('D:\\TUGAS\\KULIAH...')
#14 {main}
CRITICAL - 2025-07-17 08:12:08 --> Unknown column 'id_user' in 'field list'
in SYSTEMPATH\Database\MySQLi\Connection.php on line 295.
 1 SYSTEMPATH\Database\MySQLi\Connection.php(295): mysqli->query('INSERT INTO `user` (`nama`, `email`, `password`, `jenis`, `sub`) VALUES (\'STIKI1\', \'v@gmail.com\', \'s\', \'1\', \'1\')', 0)
 2 SYSTEMPATH\Database\BaseConnection.php(691): CodeIgniter\Database\MySQLi\Connection->execute('INSERT INTO `user` (`nama`, `email`, `password`, `jenis`, `sub`) VALUES (\'STIKI1\', \'v@gmail.com\', \'s\', \'1\', \'1\')')
 3 SYSTEMPATH\Database\BaseConnection.php(605): CodeIgniter\Database\BaseConnection->simpleQuery('INSERT INTO `user` (`nama`, `email`, `password`, `jenis`, `sub`) VALUES (\'STIKI1\', \'v@gmail.com\', \'s\', \'1\', \'1\')')
 4 SYSTEMPATH\Database\BaseBuilder.php(2309): CodeIgniter\Database\BaseConnection->query('INSERT INTO `user` (`nama`, `email`, `password`, `jenis`, `sub`) VALUES (:nama:, :email:, :password:, :jenis:, :sub:)', [...], false)
 5 SYSTEMPATH\Model.php(330): CodeIgniter\Database\BaseBuilder->insert()
 6 SYSTEMPATH\BaseModel.php(782): CodeIgniter\Model->doInsert([...])
 7 SYSTEMPATH\Model.php(730): CodeIgniter\BaseModel->insert([...], true)
 8 APPPATH\Models\User.php(24): CodeIgniter\Model->insert([...])
 9 APPPATH\Controllers\Login.php(97): App\Models\User->saveuser([...])
10 SYSTEMPATH\CodeIgniter.php(934): App\Controllers\Login->add()
11 SYSTEMPATH\CodeIgniter.php(499): CodeIgniter\CodeIgniter->runController(Object(App\Controllers\Login))
12 SYSTEMPATH\CodeIgniter.php(368): CodeIgniter\CodeIgniter->handleRequest(null, Object(Config\Cache), false)
13 FCPATH\index.php(67): CodeIgniter\CodeIgniter->run()
14 SYSTEMPATH\Commands\Server\rewrite.php(47): require_once('D:\\TUGAS\\KULIAH\\P2MW\\hehe\\gohitfinal\\public\\index.php')
ERROR - 2025-07-17 08:12:35 --> mysqli_sql_exception: Unknown column 'id_user' in 'field list' in D:\TUGAS\KULIAH\P2MW\hehe\gohitfinal\system\Database\MySQLi\Connection.php:295
Stack trace:
#0 D:\TUGAS\KULIAH\P2MW\hehe\gohitfinal\system\Database\MySQLi\Connection.php(295): mysqli->query('INSERT INTO `us...', 0)
#1 D:\TUGAS\KULIAH\P2MW\hehe\gohitfinal\system\Database\BaseConnection.php(691): CodeIgniter\Database\MySQLi\Connection->execute('INSERT INTO `us...')
#2 D:\TUGAS\KULIAH\P2MW\hehe\gohitfinal\system\Database\BaseConnection.php(605): CodeIgniter\Database\BaseConnection->simpleQuery('INSERT INTO `us...')
#3 D:\TUGAS\KULIAH\P2MW\hehe\gohitfinal\system\Database\BaseBuilder.php(2309): CodeIgniter\Database\BaseConnection->query('INSERT INTO `us...', Array, false)
#4 D:\TUGAS\KULIAH\P2MW\hehe\gohitfinal\system\Model.php(330): CodeIgniter\Database\BaseBuilder->insert()
#5 D:\TUGAS\KULIAH\P2MW\hehe\gohitfinal\system\BaseModel.php(782): CodeIgniter\Model->doInsert(Array)
#6 D:\TUGAS\KULIAH\P2MW\hehe\gohitfinal\system\Model.php(730): CodeIgniter\BaseModel->insert(Array, true)
#7 D:\TUGAS\KULIAH\P2MW\hehe\gohitfinal\app\Models\User.php(24): CodeIgniter\Model->insert(Array)
#8 D:\TUGAS\KULIAH\P2MW\hehe\gohitfinal\app\Controllers\Login.php(97): App\Models\User->saveuser(Array)
#9 D:\TUGAS\KULIAH\P2MW\hehe\gohitfinal\system\CodeIgniter.php(934): App\Controllers\Login->add()
#10 D:\TUGAS\KULIAH\P2MW\hehe\gohitfinal\system\CodeIgniter.php(499): CodeIgniter\CodeIgniter->runController(Object(App\Controllers\Login))
#11 D:\TUGAS\KULIAH\P2MW\hehe\gohitfinal\system\CodeIgniter.php(368): CodeIgniter\CodeIgniter->handleRequest(NULL, Object(Config\Cache), false)
#12 D:\TUGAS\KULIAH\P2MW\hehe\gohitfinal\public\index.php(67): CodeIgniter\CodeIgniter->run()
#13 D:\TUGAS\KULIAH\P2MW\hehe\gohitfinal\system\Commands\Server\rewrite.php(47): require_once('D:\\TUGAS\\KULIAH...')
#14 {main}
CRITICAL - 2025-07-17 08:12:35 --> Unknown column 'id_user' in 'field list'
in SYSTEMPATH\Database\MySQLi\Connection.php on line 295.
 1 SYSTEMPATH\Database\MySQLi\Connection.php(295): mysqli->query('INSERT INTO `user` (`nama`, `email`, `password`, `jenis`, `sub`) VALUES (\'STIKI1\', \'v@gmail.com\', \'s\', \'1\', \'1\')', 0)
 2 SYSTEMPATH\Database\BaseConnection.php(691): CodeIgniter\Database\MySQLi\Connection->execute('INSERT INTO `user` (`nama`, `email`, `password`, `jenis`, `sub`) VALUES (\'STIKI1\', \'v@gmail.com\', \'s\', \'1\', \'1\')')
 3 SYSTEMPATH\Database\BaseConnection.php(605): CodeIgniter\Database\BaseConnection->simpleQuery('INSERT INTO `user` (`nama`, `email`, `password`, `jenis`, `sub`) VALUES (\'STIKI1\', \'v@gmail.com\', \'s\', \'1\', \'1\')')
 4 SYSTEMPATH\Database\BaseBuilder.php(2309): CodeIgniter\Database\BaseConnection->query('INSERT INTO `user` (`nama`, `email`, `password`, `jenis`, `sub`) VALUES (:nama:, :email:, :password:, :jenis:, :sub:)', [...], false)
 5 SYSTEMPATH\Model.php(330): CodeIgniter\Database\BaseBuilder->insert()
 6 SYSTEMPATH\BaseModel.php(782): CodeIgniter\Model->doInsert([...])
 7 SYSTEMPATH\Model.php(730): CodeIgniter\BaseModel->insert([...], true)
 8 APPPATH\Models\User.php(24): CodeIgniter\Model->insert([...])
 9 APPPATH\Controllers\Login.php(97): App\Models\User->saveuser([...])
10 SYSTEMPATH\CodeIgniter.php(934): App\Controllers\Login->add()
11 SYSTEMPATH\CodeIgniter.php(499): CodeIgniter\CodeIgniter->runController(Object(App\Controllers\Login))
12 SYSTEMPATH\CodeIgniter.php(368): CodeIgniter\CodeIgniter->handleRequest(null, Object(Config\Cache), false)
13 FCPATH\index.php(67): CodeIgniter\CodeIgniter->run()
14 SYSTEMPATH\Commands\Server\rewrite.php(47): require_once('D:\\TUGAS\\KULIAH\\P2MW\\hehe\\gohitfinal\\public\\index.php')
ERROR - 2025-07-17 08:13:28 --> mysqli_sql_exception: Table 'gohit.user' doesn't exist in D:\TUGAS\KULIAH\P2MW\hehe\gohitfinal\system\Database\MySQLi\Connection.php:295
Stack trace:
#0 D:\TUGAS\KULIAH\P2MW\hehe\gohitfinal\system\Database\MySQLi\Connection.php(295): mysqli->query('INSERT INTO `us...', 0)
#1 D:\TUGAS\KULIAH\P2MW\hehe\gohitfinal\system\Database\BaseConnection.php(691): CodeIgniter\Database\MySQLi\Connection->execute('INSERT INTO `us...')
#2 D:\TUGAS\KULIAH\P2MW\hehe\gohitfinal\system\Database\BaseConnection.php(605): CodeIgniter\Database\BaseConnection->simpleQuery('INSERT INTO `us...')
#3 D:\TUGAS\KULIAH\P2MW\hehe\gohitfinal\system\Database\BaseBuilder.php(2309): CodeIgniter\Database\BaseConnection->query('INSERT INTO `us...', Array, false)
#4 D:\TUGAS\KULIAH\P2MW\hehe\gohitfinal\system\Model.php(330): CodeIgniter\Database\BaseBuilder->insert()
#5 D:\TUGAS\KULIAH\P2MW\hehe\gohitfinal\system\BaseModel.php(782): CodeIgniter\Model->doInsert(Array)
#6 D:\TUGAS\KULIAH\P2MW\hehe\gohitfinal\system\Model.php(730): CodeIgniter\BaseModel->insert(Array, true)
#7 D:\TUGAS\KULIAH\P2MW\hehe\gohitfinal\app\Models\User.php(24): CodeIgniter\Model->insert(Array)
#8 D:\TUGAS\KULIAH\P2MW\hehe\gohitfinal\app\Controllers\Login.php(97): App\Models\User->saveuser(Array)
#9 D:\TUGAS\KULIAH\P2MW\hehe\gohitfinal\system\CodeIgniter.php(934): App\Controllers\Login->add()
#10 D:\TUGAS\KULIAH\P2MW\hehe\gohitfinal\system\CodeIgniter.php(499): CodeIgniter\CodeIgniter->runController(Object(App\Controllers\Login))
#11 D:\TUGAS\KULIAH\P2MW\hehe\gohitfinal\system\CodeIgniter.php(368): CodeIgniter\CodeIgniter->handleRequest(NULL, Object(Config\Cache), false)
#12 D:\TUGAS\KULIAH\P2MW\hehe\gohitfinal\public\index.php(67): CodeIgniter\CodeIgniter->run()
#13 D:\TUGAS\KULIAH\P2MW\hehe\gohitfinal\system\Commands\Server\rewrite.php(47): require_once('D:\\TUGAS\\KULIAH...')
#14 {main}
CRITICAL - 2025-07-17 08:13:28 --> Table 'gohit.user' doesn't exist
in SYSTEMPATH\Database\MySQLi\Connection.php on line 295.
 1 SYSTEMPATH\Database\MySQLi\Connection.php(295): mysqli->query('INSERT INTO `user` (`nama`, `email`, `password`, `jenis`, `sub`) VALUES (\'STIKI1\', \'v@gmail.com\', \'s\', \'1\', \'1\')', 0)
 2 SYSTEMPATH\Database\BaseConnection.php(691): CodeIgniter\Database\MySQLi\Connection->execute('INSERT INTO `user` (`nama`, `email`, `password`, `jenis`, `sub`) VALUES (\'STIKI1\', \'v@gmail.com\', \'s\', \'1\', \'1\')')
 3 SYSTEMPATH\Database\BaseConnection.php(605): CodeIgniter\Database\BaseConnection->simpleQuery('INSERT INTO `user` (`nama`, `email`, `password`, `jenis`, `sub`) VALUES (\'STIKI1\', \'v@gmail.com\', \'s\', \'1\', \'1\')')
 4 SYSTEMPATH\Database\BaseBuilder.php(2309): CodeIgniter\Database\BaseConnection->query('INSERT INTO `user` (`nama`, `email`, `password`, `jenis`, `sub`) VALUES (:nama:, :email:, :password:, :jenis:, :sub:)', [...], false)
 5 SYSTEMPATH\Model.php(330): CodeIgniter\Database\BaseBuilder->insert()
 6 SYSTEMPATH\BaseModel.php(782): CodeIgniter\Model->doInsert([...])
 7 SYSTEMPATH\Model.php(730): CodeIgniter\BaseModel->insert([...], true)
 8 APPPATH\Models\User.php(24): CodeIgniter\Model->insert([...])
 9 APPPATH\Controllers\Login.php(97): App\Models\User->saveuser([...])
10 SYSTEMPATH\CodeIgniter.php(934): App\Controllers\Login->add()
11 SYSTEMPATH\CodeIgniter.php(499): CodeIgniter\CodeIgniter->runController(Object(App\Controllers\Login))
12 SYSTEMPATH\CodeIgniter.php(368): CodeIgniter\CodeIgniter->handleRequest(null, Object(Config\Cache), false)
13 FCPATH\index.php(67): CodeIgniter\CodeIgniter->run()
14 SYSTEMPATH\Commands\Server\rewrite.php(47): require_once('D:\\TUGAS\\KULIAH\\P2MW\\hehe\\gohitfinal\\public\\index.php')
ERROR - 2025-07-17 08:13:52 --> mysqli_sql_exception: Table 'gohit.user' doesn't exist in D:\TUGAS\KULIAH\P2MW\hehe\gohitfinal\system\Database\MySQLi\Connection.php:295
Stack trace:
#0 D:\TUGAS\KULIAH\P2MW\hehe\gohitfinal\system\Database\MySQLi\Connection.php(295): mysqli->query('INSERT INTO `us...', 0)
#1 D:\TUGAS\KULIAH\P2MW\hehe\gohitfinal\system\Database\BaseConnection.php(691): CodeIgniter\Database\MySQLi\Connection->execute('INSERT INTO `us...')
#2 D:\TUGAS\KULIAH\P2MW\hehe\gohitfinal\system\Database\BaseConnection.php(605): CodeIgniter\Database\BaseConnection->simpleQuery('INSERT INTO `us...')
#3 D:\TUGAS\KULIAH\P2MW\hehe\gohitfinal\system\Database\BaseBuilder.php(2309): CodeIgniter\Database\BaseConnection->query('INSERT INTO `us...', Array, false)
#4 D:\TUGAS\KULIAH\P2MW\hehe\gohitfinal\system\Model.php(330): CodeIgniter\Database\BaseBuilder->insert()
#5 D:\TUGAS\KULIAH\P2MW\hehe\gohitfinal\system\BaseModel.php(782): CodeIgniter\Model->doInsert(Array)
#6 D:\TUGAS\KULIAH\P2MW\hehe\gohitfinal\system\Model.php(730): CodeIgniter\BaseModel->insert(Array, true)
#7 D:\TUGAS\KULIAH\P2MW\hehe\gohitfinal\app\Models\User.php(24): CodeIgniter\Model->insert(Array)
#8 D:\TUGAS\KULIAH\P2MW\hehe\gohitfinal\app\Controllers\Login.php(97): App\Models\User->saveuser(Array)
#9 D:\TUGAS\KULIAH\P2MW\hehe\gohitfinal\system\CodeIgniter.php(934): App\Controllers\Login->add()
#10 D:\TUGAS\KULIAH\P2MW\hehe\gohitfinal\system\CodeIgniter.php(499): CodeIgniter\CodeIgniter->runController(Object(App\Controllers\Login))
#11 D:\TUGAS\KULIAH\P2MW\hehe\gohitfinal\system\CodeIgniter.php(368): CodeIgniter\CodeIgniter->handleRequest(NULL, Object(Config\Cache), false)
#12 D:\TUGAS\KULIAH\P2MW\hehe\gohitfinal\public\index.php(67): CodeIgniter\CodeIgniter->run()
#13 D:\TUGAS\KULIAH\P2MW\hehe\gohitfinal\system\Commands\Server\rewrite.php(47): require_once('D:\\TUGAS\\KULIAH...')
#14 {main}
CRITICAL - 2025-07-17 08:13:52 --> Table 'gohit.user' doesn't exist
in SYSTEMPATH\Database\MySQLi\Connection.php on line 295.
 1 SYSTEMPATH\Database\MySQLi\Connection.php(295): mysqli->query('INSERT INTO `user` (`nama`, `email`, `password`, `jenis`, `sub`) VALUES (\'STIKI1\', \'v@gmail.com\', \'s\', \'1\', \'1\')', 0)
 2 SYSTEMPATH\Database\BaseConnection.php(691): CodeIgniter\Database\MySQLi\Connection->execute('INSERT INTO `user` (`nama`, `email`, `password`, `jenis`, `sub`) VALUES (\'STIKI1\', \'v@gmail.com\', \'s\', \'1\', \'1\')')
 3 SYSTEMPATH\Database\BaseConnection.php(605): CodeIgniter\Database\BaseConnection->simpleQuery('INSERT INTO `user` (`nama`, `email`, `password`, `jenis`, `sub`) VALUES (\'STIKI1\', \'v@gmail.com\', \'s\', \'1\', \'1\')')
 4 SYSTEMPATH\Database\BaseBuilder.php(2309): CodeIgniter\Database\BaseConnection->query('INSERT INTO `user` (`nama`, `email`, `password`, `jenis`, `sub`) VALUES (:nama:, :email:, :password:, :jenis:, :sub:)', [...], false)
 5 SYSTEMPATH\Model.php(330): CodeIgniter\Database\BaseBuilder->insert()
 6 SYSTEMPATH\BaseModel.php(782): CodeIgniter\Model->doInsert([...])
 7 SYSTEMPATH\Model.php(730): CodeIgniter\BaseModel->insert([...], true)
 8 APPPATH\Models\User.php(24): CodeIgniter\Model->insert([...])
 9 APPPATH\Controllers\Login.php(97): App\Models\User->saveuser([...])
10 SYSTEMPATH\CodeIgniter.php(934): App\Controllers\Login->add()
11 SYSTEMPATH\CodeIgniter.php(499): CodeIgniter\CodeIgniter->runController(Object(App\Controllers\Login))
12 SYSTEMPATH\CodeIgniter.php(368): CodeIgniter\CodeIgniter->handleRequest(null, Object(Config\Cache), false)
13 FCPATH\index.php(67): CodeIgniter\CodeIgniter->run()
14 SYSTEMPATH\Commands\Server\rewrite.php(47): require_once('D:\\TUGAS\\KULIAH\\P2MW\\hehe\\gohitfinal\\public\\index.php')
ERROR - 2025-07-17 08:14:50 --> mysqli_sql_exception: Unknown column 'id_user' in 'field list' in D:\TUGAS\KULIAH\P2MW\hehe\gohitfinal\system\Database\MySQLi\Connection.php:295
Stack trace:
#0 D:\TUGAS\KULIAH\P2MW\hehe\gohitfinal\system\Database\MySQLi\Connection.php(295): mysqli->query('INSERT INTO `us...', 0)
#1 D:\TUGAS\KULIAH\P2MW\hehe\gohitfinal\system\Database\BaseConnection.php(691): CodeIgniter\Database\MySQLi\Connection->execute('INSERT INTO `us...')
#2 D:\TUGAS\KULIAH\P2MW\hehe\gohitfinal\system\Database\BaseConnection.php(605): CodeIgniter\Database\BaseConnection->simpleQuery('INSERT INTO `us...')
#3 D:\TUGAS\KULIAH\P2MW\hehe\gohitfinal\system\Database\BaseBuilder.php(2309): CodeIgniter\Database\BaseConnection->query('INSERT INTO `us...', Array, false)
#4 D:\TUGAS\KULIAH\P2MW\hehe\gohitfinal\system\Model.php(330): CodeIgniter\Database\BaseBuilder->insert()
#5 D:\TUGAS\KULIAH\P2MW\hehe\gohitfinal\system\BaseModel.php(782): CodeIgniter\Model->doInsert(Array)
#6 D:\TUGAS\KULIAH\P2MW\hehe\gohitfinal\system\Model.php(730): CodeIgniter\BaseModel->insert(Array, true)
#7 D:\TUGAS\KULIAH\P2MW\hehe\gohitfinal\app\Models\User.php(24): CodeIgniter\Model->insert(Array)
#8 D:\TUGAS\KULIAH\P2MW\hehe\gohitfinal\app\Controllers\Login.php(97): App\Models\User->saveuser(Array)
#9 D:\TUGAS\KULIAH\P2MW\hehe\gohitfinal\system\CodeIgniter.php(934): App\Controllers\Login->add()
#10 D:\TUGAS\KULIAH\P2MW\hehe\gohitfinal\system\CodeIgniter.php(499): CodeIgniter\CodeIgniter->runController(Object(App\Controllers\Login))
#11 D:\TUGAS\KULIAH\P2MW\hehe\gohitfinal\system\CodeIgniter.php(368): CodeIgniter\CodeIgniter->handleRequest(NULL, Object(Config\Cache), false)
#12 D:\TUGAS\KULIAH\P2MW\hehe\gohitfinal\public\index.php(67): CodeIgniter\CodeIgniter->run()
#13 D:\TUGAS\KULIAH\P2MW\hehe\gohitfinal\system\Commands\Server\rewrite.php(47): require_once('D:\\TUGAS\\KULIAH...')
#14 {main}
CRITICAL - 2025-07-17 08:14:50 --> Unknown column 'id_user' in 'field list'
in SYSTEMPATH\Database\MySQLi\Connection.php on line 295.
 1 SYSTEMPATH\Database\MySQLi\Connection.php(295): mysqli->query('INSERT INTO `user` (`nama`, `email`, `password`, `jenis`, `sub`) VALUES (\'STIKI1\', \'v@gmail.com\', \'s\', \'1\', \'1\')', 0)
 2 SYSTEMPATH\Database\BaseConnection.php(691): CodeIgniter\Database\MySQLi\Connection->execute('INSERT INTO `user` (`nama`, `email`, `password`, `jenis`, `sub`) VALUES (\'STIKI1\', \'v@gmail.com\', \'s\', \'1\', \'1\')')
 3 SYSTEMPATH\Database\BaseConnection.php(605): CodeIgniter\Database\BaseConnection->simpleQuery('INSERT INTO `user` (`nama`, `email`, `password`, `jenis`, `sub`) VALUES (\'STIKI1\', \'v@gmail.com\', \'s\', \'1\', \'1\')')
 4 SYSTEMPATH\Database\BaseBuilder.php(2309): CodeIgniter\Database\BaseConnection->query('INSERT INTO `user` (`nama`, `email`, `password`, `jenis`, `sub`) VALUES (:nama:, :email:, :password:, :jenis:, :sub:)', [...], false)
 5 SYSTEMPATH\Model.php(330): CodeIgniter\Database\BaseBuilder->insert()
 6 SYSTEMPATH\BaseModel.php(782): CodeIgniter\Model->doInsert([...])
 7 SYSTEMPATH\Model.php(730): CodeIgniter\BaseModel->insert([...], true)
 8 APPPATH\Models\User.php(24): CodeIgniter\Model->insert([...])
 9 APPPATH\Controllers\Login.php(97): App\Models\User->saveuser([...])
10 SYSTEMPATH\CodeIgniter.php(934): App\Controllers\Login->add()
11 SYSTEMPATH\CodeIgniter.php(499): CodeIgniter\CodeIgniter->runController(Object(App\Controllers\Login))
12 SYSTEMPATH\CodeIgniter.php(368): CodeIgniter\CodeIgniter->handleRequest(null, Object(Config\Cache), false)
13 FCPATH\index.php(67): CodeIgniter\CodeIgniter->run()
14 SYSTEMPATH\Commands\Server\rewrite.php(47): require_once('D:\\TUGAS\\KULIAH\\P2MW\\hehe\\gohitfinal\\public\\index.php')
ERROR - 2025-07-17 08:14:53 --> mysqli_sql_exception: Unknown column 'id_user' in 'field list' in D:\TUGAS\KULIAH\P2MW\hehe\gohitfinal\system\Database\MySQLi\Connection.php:295
Stack trace:
#0 D:\TUGAS\KULIAH\P2MW\hehe\gohitfinal\system\Database\MySQLi\Connection.php(295): mysqli->query('INSERT INTO `us...', 0)
#1 D:\TUGAS\KULIAH\P2MW\hehe\gohitfinal\system\Database\BaseConnection.php(691): CodeIgniter\Database\MySQLi\Connection->execute('INSERT INTO `us...')
#2 D:\TUGAS\KULIAH\P2MW\hehe\gohitfinal\system\Database\BaseConnection.php(605): CodeIgniter\Database\BaseConnection->simpleQuery('INSERT INTO `us...')
#3 D:\TUGAS\KULIAH\P2MW\hehe\gohitfinal\system\Database\BaseBuilder.php(2309): CodeIgniter\Database\BaseConnection->query('INSERT INTO `us...', Array, false)
#4 D:\TUGAS\KULIAH\P2MW\hehe\gohitfinal\system\Model.php(330): CodeIgniter\Database\BaseBuilder->insert()
#5 D:\TUGAS\KULIAH\P2MW\hehe\gohitfinal\system\BaseModel.php(782): CodeIgniter\Model->doInsert(Array)
#6 D:\TUGAS\KULIAH\P2MW\hehe\gohitfinal\system\Model.php(730): CodeIgniter\BaseModel->insert(Array, true)
#7 D:\TUGAS\KULIAH\P2MW\hehe\gohitfinal\app\Models\User.php(24): CodeIgniter\Model->insert(Array)
#8 D:\TUGAS\KULIAH\P2MW\hehe\gohitfinal\app\Controllers\Login.php(97): App\Models\User->saveuser(Array)
#9 D:\TUGAS\KULIAH\P2MW\hehe\gohitfinal\system\CodeIgniter.php(934): App\Controllers\Login->add()
#10 D:\TUGAS\KULIAH\P2MW\hehe\gohitfinal\system\CodeIgniter.php(499): CodeIgniter\CodeIgniter->runController(Object(App\Controllers\Login))
#11 D:\TUGAS\KULIAH\P2MW\hehe\gohitfinal\system\CodeIgniter.php(368): CodeIgniter\CodeIgniter->handleRequest(NULL, Object(Config\Cache), false)
#12 D:\TUGAS\KULIAH\P2MW\hehe\gohitfinal\public\index.php(67): CodeIgniter\CodeIgniter->run()
#13 D:\TUGAS\KULIAH\P2MW\hehe\gohitfinal\system\Commands\Server\rewrite.php(47): require_once('D:\\TUGAS\\KULIAH...')
#14 {main}
CRITICAL - 2025-07-17 08:14:53 --> Unknown column 'id_user' in 'field list'
in SYSTEMPATH\Database\MySQLi\Connection.php on line 295.
 1 SYSTEMPATH\Database\MySQLi\Connection.php(295): mysqli->query('INSERT INTO `user` (`nama`, `email`, `password`, `jenis`, `sub`) VALUES (\'STIKI1\', \'v@gmail.com\', \'s\', \'1\', \'1\')', 0)
 2 SYSTEMPATH\Database\BaseConnection.php(691): CodeIgniter\Database\MySQLi\Connection->execute('INSERT INTO `user` (`nama`, `email`, `password`, `jenis`, `sub`) VALUES (\'STIKI1\', \'v@gmail.com\', \'s\', \'1\', \'1\')')
 3 SYSTEMPATH\Database\BaseConnection.php(605): CodeIgniter\Database\BaseConnection->simpleQuery('INSERT INTO `user` (`nama`, `email`, `password`, `jenis`, `sub`) VALUES (\'STIKI1\', \'v@gmail.com\', \'s\', \'1\', \'1\')')
 4 SYSTEMPATH\Database\BaseBuilder.php(2309): CodeIgniter\Database\BaseConnection->query('INSERT INTO `user` (`nama`, `email`, `password`, `jenis`, `sub`) VALUES (:nama:, :email:, :password:, :jenis:, :sub:)', [...], false)
 5 SYSTEMPATH\Model.php(330): CodeIgniter\Database\BaseBuilder->insert()
 6 SYSTEMPATH\BaseModel.php(782): CodeIgniter\Model->doInsert([...])
 7 SYSTEMPATH\Model.php(730): CodeIgniter\BaseModel->insert([...], true)
 8 APPPATH\Models\User.php(24): CodeIgniter\Model->insert([...])
 9 APPPATH\Controllers\Login.php(97): App\Models\User->saveuser([...])
10 SYSTEMPATH\CodeIgniter.php(934): App\Controllers\Login->add()
11 SYSTEMPATH\CodeIgniter.php(499): CodeIgniter\CodeIgniter->runController(Object(App\Controllers\Login))
12 SYSTEMPATH\CodeIgniter.php(368): CodeIgniter\CodeIgniter->handleRequest(null, Object(Config\Cache), false)
13 FCPATH\index.php(67): CodeIgniter\CodeIgniter->run()
14 SYSTEMPATH\Commands\Server\rewrite.php(47): require_once('D:\\TUGAS\\KULIAH\\P2MW\\hehe\\gohitfinal\\public\\index.php')
ERROR - 2025-07-17 08:15:43 --> mysqli_sql_exception: Unknown column 'id_user' in 'field list' in D:\TUGAS\KULIAH\P2MW\hehe\gohitfinal\system\Database\MySQLi\Connection.php:295
Stack trace:
#0 D:\TUGAS\KULIAH\P2MW\hehe\gohitfinal\system\Database\MySQLi\Connection.php(295): mysqli->query('INSERT INTO `us...', 0)
#1 D:\TUGAS\KULIAH\P2MW\hehe\gohitfinal\system\Database\BaseConnection.php(691): CodeIgniter\Database\MySQLi\Connection->execute('INSERT INTO `us...')
#2 D:\TUGAS\KULIAH\P2MW\hehe\gohitfinal\system\Database\BaseConnection.php(605): CodeIgniter\Database\BaseConnection->simpleQuery('INSERT INTO `us...')
#3 D:\TUGAS\KULIAH\P2MW\hehe\gohitfinal\system\Database\BaseBuilder.php(2309): CodeIgniter\Database\BaseConnection->query('INSERT INTO `us...', Array, false)
#4 D:\TUGAS\KULIAH\P2MW\hehe\gohitfinal\system\Model.php(330): CodeIgniter\Database\BaseBuilder->insert()
#5 D:\TUGAS\KULIAH\P2MW\hehe\gohitfinal\system\BaseModel.php(782): CodeIgniter\Model->doInsert(Array)
#6 D:\TUGAS\KULIAH\P2MW\hehe\gohitfinal\system\Model.php(730): CodeIgniter\BaseModel->insert(Array, true)
#7 D:\TUGAS\KULIAH\P2MW\hehe\gohitfinal\app\Models\User.php(24): CodeIgniter\Model->insert(Array)
#8 D:\TUGAS\KULIAH\P2MW\hehe\gohitfinal\app\Controllers\Login.php(97): App\Models\User->saveuser(Array)
#9 D:\TUGAS\KULIAH\P2MW\hehe\gohitfinal\system\CodeIgniter.php(934): App\Controllers\Login->add()
#10 D:\TUGAS\KULIAH\P2MW\hehe\gohitfinal\system\CodeIgniter.php(499): CodeIgniter\CodeIgniter->runController(Object(App\Controllers\Login))
#11 D:\TUGAS\KULIAH\P2MW\hehe\gohitfinal\system\CodeIgniter.php(368): CodeIgniter\CodeIgniter->handleRequest(NULL, Object(Config\Cache), false)
#12 D:\TUGAS\KULIAH\P2MW\hehe\gohitfinal\public\index.php(67): CodeIgniter\CodeIgniter->run()
#13 D:\TUGAS\KULIAH\P2MW\hehe\gohitfinal\system\Commands\Server\rewrite.php(47): require_once('D:\\TUGAS\\KULIAH...')
#14 {main}
CRITICAL - 2025-07-17 08:15:43 --> Unknown column 'id_user' in 'field list'
in SYSTEMPATH\Database\MySQLi\Connection.php on line 295.
 1 SYSTEMPATH\Database\MySQLi\Connection.php(295): mysqli->query('INSERT INTO `user` (`nama`, `email`, `password`, `jenis`, `sub`) VALUES (\'STIKI1\', \'v@gmail.com\', \'s\', \'1\', \'1\')', 0)
 2 SYSTEMPATH\Database\BaseConnection.php(691): CodeIgniter\Database\MySQLi\Connection->execute('INSERT INTO `user` (`nama`, `email`, `password`, `jenis`, `sub`) VALUES (\'STIKI1\', \'v@gmail.com\', \'s\', \'1\', \'1\')')
 3 SYSTEMPATH\Database\BaseConnection.php(605): CodeIgniter\Database\BaseConnection->simpleQuery('INSERT INTO `user` (`nama`, `email`, `password`, `jenis`, `sub`) VALUES (\'STIKI1\', \'v@gmail.com\', \'s\', \'1\', \'1\')')
 4 SYSTEMPATH\Database\BaseBuilder.php(2309): CodeIgniter\Database\BaseConnection->query('INSERT INTO `user` (`nama`, `email`, `password`, `jenis`, `sub`) VALUES (:nama:, :email:, :password:, :jenis:, :sub:)', [...], false)
 5 SYSTEMPATH\Model.php(330): CodeIgniter\Database\BaseBuilder->insert()
 6 SYSTEMPATH\BaseModel.php(782): CodeIgniter\Model->doInsert([...])
 7 SYSTEMPATH\Model.php(730): CodeIgniter\BaseModel->insert([...], true)
 8 APPPATH\Models\User.php(24): CodeIgniter\Model->insert([...])
 9 APPPATH\Controllers\Login.php(97): App\Models\User->saveuser([...])
10 SYSTEMPATH\CodeIgniter.php(934): App\Controllers\Login->add()
11 SYSTEMPATH\CodeIgniter.php(499): CodeIgniter\CodeIgniter->runController(Object(App\Controllers\Login))
12 SYSTEMPATH\CodeIgniter.php(368): CodeIgniter\CodeIgniter->handleRequest(null, Object(Config\Cache), false)
13 FCPATH\index.php(67): CodeIgniter\CodeIgniter->run()
14 SYSTEMPATH\Commands\Server\rewrite.php(47): require_once('D:\\TUGAS\\KULIAH\\P2MW\\hehe\\gohitfinal\\public\\index.php')
ERROR - 2025-07-17 08:15:45 --> mysqli_sql_exception: Unknown column 'id_user' in 'field list' in D:\TUGAS\KULIAH\P2MW\hehe\gohitfinal\system\Database\MySQLi\Connection.php:295
Stack trace:
#0 D:\TUGAS\KULIAH\P2MW\hehe\gohitfinal\system\Database\MySQLi\Connection.php(295): mysqli->query('INSERT INTO `us...', 0)
#1 D:\TUGAS\KULIAH\P2MW\hehe\gohitfinal\system\Database\BaseConnection.php(691): CodeIgniter\Database\MySQLi\Connection->execute('INSERT INTO `us...')
#2 D:\TUGAS\KULIAH\P2MW\hehe\gohitfinal\system\Database\BaseConnection.php(605): CodeIgniter\Database\BaseConnection->simpleQuery('INSERT INTO `us...')
#3 D:\TUGAS\KULIAH\P2MW\hehe\gohitfinal\system\Database\BaseBuilder.php(2309): CodeIgniter\Database\BaseConnection->query('INSERT INTO `us...', Array, false)
#4 D:\TUGAS\KULIAH\P2MW\hehe\gohitfinal\system\Model.php(330): CodeIgniter\Database\BaseBuilder->insert()
#5 D:\TUGAS\KULIAH\P2MW\hehe\gohitfinal\system\BaseModel.php(782): CodeIgniter\Model->doInsert(Array)
#6 D:\TUGAS\KULIAH\P2MW\hehe\gohitfinal\system\Model.php(730): CodeIgniter\BaseModel->insert(Array, true)
#7 D:\TUGAS\KULIAH\P2MW\hehe\gohitfinal\app\Models\User.php(24): CodeIgniter\Model->insert(Array)
#8 D:\TUGAS\KULIAH\P2MW\hehe\gohitfinal\app\Controllers\Login.php(97): App\Models\User->saveuser(Array)
#9 D:\TUGAS\KULIAH\P2MW\hehe\gohitfinal\system\CodeIgniter.php(934): App\Controllers\Login->add()
#10 D:\TUGAS\KULIAH\P2MW\hehe\gohitfinal\system\CodeIgniter.php(499): CodeIgniter\CodeIgniter->runController(Object(App\Controllers\Login))
#11 D:\TUGAS\KULIAH\P2MW\hehe\gohitfinal\system\CodeIgniter.php(368): CodeIgniter\CodeIgniter->handleRequest(NULL, Object(Config\Cache), false)
#12 D:\TUGAS\KULIAH\P2MW\hehe\gohitfinal\public\index.php(67): CodeIgniter\CodeIgniter->run()
#13 D:\TUGAS\KULIAH\P2MW\hehe\gohitfinal\system\Commands\Server\rewrite.php(47): require_once('D:\\TUGAS\\KULIAH...')
#14 {main}
CRITICAL - 2025-07-17 08:15:45 --> Unknown column 'id_user' in 'field list'
in SYSTEMPATH\Database\MySQLi\Connection.php on line 295.
 1 SYSTEMPATH\Database\MySQLi\Connection.php(295): mysqli->query('INSERT INTO `user` (`nama`, `email`, `password`, `jenis`, `sub`) VALUES (\'STIKI1\', \'v@gmail.com\', \'s\', \'1\', \'1\')', 0)
 2 SYSTEMPATH\Database\BaseConnection.php(691): CodeIgniter\Database\MySQLi\Connection->execute('INSERT INTO `user` (`nama`, `email`, `password`, `jenis`, `sub`) VALUES (\'STIKI1\', \'v@gmail.com\', \'s\', \'1\', \'1\')')
 3 SYSTEMPATH\Database\BaseConnection.php(605): CodeIgniter\Database\BaseConnection->simpleQuery('INSERT INTO `user` (`nama`, `email`, `password`, `jenis`, `sub`) VALUES (\'STIKI1\', \'v@gmail.com\', \'s\', \'1\', \'1\')')
 4 SYSTEMPATH\Database\BaseBuilder.php(2309): CodeIgniter\Database\BaseConnection->query('INSERT INTO `user` (`nama`, `email`, `password`, `jenis`, `sub`) VALUES (:nama:, :email:, :password:, :jenis:, :sub:)', [...], false)
 5 SYSTEMPATH\Model.php(330): CodeIgniter\Database\BaseBuilder->insert()
 6 SYSTEMPATH\BaseModel.php(782): CodeIgniter\Model->doInsert([...])
 7 SYSTEMPATH\Model.php(730): CodeIgniter\BaseModel->insert([...], true)
 8 APPPATH\Models\User.php(24): CodeIgniter\Model->insert([...])
 9 APPPATH\Controllers\Login.php(97): App\Models\User->saveuser([...])
10 SYSTEMPATH\CodeIgniter.php(934): App\Controllers\Login->add()
11 SYSTEMPATH\CodeIgniter.php(499): CodeIgniter\CodeIgniter->runController(Object(App\Controllers\Login))
12 SYSTEMPATH\CodeIgniter.php(368): CodeIgniter\CodeIgniter->handleRequest(null, Object(Config\Cache), false)
13 FCPATH\index.php(67): CodeIgniter\CodeIgniter->run()
14 SYSTEMPATH\Commands\Server\rewrite.php(47): require_once('D:\\TUGAS\\KULIAH\\P2MW\\hehe\\gohitfinal\\public\\index.php')
ERROR - 2025-07-17 08:15:47 --> mysqli_sql_exception: Unknown column 'id_user' in 'field list' in D:\TUGAS\KULIAH\P2MW\hehe\gohitfinal\system\Database\MySQLi\Connection.php:295
Stack trace:
#0 D:\TUGAS\KULIAH\P2MW\hehe\gohitfinal\system\Database\MySQLi\Connection.php(295): mysqli->query('INSERT INTO `us...', 0)
#1 D:\TUGAS\KULIAH\P2MW\hehe\gohitfinal\system\Database\BaseConnection.php(691): CodeIgniter\Database\MySQLi\Connection->execute('INSERT INTO `us...')
#2 D:\TUGAS\KULIAH\P2MW\hehe\gohitfinal\system\Database\BaseConnection.php(605): CodeIgniter\Database\BaseConnection->simpleQuery('INSERT INTO `us...')
#3 D:\TUGAS\KULIAH\P2MW\hehe\gohitfinal\system\Database\BaseBuilder.php(2309): CodeIgniter\Database\BaseConnection->query('INSERT INTO `us...', Array, false)
#4 D:\TUGAS\KULIAH\P2MW\hehe\gohitfinal\system\Model.php(330): CodeIgniter\Database\BaseBuilder->insert()
#5 D:\TUGAS\KULIAH\P2MW\hehe\gohitfinal\system\BaseModel.php(782): CodeIgniter\Model->doInsert(Array)
#6 D:\TUGAS\KULIAH\P2MW\hehe\gohitfinal\system\Model.php(730): CodeIgniter\BaseModel->insert(Array, true)
#7 D:\TUGAS\KULIAH\P2MW\hehe\gohitfinal\app\Models\User.php(24): CodeIgniter\Model->insert(Array)
#8 D:\TUGAS\KULIAH\P2MW\hehe\gohitfinal\app\Controllers\Login.php(97): App\Models\User->saveuser(Array)
#9 D:\TUGAS\KULIAH\P2MW\hehe\gohitfinal\system\CodeIgniter.php(934): App\Controllers\Login->add()
#10 D:\TUGAS\KULIAH\P2MW\hehe\gohitfinal\system\CodeIgniter.php(499): CodeIgniter\CodeIgniter->runController(Object(App\Controllers\Login))
#11 D:\TUGAS\KULIAH\P2MW\hehe\gohitfinal\system\CodeIgniter.php(368): CodeIgniter\CodeIgniter->handleRequest(NULL, Object(Config\Cache), false)
#12 D:\TUGAS\KULIAH\P2MW\hehe\gohitfinal\public\index.php(67): CodeIgniter\CodeIgniter->run()
#13 D:\TUGAS\KULIAH\P2MW\hehe\gohitfinal\system\Commands\Server\rewrite.php(47): require_once('D:\\TUGAS\\KULIAH...')
#14 {main}
CRITICAL - 2025-07-17 08:15:47 --> Unknown column 'id_user' in 'field list'
in SYSTEMPATH\Database\MySQLi\Connection.php on line 295.
 1 SYSTEMPATH\Database\MySQLi\Connection.php(295): mysqli->query('INSERT INTO `user` (`nama`, `email`, `password`, `jenis`, `sub`) VALUES (\'STIKI1\', \'v@gmail.com\', \'s\', \'1\', \'1\')', 0)
 2 SYSTEMPATH\Database\BaseConnection.php(691): CodeIgniter\Database\MySQLi\Connection->execute('INSERT INTO `user` (`nama`, `email`, `password`, `jenis`, `sub`) VALUES (\'STIKI1\', \'v@gmail.com\', \'s\', \'1\', \'1\')')
 3 SYSTEMPATH\Database\BaseConnection.php(605): CodeIgniter\Database\BaseConnection->simpleQuery('INSERT INTO `user` (`nama`, `email`, `password`, `jenis`, `sub`) VALUES (\'STIKI1\', \'v@gmail.com\', \'s\', \'1\', \'1\')')
 4 SYSTEMPATH\Database\BaseBuilder.php(2309): CodeIgniter\Database\BaseConnection->query('INSERT INTO `user` (`nama`, `email`, `password`, `jenis`, `sub`) VALUES (:nama:, :email:, :password:, :jenis:, :sub:)', [...], false)
 5 SYSTEMPATH\Model.php(330): CodeIgniter\Database\BaseBuilder->insert()
 6 SYSTEMPATH\BaseModel.php(782): CodeIgniter\Model->doInsert([...])
 7 SYSTEMPATH\Model.php(730): CodeIgniter\BaseModel->insert([...], true)
 8 APPPATH\Models\User.php(24): CodeIgniter\Model->insert([...])
 9 APPPATH\Controllers\Login.php(97): App\Models\User->saveuser([...])
10 SYSTEMPATH\CodeIgniter.php(934): App\Controllers\Login->add()
11 SYSTEMPATH\CodeIgniter.php(499): CodeIgniter\CodeIgniter->runController(Object(App\Controllers\Login))
12 SYSTEMPATH\CodeIgniter.php(368): CodeIgniter\CodeIgniter->handleRequest(null, Object(Config\Cache), false)
13 FCPATH\index.php(67): CodeIgniter\CodeIgniter->run()
14 SYSTEMPATH\Commands\Server\rewrite.php(47): require_once('D:\\TUGAS\\KULIAH\\P2MW\\hehe\\gohitfinal\\public\\index.php')
ERROR - 2025-07-17 08:15:50 --> mysqli_sql_exception: Unknown column 'id_user' in 'field list' in D:\TUGAS\KULIAH\P2MW\hehe\gohitfinal\system\Database\MySQLi\Connection.php:295
Stack trace:
#0 D:\TUGAS\KULIAH\P2MW\hehe\gohitfinal\system\Database\MySQLi\Connection.php(295): mysqli->query('INSERT INTO `us...', 0)
#1 D:\TUGAS\KULIAH\P2MW\hehe\gohitfinal\system\Database\BaseConnection.php(691): CodeIgniter\Database\MySQLi\Connection->execute('INSERT INTO `us...')
#2 D:\TUGAS\KULIAH\P2MW\hehe\gohitfinal\system\Database\BaseConnection.php(605): CodeIgniter\Database\BaseConnection->simpleQuery('INSERT INTO `us...')
#3 D:\TUGAS\KULIAH\P2MW\hehe\gohitfinal\system\Database\BaseBuilder.php(2309): CodeIgniter\Database\BaseConnection->query('INSERT INTO `us...', Array, false)
#4 D:\TUGAS\KULIAH\P2MW\hehe\gohitfinal\system\Model.php(330): CodeIgniter\Database\BaseBuilder->insert()
#5 D:\TUGAS\KULIAH\P2MW\hehe\gohitfinal\system\BaseModel.php(782): CodeIgniter\Model->doInsert(Array)
#6 D:\TUGAS\KULIAH\P2MW\hehe\gohitfinal\system\Model.php(730): CodeIgniter\BaseModel->insert(Array, true)
#7 D:\TUGAS\KULIAH\P2MW\hehe\gohitfinal\app\Models\User.php(24): CodeIgniter\Model->insert(Array)
#8 D:\TUGAS\KULIAH\P2MW\hehe\gohitfinal\app\Controllers\Login.php(97): App\Models\User->saveuser(Array)
#9 D:\TUGAS\KULIAH\P2MW\hehe\gohitfinal\system\CodeIgniter.php(934): App\Controllers\Login->add()
#10 D:\TUGAS\KULIAH\P2MW\hehe\gohitfinal\system\CodeIgniter.php(499): CodeIgniter\CodeIgniter->runController(Object(App\Controllers\Login))
#11 D:\TUGAS\KULIAH\P2MW\hehe\gohitfinal\system\CodeIgniter.php(368): CodeIgniter\CodeIgniter->handleRequest(NULL, Object(Config\Cache), false)
#12 D:\TUGAS\KULIAH\P2MW\hehe\gohitfinal\public\index.php(67): CodeIgniter\CodeIgniter->run()
#13 D:\TUGAS\KULIAH\P2MW\hehe\gohitfinal\system\Commands\Server\rewrite.php(47): require_once('D:\\TUGAS\\KULIAH...')
#14 {main}
CRITICAL - 2025-07-17 08:15:50 --> Unknown column 'id_user' in 'field list'
in SYSTEMPATH\Database\MySQLi\Connection.php on line 295.
 1 SYSTEMPATH\Database\MySQLi\Connection.php(295): mysqli->query('INSERT INTO `user` (`nama`, `email`, `password`, `jenis`, `sub`) VALUES (\'STIKI1\', \'v@gmail.com\', \'s\', \'1\', \'1\')', 0)
 2 SYSTEMPATH\Database\BaseConnection.php(691): CodeIgniter\Database\MySQLi\Connection->execute('INSERT INTO `user` (`nama`, `email`, `password`, `jenis`, `sub`) VALUES (\'STIKI1\', \'v@gmail.com\', \'s\', \'1\', \'1\')')
 3 SYSTEMPATH\Database\BaseConnection.php(605): CodeIgniter\Database\BaseConnection->simpleQuery('INSERT INTO `user` (`nama`, `email`, `password`, `jenis`, `sub`) VALUES (\'STIKI1\', \'v@gmail.com\', \'s\', \'1\', \'1\')')
 4 SYSTEMPATH\Database\BaseBuilder.php(2309): CodeIgniter\Database\BaseConnection->query('INSERT INTO `user` (`nama`, `email`, `password`, `jenis`, `sub`) VALUES (:nama:, :email:, :password:, :jenis:, :sub:)', [...], false)
 5 SYSTEMPATH\Model.php(330): CodeIgniter\Database\BaseBuilder->insert()
 6 SYSTEMPATH\BaseModel.php(782): CodeIgniter\Model->doInsert([...])
 7 SYSTEMPATH\Model.php(730): CodeIgniter\BaseModel->insert([...], true)
 8 APPPATH\Models\User.php(24): CodeIgniter\Model->insert([...])
 9 APPPATH\Controllers\Login.php(97): App\Models\User->saveuser([...])
10 SYSTEMPATH\CodeIgniter.php(934): App\Controllers\Login->add()
11 SYSTEMPATH\CodeIgniter.php(499): CodeIgniter\CodeIgniter->runController(Object(App\Controllers\Login))
12 SYSTEMPATH\CodeIgniter.php(368): CodeIgniter\CodeIgniter->handleRequest(null, Object(Config\Cache), false)
13 FCPATH\index.php(67): CodeIgniter\CodeIgniter->run()
14 SYSTEMPATH\Commands\Server\rewrite.php(47): require_once('D:\\TUGAS\\KULIAH\\P2MW\\hehe\\gohitfinal\\public\\index.php')
ERROR - 2025-07-17 08:16:24 --> mysqli_sql_exception: Unknown column 'id_user' in 'NEW' in D:\TUGAS\KULIAH\P2MW\hehe\gohitfinal\system\Database\MySQLi\Connection.php:295
Stack trace:
#0 D:\TUGAS\KULIAH\P2MW\hehe\gohitfinal\system\Database\MySQLi\Connection.php(295): mysqli->query('INSERT INTO `us...', 0)
#1 D:\TUGAS\KULIAH\P2MW\hehe\gohitfinal\system\Database\BaseConnection.php(691): CodeIgniter\Database\MySQLi\Connection->execute('INSERT INTO `us...')
#2 D:\TUGAS\KULIAH\P2MW\hehe\gohitfinal\system\Database\BaseConnection.php(605): CodeIgniter\Database\BaseConnection->simpleQuery('INSERT INTO `us...')
#3 D:\TUGAS\KULIAH\P2MW\hehe\gohitfinal\system\Database\BaseBuilder.php(2309): CodeIgniter\Database\BaseConnection->query('INSERT INTO `us...', Array, false)
#4 D:\TUGAS\KULIAH\P2MW\hehe\gohitfinal\system\Model.php(330): CodeIgniter\Database\BaseBuilder->insert()
#5 D:\TUGAS\KULIAH\P2MW\hehe\gohitfinal\system\BaseModel.php(782): CodeIgniter\Model->doInsert(Array)
#6 D:\TUGAS\KULIAH\P2MW\hehe\gohitfinal\system\Model.php(730): CodeIgniter\BaseModel->insert(Array, true)
#7 D:\TUGAS\KULIAH\P2MW\hehe\gohitfinal\app\Models\User.php(24): CodeIgniter\Model->insert(Array)
#8 D:\TUGAS\KULIAH\P2MW\hehe\gohitfinal\app\Controllers\Login.php(97): App\Models\User->saveuser(Array)
#9 D:\TUGAS\KULIAH\P2MW\hehe\gohitfinal\system\CodeIgniter.php(934): App\Controllers\Login->add()
#10 D:\TUGAS\KULIAH\P2MW\hehe\gohitfinal\system\CodeIgniter.php(499): CodeIgniter\CodeIgniter->runController(Object(App\Controllers\Login))
#11 D:\TUGAS\KULIAH\P2MW\hehe\gohitfinal\system\CodeIgniter.php(368): CodeIgniter\CodeIgniter->handleRequest(NULL, Object(Config\Cache), false)
#12 D:\TUGAS\KULIAH\P2MW\hehe\gohitfinal\public\index.php(67): CodeIgniter\CodeIgniter->run()
#13 D:\TUGAS\KULIAH\P2MW\hehe\gohitfinal\system\Commands\Server\rewrite.php(47): require_once('D:\\TUGAS\\KULIAH...')
#14 {main}
CRITICAL - 2025-07-17 08:16:24 --> Unknown column 'id_user' in 'NEW'
in SYSTEMPATH\Database\MySQLi\Connection.php on line 295.
 1 SYSTEMPATH\Database\MySQLi\Connection.php(295): mysqli->query('INSERT INTO `user` (`email`, `password`, `jenis`, `sub`) VALUES (\'v@gmail.com\', \'s\', \'1\', \'1\')', 0)
 2 SYSTEMPATH\Database\BaseConnection.php(691): CodeIgniter\Database\MySQLi\Connection->execute('INSERT INTO `user` (`email`, `password`, `jenis`, `sub`) VALUES (\'v@gmail.com\', \'s\', \'1\', \'1\')')
 3 SYSTEMPATH\Database\BaseConnection.php(605): CodeIgniter\Database\BaseConnection->simpleQuery('INSERT INTO `user` (`email`, `password`, `jenis`, `sub`) VALUES (\'v@gmail.com\', \'s\', \'1\', \'1\')')
 4 SYSTEMPATH\Database\BaseBuilder.php(2309): CodeIgniter\Database\BaseConnection->query('INSERT INTO `user` (`email`, `password`, `jenis`, `sub`) VALUES (:email:, :password:, :jenis:, :sub:)', [...], false)
 5 SYSTEMPATH\Model.php(330): CodeIgniter\Database\BaseBuilder->insert()
 6 SYSTEMPATH\BaseModel.php(782): CodeIgniter\Model->doInsert([...])
 7 SYSTEMPATH\Model.php(730): CodeIgniter\BaseModel->insert([...], true)
 8 APPPATH\Models\User.php(24): CodeIgniter\Model->insert([...])
 9 APPPATH\Controllers\Login.php(97): App\Models\User->saveuser([...])
10 SYSTEMPATH\CodeIgniter.php(934): App\Controllers\Login->add()
11 SYSTEMPATH\CodeIgniter.php(499): CodeIgniter\CodeIgniter->runController(Object(App\Controllers\Login))
12 SYSTEMPATH\CodeIgniter.php(368): CodeIgniter\CodeIgniter->handleRequest(null, Object(Config\Cache), false)
13 FCPATH\index.php(67): CodeIgniter\CodeIgniter->run()
14 SYSTEMPATH\Commands\Server\rewrite.php(47): require_once('D:\\TUGAS\\KULIAH\\P2MW\\hehe\\gohitfinal\\public\\index.php')
ERROR - 2025-07-17 08:16:49 --> mysqli_sql_exception: Unknown column 'id_user' in 'field list' in D:\TUGAS\KULIAH\P2MW\hehe\gohitfinal\system\Database\MySQLi\Connection.php:295
Stack trace:
#0 D:\TUGAS\KULIAH\P2MW\hehe\gohitfinal\system\Database\MySQLi\Connection.php(295): mysqli->query('INSERT INTO `us...', 0)
#1 D:\TUGAS\KULIAH\P2MW\hehe\gohitfinal\system\Database\BaseConnection.php(691): CodeIgniter\Database\MySQLi\Connection->execute('INSERT INTO `us...')
#2 D:\TUGAS\KULIAH\P2MW\hehe\gohitfinal\system\Database\BaseConnection.php(605): CodeIgniter\Database\BaseConnection->simpleQuery('INSERT INTO `us...')
#3 D:\TUGAS\KULIAH\P2MW\hehe\gohitfinal\system\Database\BaseBuilder.php(2309): CodeIgniter\Database\BaseConnection->query('INSERT INTO `us...', Array, false)
#4 D:\TUGAS\KULIAH\P2MW\hehe\gohitfinal\system\Model.php(330): CodeIgniter\Database\BaseBuilder->insert()
#5 D:\TUGAS\KULIAH\P2MW\hehe\gohitfinal\system\BaseModel.php(782): CodeIgniter\Model->doInsert(Array)
#6 D:\TUGAS\KULIAH\P2MW\hehe\gohitfinal\system\Model.php(730): CodeIgniter\BaseModel->insert(Array, true)
#7 D:\TUGAS\KULIAH\P2MW\hehe\gohitfinal\app\Models\User.php(24): CodeIgniter\Model->insert(Array)
#8 D:\TUGAS\KULIAH\P2MW\hehe\gohitfinal\app\Controllers\Login.php(97): App\Models\User->saveuser(Array)
#9 D:\TUGAS\KULIAH\P2MW\hehe\gohitfinal\system\CodeIgniter.php(934): App\Controllers\Login->add()
#10 D:\TUGAS\KULIAH\P2MW\hehe\gohitfinal\system\CodeIgniter.php(499): CodeIgniter\CodeIgniter->runController(Object(App\Controllers\Login))
#11 D:\TUGAS\KULIAH\P2MW\hehe\gohitfinal\system\CodeIgniter.php(368): CodeIgniter\CodeIgniter->handleRequest(NULL, Object(Config\Cache), false)
#12 D:\TUGAS\KULIAH\P2MW\hehe\gohitfinal\public\index.php(67): CodeIgniter\CodeIgniter->run()
#13 D:\TUGAS\KULIAH\P2MW\hehe\gohitfinal\system\Commands\Server\rewrite.php(47): require_once('D:\\TUGAS\\KULIAH...')
#14 {main}
CRITICAL - 2025-07-17 08:16:49 --> Unknown column 'id_user' in 'field list'
in SYSTEMPATH\Database\MySQLi\Connection.php on line 295.
 1 SYSTEMPATH\Database\MySQLi\Connection.php(295): mysqli->query('INSERT INTO `user` (`email`, `password`, `jenis`, `sub`) VALUES (\'v@gmail.com\', \'s\', \'1\', \'1\')', 0)
 2 SYSTEMPATH\Database\BaseConnection.php(691): CodeIgniter\Database\MySQLi\Connection->execute('INSERT INTO `user` (`email`, `password`, `jenis`, `sub`) VALUES (\'v@gmail.com\', \'s\', \'1\', \'1\')')
 3 SYSTEMPATH\Database\BaseConnection.php(605): CodeIgniter\Database\BaseConnection->simpleQuery('INSERT INTO `user` (`email`, `password`, `jenis`, `sub`) VALUES (\'v@gmail.com\', \'s\', \'1\', \'1\')')
 4 SYSTEMPATH\Database\BaseBuilder.php(2309): CodeIgniter\Database\BaseConnection->query('INSERT INTO `user` (`email`, `password`, `jenis`, `sub`) VALUES (:email:, :password:, :jenis:, :sub:)', [...], false)
 5 SYSTEMPATH\Model.php(330): CodeIgniter\Database\BaseBuilder->insert()
 6 SYSTEMPATH\BaseModel.php(782): CodeIgniter\Model->doInsert([...])
 7 SYSTEMPATH\Model.php(730): CodeIgniter\BaseModel->insert([...], true)
 8 APPPATH\Models\User.php(24): CodeIgniter\Model->insert([...])
 9 APPPATH\Controllers\Login.php(97): App\Models\User->saveuser([...])
10 SYSTEMPATH\CodeIgniter.php(934): App\Controllers\Login->add()
11 SYSTEMPATH\CodeIgniter.php(499): CodeIgniter\CodeIgniter->runController(Object(App\Controllers\Login))
12 SYSTEMPATH\CodeIgniter.php(368): CodeIgniter\CodeIgniter->handleRequest(null, Object(Config\Cache), false)
13 FCPATH\index.php(67): CodeIgniter\CodeIgniter->run()
14 SYSTEMPATH\Commands\Server\rewrite.php(47): require_once('D:\\TUGAS\\KULIAH\\P2MW\\hehe\\gohitfinal\\public\\index.php')
ERROR - 2025-07-17 08:17:05 --> mysqli_sql_exception: Unknown column 'id_user' in 'field list' in D:\TUGAS\KULIAH\P2MW\hehe\gohitfinal\system\Database\MySQLi\Connection.php:295
Stack trace:
#0 D:\TUGAS\KULIAH\P2MW\hehe\gohitfinal\system\Database\MySQLi\Connection.php(295): mysqli->query('INSERT INTO `us...', 0)
#1 D:\TUGAS\KULIAH\P2MW\hehe\gohitfinal\system\Database\BaseConnection.php(691): CodeIgniter\Database\MySQLi\Connection->execute('INSERT INTO `us...')
#2 D:\TUGAS\KULIAH\P2MW\hehe\gohitfinal\system\Database\BaseConnection.php(605): CodeIgniter\Database\BaseConnection->simpleQuery('INSERT INTO `us...')
#3 D:\TUGAS\KULIAH\P2MW\hehe\gohitfinal\system\Database\BaseBuilder.php(2309): CodeIgniter\Database\BaseConnection->query('INSERT INTO `us...', Array, false)
#4 D:\TUGAS\KULIAH\P2MW\hehe\gohitfinal\system\Model.php(330): CodeIgniter\Database\BaseBuilder->insert()
#5 D:\TUGAS\KULIAH\P2MW\hehe\gohitfinal\system\BaseModel.php(782): CodeIgniter\Model->doInsert(Array)
#6 D:\TUGAS\KULIAH\P2MW\hehe\gohitfinal\system\Model.php(730): CodeIgniter\BaseModel->insert(Array, true)
#7 D:\TUGAS\KULIAH\P2MW\hehe\gohitfinal\app\Models\User.php(24): CodeIgniter\Model->insert(Array)
#8 D:\TUGAS\KULIAH\P2MW\hehe\gohitfinal\app\Controllers\Login.php(97): App\Models\User->saveuser(Array)
#9 D:\TUGAS\KULIAH\P2MW\hehe\gohitfinal\system\CodeIgniter.php(934): App\Controllers\Login->add()
#10 D:\TUGAS\KULIAH\P2MW\hehe\gohitfinal\system\CodeIgniter.php(499): CodeIgniter\CodeIgniter->runController(Object(App\Controllers\Login))
#11 D:\TUGAS\KULIAH\P2MW\hehe\gohitfinal\system\CodeIgniter.php(368): CodeIgniter\CodeIgniter->handleRequest(NULL, Object(Config\Cache), false)
#12 D:\TUGAS\KULIAH\P2MW\hehe\gohitfinal\public\index.php(67): CodeIgniter\CodeIgniter->run()
#13 D:\TUGAS\KULIAH\P2MW\hehe\gohitfinal\system\Commands\Server\rewrite.php(47): require_once('D:\\TUGAS\\KULIAH...')
#14 {main}
CRITICAL - 2025-07-17 08:17:05 --> Unknown column 'id_user' in 'field list'
in SYSTEMPATH\Database\MySQLi\Connection.php on line 295.
 1 SYSTEMPATH\Database\MySQLi\Connection.php(295): mysqli->query('INSERT INTO `user` (`email`, `password`, `jenis`, `sub`) VALUES (\'v@gmail.com\', \'s\', \'1\', \'1\')', 0)
 2 SYSTEMPATH\Database\BaseConnection.php(691): CodeIgniter\Database\MySQLi\Connection->execute('INSERT INTO `user` (`email`, `password`, `jenis`, `sub`) VALUES (\'v@gmail.com\', \'s\', \'1\', \'1\')')
 3 SYSTEMPATH\Database\BaseConnection.php(605): CodeIgniter\Database\BaseConnection->simpleQuery('INSERT INTO `user` (`email`, `password`, `jenis`, `sub`) VALUES (\'v@gmail.com\', \'s\', \'1\', \'1\')')
 4 SYSTEMPATH\Database\BaseBuilder.php(2309): CodeIgniter\Database\BaseConnection->query('INSERT INTO `user` (`email`, `password`, `jenis`, `sub`) VALUES (:email:, :password:, :jenis:, :sub:)', [...], false)
 5 SYSTEMPATH\Model.php(330): CodeIgniter\Database\BaseBuilder->insert()
 6 SYSTEMPATH\BaseModel.php(782): CodeIgniter\Model->doInsert([...])
 7 SYSTEMPATH\Model.php(730): CodeIgniter\BaseModel->insert([...], true)
 8 APPPATH\Models\User.php(24): CodeIgniter\Model->insert([...])
 9 APPPATH\Controllers\Login.php(97): App\Models\User->saveuser([...])
10 SYSTEMPATH\CodeIgniter.php(934): App\Controllers\Login->add()
11 SYSTEMPATH\CodeIgniter.php(499): CodeIgniter\CodeIgniter->runController(Object(App\Controllers\Login))
12 SYSTEMPATH\CodeIgniter.php(368): CodeIgniter\CodeIgniter->handleRequest(null, Object(Config\Cache), false)
13 FCPATH\index.php(67): CodeIgniter\CodeIgniter->run()
14 SYSTEMPATH\Commands\Server\rewrite.php(47): require_once('D:\\TUGAS\\KULIAH\\P2MW\\hehe\\gohitfinal\\public\\index.php')
ERROR - 2025-07-17 08:17:12 --> mysqli_sql_exception: Unknown column 'id_user' in 'NEW' in D:\TUGAS\KULIAH\P2MW\hehe\gohitfinal\system\Database\MySQLi\Connection.php:295
Stack trace:
#0 D:\TUGAS\KULIAH\P2MW\hehe\gohitfinal\system\Database\MySQLi\Connection.php(295): mysqli->query('INSERT INTO `us...', 0)
#1 D:\TUGAS\KULIAH\P2MW\hehe\gohitfinal\system\Database\BaseConnection.php(691): CodeIgniter\Database\MySQLi\Connection->execute('INSERT INTO `us...')
#2 D:\TUGAS\KULIAH\P2MW\hehe\gohitfinal\system\Database\BaseConnection.php(605): CodeIgniter\Database\BaseConnection->simpleQuery('INSERT INTO `us...')
#3 D:\TUGAS\KULIAH\P2MW\hehe\gohitfinal\system\Database\BaseBuilder.php(2309): CodeIgniter\Database\BaseConnection->query('INSERT INTO `us...', Array, false)
#4 D:\TUGAS\KULIAH\P2MW\hehe\gohitfinal\system\Model.php(330): CodeIgniter\Database\BaseBuilder->insert()
#5 D:\TUGAS\KULIAH\P2MW\hehe\gohitfinal\system\BaseModel.php(782): CodeIgniter\Model->doInsert(Array)
#6 D:\TUGAS\KULIAH\P2MW\hehe\gohitfinal\system\Model.php(730): CodeIgniter\BaseModel->insert(Array, true)
#7 D:\TUGAS\KULIAH\P2MW\hehe\gohitfinal\app\Models\User.php(24): CodeIgniter\Model->insert(Array)
#8 D:\TUGAS\KULIAH\P2MW\hehe\gohitfinal\app\Controllers\Login.php(97): App\Models\User->saveuser(Array)
#9 D:\TUGAS\KULIAH\P2MW\hehe\gohitfinal\system\CodeIgniter.php(934): App\Controllers\Login->add()
#10 D:\TUGAS\KULIAH\P2MW\hehe\gohitfinal\system\CodeIgniter.php(499): CodeIgniter\CodeIgniter->runController(Object(App\Controllers\Login))
#11 D:\TUGAS\KULIAH\P2MW\hehe\gohitfinal\system\CodeIgniter.php(368): CodeIgniter\CodeIgniter->handleRequest(NULL, Object(Config\Cache), false)
#12 D:\TUGAS\KULIAH\P2MW\hehe\gohitfinal\public\index.php(67): CodeIgniter\CodeIgniter->run()
#13 D:\TUGAS\KULIAH\P2MW\hehe\gohitfinal\system\Commands\Server\rewrite.php(47): require_once('D:\\TUGAS\\KULIAH...')
#14 {main}
CRITICAL - 2025-07-17 08:17:12 --> Unknown column 'id_user' in 'NEW'
in SYSTEMPATH\Database\MySQLi\Connection.php on line 295.
 1 SYSTEMPATH\Database\MySQLi\Connection.php(295): mysqli->query('INSERT INTO `user` (`email`, `password`, `jenis`, `sub`) VALUES (\'v@gmail.com\', \'s\', \'1\', \'1\')', 0)
 2 SYSTEMPATH\Database\BaseConnection.php(691): CodeIgniter\Database\MySQLi\Connection->execute('INSERT INTO `user` (`email`, `password`, `jenis`, `sub`) VALUES (\'v@gmail.com\', \'s\', \'1\', \'1\')')
 3 SYSTEMPATH\Database\BaseConnection.php(605): CodeIgniter\Database\BaseConnection->simpleQuery('INSERT INTO `user` (`email`, `password`, `jenis`, `sub`) VALUES (\'v@gmail.com\', \'s\', \'1\', \'1\')')
 4 SYSTEMPATH\Database\BaseBuilder.php(2309): CodeIgniter\Database\BaseConnection->query('INSERT INTO `user` (`email`, `password`, `jenis`, `sub`) VALUES (:email:, :password:, :jenis:, :sub:)', [...], false)
 5 SYSTEMPATH\Model.php(330): CodeIgniter\Database\BaseBuilder->insert()
 6 SYSTEMPATH\BaseModel.php(782): CodeIgniter\Model->doInsert([...])
 7 SYSTEMPATH\Model.php(730): CodeIgniter\BaseModel->insert([...], true)
 8 APPPATH\Models\User.php(24): CodeIgniter\Model->insert([...])
 9 APPPATH\Controllers\Login.php(97): App\Models\User->saveuser([...])
10 SYSTEMPATH\CodeIgniter.php(934): App\Controllers\Login->add()
11 SYSTEMPATH\CodeIgniter.php(499): CodeIgniter\CodeIgniter->runController(Object(App\Controllers\Login))
12 SYSTEMPATH\CodeIgniter.php(368): CodeIgniter\CodeIgniter->handleRequest(null, Object(Config\Cache), false)
13 FCPATH\index.php(67): CodeIgniter\CodeIgniter->run()
14 SYSTEMPATH\Commands\Server\rewrite.php(47): require_once('D:\\TUGAS\\KULIAH\\P2MW\\hehe\\gohitfinal\\public\\index.php')
ERROR - 2025-07-17 08:18:06 --> mysqli_sql_exception: Unknown column 'id_user' in 'field list' in D:\TUGAS\KULIAH\P2MW\hehe\gohitfinal\system\Database\MySQLi\Connection.php:295
Stack trace:
#0 D:\TUGAS\KULIAH\P2MW\hehe\gohitfinal\system\Database\MySQLi\Connection.php(295): mysqli->query('INSERT INTO `us...', 0)
#1 D:\TUGAS\KULIAH\P2MW\hehe\gohitfinal\system\Database\BaseConnection.php(691): CodeIgniter\Database\MySQLi\Connection->execute('INSERT INTO `us...')
#2 D:\TUGAS\KULIAH\P2MW\hehe\gohitfinal\system\Database\BaseConnection.php(605): CodeIgniter\Database\BaseConnection->simpleQuery('INSERT INTO `us...')
#3 D:\TUGAS\KULIAH\P2MW\hehe\gohitfinal\system\Database\BaseBuilder.php(2309): CodeIgniter\Database\BaseConnection->query('INSERT INTO `us...', Array, false)
#4 D:\TUGAS\KULIAH\P2MW\hehe\gohitfinal\system\Model.php(330): CodeIgniter\Database\BaseBuilder->insert()
#5 D:\TUGAS\KULIAH\P2MW\hehe\gohitfinal\system\BaseModel.php(782): CodeIgniter\Model->doInsert(Array)
#6 D:\TUGAS\KULIAH\P2MW\hehe\gohitfinal\system\Model.php(730): CodeIgniter\BaseModel->insert(Array, true)
#7 D:\TUGAS\KULIAH\P2MW\hehe\gohitfinal\app\Models\User.php(24): CodeIgniter\Model->insert(Array)
#8 D:\TUGAS\KULIAH\P2MW\hehe\gohitfinal\app\Controllers\Login.php(97): App\Models\User->saveuser(Array)
#9 D:\TUGAS\KULIAH\P2MW\hehe\gohitfinal\system\CodeIgniter.php(934): App\Controllers\Login->add()
#10 D:\TUGAS\KULIAH\P2MW\hehe\gohitfinal\system\CodeIgniter.php(499): CodeIgniter\CodeIgniter->runController(Object(App\Controllers\Login))
#11 D:\TUGAS\KULIAH\P2MW\hehe\gohitfinal\system\CodeIgniter.php(368): CodeIgniter\CodeIgniter->handleRequest(NULL, Object(Config\Cache), false)
#12 D:\TUGAS\KULIAH\P2MW\hehe\gohitfinal\public\index.php(67): CodeIgniter\CodeIgniter->run()
#13 D:\TUGAS\KULIAH\P2MW\hehe\gohitfinal\system\Commands\Server\rewrite.php(47): require_once('D:\\TUGAS\\KULIAH...')
#14 {main}
CRITICAL - 2025-07-17 08:18:06 --> Unknown column 'id_user' in 'field list'
in SYSTEMPATH\Database\MySQLi\Connection.php on line 295.
 1 SYSTEMPATH\Database\MySQLi\Connection.php(295): mysqli->query('INSERT INTO `user` (`email`, `password`, `jenis`, `sub`) VALUES (\'v@gmail.com\', \'s\', \'1\', \'1\')', 0)
 2 SYSTEMPATH\Database\BaseConnection.php(691): CodeIgniter\Database\MySQLi\Connection->execute('INSERT INTO `user` (`email`, `password`, `jenis`, `sub`) VALUES (\'v@gmail.com\', \'s\', \'1\', \'1\')')
 3 SYSTEMPATH\Database\BaseConnection.php(605): CodeIgniter\Database\BaseConnection->simpleQuery('INSERT INTO `user` (`email`, `password`, `jenis`, `sub`) VALUES (\'v@gmail.com\', \'s\', \'1\', \'1\')')
 4 SYSTEMPATH\Database\BaseBuilder.php(2309): CodeIgniter\Database\BaseConnection->query('INSERT INTO `user` (`email`, `password`, `jenis`, `sub`) VALUES (:email:, :password:, :jenis:, :sub:)', [...], false)
 5 SYSTEMPATH\Model.php(330): CodeIgniter\Database\BaseBuilder->insert()
 6 SYSTEMPATH\BaseModel.php(782): CodeIgniter\Model->doInsert([...])
 7 SYSTEMPATH\Model.php(730): CodeIgniter\BaseModel->insert([...], true)
 8 APPPATH\Models\User.php(24): CodeIgniter\Model->insert([...])
 9 APPPATH\Controllers\Login.php(97): App\Models\User->saveuser([...])
10 SYSTEMPATH\CodeIgniter.php(934): App\Controllers\Login->add()
11 SYSTEMPATH\CodeIgniter.php(499): CodeIgniter\CodeIgniter->runController(Object(App\Controllers\Login))
12 SYSTEMPATH\CodeIgniter.php(368): CodeIgniter\CodeIgniter->handleRequest(null, Object(Config\Cache), false)
13 FCPATH\index.php(67): CodeIgniter\CodeIgniter->run()
14 SYSTEMPATH\Commands\Server\rewrite.php(47): require_once('D:\\TUGAS\\KULIAH\\P2MW\\hehe\\gohitfinal\\public\\index.php')
ERROR - 2025-07-17 08:23:25 --> mysqli_sql_exception: Unknown column 'Pim_Pong' in 'field list' in D:\TUGAS\KULIAH\P2MW\hehe\gohitfinal\system\Database\MySQLi\Connection.php:295
Stack trace:
#0 D:\TUGAS\KULIAH\P2MW\hehe\gohitfinal\system\Database\MySQLi\Connection.php(295): mysqli->query('INSERT INTO `us...', 0)
#1 D:\TUGAS\KULIAH\P2MW\hehe\gohitfinal\system\Database\BaseConnection.php(691): CodeIgniter\Database\MySQLi\Connection->execute('INSERT INTO `us...')
#2 D:\TUGAS\KULIAH\P2MW\hehe\gohitfinal\system\Database\BaseConnection.php(605): CodeIgniter\Database\BaseConnection->simpleQuery('INSERT INTO `us...')
#3 D:\TUGAS\KULIAH\P2MW\hehe\gohitfinal\system\Database\BaseBuilder.php(2309): CodeIgniter\Database\BaseConnection->query('INSERT INTO `us...', Array, false)
#4 D:\TUGAS\KULIAH\P2MW\hehe\gohitfinal\app\Models\User.php(23): CodeIgniter\Database\BaseBuilder->insert(Array)
#5 D:\TUGAS\KULIAH\P2MW\hehe\gohitfinal\app\Controllers\Login.php(97): App\Models\User->saveuser(Array)
#6 D:\TUGAS\KULIAH\P2MW\hehe\gohitfinal\system\CodeIgniter.php(934): App\Controllers\Login->add()
#7 D:\TUGAS\KULIAH\P2MW\hehe\gohitfinal\system\CodeIgniter.php(499): CodeIgniter\CodeIgniter->runController(Object(App\Controllers\Login))
#8 D:\TUGAS\KULIAH\P2MW\hehe\gohitfinal\system\CodeIgniter.php(368): CodeIgniter\CodeIgniter->handleRequest(NULL, Object(Config\Cache), false)
#9 D:\TUGAS\KULIAH\P2MW\hehe\gohitfinal\public\index.php(67): CodeIgniter\CodeIgniter->run()
#10 D:\TUGAS\KULIAH\P2MW\hehe\gohitfinal\system\Commands\Server\rewrite.php(47): require_once('D:\\TUGAS\\KULIAH...')
#11 {main}
CRITICAL - 2025-07-17 08:23:25 --> Unknown column 'Pim_Pong' in 'field list'
in SYSTEMPATH\Database\MySQLi\Connection.php on line 295.
 1 SYSTEMPATH\Database\MySQLi\Connection.php(295): mysqli->query('INSERT INTO `user` (`nama`, `email`, `password`, `jenis`, `sub`) VALUES (\'STIKI1\', \'v@gmail.com\', \'w\', \'1\', \'1\')', 0)
 2 SYSTEMPATH\Database\BaseConnection.php(691): CodeIgniter\Database\MySQLi\Connection->execute('INSERT INTO `user` (`nama`, `email`, `password`, `jenis`, `sub`) VALUES (\'STIKI1\', \'v@gmail.com\', \'w\', \'1\', \'1\')')
 3 SYSTEMPATH\Database\BaseConnection.php(605): CodeIgniter\Database\BaseConnection->simpleQuery('INSERT INTO `user` (`nama`, `email`, `password`, `jenis`, `sub`) VALUES (\'STIKI1\', \'v@gmail.com\', \'w\', \'1\', \'1\')')
 4 SYSTEMPATH\Database\BaseBuilder.php(2309): CodeIgniter\Database\BaseConnection->query('INSERT INTO `user` (`nama`, `email`, `password`, `jenis`, `sub`) VALUES (:nama:, :email:, :password:, :jenis:, :sub:)', [...], false)
 5 APPPATH\Models\User.php(23): CodeIgniter\Database\BaseBuilder->insert([...])
 6 APPPATH\Controllers\Login.php(97): App\Models\User->saveuser([...])
 7 SYSTEMPATH\CodeIgniter.php(934): App\Controllers\Login->add()
 8 SYSTEMPATH\CodeIgniter.php(499): CodeIgniter\CodeIgniter->runController(Object(App\Controllers\Login))
 9 SYSTEMPATH\CodeIgniter.php(368): CodeIgniter\CodeIgniter->handleRequest(null, Object(Config\Cache), false)
10 FCPATH\index.php(67): CodeIgniter\CodeIgniter->run()
11 SYSTEMPATH\Commands\Server\rewrite.php(47): require_once('D:\\TUGAS\\KULIAH\\P2MW\\hehe\\gohitfinal\\public\\index.php')
ERROR - 2025-07-17 08:26:10 --> mysqli_sql_exception: Unknown column 'Pim_Pong' in 'field list' in D:\TUGAS\KULIAH\P2MW\hehe\gohitfinal\system\Database\MySQLi\Connection.php:295
Stack trace:
#0 D:\TUGAS\KULIAH\P2MW\hehe\gohitfinal\system\Database\MySQLi\Connection.php(295): mysqli->query('INSERT INTO `us...', 0)
#1 D:\TUGAS\KULIAH\P2MW\hehe\gohitfinal\system\Database\BaseConnection.php(691): CodeIgniter\Database\MySQLi\Connection->execute('INSERT INTO `us...')
#2 D:\TUGAS\KULIAH\P2MW\hehe\gohitfinal\system\Database\BaseConnection.php(605): CodeIgniter\Database\BaseConnection->simpleQuery('INSERT INTO `us...')
#3 D:\TUGAS\KULIAH\P2MW\hehe\gohitfinal\system\Database\BaseBuilder.php(2309): CodeIgniter\Database\BaseConnection->query('INSERT INTO `us...', Array, false)
#4 D:\TUGAS\KULIAH\P2MW\hehe\gohitfinal\app\Models\User.php(23): CodeIgniter\Database\BaseBuilder->insert(Array)
#5 D:\TUGAS\KULIAH\P2MW\hehe\gohitfinal\app\Controllers\Login.php(97): App\Models\User->saveuser(Array)
#6 D:\TUGAS\KULIAH\P2MW\hehe\gohitfinal\system\CodeIgniter.php(934): App\Controllers\Login->add()
#7 D:\TUGAS\KULIAH\P2MW\hehe\gohitfinal\system\CodeIgniter.php(499): CodeIgniter\CodeIgniter->runController(Object(App\Controllers\Login))
#8 D:\TUGAS\KULIAH\P2MW\hehe\gohitfinal\system\CodeIgniter.php(368): CodeIgniter\CodeIgniter->handleRequest(NULL, Object(Config\Cache), false)
#9 D:\TUGAS\KULIAH\P2MW\hehe\gohitfinal\public\index.php(67): CodeIgniter\CodeIgniter->run()
#10 D:\TUGAS\KULIAH\P2MW\hehe\gohitfinal\system\Commands\Server\rewrite.php(47): require_once('D:\\TUGAS\\KULIAH...')
#11 {main}
CRITICAL - 2025-07-17 08:26:10 --> Unknown column 'Pim_Pong' in 'field list'
in SYSTEMPATH\Database\MySQLi\Connection.php on line 295.
 1 SYSTEMPATH\Database\MySQLi\Connection.php(295): mysqli->query('INSERT INTO `user` (`nama`, `email`, `password`, `jenis`, `sub`) VALUES (\'STIKI1\', \'v@gmail.com\', \'w\', \'1\', \'1\')', 0)
 2 SYSTEMPATH\Database\BaseConnection.php(691): CodeIgniter\Database\MySQLi\Connection->execute('INSERT INTO `user` (`nama`, `email`, `password`, `jenis`, `sub`) VALUES (\'STIKI1\', \'v@gmail.com\', \'w\', \'1\', \'1\')')
 3 SYSTEMPATH\Database\BaseConnection.php(605): CodeIgniter\Database\BaseConnection->simpleQuery('INSERT INTO `user` (`nama`, `email`, `password`, `jenis`, `sub`) VALUES (\'STIKI1\', \'v@gmail.com\', \'w\', \'1\', \'1\')')
 4 SYSTEMPATH\Database\BaseBuilder.php(2309): CodeIgniter\Database\BaseConnection->query('INSERT INTO `user` (`nama`, `email`, `password`, `jenis`, `sub`) VALUES (:nama:, :email:, :password:, :jenis:, :sub:)', [...], false)
 5 APPPATH\Models\User.php(23): CodeIgniter\Database\BaseBuilder->insert([...])
 6 APPPATH\Controllers\Login.php(97): App\Models\User->saveuser([...])
 7 SYSTEMPATH\CodeIgniter.php(934): App\Controllers\Login->add()
 8 SYSTEMPATH\CodeIgniter.php(499): CodeIgniter\CodeIgniter->runController(Object(App\Controllers\Login))
 9 SYSTEMPATH\CodeIgniter.php(368): CodeIgniter\CodeIgniter->handleRequest(null, Object(Config\Cache), false)
10 FCPATH\index.php(67): CodeIgniter\CodeIgniter->run()
11 SYSTEMPATH\Commands\Server\rewrite.php(47): require_once('D:\\TUGAS\\KULIAH\\P2MW\\hehe\\gohitfinal\\public\\index.php')
INFO - 2025-07-17 08:41:58 --> Session: Class initialized using 'CodeIgniter\Session\Handlers\FileHandler' driver.
INFO - 2025-07-17 08:41:59 --> Session: Class initialized using 'CodeIgniter\Session\Handlers\FileHandler' driver.
INFO - 2025-07-17 08:51:55 --> Session: Class initialized using 'CodeIgniter\Session\Handlers\FileHandler' driver.
INFO - 2025-07-17 08:52:08 --> Session: Class initialized using 'CodeIgniter\Session\Handlers\FileHandler' driver.
INFO - 2025-07-17 08:52:37 --> Session: Class initialized using 'CodeIgniter\Session\Handlers\FileHandler' driver.
INFO - 2025-07-17 08:54:03 --> Session: Class initialized using 'CodeIgniter\Session\Handlers\FileHandler' driver.
INFO - 2025-07-17 08:55:05 --> Session: Class initialized using 'CodeIgniter\Session\Handlers\FileHandler' driver.
ERROR - 2025-07-17 08:55:22 --> mysqli_sql_exception: Column 'nama' cannot be null in D:\TUGAS\KULIAH\P2MW\hehe\gohitfinal\system\Database\MySQLi\Connection.php:295
Stack trace:
#0 D:\TUGAS\KULIAH\P2MW\hehe\gohitfinal\system\Database\MySQLi\Connection.php(295): mysqli->query('INSERT INTO `us...', 0)
#1 D:\TUGAS\KULIAH\P2MW\hehe\gohitfinal\system\Database\BaseConnection.php(691): CodeIgniter\Database\MySQLi\Connection->execute('INSERT INTO `us...')
#2 D:\TUGAS\KULIAH\P2MW\hehe\gohitfinal\system\Database\BaseConnection.php(605): CodeIgniter\Database\BaseConnection->simpleQuery('INSERT INTO `us...')
#3 D:\TUGAS\KULIAH\P2MW\hehe\gohitfinal\system\Database\BaseBuilder.php(2309): CodeIgniter\Database\BaseConnection->query('INSERT INTO `us...', Array, false)
#4 D:\TUGAS\KULIAH\P2MW\hehe\gohitfinal\app\Models\User.php(23): CodeIgniter\Database\BaseBuilder->insert(Array)
#5 D:\TUGAS\KULIAH\P2MW\hehe\gohitfinal\app\Controllers\Login.php(71): App\Models\User->saveuser(Array)
#6 D:\TUGAS\KULIAH\P2MW\hehe\gohitfinal\system\CodeIgniter.php(934): App\Controllers\Login->add()
#7 D:\TUGAS\KULIAH\P2MW\hehe\gohitfinal\system\CodeIgniter.php(499): CodeIgniter\CodeIgniter->runController(Object(App\Controllers\Login))
#8 D:\TUGAS\KULIAH\P2MW\hehe\gohitfinal\system\CodeIgniter.php(368): CodeIgniter\CodeIgniter->handleRequest(NULL, Object(Config\Cache), false)
#9 D:\TUGAS\KULIAH\P2MW\hehe\gohitfinal\public\index.php(67): CodeIgniter\CodeIgniter->run()
#10 D:\TUGAS\KULIAH\P2MW\hehe\gohitfinal\system\Commands\Server\rewrite.php(47): require_once('D:\\TUGAS\\KULIAH...')
#11 {main}
CRITICAL - 2025-07-17 08:55:22 --> Column 'nama' cannot be null
in SYSTEMPATH\Database\MySQLi\Connection.php on line 295.
 1 SYSTEMPATH\Database\MySQLi\Connection.php(295): mysqli->query('INSERT INTO `user` (`nama`, `email`, `password`, `jenis`, `sub`) VALUES (NULL, NULL, NULL, \'1\', \'1\')', 0)
 2 SYSTEMPATH\Database\BaseConnection.php(691): CodeIgniter\Database\MySQLi\Connection->execute('INSERT INTO `user` (`nama`, `email`, `password`, `jenis`, `sub`) VALUES (NULL, NULL, NULL, \'1\', \'1\')')
 3 SYSTEMPATH\Database\BaseConnection.php(605): CodeIgniter\Database\BaseConnection->simpleQuery('INSERT INTO `user` (`nama`, `email`, `password`, `jenis`, `sub`) VALUES (NULL, NULL, NULL, \'1\', \'1\')')
 4 SYSTEMPATH\Database\BaseBuilder.php(2309): CodeIgniter\Database\BaseConnection->query('INSERT INTO `user` (`nama`, `email`, `password`, `jenis`, `sub`) VALUES (:nama:, :email:, :password:, :jenis:, :sub:)', [...], false)
 5 APPPATH\Models\User.php(23): CodeIgniter\Database\BaseBuilder->insert([...])
 6 APPPATH\Controllers\Login.php(71): App\Models\User->saveuser([...])
 7 SYSTEMPATH\CodeIgniter.php(934): App\Controllers\Login->add()
 8 SYSTEMPATH\CodeIgniter.php(499): CodeIgniter\CodeIgniter->runController(Object(App\Controllers\Login))
 9 SYSTEMPATH\CodeIgniter.php(368): CodeIgniter\CodeIgniter->handleRequest(null, Object(Config\Cache), false)
10 FCPATH\index.php(67): CodeIgniter\CodeIgniter->run()
11 SYSTEMPATH\Commands\Server\rewrite.php(47): require_once('D:\\TUGAS\\KULIAH\\P2MW\\hehe\\gohitfinal\\public\\index.php')
CRITICAL - 2025-07-17 08:55:31 --> Undefined variable $title
in APPPATH\Views\partial\header2.php on line 12.
 1 APPPATH\Views\partial\header2.php(12): CodeIgniter\Debug\Exceptions->errorHandler(2, 'Undefined variable $title', 'D:\\TUGAS\\KULIAH\\P2MW\\hehe\\gohitfinal\\app\\Views\\partial\\header2.php', 12)
 2 SYSTEMPATH\View\View.php(213): include('D:\\TUGAS\\KULIAH\\P2MW\\hehe\\gohitfinal\\app\\Views\\partial\\header2.php')
 3 SYSTEMPATH\View\View.php(216): CodeIgniter\View\View->CodeIgniter\View\{closure}()
 4 SYSTEMPATH\View\View.php(431): CodeIgniter\View\View->render('partial/header2', null, true)
 5 APPPATH\Views\home.php(1): CodeIgniter\View\View->include('partial/header2')
 6 SYSTEMPATH\View\View.php(213): include('D:\\TUGAS\\KULIAH\\P2MW\\hehe\\gohitfinal\\app\\Views\\home.php')
 7 SYSTEMPATH\View\View.php(216): CodeIgniter\View\View->CodeIgniter\View\{closure}()
 8 SYSTEMPATH\Common.php(1184): CodeIgniter\View\View->render('home', [], true)
 9 APPPATH\Controllers\Login.php(80): view('home')
10 SYSTEMPATH\CodeIgniter.php(934): App\Controllers\Login->profile()
11 SYSTEMPATH\CodeIgniter.php(499): CodeIgniter\CodeIgniter->runController(Object(App\Controllers\Login))
12 SYSTEMPATH\CodeIgniter.php(368): CodeIgniter\CodeIgniter->handleRequest(null, Object(Config\Cache), false)
13 FCPATH\index.php(67): CodeIgniter\CodeIgniter->run()
14 SYSTEMPATH\Commands\Server\rewrite.php(47): require_once('D:\\TUGAS\\KULIAH\\P2MW\\hehe\\gohitfinal\\public\\index.php')
INFO - 2025-07-17 09:14:30 --> Session: Class initialized using 'CodeIgniter\Session\Handlers\FileHandler' driver.
INFO - 2025-07-17 09:14:30 --> Session: Class initialized using 'CodeIgniter\Session\Handlers\FileHandler' driver.
CRITICAL - 2025-07-17 09:14:30 --> foreach() argument must be of type array|object, null given
in SYSTEMPATH\Database\BaseBuilder.php on line 411.
 1 SYSTEMPATH\Database\BaseBuilder.php(411): CodeIgniter\Debug\Exceptions->errorHandler(2, 'foreach() argument must be of type array|object, null given', 'D:\\TUGAS\\KULIAH\\P2MW\\hehe\\gohitfinal\\system\\Database\\BaseBuilder.php', 411)
 2 SYSTEMPATH\Model.php(840): CodeIgniter\Database\BaseBuilder->select(null)
 3 APPPATH\Models\Fisher.php(20): CodeIgniter\Model->__call('select', [...])
 4 APPPATH\Controllers\DetailEvent.php(69): App\Models\Fisher->getUserPointBySport(null, null)
 5 SYSTEMPATH\CodeIgniter.php(934): App\Controllers\DetailEvent->index('css', 'main.css')
 6 SYSTEMPATH\CodeIgniter.php(499): CodeIgniter\CodeIgniter->runController(Object(App\Controllers\DetailEvent))
 7 SYSTEMPATH\CodeIgniter.php(368): CodeIgniter\CodeIgniter->handleRequest(null, Object(Config\Cache), false)
 8 FCPATH\index.php(67): CodeIgniter\CodeIgniter->run()
 9 SYSTEMPATH\Commands\Server\rewrite.php(47): require_once('D:\\TUGAS\\KULIAH\\P2MW\\hehe\\gohitfinal\\public\\index.php')
INFO - 2025-07-17 09:14:30 --> Session: Class initialized using 'CodeIgniter\Session\Handlers\FileHandler' driver.
CRITICAL - 2025-07-17 09:14:30 --> foreach() argument must be of type array|object, null given
in SYSTEMPATH\Database\BaseBuilder.php on line 411.
 1 SYSTEMPATH\Database\BaseBuilder.php(411): CodeIgniter\Debug\Exceptions->errorHandler(2, 'foreach() argument must be of type array|object, null given', 'D:\\TUGAS\\KULIAH\\P2MW\\hehe\\gohitfinal\\system\\Database\\BaseBuilder.php', 411)
 2 SYSTEMPATH\Model.php(840): CodeIgniter\Database\BaseBuilder->select(null)
 3 APPPATH\Models\Fisher.php(20): CodeIgniter\Model->__call('select', [...])
 4 APPPATH\Controllers\DetailEvent.php(69): App\Models\Fisher->getUserPointBySport(null, null)
 5 SYSTEMPATH\CodeIgniter.php(934): App\Controllers\DetailEvent->index('css', 'style.css')
 6 SYSTEMPATH\CodeIgniter.php(499): CodeIgniter\CodeIgniter->runController(Object(App\Controllers\DetailEvent))
 7 SYSTEMPATH\CodeIgniter.php(368): CodeIgniter\CodeIgniter->handleRequest(null, Object(Config\Cache), false)
 8 FCPATH\index.php(67): CodeIgniter\CodeIgniter->run()
 9 SYSTEMPATH\Commands\Server\rewrite.php(47): require_once('D:\\TUGAS\\KULIAH\\P2MW\\hehe\\gohitfinal\\public\\index.php')
INFO - 2025-07-17 09:14:31 --> Session: Class initialized using 'CodeIgniter\Session\Handlers\FileHandler' driver.
CRITICAL - 2025-07-17 09:14:31 --> foreach() argument must be of type array|object, null given
in SYSTEMPATH\Database\BaseBuilder.php on line 411.
 1 SYSTEMPATH\Database\BaseBuilder.php(411): CodeIgniter\Debug\Exceptions->errorHandler(2, 'foreach() argument must be of type array|object, null given', 'D:\\TUGAS\\KULIAH\\P2MW\\hehe\\gohitfinal\\system\\Database\\BaseBuilder.php', 411)
 2 SYSTEMPATH\Model.php(840): CodeIgniter\Database\BaseBuilder->select(null)
 3 APPPATH\Models\Fisher.php(20): CodeIgniter\Model->__call('select', [...])
 4 APPPATH\Controllers\DetailEvent.php(69): App\Models\Fisher->getUserPointBySport(null, null)
 5 SYSTEMPATH\CodeIgniter.php(934): App\Controllers\DetailEvent->index('images', 'bg-01.jpg')
 6 SYSTEMPATH\CodeIgniter.php(499): CodeIgniter\CodeIgniter->runController(Object(App\Controllers\DetailEvent))
 7 SYSTEMPATH\CodeIgniter.php(368): CodeIgniter\CodeIgniter->handleRequest(null, Object(Config\Cache), false)
 8 FCPATH\index.php(67): CodeIgniter\CodeIgniter->run()
 9 SYSTEMPATH\Commands\Server\rewrite.php(47): require_once('D:\\TUGAS\\KULIAH\\P2MW\\hehe\\gohitfinal\\public\\index.php')
INFO - 2025-07-17 09:14:35 --> Session: Class initialized using 'CodeIgniter\Session\Handlers\FileHandler' driver.
INFO - 2025-07-17 09:14:36 --> Session: Class initialized using 'CodeIgniter\Session\Handlers\FileHandler' driver.
CRITICAL - 2025-07-17 09:14:36 --> foreach() argument must be of type array|object, null given
in SYSTEMPATH\Database\BaseBuilder.php on line 411.
 1 SYSTEMPATH\Database\BaseBuilder.php(411): CodeIgniter\Debug\Exceptions->errorHandler(2, 'foreach() argument must be of type array|object, null given', 'D:\\TUGAS\\KULIAH\\P2MW\\hehe\\gohitfinal\\system\\Database\\BaseBuilder.php', 411)
 2 SYSTEMPATH\Model.php(840): CodeIgniter\Database\BaseBuilder->select(null)
 3 APPPATH\Models\Fisher.php(20): CodeIgniter\Model->__call('select', [...])
 4 APPPATH\Controllers\DetailEvent.php(69): App\Models\Fisher->getUserPointBySport(null, null)
 5 SYSTEMPATH\CodeIgniter.php(934): App\Controllers\DetailEvent->index('css', 'main.css')
 6 SYSTEMPATH\CodeIgniter.php(499): CodeIgniter\CodeIgniter->runController(Object(App\Controllers\DetailEvent))
 7 SYSTEMPATH\CodeIgniter.php(368): CodeIgniter\CodeIgniter->handleRequest(null, Object(Config\Cache), false)
 8 FCPATH\index.php(67): CodeIgniter\CodeIgniter->run()
 9 SYSTEMPATH\Commands\Server\rewrite.php(47): require_once('D:\\TUGAS\\KULIAH\\P2MW\\hehe\\gohitfinal\\public\\index.php')
INFO - 2025-07-17 09:14:36 --> Session: Class initialized using 'CodeIgniter\Session\Handlers\FileHandler' driver.
CRITICAL - 2025-07-17 09:14:36 --> foreach() argument must be of type array|object, null given
in SYSTEMPATH\Database\BaseBuilder.php on line 411.
 1 SYSTEMPATH\Database\BaseBuilder.php(411): CodeIgniter\Debug\Exceptions->errorHandler(2, 'foreach() argument must be of type array|object, null given', 'D:\\TUGAS\\KULIAH\\P2MW\\hehe\\gohitfinal\\system\\Database\\BaseBuilder.php', 411)
 2 SYSTEMPATH\Model.php(840): CodeIgniter\Database\BaseBuilder->select(null)
 3 APPPATH\Models\Fisher.php(20): CodeIgniter\Model->__call('select', [...])
 4 APPPATH\Controllers\DetailEvent.php(69): App\Models\Fisher->getUserPointBySport(null, null)
 5 SYSTEMPATH\CodeIgniter.php(934): App\Controllers\DetailEvent->index('css', 'style.css')
 6 SYSTEMPATH\CodeIgniter.php(499): CodeIgniter\CodeIgniter->runController(Object(App\Controllers\DetailEvent))
 7 SYSTEMPATH\CodeIgniter.php(368): CodeIgniter\CodeIgniter->handleRequest(null, Object(Config\Cache), false)
 8 FCPATH\index.php(67): CodeIgniter\CodeIgniter->run()
 9 SYSTEMPATH\Commands\Server\rewrite.php(47): require_once('D:\\TUGAS\\KULIAH\\P2MW\\hehe\\gohitfinal\\public\\index.php')
INFO - 2025-07-17 09:14:36 --> Session: Class initialized using 'CodeIgniter\Session\Handlers\FileHandler' driver.
CRITICAL - 2025-07-17 09:14:36 --> foreach() argument must be of type array|object, null given
in SYSTEMPATH\Database\BaseBuilder.php on line 411.
 1 SYSTEMPATH\Database\BaseBuilder.php(411): CodeIgniter\Debug\Exceptions->errorHandler(2, 'foreach() argument must be of type array|object, null given', 'D:\\TUGAS\\KULIAH\\P2MW\\hehe\\gohitfinal\\system\\Database\\BaseBuilder.php', 411)
 2 SYSTEMPATH\Model.php(840): CodeIgniter\Database\BaseBuilder->select(null)
 3 APPPATH\Models\Fisher.php(20): CodeIgniter\Model->__call('select', [...])
 4 APPPATH\Controllers\DetailEvent.php(69): App\Models\Fisher->getUserPointBySport(null, null)
 5 SYSTEMPATH\CodeIgniter.php(934): App\Controllers\DetailEvent->index('images', 'bg-01.jpg')
 6 SYSTEMPATH\CodeIgniter.php(499): CodeIgniter\CodeIgniter->runController(Object(App\Controllers\DetailEvent))
 7 SYSTEMPATH\CodeIgniter.php(368): CodeIgniter\CodeIgniter->handleRequest(null, Object(Config\Cache), false)
 8 FCPATH\index.php(67): CodeIgniter\CodeIgniter->run()
 9 SYSTEMPATH\Commands\Server\rewrite.php(47): require_once('D:\\TUGAS\\KULIAH\\P2MW\\hehe\\gohitfinal\\public\\index.php')
INFO - 2025-07-17 09:14:44 --> Session: Class initialized using 'CodeIgniter\Session\Handlers\FileHandler' driver.
INFO - 2025-07-17 09:14:44 --> Session: Class initialized using 'CodeIgniter\Session\Handlers\FileHandler' driver.
CRITICAL - 2025-07-17 09:14:48 --> Undefined variable $title
in APPPATH\Views\partial\header2.php on line 12.
 1 APPPATH\Views\partial\header2.php(12): CodeIgniter\Debug\Exceptions->errorHandler(2, 'Undefined variable $title', 'D:\\TUGAS\\KULIAH\\P2MW\\hehe\\gohitfinal\\app\\Views\\partial\\header2.php', 12)
 2 SYSTEMPATH\View\View.php(213): include('D:\\TUGAS\\KULIAH\\P2MW\\hehe\\gohitfinal\\app\\Views\\partial\\header2.php')
 3 SYSTEMPATH\View\View.php(216): CodeIgniter\View\View->CodeIgniter\View\{closure}()
 4 SYSTEMPATH\View\View.php(431): CodeIgniter\View\View->render('partial/header2', null, true)
 5 APPPATH\Views\profile.php(73): CodeIgniter\View\View->include('partial/header2')
 6 SYSTEMPATH\View\View.php(213): include('D:\\TUGAS\\KULIAH\\P2MW\\hehe\\gohitfinal\\app\\Views\\profile.php')
 7 SYSTEMPATH\View\View.php(216): CodeIgniter\View\View->CodeIgniter\View\{closure}()
 8 SYSTEMPATH\Common.php(1184): CodeIgniter\View\View->render('profile', [], true)
 9 APPPATH\Controllers\Login.php(80): view('profile')
10 SYSTEMPATH\CodeIgniter.php(934): App\Controllers\Login->profile()
11 SYSTEMPATH\CodeIgniter.php(499): CodeIgniter\CodeIgniter->runController(Object(App\Controllers\Login))
12 SYSTEMPATH\CodeIgniter.php(368): CodeIgniter\CodeIgniter->handleRequest(null, Object(Config\Cache), false)
13 FCPATH\index.php(67): CodeIgniter\CodeIgniter->run()
14 SYSTEMPATH\Commands\Server\rewrite.php(47): require_once('D:\\TUGAS\\KULIAH\\P2MW\\hehe\\gohitfinal\\public\\index.php')
INFO - 2025-07-17 09:16:26 --> Session: Class initialized using 'CodeIgniter\Session\Handlers\FileHandler' driver.
INFO - 2025-07-17 09:20:02 --> Session: Class initialized using 'CodeIgniter\Session\Handlers\FileHandler' driver.
INFO - 2025-07-17 09:21:04 --> Session: Class initialized using 'CodeIgniter\Session\Handlers\FileHandler' driver.
INFO - 2025-07-17 09:22:10 --> Session: Class initialized using 'CodeIgniter\Session\Handlers\FileHandler' driver.
INFO - 2025-07-17 09:24:41 --> Session: Class initialized using 'CodeIgniter\Session\Handlers\FileHandler' driver.
INFO - 2025-07-17 13:29:42 --> Session: Class initialized using 'CodeIgniter\Session\Handlers\FileHandler' driver.
INFO - 2025-07-17 13:29:49 --> Session: Class initialized using 'CodeIgniter\Session\Handlers\FileHandler' driver.
INFO - 2025-07-17 13:29:51 --> Session: Class initialized using 'CodeIgniter\Session\Handlers\FileHandler' driver.
INFO - 2025-07-17 13:29:58 --> Session: Class initialized using 'CodeIgniter\Session\Handlers\FileHandler' driver.
INFO - 2025-07-17 13:29:58 --> Session: Class initialized using 'CodeIgniter\Session\Handlers\FileHandler' driver.
INFO - 2025-07-17 13:38:44 --> Session: Class initialized using 'CodeIgniter\Session\Handlers\FileHandler' driver.
INFO - 2025-07-17 13:40:37 --> Session: Class initialized using 'CodeIgniter\Session\Handlers\FileHandler' driver.
INFO - 2025-07-17 13:46:54 --> Session: Class initialized using 'CodeIgniter\Session\Handlers\FileHandler' driver.
INFO - 2025-07-17 13:52:35 --> Session: Class initialized using 'CodeIgniter\Session\Handlers\FileHandler' driver.
INFO - 2025-07-17 14:02:16 --> Session: Class initialized using 'CodeIgniter\Session\Handlers\FileHandler' driver.
INFO - 2025-07-17 14:02:19 --> Session: Class initialized using 'CodeIgniter\Session\Handlers\FileHandler' driver.
INFO - 2025-07-17 14:12:40 --> Session: Class initialized using 'CodeIgniter\Session\Handlers\FileHandler' driver.
INFO - 2025-07-17 14:14:32 --> Session: Class initialized using 'CodeIgniter\Session\Handlers\FileHandler' driver.
INFO - 2025-07-17 14:17:11 --> Session: Class initialized using 'CodeIgniter\Session\Handlers\FileHandler' driver.
INFO - 2025-07-17 14:20:08 --> Session: Class initialized using 'CodeIgniter\Session\Handlers\FileHandler' driver.
INFO - 2025-07-17 14:20:36 --> Session: Class initialized using 'CodeIgniter\Session\Handlers\FileHandler' driver.
INFO - 2025-07-17 14:27:05 --> Session: Class initialized using 'CodeIgniter\Session\Handlers\FileHandler' driver.
INFO - 2025-07-17 14:28:09 --> Session: Class initialized using 'CodeIgniter\Session\Handlers\FileHandler' driver.
INFO - 2025-07-17 14:28:09 --> Session: Class initialized using 'CodeIgniter\Session\Handlers\FileHandler' driver.
INFO - 2025-07-17 14:29:27 --> Session: Class initialized using 'CodeIgniter\Session\Handlers\FileHandler' driver.
INFO - 2025-07-17 14:29:28 --> Session: Class initialized using 'CodeIgniter\Session\Handlers\FileHandler' driver.
INFO - 2025-07-17 14:29:31 --> Session: Class initialized using 'CodeIgniter\Session\Handlers\FileHandler' driver.
INFO - 2025-07-17 14:29:32 --> Session: Class initialized using 'CodeIgniter\Session\Handlers\FileHandler' driver.
INFO - 2025-07-17 14:29:52 --> Session: Class initialized using 'CodeIgniter\Session\Handlers\FileHandler' driver.
INFO - 2025-07-17 14:29:52 --> Session: Class initialized using 'CodeIgniter\Session\Handlers\FileHandler' driver.
INFO - 2025-07-17 14:30:32 --> Session: Class initialized using 'CodeIgniter\Session\Handlers\FileHandler' driver.
INFO - 2025-07-17 14:30:32 --> Session: Class initialized using 'CodeIgniter\Session\Handlers\FileHandler' driver.
INFO - 2025-07-17 14:34:07 --> Session: Class initialized using 'CodeIgniter\Session\Handlers\FileHandler' driver.
INFO - 2025-07-17 14:34:17 --> Session: Class initialized using 'CodeIgniter\Session\Handlers\FileHandler' driver.
INFO - 2025-07-17 14:34:17 --> Session: Class initialized using 'CodeIgniter\Session\Handlers\FileHandler' driver.
INFO - 2025-07-17 14:39:01 --> Session: Class initialized using 'CodeIgniter\Session\Handlers\FileHandler' driver.
INFO - 2025-07-17 14:39:10 --> Session: Class initialized using 'CodeIgniter\Session\Handlers\FileHandler' driver.
INFO - 2025-07-17 14:39:10 --> Session: Class initialized using 'CodeIgniter\Session\Handlers\FileHandler' driver.
INFO - 2025-07-17 14:39:32 --> Session: Class initialized using 'CodeIgniter\Session\Handlers\FileHandler' driver.
INFO - 2025-07-17 14:39:33 --> Session: Class initialized using 'CodeIgniter\Session\Handlers\FileHandler' driver.
INFO - 2025-07-17 14:43:12 --> Session: Class initialized using 'CodeIgniter\Session\Handlers\FileHandler' driver.
INFO - 2025-07-17 14:43:20 --> Session: Class initialized using 'CodeIgniter\Session\Handlers\FileHandler' driver.
INFO - 2025-07-17 14:43:20 --> Session: Class initialized using 'CodeIgniter\Session\Handlers\FileHandler' driver.
INFO - 2025-07-17 14:56:53 --> Session: Class initialized using 'CodeIgniter\Session\Handlers\FileHandler' driver.
INFO - 2025-07-17 14:57:04 --> Session: Class initialized using 'CodeIgniter\Session\Handlers\FileHandler' driver.
INFO - 2025-07-17 14:57:04 --> Session: Class initialized using 'CodeIgniter\Session\Handlers\FileHandler' driver.
INFO - 2025-07-17 14:57:20 --> Session: Class initialized using 'CodeIgniter\Session\Handlers\FileHandler' driver.
INFO - 2025-07-17 14:57:26 --> Session: Class initialized using 'CodeIgniter\Session\Handlers\FileHandler' driver.
INFO - 2025-07-17 14:57:30 --> Session: Class initialized using 'CodeIgniter\Session\Handlers\FileHandler' driver.
INFO - 2025-07-17 14:57:57 --> Session: Class initialized using 'CodeIgniter\Session\Handlers\FileHandler' driver.
INFO - 2025-07-17 14:57:57 --> Session: Class initialized using 'CodeIgniter\Session\Handlers\FileHandler' driver.
INFO - 2025-07-17 14:59:17 --> Session: Class initialized using 'CodeIgniter\Session\Handlers\FileHandler' driver.
INFO - 2025-07-17 14:59:17 --> Session: Class initialized using 'CodeIgniter\Session\Handlers\FileHandler' driver.
INFO - 2025-07-17 15:00:19 --> Session: Class initialized using 'CodeIgniter\Session\Handlers\FileHandler' driver.
INFO - 2025-07-17 15:00:19 --> Session: Class initialized using 'CodeIgniter\Session\Handlers\FileHandler' driver.
INFO - 2025-07-17 15:01:40 --> Session: Class initialized using 'CodeIgniter\Session\Handlers\FileHandler' driver.
INFO - 2025-07-17 15:01:40 --> Session: Class initialized using 'CodeIgniter\Session\Handlers\FileHandler' driver.
INFO - 2025-07-17 15:35:12 --> Session: Class initialized using 'CodeIgniter\Session\Handlers\FileHandler' driver.
INFO - 2025-07-17 15:35:13 --> Session: Class initialized using 'CodeIgniter\Session\Handlers\FileHandler' driver.
INFO - 2025-07-17 15:35:14 --> Session: Class initialized using 'CodeIgniter\Session\Handlers\FileHandler' driver.
INFO - 2025-07-17 15:35:14 --> Session: Class initialized using 'CodeIgniter\Session\Handlers\FileHandler' driver.
INFO - 2025-07-17 15:35:15 --> Session: Class initialized using 'CodeIgniter\Session\Handlers\FileHandler' driver.
INFO - 2025-07-17 15:35:17 --> Session: Class initialized using 'CodeIgniter\Session\Handlers\FileHandler' driver.
CRITICAL - 2025-07-17 15:45:48 --> Undefined array key "id"
in APPPATH\Views\admin\customer\index.php on line 46.
 1 APPPATH\Views\admin\customer\index.php(46): CodeIgniter\Debug\Exceptions->errorHandler(2, 'Undefined array key "id"', 'D:\\TUGAS\\KULIAH\\P2MW\\hehe\\gohitfinal\\app\\Views\\admin\\customer\\index.php', 46)
 2 SYSTEMPATH\View\View.php(213): include('D:\\TUGAS\\KULIAH\\P2MW\\hehe\\gohitfinal\\app\\Views\\admin\\customer\\index.php')
 3 SYSTEMPATH\View\View.php(216): CodeIgniter\View\View->CodeIgniter\View\{closure}()
 4 SYSTEMPATH\Common.php(1184): CodeIgniter\View\View->render('admin/customer/index', [], true)
 5 APPPATH\Controllers\Admin\Customer.php(15): view('admin/customer/index', [...])
 6 SYSTEMPATH\CodeIgniter.php(934): App\Controllers\Admin\Customer->index()
 7 SYSTEMPATH\CodeIgniter.php(499): CodeIgniter\CodeIgniter->runController(Object(App\Controllers\Admin\Customer))
 8 SYSTEMPATH\CodeIgniter.php(368): CodeIgniter\CodeIgniter->handleRequest(null, Object(Config\Cache), false)
 9 FCPATH\index.php(67): CodeIgniter\CodeIgniter->run()
10 SYSTEMPATH\Commands\Server\rewrite.php(47): require_once('D:\\TUGAS\\KULIAH\\P2MW\\hehe\\gohitfinal\\public\\index.php')
CRITICAL - 2025-07-17 15:46:09 --> Undefined array key "id"
in APPPATH\Views\admin\customer\index.php on line 46.
 1 APPPATH\Views\admin\customer\index.php(46): CodeIgniter\Debug\Exceptions->errorHandler(2, 'Undefined array key "id"', 'D:\\TUGAS\\KULIAH\\P2MW\\hehe\\gohitfinal\\app\\Views\\admin\\customer\\index.php', 46)
 2 SYSTEMPATH\View\View.php(213): include('D:\\TUGAS\\KULIAH\\P2MW\\hehe\\gohitfinal\\app\\Views\\admin\\customer\\index.php')
 3 SYSTEMPATH\View\View.php(216): CodeIgniter\View\View->CodeIgniter\View\{closure}()
 4 SYSTEMPATH\Common.php(1184): CodeIgniter\View\View->render('admin/customer/index', [], true)
 5 APPPATH\Controllers\Admin\Customer.php(15): view('admin/customer/index', [...])
 6 SYSTEMPATH\CodeIgniter.php(934): App\Controllers\Admin\Customer->index()
 7 SYSTEMPATH\CodeIgniter.php(499): CodeIgniter\CodeIgniter->runController(Object(App\Controllers\Admin\Customer))
 8 SYSTEMPATH\CodeIgniter.php(368): CodeIgniter\CodeIgniter->handleRequest(null, Object(Config\Cache), false)
 9 FCPATH\index.php(67): CodeIgniter\CodeIgniter->run()
10 SYSTEMPATH\Commands\Server\rewrite.php(47): require_once('D:\\TUGAS\\KULIAH\\P2MW\\hehe\\gohitfinal\\public\\index.php')
CRITICAL - 2025-07-17 16:05:56 --> Undefined variable $i
in APPPATH\Views\admin\customer\index.php on line 45.
 1 APPPATH\Views\admin\customer\index.php(45): CodeIgniter\Debug\Exceptions->errorHandler(2, 'Undefined variable $i', 'D:\\TUGAS\\KULIAH\\P2MW\\hehe\\gohitfinal\\app\\Views\\admin\\customer\\index.php', 45)
 2 SYSTEMPATH\View\View.php(213): include('D:\\TUGAS\\KULIAH\\P2MW\\hehe\\gohitfinal\\app\\Views\\admin\\customer\\index.php')
 3 SYSTEMPATH\View\View.php(216): CodeIgniter\View\View->CodeIgniter\View\{closure}()
 4 SYSTEMPATH\Common.php(1184): CodeIgniter\View\View->render('admin/customer/index', [], true)
 5 APPPATH\Controllers\Admin\Customer.php(24): view('admin/customer/index', [...])
 6 SYSTEMPATH\CodeIgniter.php(934): App\Controllers\Admin\Customer->index()
 7 SYSTEMPATH\CodeIgniter.php(499): CodeIgniter\CodeIgniter->runController(Object(App\Controllers\Admin\Customer))
 8 SYSTEMPATH\CodeIgniter.php(368): CodeIgniter\CodeIgniter->handleRequest(null, Object(Config\Cache), false)
 9 FCPATH\index.php(67): CodeIgniter\CodeIgniter->run()
10 SYSTEMPATH\Commands\Server\rewrite.php(47): require_once('D:\\TUGAS\\KULIAH\\P2MW\\hehe\\gohitfinal\\public\\index.php')
CRITICAL - 2025-07-17 16:05:57 --> Undefined variable $i
in APPPATH\Views\admin\customer\index.php on line 45.
 1 APPPATH\Views\admin\customer\index.php(45): CodeIgniter\Debug\Exceptions->errorHandler(2, 'Undefined variable $i', 'D:\\TUGAS\\KULIAH\\P2MW\\hehe\\gohitfinal\\app\\Views\\admin\\customer\\index.php', 45)
 2 SYSTEMPATH\View\View.php(213): include('D:\\TUGAS\\KULIAH\\P2MW\\hehe\\gohitfinal\\app\\Views\\admin\\customer\\index.php')
 3 SYSTEMPATH\View\View.php(216): CodeIgniter\View\View->CodeIgniter\View\{closure}()
 4 SYSTEMPATH\Common.php(1184): CodeIgniter\View\View->render('admin/customer/index', [], true)
 5 APPPATH\Controllers\Admin\Customer.php(24): view('admin/customer/index', [...])
 6 SYSTEMPATH\CodeIgniter.php(934): App\Controllers\Admin\Customer->index()
 7 SYSTEMPATH\CodeIgniter.php(499): CodeIgniter\CodeIgniter->runController(Object(App\Controllers\Admin\Customer))
 8 SYSTEMPATH\CodeIgniter.php(368): CodeIgniter\CodeIgniter->handleRequest(null, Object(Config\Cache), false)
 9 FCPATH\index.php(67): CodeIgniter\CodeIgniter->run()
10 SYSTEMPATH\Commands\Server\rewrite.php(47): require_once('D:\\TUGAS\\KULIAH\\P2MW\\hehe\\gohitfinal\\public\\index.php')
INFO - 2025-07-17 16:11:46 --> Session: Class initialized using 'CodeIgniter\Session\Handlers\FileHandler' driver.
INFO - 2025-07-17 16:11:49 --> Session: Class initialized using 'CodeIgniter\Session\Handlers\FileHandler' driver.
INFO - 2025-07-17 16:11:49 --> Session: Class initialized using 'CodeIgniter\Session\Handlers\FileHandler' driver.
INFO - 2025-07-17 16:11:55 --> Session: Class initialized using 'CodeIgniter\Session\Handlers\FileHandler' driver.
INFO - 2025-07-17 16:11:56 --> Session: Class initialized using 'CodeIgniter\Session\Handlers\FileHandler' driver.
INFO - 2025-07-17 16:12:00 --> Session: Class initialized using 'CodeIgniter\Session\Handlers\FileHandler' driver.
INFO - 2025-07-17 16:12:07 --> Session: Class initialized using 'CodeIgniter\Session\Handlers\FileHandler' driver.
INFO - 2025-07-17 16:12:07 --> Session: Class initialized using 'CodeIgniter\Session\Handlers\FileHandler' driver.
INFO - 2025-07-17 16:12:11 --> Session: Class initialized using 'CodeIgniter\Session\Handlers\FileHandler' driver.
INFO - 2025-07-17 16:12:11 --> Session: Class initialized using 'CodeIgniter\Session\Handlers\FileHandler' driver.
INFO - 2025-07-17 16:12:21 --> Session: Class initialized using 'CodeIgniter\Session\Handlers\FileHandler' driver.
CRITICAL - 2025-07-17 16:17:24 --> Undefined array key "username"
in APPPATH\Views\admin\customer\index.php on line 51.
 1 APPPATH\Views\admin\customer\index.php(51): CodeIgniter\Debug\Exceptions->errorHandler(2, 'Undefined array key "username"', 'D:\\TUGAS\\KULIAH\\P2MW\\hehe\\gohitfinal\\app\\Views\\admin\\customer\\index.php', 51)
 2 SYSTEMPATH\View\View.php(213): include('D:\\TUGAS\\KULIAH\\P2MW\\hehe\\gohitfinal\\app\\Views\\admin\\customer\\index.php')
 3 SYSTEMPATH\View\View.php(216): CodeIgniter\View\View->CodeIgniter\View\{closure}()
 4 SYSTEMPATH\Common.php(1184): CodeIgniter\View\View->render('admin/customer/index', [], true)
 5 APPPATH\Controllers\Admin\Customer.php(24): view('admin/customer/index', [...])
 6 SYSTEMPATH\CodeIgniter.php(934): App\Controllers\Admin\Customer->index()
 7 SYSTEMPATH\CodeIgniter.php(499): CodeIgniter\CodeIgniter->runController(Object(App\Controllers\Admin\Customer))
 8 SYSTEMPATH\CodeIgniter.php(368): CodeIgniter\CodeIgniter->handleRequest(null, Object(Config\Cache), false)
 9 FCPATH\index.php(67): CodeIgniter\CodeIgniter->run()
10 SYSTEMPATH\Commands\Server\rewrite.php(47): require_once('D:\\TUGAS\\KULIAH\\P2MW\\hehe\\gohitfinal\\public\\index.php')
INFO - 2025-07-17 16:23:01 --> Session: Class initialized using 'CodeIgniter\Session\Handlers\FileHandler' driver.
INFO - 2025-07-17 16:23:01 --> Session: Class initialized using 'CodeIgniter\Session\Handlers\FileHandler' driver.
INFO - 2025-07-17 16:23:14 --> Session: Class initialized using 'CodeIgniter\Session\Handlers\FileHandler' driver.
INFO - 2025-07-17 16:23:14 --> Session: Class initialized using 'CodeIgniter\Session\Handlers\FileHandler' driver.
INFO - 2025-07-17 16:23:57 --> Session: Class initialized using 'CodeIgniter\Session\Handlers\FileHandler' driver.
INFO - 2025-07-17 16:23:57 --> Session: Class initialized using 'CodeIgniter\Session\Handlers\FileHandler' driver.
INFO - 2025-07-17 16:25:30 --> Session: Class initialized using 'CodeIgniter\Session\Handlers\FileHandler' driver.
INFO - 2025-07-17 16:25:30 --> Session: Class initialized using 'CodeIgniter\Session\Handlers\FileHandler' driver.
INFO - 2025-07-17 16:28:59 --> Session: Class initialized using 'CodeIgniter\Session\Handlers\FileHandler' driver.
INFO - 2025-07-17 16:28:59 --> Session: Class initialized using 'CodeIgniter\Session\Handlers\FileHandler' driver.
INFO - 2025-07-17 16:29:08 --> Session: Class initialized using 'CodeIgniter\Session\Handlers\FileHandler' driver.
INFO - 2025-07-17 16:30:12 --> Session: Class initialized using 'CodeIgniter\Session\Handlers\FileHandler' driver.
INFO - 2025-07-17 16:30:12 --> Session: Class initialized using 'CodeIgniter\Session\Handlers\FileHandler' driver.
INFO - 2025-07-17 16:30:20 --> Session: Class initialized using 'CodeIgniter\Session\Handlers\FileHandler' driver.
INFO - 2025-07-17 16:30:20 --> Session: Class initialized using 'CodeIgniter\Session\Handlers\FileHandler' driver.
INFO - 2025-07-17 16:30:22 --> Session: Class initialized using 'CodeIgniter\Session\Handlers\FileHandler' driver.
INFO - 2025-07-17 16:30:22 --> Session: Class initialized using 'CodeIgniter\Session\Handlers\FileHandler' driver.
INFO - 2025-07-17 16:30:47 --> Session: Class initialized using 'CodeIgniter\Session\Handlers\FileHandler' driver.
INFO - 2025-07-17 16:30:48 --> Session: Class initialized using 'CodeIgniter\Session\Handlers\FileHandler' driver.
INFO - 2025-07-17 16:30:53 --> Session: Class initialized using 'CodeIgniter\Session\Handlers\FileHandler' driver.
INFO - 2025-07-17 16:30:53 --> Session: Class initialized using 'CodeIgniter\Session\Handlers\FileHandler' driver.
INFO - 2025-07-17 16:31:17 --> Session: Class initialized using 'CodeIgniter\Session\Handlers\FileHandler' driver.
INFO - 2025-07-17 16:31:17 --> Session: Class initialized using 'CodeIgniter\Session\Handlers\FileHandler' driver.
INFO - 2025-07-17 16:36:01 --> Session: Class initialized using 'CodeIgniter\Session\Handlers\FileHandler' driver.
INFO - 2025-07-17 16:36:01 --> Session: Class initialized using 'CodeIgniter\Session\Handlers\FileHandler' driver.
INFO - 2025-07-17 16:36:38 --> Session: Class initialized using 'CodeIgniter\Session\Handlers\FileHandler' driver.
CRITICAL - 2025-07-17 16:41:44 --> Invalid file: "admin/customer/ww.php"
in SYSTEMPATH\Exceptions\FrameworkException.php on line 33.
 1 SYSTEMPATH\View\View.php(201): CodeIgniter\Exceptions\FrameworkException::forInvalidFile('admin/customer/ww.php')
 2 SYSTEMPATH\Common.php(1184): CodeIgniter\View\View->render('admin/customer/ww', [], true)
 3 APPPATH\Controllers\Admin\Customer.php(24): view('admin/customer/ww', [...])
 4 SYSTEMPATH\CodeIgniter.php(934): App\Controllers\Admin\Customer->index()
 5 SYSTEMPATH\CodeIgniter.php(499): CodeIgniter\CodeIgniter->runController(Object(App\Controllers\Admin\Customer))
 6 SYSTEMPATH\CodeIgniter.php(368): CodeIgniter\CodeIgniter->handleRequest(null, Object(Config\Cache), false)
 7 FCPATH\index.php(67): CodeIgniter\CodeIgniter->run()
 8 SYSTEMPATH\Commands\Server\rewrite.php(47): require_once('D:\\TUGAS\\KULIAH\\P2MW\\hehe\\gohitfinal\\public\\index.php')
INFO - 2025-07-17 16:42:14 --> Session: Class initialized using 'CodeIgniter\Session\Handlers\FileHandler' driver.
INFO - 2025-07-17 16:42:14 --> Session: Class initialized using 'CodeIgniter\Session\Handlers\FileHandler' driver.
INFO - 2025-07-17 16:42:21 --> Session: Class initialized using 'CodeIgniter\Session\Handlers\FileHandler' driver.
INFO - 2025-07-17 16:42:21 --> Session: Class initialized using 'CodeIgniter\Session\Handlers\FileHandler' driver.
INFO - 2025-07-17 16:43:25 --> Session: Class initialized using 'CodeIgniter\Session\Handlers\FileHandler' driver.
INFO - 2025-07-17 16:43:25 --> Session: Class initialized using 'CodeIgniter\Session\Handlers\FileHandler' driver.
INFO - 2025-07-17 16:43:32 --> Session: Class initialized using 'CodeIgniter\Session\Handlers\FileHandler' driver.
INFO - 2025-07-17 16:43:32 --> Session: Class initialized using 'CodeIgniter\Session\Handlers\FileHandler' driver.
INFO - 2025-07-17 16:44:00 --> Session: Class initialized using 'CodeIgniter\Session\Handlers\FileHandler' driver.
INFO - 2025-07-17 16:44:00 --> Session: Class initialized using 'CodeIgniter\Session\Handlers\FileHandler' driver.
INFO - 2025-07-17 16:44:40 --> Session: Class initialized using 'CodeIgniter\Session\Handlers\FileHandler' driver.
INFO - 2025-07-17 16:44:40 --> Session: Class initialized using 'CodeIgniter\Session\Handlers\FileHandler' driver.
INFO - 2025-07-17 16:46:21 --> Session: Class initialized using 'CodeIgniter\Session\Handlers\FileHandler' driver.
INFO - 2025-07-17 16:46:21 --> Session: Class initialized using 'CodeIgniter\Session\Handlers\FileHandler' driver.
INFO - 2025-07-17 16:46:29 --> Session: Class initialized using 'CodeIgniter\Session\Handlers\FileHandler' driver.
INFO - 2025-07-17 16:46:30 --> Session: Class initialized using 'CodeIgniter\Session\Handlers\FileHandler' driver.
INFO - 2025-07-17 16:49:24 --> Session: Class initialized using 'CodeIgniter\Session\Handlers\FileHandler' driver.
INFO - 2025-07-17 16:49:24 --> Session: Class initialized using 'CodeIgniter\Session\Handlers\FileHandler' driver.
INFO - 2025-07-17 16:51:45 --> Session: Class initialized using 'CodeIgniter\Session\Handlers\FileHandler' driver.
INFO - 2025-07-17 16:51:45 --> Session: Class initialized using 'CodeIgniter\Session\Handlers\FileHandler' driver.
INFO - 2025-07-17 16:51:51 --> Session: Class initialized using 'CodeIgniter\Session\Handlers\FileHandler' driver.
INFO - 2025-07-17 16:51:51 --> Session: Class initialized using 'CodeIgniter\Session\Handlers\FileHandler' driver.
INFO - 2025-07-17 16:51:53 --> Session: Class initialized using 'CodeIgniter\Session\Handlers\FileHandler' driver.
INFO - 2025-07-17 16:51:53 --> Session: Class initialized using 'CodeIgniter\Session\Handlers\FileHandler' driver.
INFO - 2025-07-17 16:52:06 --> Session: Class initialized using 'CodeIgniter\Session\Handlers\FileHandler' driver.
INFO - 2025-07-17 16:52:07 --> Session: Class initialized using 'CodeIgniter\Session\Handlers\FileHandler' driver.
INFO - 2025-07-17 16:54:44 --> Session: Class initialized using 'CodeIgniter\Session\Handlers\FileHandler' driver.
INFO - 2025-07-17 16:54:44 --> Session: Class initialized using 'CodeIgniter\Session\Handlers\FileHandler' driver.
INFO - 2025-07-17 17:24:07 --> Session: Class initialized using 'CodeIgniter\Session\Handlers\FileHandler' driver.
INFO - 2025-07-17 17:24:07 --> Session: Class initialized using 'CodeIgniter\Session\Handlers\FileHandler' driver.
INFO - 2025-07-17 17:29:39 --> Session: Class initialized using 'CodeIgniter\Session\Handlers\FileHandler' driver.
INFO - 2025-07-17 17:29:39 --> Session: Class initialized using 'CodeIgniter\Session\Handlers\FileHandler' driver.
INFO - 2025-07-17 17:30:01 --> Session: Class initialized using 'CodeIgniter\Session\Handlers\FileHandler' driver.
INFO - 2025-07-17 17:30:01 --> Session: Class initialized using 'CodeIgniter\Session\Handlers\FileHandler' driver.
INFO - 2025-07-17 17:32:07 --> Session: Class initialized using 'CodeIgniter\Session\Handlers\FileHandler' driver.
INFO - 2025-07-17 17:32:07 --> Session: Class initialized using 'CodeIgniter\Session\Handlers\FileHandler' driver.
INFO - 2025-07-17 17:35:09 --> Session: Class initialized using 'CodeIgniter\Session\Handlers\FileHandler' driver.
INFO - 2025-07-17 17:35:09 --> Session: Class initialized using 'CodeIgniter\Session\Handlers\FileHandler' driver.
INFO - 2025-07-17 17:42:17 --> Session: Class initialized using 'CodeIgniter\Session\Handlers\FileHandler' driver.
INFO - 2025-07-17 17:42:18 --> Session: Class initialized using 'CodeIgniter\Session\Handlers\FileHandler' driver.
INFO - 2025-07-17 17:43:17 --> Session: Class initialized using 'CodeIgniter\Session\Handlers\FileHandler' driver.
INFO - 2025-07-17 17:43:17 --> Session: Class initialized using 'CodeIgniter\Session\Handlers\FileHandler' driver.
INFO - 2025-07-17 17:46:51 --> Session: Class initialized using 'CodeIgniter\Session\Handlers\FileHandler' driver.
INFO - 2025-07-17 17:46:51 --> Session: Class initialized using 'CodeIgniter\Session\Handlers\FileHandler' driver.
INFO - 2025-07-17 17:48:54 --> Session: Class initialized using 'CodeIgniter\Session\Handlers\FileHandler' driver.
INFO - 2025-07-17 17:49:12 --> Session: Class initialized using 'CodeIgniter\Session\Handlers\FileHandler' driver.
INFO - 2025-07-17 17:49:18 --> Session: Class initialized using 'CodeIgniter\Session\Handlers\FileHandler' driver.
INFO - 2025-07-17 17:49:18 --> Session: Class initialized using 'CodeIgniter\Session\Handlers\FileHandler' driver.
INFO - 2025-07-17 17:52:42 --> Session: Class initialized using 'CodeIgniter\Session\Handlers\FileHandler' driver.
INFO - 2025-07-17 17:52:42 --> Session: Class initialized using 'CodeIgniter\Session\Handlers\FileHandler' driver.
INFO - 2025-07-17 17:56:04 --> Session: Class initialized using 'CodeIgniter\Session\Handlers\FileHandler' driver.
INFO - 2025-07-17 17:56:04 --> Session: Class initialized using 'CodeIgniter\Session\Handlers\FileHandler' driver.
INFO - 2025-07-17 18:01:01 --> Session: Class initialized using 'CodeIgniter\Session\Handlers\FileHandler' driver.
INFO - 2025-07-17 18:01:02 --> Session: Class initialized using 'CodeIgniter\Session\Handlers\FileHandler' driver.
INFO - 2025-07-17 18:01:38 --> Session: Class initialized using 'CodeIgniter\Session\Handlers\FileHandler' driver.
INFO - 2025-07-17 18:01:39 --> Session: Class initialized using 'CodeIgniter\Session\Handlers\FileHandler' driver.
INFO - 2025-07-17 18:05:08 --> Session: Class initialized using 'CodeIgniter\Session\Handlers\FileHandler' driver.
INFO - 2025-07-17 18:05:09 --> Session: Class initialized using 'CodeIgniter\Session\Handlers\FileHandler' driver.
INFO - 2025-07-17 18:11:50 --> Session: Class initialized using 'CodeIgniter\Session\Handlers\FileHandler' driver.
INFO - 2025-07-17 18:11:50 --> Session: Class initialized using 'CodeIgniter\Session\Handlers\FileHandler' driver.
INFO - 2025-07-17 18:12:38 --> Session: Class initialized using 'CodeIgniter\Session\Handlers\FileHandler' driver.
INFO - 2025-07-17 18:12:38 --> Session: Class initialized using 'CodeIgniter\Session\Handlers\FileHandler' driver.
INFO - 2025-07-17 18:13:52 --> Session: Class initialized using 'CodeIgniter\Session\Handlers\FileHandler' driver.
INFO - 2025-07-17 18:13:52 --> Session: Class initialized using 'CodeIgniter\Session\Handlers\FileHandler' driver.
INFO - 2025-07-17 18:16:03 --> Session: Class initialized using 'CodeIgniter\Session\Handlers\FileHandler' driver.
INFO - 2025-07-17 18:16:57 --> Session: Class initialized using 'CodeIgniter\Session\Handlers\FileHandler' driver.
INFO - 2025-07-17 18:17:25 --> Session: Class initialized using 'CodeIgniter\Session\Handlers\FileHandler' driver.
INFO - 2025-07-17 18:17:28 --> Session: Class initialized using 'CodeIgniter\Session\Handlers\FileHandler' driver.
INFO - 2025-07-17 18:17:56 --> Session: Class initialized using 'CodeIgniter\Session\Handlers\FileHandler' driver.
INFO - 2025-07-17 18:17:59 --> Session: Class initialized using 'CodeIgniter\Session\Handlers\FileHandler' driver.
INFO - 2025-07-17 18:17:59 --> Session: Class initialized using 'CodeIgniter\Session\Handlers\FileHandler' driver.
INFO - 2025-07-17 18:18:05 --> Session: Class initialized using 'CodeIgniter\Session\Handlers\FileHandler' driver.
INFO - 2025-07-17 18:18:05 --> Session: Class initialized using 'CodeIgniter\Session\Handlers\FileHandler' driver.
INFO - 2025-07-17 18:19:20 --> Session: Class initialized using 'CodeIgniter\Session\Handlers\FileHandler' driver.
INFO - 2025-07-17 18:19:24 --> Session: Class initialized using 'CodeIgniter\Session\Handlers\FileHandler' driver.
INFO - 2025-07-17 18:19:25 --> Session: Class initialized using 'CodeIgniter\Session\Handlers\FileHandler' driver.
INFO - 2025-07-17 18:19:27 --> Session: Class initialized using 'CodeIgniter\Session\Handlers\FileHandler' driver.
INFO - 2025-07-17 18:19:54 --> Session: Class initialized using 'CodeIgniter\Session\Handlers\FileHandler' driver.
INFO - 2025-07-17 18:25:35 --> Session: Class initialized using 'CodeIgniter\Session\Handlers\FileHandler' driver.
INFO - 2025-07-17 18:25:39 --> Session: Class initialized using 'CodeIgniter\Session\Handlers\FileHandler' driver.
INFO - 2025-07-17 18:25:39 --> Session: Class initialized using 'CodeIgniter\Session\Handlers\FileHandler' driver.
INFO - 2025-07-17 18:26:15 --> Session: Class initialized using 'CodeIgniter\Session\Handlers\FileHandler' driver.
INFO - 2025-07-17 18:26:28 --> Session: Class initialized using 'CodeIgniter\Session\Handlers\FileHandler' driver.
INFO - 2025-07-17 18:26:28 --> Session: Class initialized using 'CodeIgniter\Session\Handlers\FileHandler' driver.
INFO - 2025-07-17 18:30:49 --> Session: Class initialized using 'CodeIgniter\Session\Handlers\FileHandler' driver.
INFO - 2025-07-17 18:30:50 --> Session: Class initialized using 'CodeIgniter\Session\Handlers\FileHandler' driver.
INFO - 2025-07-17 18:31:02 --> Session: Class initialized using 'CodeIgniter\Session\Handlers\FileHandler' driver.
INFO - 2025-07-17 18:31:02 --> Session: Class initialized using 'CodeIgniter\Session\Handlers\FileHandler' driver.
