INFO - 2025-06-15 15:24:37 --> Session: Class initialized using 'CodeIgniter\Session\Handlers\FileHandler' driver.
INFO - 2025-06-15 15:24:47 --> Session: Class initialized using 'CodeIgniter\Session\Handlers\FileHandler' driver.
INFO - 2025-06-15 15:24:55 --> Session: Class initialized using 'CodeIgniter\Session\Handlers\FileHandler' driver.
INFO - 2025-06-15 15:24:55 --> Session: Class initialized using 'CodeIgniter\Session\Handlers\FileHandler' driver.
INFO - 2025-06-15 15:24:58 --> Session: Class initialized using 'CodeIgniter\Session\Handlers\FileHandler' driver.
INFO - 2025-06-15 15:24:59 --> Session: Class initialized using 'CodeIgniter\Session\Handlers\FileHandler' driver.
INFO - 2025-06-15 15:25:03 --> Session: Class initialized using 'CodeIgniter\Session\Handlers\FileHandler' driver.
INFO - 2025-06-15 15:25:06 --> Session: Class initialized using 'CodeIgniter\Session\Handlers\FileHandler' driver.
INFO - 2025-06-15 15:26:50 --> Session: Class initialized using 'CodeIgniter\Session\Handlers\FileHandler' driver.
INFO - 2025-06-15 15:26:53 --> Session: Class initialized using 'CodeIgniter\Session\Handlers\FileHandler' driver.
INFO - 2025-06-15 15:26:53 --> Session: Class initialized using 'CodeIgniter\Session\Handlers\FileHandler' driver.
CRITICAL - 2025-06-15 15:26:53 --> Undefined variable $tgl
in APPPATH\Views\detaileventp.php on line 24.
 1 APPPATH\Views\detaileventp.php(24): CodeIgniter\Debug\Exceptions->errorHandler(2, 'Undefined variable $tgl', 'D:\\TUGAS\\KULIAH\\P2MW\\hehe\\gohitfinal\\app\\Views\\detaileventp.php', 24)
 2 SYSTEMPATH\View\View.php(213): include('D:\\TUGAS\\KULIAH\\P2MW\\hehe\\gohitfinal\\app\\Views\\detaileventp.php')
 3 SYSTEMPATH\View\View.php(216): CodeIgniter\View\View->CodeIgniter\View\{closure}()
 4 SYSTEMPATH\Common.php(1184): CodeIgniter\View\View->render('detaileventp', [], true)
 5 APPPATH\Controllers\DetailEvent.php(481): view('detaileventp', [...])
 6 SYSTEMPATH\CodeIgniter.php(934): App\Controllers\DetailEvent->peserta('css', 'main.css')
 7 SYSTEMPATH\CodeIgniter.php(499): CodeIgniter\CodeIgniter->runController(Object(App\Controllers\DetailEvent))
 8 SYSTEMPATH\CodeIgniter.php(368): CodeIgniter\CodeIgniter->handleRequest(null, Object(Config\Cache), false)
 9 FCPATH\index.php(67): CodeIgniter\CodeIgniter->run()
10 SYSTEMPATH\Commands\Server\rewrite.php(47): require_once('D:\\TUGAS\\KULIAH\\P2MW\\hehe\\gohitfinal\\public\\index.php')
INFO - 2025-06-15 15:26:53 --> Session: Class initialized using 'CodeIgniter\Session\Handlers\FileHandler' driver.
CRITICAL - 2025-06-15 15:26:53 --> Undefined variable $tgl
in APPPATH\Views\detaileventp.php on line 24.
 1 APPPATH\Views\detaileventp.php(24): CodeIgniter\Debug\Exceptions->errorHandler(2, 'Undefined variable $tgl', 'D:\\TUGAS\\KULIAH\\P2MW\\hehe\\gohitfinal\\app\\Views\\detaileventp.php', 24)
 2 SYSTEMPATH\View\View.php(213): include('D:\\TUGAS\\KULIAH\\P2MW\\hehe\\gohitfinal\\app\\Views\\detaileventp.php')
 3 SYSTEMPATH\View\View.php(216): CodeIgniter\View\View->CodeIgniter\View\{closure}()
 4 SYSTEMPATH\Common.php(1184): CodeIgniter\View\View->render('detaileventp', [], true)
 5 APPPATH\Controllers\DetailEvent.php(481): view('detaileventp', [...])
 6 SYSTEMPATH\CodeIgniter.php(934): App\Controllers\DetailEvent->peserta('css', 'style.css')
 7 SYSTEMPATH\CodeIgniter.php(499): CodeIgniter\CodeIgniter->runController(Object(App\Controllers\DetailEvent))
 8 SYSTEMPATH\CodeIgniter.php(368): CodeIgniter\CodeIgniter->handleRequest(null, Object(Config\Cache), false)
 9 FCPATH\index.php(67): CodeIgniter\CodeIgniter->run()
10 SYSTEMPATH\Commands\Server\rewrite.php(47): require_once('D:\\TUGAS\\KULIAH\\P2MW\\hehe\\gohitfinal\\public\\index.php')
INFO - 2025-06-15 15:26:54 --> Session: Class initialized using 'CodeIgniter\Session\Handlers\FileHandler' driver.
CRITICAL - 2025-06-15 15:26:54 --> Undefined variable $tgl
in APPPATH\Views\detaileventp.php on line 24.
 1 APPPATH\Views\detaileventp.php(24): CodeIgniter\Debug\Exceptions->errorHandler(2, 'Undefined variable $tgl', 'D:\\TUGAS\\KULIAH\\P2MW\\hehe\\gohitfinal\\app\\Views\\detaileventp.php', 24)
 2 SYSTEMPATH\View\View.php(213): include('D:\\TUGAS\\KULIAH\\P2MW\\hehe\\gohitfinal\\app\\Views\\detaileventp.php')
 3 SYSTEMPATH\View\View.php(216): CodeIgniter\View\View->CodeIgniter\View\{closure}()
 4 SYSTEMPATH\Common.php(1184): CodeIgniter\View\View->render('detaileventp', [], true)
 5 APPPATH\Controllers\DetailEvent.php(481): view('detaileventp', [...])
 6 SYSTEMPATH\CodeIgniter.php(934): App\Controllers\DetailEvent->peserta('images', 'bg-01.jpg')
 7 SYSTEMPATH\CodeIgniter.php(499): CodeIgniter\CodeIgniter->runController(Object(App\Controllers\DetailEvent))
 8 SYSTEMPATH\CodeIgniter.php(368): CodeIgniter\CodeIgniter->handleRequest(null, Object(Config\Cache), false)
 9 FCPATH\index.php(67): CodeIgniter\CodeIgniter->run()
10 SYSTEMPATH\Commands\Server\rewrite.php(47): require_once('D:\\TUGAS\\KULIAH\\P2MW\\hehe\\gohitfinal\\public\\index.php')
INFO - 2025-06-15 15:31:46 --> Session: Class initialized using 'CodeIgniter\Session\Handlers\FileHandler' driver.
INFO - 2025-06-15 15:31:47 --> Session: Class initialized using 'CodeIgniter\Session\Handlers\FileHandler' driver.
CRITICAL - 2025-06-15 15:31:47 --> Undefined variable $tgl
in APPPATH\Views\detaileventp.php on line 24.
 1 APPPATH\Views\detaileventp.php(24): CodeIgniter\Debug\Exceptions->errorHandler(2, 'Undefined variable $tgl', 'D:\\TUGAS\\KULIAH\\P2MW\\hehe\\gohitfinal\\app\\Views\\detaileventp.php', 24)
 2 SYSTEMPATH\View\View.php(213): include('D:\\TUGAS\\KULIAH\\P2MW\\hehe\\gohitfinal\\app\\Views\\detaileventp.php')
 3 SYSTEMPATH\View\View.php(216): CodeIgniter\View\View->CodeIgniter\View\{closure}()
 4 SYSTEMPATH\Common.php(1184): CodeIgniter\View\View->render('detaileventp', [], true)
 5 APPPATH\Controllers\DetailEvent.php(481): view('detaileventp', [...])
 6 SYSTEMPATH\CodeIgniter.php(934): App\Controllers\DetailEvent->peserta('css', 'main.css')
 7 SYSTEMPATH\CodeIgniter.php(499): CodeIgniter\CodeIgniter->runController(Object(App\Controllers\DetailEvent))
 8 SYSTEMPATH\CodeIgniter.php(368): CodeIgniter\CodeIgniter->handleRequest(null, Object(Config\Cache), false)
 9 FCPATH\index.php(67): CodeIgniter\CodeIgniter->run()
10 SYSTEMPATH\Commands\Server\rewrite.php(47): require_once('D:\\TUGAS\\KULIAH\\P2MW\\hehe\\gohitfinal\\public\\index.php')
INFO - 2025-06-15 15:31:47 --> Session: Class initialized using 'CodeIgniter\Session\Handlers\FileHandler' driver.
CRITICAL - 2025-06-15 15:31:47 --> Undefined variable $tgl
in APPPATH\Views\detaileventp.php on line 24.
 1 APPPATH\Views\detaileventp.php(24): CodeIgniter\Debug\Exceptions->errorHandler(2, 'Undefined variable $tgl', 'D:\\TUGAS\\KULIAH\\P2MW\\hehe\\gohitfinal\\app\\Views\\detaileventp.php', 24)
 2 SYSTEMPATH\View\View.php(213): include('D:\\TUGAS\\KULIAH\\P2MW\\hehe\\gohitfinal\\app\\Views\\detaileventp.php')
 3 SYSTEMPATH\View\View.php(216): CodeIgniter\View\View->CodeIgniter\View\{closure}()
 4 SYSTEMPATH\Common.php(1184): CodeIgniter\View\View->render('detaileventp', [], true)
 5 APPPATH\Controllers\DetailEvent.php(481): view('detaileventp', [...])
 6 SYSTEMPATH\CodeIgniter.php(934): App\Controllers\DetailEvent->peserta('css', 'style.css')
 7 SYSTEMPATH\CodeIgniter.php(499): CodeIgniter\CodeIgniter->runController(Object(App\Controllers\DetailEvent))
 8 SYSTEMPATH\CodeIgniter.php(368): CodeIgniter\CodeIgniter->handleRequest(null, Object(Config\Cache), false)
 9 FCPATH\index.php(67): CodeIgniter\CodeIgniter->run()
10 SYSTEMPATH\Commands\Server\rewrite.php(47): require_once('D:\\TUGAS\\KULIAH\\P2MW\\hehe\\gohitfinal\\public\\index.php')
INFO - 2025-06-15 15:31:47 --> Session: Class initialized using 'CodeIgniter\Session\Handlers\FileHandler' driver.
CRITICAL - 2025-06-15 15:31:47 --> Undefined variable $tgl
in APPPATH\Views\detaileventp.php on line 24.
 1 APPPATH\Views\detaileventp.php(24): CodeIgniter\Debug\Exceptions->errorHandler(2, 'Undefined variable $tgl', 'D:\\TUGAS\\KULIAH\\P2MW\\hehe\\gohitfinal\\app\\Views\\detaileventp.php', 24)
 2 SYSTEMPATH\View\View.php(213): include('D:\\TUGAS\\KULIAH\\P2MW\\hehe\\gohitfinal\\app\\Views\\detaileventp.php')
 3 SYSTEMPATH\View\View.php(216): CodeIgniter\View\View->CodeIgniter\View\{closure}()
 4 SYSTEMPATH\Common.php(1184): CodeIgniter\View\View->render('detaileventp', [], true)
 5 APPPATH\Controllers\DetailEvent.php(481): view('detaileventp', [...])
 6 SYSTEMPATH\CodeIgniter.php(934): App\Controllers\DetailEvent->peserta('images', 'bg-01.jpg')
 7 SYSTEMPATH\CodeIgniter.php(499): CodeIgniter\CodeIgniter->runController(Object(App\Controllers\DetailEvent))
 8 SYSTEMPATH\CodeIgniter.php(368): CodeIgniter\CodeIgniter->handleRequest(null, Object(Config\Cache), false)
 9 FCPATH\index.php(67): CodeIgniter\CodeIgniter->run()
10 SYSTEMPATH\Commands\Server\rewrite.php(47): require_once('D:\\TUGAS\\KULIAH\\P2MW\\hehe\\gohitfinal\\public\\index.php')
INFO - 2025-06-15 15:32:14 --> Session: Class initialized using 'CodeIgniter\Session\Handlers\FileHandler' driver.
INFO - 2025-06-15 15:32:15 --> Session: Class initialized using 'CodeIgniter\Session\Handlers\FileHandler' driver.
INFO - 2025-06-15 15:32:15 --> Session: Class initialized using 'CodeIgniter\Session\Handlers\FileHandler' driver.
CRITICAL - 2025-06-15 15:32:15 --> Undefined variable $tgl
in APPPATH\Views\detaileventp.php on line 24.
 1 APPPATH\Views\detaileventp.php(24): CodeIgniter\Debug\Exceptions->errorHandler(2, 'Undefined variable $tgl', 'D:\\TUGAS\\KULIAH\\P2MW\\hehe\\gohitfinal\\app\\Views\\detaileventp.php', 24)
 2 SYSTEMPATH\View\View.php(213): include('D:\\TUGAS\\KULIAH\\P2MW\\hehe\\gohitfinal\\app\\Views\\detaileventp.php')
 3 SYSTEMPATH\View\View.php(216): CodeIgniter\View\View->CodeIgniter\View\{closure}()
 4 SYSTEMPATH\Common.php(1184): CodeIgniter\View\View->render('detaileventp', [], true)
 5 APPPATH\Controllers\DetailEvent.php(481): view('detaileventp', [...])
 6 SYSTEMPATH\CodeIgniter.php(934): App\Controllers\DetailEvent->peserta('css', 'main.css')
 7 SYSTEMPATH\CodeIgniter.php(499): CodeIgniter\CodeIgniter->runController(Object(App\Controllers\DetailEvent))
 8 SYSTEMPATH\CodeIgniter.php(368): CodeIgniter\CodeIgniter->handleRequest(null, Object(Config\Cache), false)
 9 FCPATH\index.php(67): CodeIgniter\CodeIgniter->run()
10 SYSTEMPATH\Commands\Server\rewrite.php(47): require_once('D:\\TUGAS\\KULIAH\\P2MW\\hehe\\gohitfinal\\public\\index.php')
INFO - 2025-06-15 15:32:15 --> Session: Class initialized using 'CodeIgniter\Session\Handlers\FileHandler' driver.
CRITICAL - 2025-06-15 15:32:15 --> Undefined variable $tgl
in APPPATH\Views\detaileventp.php on line 24.
 1 APPPATH\Views\detaileventp.php(24): CodeIgniter\Debug\Exceptions->errorHandler(2, 'Undefined variable $tgl', 'D:\\TUGAS\\KULIAH\\P2MW\\hehe\\gohitfinal\\app\\Views\\detaileventp.php', 24)
 2 SYSTEMPATH\View\View.php(213): include('D:\\TUGAS\\KULIAH\\P2MW\\hehe\\gohitfinal\\app\\Views\\detaileventp.php')
 3 SYSTEMPATH\View\View.php(216): CodeIgniter\View\View->CodeIgniter\View\{closure}()
 4 SYSTEMPATH\Common.php(1184): CodeIgniter\View\View->render('detaileventp', [], true)
 5 APPPATH\Controllers\DetailEvent.php(481): view('detaileventp', [...])
 6 SYSTEMPATH\CodeIgniter.php(934): App\Controllers\DetailEvent->peserta('css', 'style.css')
 7 SYSTEMPATH\CodeIgniter.php(499): CodeIgniter\CodeIgniter->runController(Object(App\Controllers\DetailEvent))
 8 SYSTEMPATH\CodeIgniter.php(368): CodeIgniter\CodeIgniter->handleRequest(null, Object(Config\Cache), false)
 9 FCPATH\index.php(67): CodeIgniter\CodeIgniter->run()
10 SYSTEMPATH\Commands\Server\rewrite.php(47): require_once('D:\\TUGAS\\KULIAH\\P2MW\\hehe\\gohitfinal\\public\\index.php')
INFO - 2025-06-15 15:32:15 --> Session: Class initialized using 'CodeIgniter\Session\Handlers\FileHandler' driver.
CRITICAL - 2025-06-15 15:32:15 --> Undefined variable $tgl
in APPPATH\Views\detaileventp.php on line 24.
 1 APPPATH\Views\detaileventp.php(24): CodeIgniter\Debug\Exceptions->errorHandler(2, 'Undefined variable $tgl', 'D:\\TUGAS\\KULIAH\\P2MW\\hehe\\gohitfinal\\app\\Views\\detaileventp.php', 24)
 2 SYSTEMPATH\View\View.php(213): include('D:\\TUGAS\\KULIAH\\P2MW\\hehe\\gohitfinal\\app\\Views\\detaileventp.php')
 3 SYSTEMPATH\View\View.php(216): CodeIgniter\View\View->CodeIgniter\View\{closure}()
 4 SYSTEMPATH\Common.php(1184): CodeIgniter\View\View->render('detaileventp', [], true)
 5 APPPATH\Controllers\DetailEvent.php(481): view('detaileventp', [...])
 6 SYSTEMPATH\CodeIgniter.php(934): App\Controllers\DetailEvent->peserta('images', 'bg-01.jpg')
 7 SYSTEMPATH\CodeIgniter.php(499): CodeIgniter\CodeIgniter->runController(Object(App\Controllers\DetailEvent))
 8 SYSTEMPATH\CodeIgniter.php(368): CodeIgniter\CodeIgniter->handleRequest(null, Object(Config\Cache), false)
 9 FCPATH\index.php(67): CodeIgniter\CodeIgniter->run()
10 SYSTEMPATH\Commands\Server\rewrite.php(47): require_once('D:\\TUGAS\\KULIAH\\P2MW\\hehe\\gohitfinal\\public\\index.php')
INFO - 2025-06-15 15:38:16 --> Session: Class initialized using 'CodeIgniter\Session\Handlers\FileHandler' driver.
INFO - 2025-06-15 15:38:16 --> Session: Class initialized using 'CodeIgniter\Session\Handlers\FileHandler' driver.
INFO - 2025-06-15 15:38:17 --> Session: Class initialized using 'CodeIgniter\Session\Handlers\FileHandler' driver.
CRITICAL - 2025-06-15 15:38:17 --> Undefined variable $tgl
in APPPATH\Views\detaileventp.php on line 24.
 1 APPPATH\Views\detaileventp.php(24): CodeIgniter\Debug\Exceptions->errorHandler(2, 'Undefined variable $tgl', 'D:\\TUGAS\\KULIAH\\P2MW\\hehe\\gohitfinal\\app\\Views\\detaileventp.php', 24)
 2 SYSTEMPATH\View\View.php(213): include('D:\\TUGAS\\KULIAH\\P2MW\\hehe\\gohitfinal\\app\\Views\\detaileventp.php')
 3 SYSTEMPATH\View\View.php(216): CodeIgniter\View\View->CodeIgniter\View\{closure}()
 4 SYSTEMPATH\Common.php(1184): CodeIgniter\View\View->render('detaileventp', [], true)
 5 APPPATH\Controllers\DetailEvent.php(481): view('detaileventp', [...])
 6 SYSTEMPATH\CodeIgniter.php(934): App\Controllers\DetailEvent->peserta('css', 'main.css')
 7 SYSTEMPATH\CodeIgniter.php(499): CodeIgniter\CodeIgniter->runController(Object(App\Controllers\DetailEvent))
 8 SYSTEMPATH\CodeIgniter.php(368): CodeIgniter\CodeIgniter->handleRequest(null, Object(Config\Cache), false)
 9 FCPATH\index.php(67): CodeIgniter\CodeIgniter->run()
10 SYSTEMPATH\Commands\Server\rewrite.php(47): require_once('D:\\TUGAS\\KULIAH\\P2MW\\hehe\\gohitfinal\\public\\index.php')
INFO - 2025-06-15 15:38:17 --> Session: Class initialized using 'CodeIgniter\Session\Handlers\FileHandler' driver.
CRITICAL - 2025-06-15 15:38:17 --> Undefined variable $tgl
in APPPATH\Views\detaileventp.php on line 24.
 1 APPPATH\Views\detaileventp.php(24): CodeIgniter\Debug\Exceptions->errorHandler(2, 'Undefined variable $tgl', 'D:\\TUGAS\\KULIAH\\P2MW\\hehe\\gohitfinal\\app\\Views\\detaileventp.php', 24)
 2 SYSTEMPATH\View\View.php(213): include('D:\\TUGAS\\KULIAH\\P2MW\\hehe\\gohitfinal\\app\\Views\\detaileventp.php')
 3 SYSTEMPATH\View\View.php(216): CodeIgniter\View\View->CodeIgniter\View\{closure}()
 4 SYSTEMPATH\Common.php(1184): CodeIgniter\View\View->render('detaileventp', [], true)
 5 APPPATH\Controllers\DetailEvent.php(481): view('detaileventp', [...])
 6 SYSTEMPATH\CodeIgniter.php(934): App\Controllers\DetailEvent->peserta('css', 'style.css')
 7 SYSTEMPATH\CodeIgniter.php(499): CodeIgniter\CodeIgniter->runController(Object(App\Controllers\DetailEvent))
 8 SYSTEMPATH\CodeIgniter.php(368): CodeIgniter\CodeIgniter->handleRequest(null, Object(Config\Cache), false)
 9 FCPATH\index.php(67): CodeIgniter\CodeIgniter->run()
10 SYSTEMPATH\Commands\Server\rewrite.php(47): require_once('D:\\TUGAS\\KULIAH\\P2MW\\hehe\\gohitfinal\\public\\index.php')
INFO - 2025-06-15 15:38:17 --> Session: Class initialized using 'CodeIgniter\Session\Handlers\FileHandler' driver.
CRITICAL - 2025-06-15 15:38:17 --> Undefined variable $tgl
in APPPATH\Views\detaileventp.php on line 24.
 1 APPPATH\Views\detaileventp.php(24): CodeIgniter\Debug\Exceptions->errorHandler(2, 'Undefined variable $tgl', 'D:\\TUGAS\\KULIAH\\P2MW\\hehe\\gohitfinal\\app\\Views\\detaileventp.php', 24)
 2 SYSTEMPATH\View\View.php(213): include('D:\\TUGAS\\KULIAH\\P2MW\\hehe\\gohitfinal\\app\\Views\\detaileventp.php')
 3 SYSTEMPATH\View\View.php(216): CodeIgniter\View\View->CodeIgniter\View\{closure}()
 4 SYSTEMPATH\Common.php(1184): CodeIgniter\View\View->render('detaileventp', [], true)
 5 APPPATH\Controllers\DetailEvent.php(481): view('detaileventp', [...])
 6 SYSTEMPATH\CodeIgniter.php(934): App\Controllers\DetailEvent->peserta('images', 'bg-01.jpg')
 7 SYSTEMPATH\CodeIgniter.php(499): CodeIgniter\CodeIgniter->runController(Object(App\Controllers\DetailEvent))
 8 SYSTEMPATH\CodeIgniter.php(368): CodeIgniter\CodeIgniter->handleRequest(null, Object(Config\Cache), false)
 9 FCPATH\index.php(67): CodeIgniter\CodeIgniter->run()
10 SYSTEMPATH\Commands\Server\rewrite.php(47): require_once('D:\\TUGAS\\KULIAH\\P2MW\\hehe\\gohitfinal\\public\\index.php')
INFO - 2025-06-15 15:38:25 --> Session: Class initialized using 'CodeIgniter\Session\Handlers\FileHandler' driver.
INFO - 2025-06-15 15:38:25 --> Session: Class initialized using 'CodeIgniter\Session\Handlers\FileHandler' driver.
CRITICAL - 2025-06-15 15:38:25 --> Undefined variable $tgl
in APPPATH\Views\detaileventp.php on line 24.
 1 APPPATH\Views\detaileventp.php(24): CodeIgniter\Debug\Exceptions->errorHandler(2, 'Undefined variable $tgl', 'D:\\TUGAS\\KULIAH\\P2MW\\hehe\\gohitfinal\\app\\Views\\detaileventp.php', 24)
 2 SYSTEMPATH\View\View.php(213): include('D:\\TUGAS\\KULIAH\\P2MW\\hehe\\gohitfinal\\app\\Views\\detaileventp.php')
 3 SYSTEMPATH\View\View.php(216): CodeIgniter\View\View->CodeIgniter\View\{closure}()
 4 SYSTEMPATH\Common.php(1184): CodeIgniter\View\View->render('detaileventp', [], true)
 5 APPPATH\Controllers\DetailEvent.php(481): view('detaileventp', [...])
 6 SYSTEMPATH\CodeIgniter.php(934): App\Controllers\DetailEvent->peserta('css', 'main.css')
 7 SYSTEMPATH\CodeIgniter.php(499): CodeIgniter\CodeIgniter->runController(Object(App\Controllers\DetailEvent))
 8 SYSTEMPATH\CodeIgniter.php(368): CodeIgniter\CodeIgniter->handleRequest(null, Object(Config\Cache), false)
 9 FCPATH\index.php(67): CodeIgniter\CodeIgniter->run()
10 SYSTEMPATH\Commands\Server\rewrite.php(47): require_once('D:\\TUGAS\\KULIAH\\P2MW\\hehe\\gohitfinal\\public\\index.php')
INFO - 2025-06-15 15:38:25 --> Session: Class initialized using 'CodeIgniter\Session\Handlers\FileHandler' driver.
CRITICAL - 2025-06-15 15:38:25 --> Undefined variable $tgl
in APPPATH\Views\detaileventp.php on line 24.
 1 APPPATH\Views\detaileventp.php(24): CodeIgniter\Debug\Exceptions->errorHandler(2, 'Undefined variable $tgl', 'D:\\TUGAS\\KULIAH\\P2MW\\hehe\\gohitfinal\\app\\Views\\detaileventp.php', 24)
 2 SYSTEMPATH\View\View.php(213): include('D:\\TUGAS\\KULIAH\\P2MW\\hehe\\gohitfinal\\app\\Views\\detaileventp.php')
 3 SYSTEMPATH\View\View.php(216): CodeIgniter\View\View->CodeIgniter\View\{closure}()
 4 SYSTEMPATH\Common.php(1184): CodeIgniter\View\View->render('detaileventp', [], true)
 5 APPPATH\Controllers\DetailEvent.php(481): view('detaileventp', [...])
 6 SYSTEMPATH\CodeIgniter.php(934): App\Controllers\DetailEvent->peserta('css', 'style.css')
 7 SYSTEMPATH\CodeIgniter.php(499): CodeIgniter\CodeIgniter->runController(Object(App\Controllers\DetailEvent))
 8 SYSTEMPATH\CodeIgniter.php(368): CodeIgniter\CodeIgniter->handleRequest(null, Object(Config\Cache), false)
 9 FCPATH\index.php(67): CodeIgniter\CodeIgniter->run()
10 SYSTEMPATH\Commands\Server\rewrite.php(47): require_once('D:\\TUGAS\\KULIAH\\P2MW\\hehe\\gohitfinal\\public\\index.php')
INFO - 2025-06-15 15:38:25 --> Session: Class initialized using 'CodeIgniter\Session\Handlers\FileHandler' driver.
CRITICAL - 2025-06-15 15:38:25 --> Undefined variable $tgl
in APPPATH\Views\detaileventp.php on line 24.
 1 APPPATH\Views\detaileventp.php(24): CodeIgniter\Debug\Exceptions->errorHandler(2, 'Undefined variable $tgl', 'D:\\TUGAS\\KULIAH\\P2MW\\hehe\\gohitfinal\\app\\Views\\detaileventp.php', 24)
 2 SYSTEMPATH\View\View.php(213): include('D:\\TUGAS\\KULIAH\\P2MW\\hehe\\gohitfinal\\app\\Views\\detaileventp.php')
 3 SYSTEMPATH\View\View.php(216): CodeIgniter\View\View->CodeIgniter\View\{closure}()
 4 SYSTEMPATH\Common.php(1184): CodeIgniter\View\View->render('detaileventp', [], true)
 5 APPPATH\Controllers\DetailEvent.php(481): view('detaileventp', [...])
 6 SYSTEMPATH\CodeIgniter.php(934): App\Controllers\DetailEvent->peserta('images', 'bg-01.jpg')
 7 SYSTEMPATH\CodeIgniter.php(499): CodeIgniter\CodeIgniter->runController(Object(App\Controllers\DetailEvent))
 8 SYSTEMPATH\CodeIgniter.php(368): CodeIgniter\CodeIgniter->handleRequest(null, Object(Config\Cache), false)
 9 FCPATH\index.php(67): CodeIgniter\CodeIgniter->run()
10 SYSTEMPATH\Commands\Server\rewrite.php(47): require_once('D:\\TUGAS\\KULIAH\\P2MW\\hehe\\gohitfinal\\public\\index.php')
INFO - 2025-06-15 15:39:11 --> Session: Class initialized using 'CodeIgniter\Session\Handlers\FileHandler' driver.
INFO - 2025-06-15 15:39:11 --> Session: Class initialized using 'CodeIgniter\Session\Handlers\FileHandler' driver.
INFO - 2025-06-15 15:39:11 --> Session: Class initialized using 'CodeIgniter\Session\Handlers\FileHandler' driver.
CRITICAL - 2025-06-15 15:39:11 --> Undefined variable $tgl
in APPPATH\Views\detaileventp.php on line 24.
 1 APPPATH\Views\detaileventp.php(24): CodeIgniter\Debug\Exceptions->errorHandler(2, 'Undefined variable $tgl', 'D:\\TUGAS\\KULIAH\\P2MW\\hehe\\gohitfinal\\app\\Views\\detaileventp.php', 24)
 2 SYSTEMPATH\View\View.php(213): include('D:\\TUGAS\\KULIAH\\P2MW\\hehe\\gohitfinal\\app\\Views\\detaileventp.php')
 3 SYSTEMPATH\View\View.php(216): CodeIgniter\View\View->CodeIgniter\View\{closure}()
 4 SYSTEMPATH\Common.php(1184): CodeIgniter\View\View->render('detaileventp', [], true)
 5 APPPATH\Controllers\DetailEvent.php(481): view('detaileventp', [...])
 6 SYSTEMPATH\CodeIgniter.php(934): App\Controllers\DetailEvent->peserta('css', 'main.css')
 7 SYSTEMPATH\CodeIgniter.php(499): CodeIgniter\CodeIgniter->runController(Object(App\Controllers\DetailEvent))
 8 SYSTEMPATH\CodeIgniter.php(368): CodeIgniter\CodeIgniter->handleRequest(null, Object(Config\Cache), false)
 9 FCPATH\index.php(67): CodeIgniter\CodeIgniter->run()
10 SYSTEMPATH\Commands\Server\rewrite.php(47): require_once('D:\\TUGAS\\KULIAH\\P2MW\\hehe\\gohitfinal\\public\\index.php')
INFO - 2025-06-15 15:39:11 --> Session: Class initialized using 'CodeIgniter\Session\Handlers\FileHandler' driver.
CRITICAL - 2025-06-15 15:39:11 --> Undefined variable $tgl
in APPPATH\Views\detaileventp.php on line 24.
 1 APPPATH\Views\detaileventp.php(24): CodeIgniter\Debug\Exceptions->errorHandler(2, 'Undefined variable $tgl', 'D:\\TUGAS\\KULIAH\\P2MW\\hehe\\gohitfinal\\app\\Views\\detaileventp.php', 24)
 2 SYSTEMPATH\View\View.php(213): include('D:\\TUGAS\\KULIAH\\P2MW\\hehe\\gohitfinal\\app\\Views\\detaileventp.php')
 3 SYSTEMPATH\View\View.php(216): CodeIgniter\View\View->CodeIgniter\View\{closure}()
 4 SYSTEMPATH\Common.php(1184): CodeIgniter\View\View->render('detaileventp', [], true)
 5 APPPATH\Controllers\DetailEvent.php(481): view('detaileventp', [...])
 6 SYSTEMPATH\CodeIgniter.php(934): App\Controllers\DetailEvent->peserta('css', 'style.css')
 7 SYSTEMPATH\CodeIgniter.php(499): CodeIgniter\CodeIgniter->runController(Object(App\Controllers\DetailEvent))
 8 SYSTEMPATH\CodeIgniter.php(368): CodeIgniter\CodeIgniter->handleRequest(null, Object(Config\Cache), false)
 9 FCPATH\index.php(67): CodeIgniter\CodeIgniter->run()
10 SYSTEMPATH\Commands\Server\rewrite.php(47): require_once('D:\\TUGAS\\KULIAH\\P2MW\\hehe\\gohitfinal\\public\\index.php')
INFO - 2025-06-15 15:39:11 --> Session: Class initialized using 'CodeIgniter\Session\Handlers\FileHandler' driver.
CRITICAL - 2025-06-15 15:39:11 --> Undefined variable $tgl
in APPPATH\Views\detaileventp.php on line 24.
 1 APPPATH\Views\detaileventp.php(24): CodeIgniter\Debug\Exceptions->errorHandler(2, 'Undefined variable $tgl', 'D:\\TUGAS\\KULIAH\\P2MW\\hehe\\gohitfinal\\app\\Views\\detaileventp.php', 24)
 2 SYSTEMPATH\View\View.php(213): include('D:\\TUGAS\\KULIAH\\P2MW\\hehe\\gohitfinal\\app\\Views\\detaileventp.php')
 3 SYSTEMPATH\View\View.php(216): CodeIgniter\View\View->CodeIgniter\View\{closure}()
 4 SYSTEMPATH\Common.php(1184): CodeIgniter\View\View->render('detaileventp', [], true)
 5 APPPATH\Controllers\DetailEvent.php(481): view('detaileventp', [...])
 6 SYSTEMPATH\CodeIgniter.php(934): App\Controllers\DetailEvent->peserta('images', 'bg-01.jpg')
 7 SYSTEMPATH\CodeIgniter.php(499): CodeIgniter\CodeIgniter->runController(Object(App\Controllers\DetailEvent))
 8 SYSTEMPATH\CodeIgniter.php(368): CodeIgniter\CodeIgniter->handleRequest(null, Object(Config\Cache), false)
 9 FCPATH\index.php(67): CodeIgniter\CodeIgniter->run()
10 SYSTEMPATH\Commands\Server\rewrite.php(47): require_once('D:\\TUGAS\\KULIAH\\P2MW\\hehe\\gohitfinal\\public\\index.php')
INFO - 2025-06-15 15:41:25 --> Session: Class initialized using 'CodeIgniter\Session\Handlers\FileHandler' driver.
INFO - 2025-06-15 15:41:25 --> Session: Class initialized using 'CodeIgniter\Session\Handlers\FileHandler' driver.
INFO - 2025-06-15 15:41:26 --> Session: Class initialized using 'CodeIgniter\Session\Handlers\FileHandler' driver.
CRITICAL - 2025-06-15 15:41:26 --> Undefined variable $tgl
in APPPATH\Views\detaileventp.php on line 24.
 1 APPPATH\Views\detaileventp.php(24): CodeIgniter\Debug\Exceptions->errorHandler(2, 'Undefined variable $tgl', 'D:\\TUGAS\\KULIAH\\P2MW\\hehe\\gohitfinal\\app\\Views\\detaileventp.php', 24)
 2 SYSTEMPATH\View\View.php(213): include('D:\\TUGAS\\KULIAH\\P2MW\\hehe\\gohitfinal\\app\\Views\\detaileventp.php')
 3 SYSTEMPATH\View\View.php(216): CodeIgniter\View\View->CodeIgniter\View\{closure}()
 4 SYSTEMPATH\Common.php(1184): CodeIgniter\View\View->render('detaileventp', [], true)
 5 APPPATH\Controllers\DetailEvent.php(481): view('detaileventp', [...])
 6 SYSTEMPATH\CodeIgniter.php(934): App\Controllers\DetailEvent->peserta('css', 'main.css')
 7 SYSTEMPATH\CodeIgniter.php(499): CodeIgniter\CodeIgniter->runController(Object(App\Controllers\DetailEvent))
 8 SYSTEMPATH\CodeIgniter.php(368): CodeIgniter\CodeIgniter->handleRequest(null, Object(Config\Cache), false)
 9 FCPATH\index.php(67): CodeIgniter\CodeIgniter->run()
10 SYSTEMPATH\Commands\Server\rewrite.php(47): require_once('D:\\TUGAS\\KULIAH\\P2MW\\hehe\\gohitfinal\\public\\index.php')
INFO - 2025-06-15 15:41:26 --> Session: Class initialized using 'CodeIgniter\Session\Handlers\FileHandler' driver.
CRITICAL - 2025-06-15 15:41:26 --> Undefined variable $tgl
in APPPATH\Views\detaileventp.php on line 24.
 1 APPPATH\Views\detaileventp.php(24): CodeIgniter\Debug\Exceptions->errorHandler(2, 'Undefined variable $tgl', 'D:\\TUGAS\\KULIAH\\P2MW\\hehe\\gohitfinal\\app\\Views\\detaileventp.php', 24)
 2 SYSTEMPATH\View\View.php(213): include('D:\\TUGAS\\KULIAH\\P2MW\\hehe\\gohitfinal\\app\\Views\\detaileventp.php')
 3 SYSTEMPATH\View\View.php(216): CodeIgniter\View\View->CodeIgniter\View\{closure}()
 4 SYSTEMPATH\Common.php(1184): CodeIgniter\View\View->render('detaileventp', [], true)
 5 APPPATH\Controllers\DetailEvent.php(481): view('detaileventp', [...])
 6 SYSTEMPATH\CodeIgniter.php(934): App\Controllers\DetailEvent->peserta('css', 'style.css')
 7 SYSTEMPATH\CodeIgniter.php(499): CodeIgniter\CodeIgniter->runController(Object(App\Controllers\DetailEvent))
 8 SYSTEMPATH\CodeIgniter.php(368): CodeIgniter\CodeIgniter->handleRequest(null, Object(Config\Cache), false)
 9 FCPATH\index.php(67): CodeIgniter\CodeIgniter->run()
10 SYSTEMPATH\Commands\Server\rewrite.php(47): require_once('D:\\TUGAS\\KULIAH\\P2MW\\hehe\\gohitfinal\\public\\index.php')
INFO - 2025-06-15 15:41:26 --> Session: Class initialized using 'CodeIgniter\Session\Handlers\FileHandler' driver.
CRITICAL - 2025-06-15 15:41:26 --> Undefined variable $tgl
in APPPATH\Views\detaileventp.php on line 24.
 1 APPPATH\Views\detaileventp.php(24): CodeIgniter\Debug\Exceptions->errorHandler(2, 'Undefined variable $tgl', 'D:\\TUGAS\\KULIAH\\P2MW\\hehe\\gohitfinal\\app\\Views\\detaileventp.php', 24)
 2 SYSTEMPATH\View\View.php(213): include('D:\\TUGAS\\KULIAH\\P2MW\\hehe\\gohitfinal\\app\\Views\\detaileventp.php')
 3 SYSTEMPATH\View\View.php(216): CodeIgniter\View\View->CodeIgniter\View\{closure}()
 4 SYSTEMPATH\Common.php(1184): CodeIgniter\View\View->render('detaileventp', [], true)
 5 APPPATH\Controllers\DetailEvent.php(481): view('detaileventp', [...])
 6 SYSTEMPATH\CodeIgniter.php(934): App\Controllers\DetailEvent->peserta('images', 'bg-01.jpg')
 7 SYSTEMPATH\CodeIgniter.php(499): CodeIgniter\CodeIgniter->runController(Object(App\Controllers\DetailEvent))
 8 SYSTEMPATH\CodeIgniter.php(368): CodeIgniter\CodeIgniter->handleRequest(null, Object(Config\Cache), false)
 9 FCPATH\index.php(67): CodeIgniter\CodeIgniter->run()
10 SYSTEMPATH\Commands\Server\rewrite.php(47): require_once('D:\\TUGAS\\KULIAH\\P2MW\\hehe\\gohitfinal\\public\\index.php')
INFO - 2025-06-15 15:42:04 --> Session: Class initialized using 'CodeIgniter\Session\Handlers\FileHandler' driver.
INFO - 2025-06-15 15:42:05 --> Session: Class initialized using 'CodeIgniter\Session\Handlers\FileHandler' driver.
INFO - 2025-06-15 15:42:05 --> Session: Class initialized using 'CodeIgniter\Session\Handlers\FileHandler' driver.
CRITICAL - 2025-06-15 15:42:05 --> Undefined variable $tgl
in APPPATH\Views\detaileventp.php on line 24.
 1 APPPATH\Views\detaileventp.php(24): CodeIgniter\Debug\Exceptions->errorHandler(2, 'Undefined variable $tgl', 'D:\\TUGAS\\KULIAH\\P2MW\\hehe\\gohitfinal\\app\\Views\\detaileventp.php', 24)
 2 SYSTEMPATH\View\View.php(213): include('D:\\TUGAS\\KULIAH\\P2MW\\hehe\\gohitfinal\\app\\Views\\detaileventp.php')
 3 SYSTEMPATH\View\View.php(216): CodeIgniter\View\View->CodeIgniter\View\{closure}()
 4 SYSTEMPATH\Common.php(1184): CodeIgniter\View\View->render('detaileventp', [], true)
 5 APPPATH\Controllers\DetailEvent.php(481): view('detaileventp', [...])
 6 SYSTEMPATH\CodeIgniter.php(934): App\Controllers\DetailEvent->peserta('css', 'main.css')
 7 SYSTEMPATH\CodeIgniter.php(499): CodeIgniter\CodeIgniter->runController(Object(App\Controllers\DetailEvent))
 8 SYSTEMPATH\CodeIgniter.php(368): CodeIgniter\CodeIgniter->handleRequest(null, Object(Config\Cache), false)
 9 FCPATH\index.php(67): CodeIgniter\CodeIgniter->run()
10 SYSTEMPATH\Commands\Server\rewrite.php(47): require_once('D:\\TUGAS\\KULIAH\\P2MW\\hehe\\gohitfinal\\public\\index.php')
INFO - 2025-06-15 15:42:05 --> Session: Class initialized using 'CodeIgniter\Session\Handlers\FileHandler' driver.
CRITICAL - 2025-06-15 15:42:05 --> Undefined variable $tgl
in APPPATH\Views\detaileventp.php on line 24.
 1 APPPATH\Views\detaileventp.php(24): CodeIgniter\Debug\Exceptions->errorHandler(2, 'Undefined variable $tgl', 'D:\\TUGAS\\KULIAH\\P2MW\\hehe\\gohitfinal\\app\\Views\\detaileventp.php', 24)
 2 SYSTEMPATH\View\View.php(213): include('D:\\TUGAS\\KULIAH\\P2MW\\hehe\\gohitfinal\\app\\Views\\detaileventp.php')
 3 SYSTEMPATH\View\View.php(216): CodeIgniter\View\View->CodeIgniter\View\{closure}()
 4 SYSTEMPATH\Common.php(1184): CodeIgniter\View\View->render('detaileventp', [], true)
 5 APPPATH\Controllers\DetailEvent.php(481): view('detaileventp', [...])
 6 SYSTEMPATH\CodeIgniter.php(934): App\Controllers\DetailEvent->peserta('css', 'style.css')
 7 SYSTEMPATH\CodeIgniter.php(499): CodeIgniter\CodeIgniter->runController(Object(App\Controllers\DetailEvent))
 8 SYSTEMPATH\CodeIgniter.php(368): CodeIgniter\CodeIgniter->handleRequest(null, Object(Config\Cache), false)
 9 FCPATH\index.php(67): CodeIgniter\CodeIgniter->run()
10 SYSTEMPATH\Commands\Server\rewrite.php(47): require_once('D:\\TUGAS\\KULIAH\\P2MW\\hehe\\gohitfinal\\public\\index.php')
INFO - 2025-06-15 15:42:05 --> Session: Class initialized using 'CodeIgniter\Session\Handlers\FileHandler' driver.
CRITICAL - 2025-06-15 15:42:05 --> Undefined variable $tgl
in APPPATH\Views\detaileventp.php on line 24.
 1 APPPATH\Views\detaileventp.php(24): CodeIgniter\Debug\Exceptions->errorHandler(2, 'Undefined variable $tgl', 'D:\\TUGAS\\KULIAH\\P2MW\\hehe\\gohitfinal\\app\\Views\\detaileventp.php', 24)
 2 SYSTEMPATH\View\View.php(213): include('D:\\TUGAS\\KULIAH\\P2MW\\hehe\\gohitfinal\\app\\Views\\detaileventp.php')
 3 SYSTEMPATH\View\View.php(216): CodeIgniter\View\View->CodeIgniter\View\{closure}()
 4 SYSTEMPATH\Common.php(1184): CodeIgniter\View\View->render('detaileventp', [], true)
 5 APPPATH\Controllers\DetailEvent.php(481): view('detaileventp', [...])
 6 SYSTEMPATH\CodeIgniter.php(934): App\Controllers\DetailEvent->peserta('images', 'bg-01.jpg')
 7 SYSTEMPATH\CodeIgniter.php(499): CodeIgniter\CodeIgniter->runController(Object(App\Controllers\DetailEvent))
 8 SYSTEMPATH\CodeIgniter.php(368): CodeIgniter\CodeIgniter->handleRequest(null, Object(Config\Cache), false)
 9 FCPATH\index.php(67): CodeIgniter\CodeIgniter->run()
10 SYSTEMPATH\Commands\Server\rewrite.php(47): require_once('D:\\TUGAS\\KULIAH\\P2MW\\hehe\\gohitfinal\\public\\index.php')
INFO - 2025-06-15 15:42:48 --> Session: Class initialized using 'CodeIgniter\Session\Handlers\FileHandler' driver.
INFO - 2025-06-15 15:42:48 --> Session: Class initialized using 'CodeIgniter\Session\Handlers\FileHandler' driver.
INFO - 2025-06-15 15:42:48 --> Session: Class initialized using 'CodeIgniter\Session\Handlers\FileHandler' driver.
CRITICAL - 2025-06-15 15:42:48 --> Undefined variable $tgl
in APPPATH\Views\detaileventp.php on line 24.
 1 APPPATH\Views\detaileventp.php(24): CodeIgniter\Debug\Exceptions->errorHandler(2, 'Undefined variable $tgl', 'D:\\TUGAS\\KULIAH\\P2MW\\hehe\\gohitfinal\\app\\Views\\detaileventp.php', 24)
 2 SYSTEMPATH\View\View.php(213): include('D:\\TUGAS\\KULIAH\\P2MW\\hehe\\gohitfinal\\app\\Views\\detaileventp.php')
 3 SYSTEMPATH\View\View.php(216): CodeIgniter\View\View->CodeIgniter\View\{closure}()
 4 SYSTEMPATH\Common.php(1184): CodeIgniter\View\View->render('detaileventp', [], true)
 5 APPPATH\Controllers\DetailEvent.php(481): view('detaileventp', [...])
 6 SYSTEMPATH\CodeIgniter.php(934): App\Controllers\DetailEvent->peserta('css', 'main.css')
 7 SYSTEMPATH\CodeIgniter.php(499): CodeIgniter\CodeIgniter->runController(Object(App\Controllers\DetailEvent))
 8 SYSTEMPATH\CodeIgniter.php(368): CodeIgniter\CodeIgniter->handleRequest(null, Object(Config\Cache), false)
 9 FCPATH\index.php(67): CodeIgniter\CodeIgniter->run()
10 SYSTEMPATH\Commands\Server\rewrite.php(47): require_once('D:\\TUGAS\\KULIAH\\P2MW\\hehe\\gohitfinal\\public\\index.php')
INFO - 2025-06-15 15:42:48 --> Session: Class initialized using 'CodeIgniter\Session\Handlers\FileHandler' driver.
CRITICAL - 2025-06-15 15:42:48 --> Undefined variable $tgl
in APPPATH\Views\detaileventp.php on line 24.
 1 APPPATH\Views\detaileventp.php(24): CodeIgniter\Debug\Exceptions->errorHandler(2, 'Undefined variable $tgl', 'D:\\TUGAS\\KULIAH\\P2MW\\hehe\\gohitfinal\\app\\Views\\detaileventp.php', 24)
 2 SYSTEMPATH\View\View.php(213): include('D:\\TUGAS\\KULIAH\\P2MW\\hehe\\gohitfinal\\app\\Views\\detaileventp.php')
 3 SYSTEMPATH\View\View.php(216): CodeIgniter\View\View->CodeIgniter\View\{closure}()
 4 SYSTEMPATH\Common.php(1184): CodeIgniter\View\View->render('detaileventp', [], true)
 5 APPPATH\Controllers\DetailEvent.php(481): view('detaileventp', [...])
 6 SYSTEMPATH\CodeIgniter.php(934): App\Controllers\DetailEvent->peserta('css', 'style.css')
 7 SYSTEMPATH\CodeIgniter.php(499): CodeIgniter\CodeIgniter->runController(Object(App\Controllers\DetailEvent))
 8 SYSTEMPATH\CodeIgniter.php(368): CodeIgniter\CodeIgniter->handleRequest(null, Object(Config\Cache), false)
 9 FCPATH\index.php(67): CodeIgniter\CodeIgniter->run()
10 SYSTEMPATH\Commands\Server\rewrite.php(47): require_once('D:\\TUGAS\\KULIAH\\P2MW\\hehe\\gohitfinal\\public\\index.php')
INFO - 2025-06-15 15:42:48 --> Session: Class initialized using 'CodeIgniter\Session\Handlers\FileHandler' driver.
CRITICAL - 2025-06-15 15:42:48 --> Undefined variable $tgl
in APPPATH\Views\detaileventp.php on line 24.
 1 APPPATH\Views\detaileventp.php(24): CodeIgniter\Debug\Exceptions->errorHandler(2, 'Undefined variable $tgl', 'D:\\TUGAS\\KULIAH\\P2MW\\hehe\\gohitfinal\\app\\Views\\detaileventp.php', 24)
 2 SYSTEMPATH\View\View.php(213): include('D:\\TUGAS\\KULIAH\\P2MW\\hehe\\gohitfinal\\app\\Views\\detaileventp.php')
 3 SYSTEMPATH\View\View.php(216): CodeIgniter\View\View->CodeIgniter\View\{closure}()
 4 SYSTEMPATH\Common.php(1184): CodeIgniter\View\View->render('detaileventp', [], true)
 5 APPPATH\Controllers\DetailEvent.php(481): view('detaileventp', [...])
 6 SYSTEMPATH\CodeIgniter.php(934): App\Controllers\DetailEvent->peserta('images', 'bg-01.jpg')
 7 SYSTEMPATH\CodeIgniter.php(499): CodeIgniter\CodeIgniter->runController(Object(App\Controllers\DetailEvent))
 8 SYSTEMPATH\CodeIgniter.php(368): CodeIgniter\CodeIgniter->handleRequest(null, Object(Config\Cache), false)
 9 FCPATH\index.php(67): CodeIgniter\CodeIgniter->run()
10 SYSTEMPATH\Commands\Server\rewrite.php(47): require_once('D:\\TUGAS\\KULIAH\\P2MW\\hehe\\gohitfinal\\public\\index.php')
INFO - 2025-06-15 15:43:18 --> Session: Class initialized using 'CodeIgniter\Session\Handlers\FileHandler' driver.
INFO - 2025-06-15 15:43:18 --> Session: Class initialized using 'CodeIgniter\Session\Handlers\FileHandler' driver.
INFO - 2025-06-15 15:43:19 --> Session: Class initialized using 'CodeIgniter\Session\Handlers\FileHandler' driver.
CRITICAL - 2025-06-15 15:43:19 --> Undefined variable $tgl
in APPPATH\Views\detaileventp.php on line 24.
 1 APPPATH\Views\detaileventp.php(24): CodeIgniter\Debug\Exceptions->errorHandler(2, 'Undefined variable $tgl', 'D:\\TUGAS\\KULIAH\\P2MW\\hehe\\gohitfinal\\app\\Views\\detaileventp.php', 24)
 2 SYSTEMPATH\View\View.php(213): include('D:\\TUGAS\\KULIAH\\P2MW\\hehe\\gohitfinal\\app\\Views\\detaileventp.php')
 3 SYSTEMPATH\View\View.php(216): CodeIgniter\View\View->CodeIgniter\View\{closure}()
 4 SYSTEMPATH\Common.php(1184): CodeIgniter\View\View->render('detaileventp', [], true)
 5 APPPATH\Controllers\DetailEvent.php(481): view('detaileventp', [...])
 6 SYSTEMPATH\CodeIgniter.php(934): App\Controllers\DetailEvent->peserta('css', 'main.css')
 7 SYSTEMPATH\CodeIgniter.php(499): CodeIgniter\CodeIgniter->runController(Object(App\Controllers\DetailEvent))
 8 SYSTEMPATH\CodeIgniter.php(368): CodeIgniter\CodeIgniter->handleRequest(null, Object(Config\Cache), false)
 9 FCPATH\index.php(67): CodeIgniter\CodeIgniter->run()
10 SYSTEMPATH\Commands\Server\rewrite.php(47): require_once('D:\\TUGAS\\KULIAH\\P2MW\\hehe\\gohitfinal\\public\\index.php')
INFO - 2025-06-15 15:43:19 --> Session: Class initialized using 'CodeIgniter\Session\Handlers\FileHandler' driver.
CRITICAL - 2025-06-15 15:43:19 --> Undefined variable $tgl
in APPPATH\Views\detaileventp.php on line 24.
 1 APPPATH\Views\detaileventp.php(24): CodeIgniter\Debug\Exceptions->errorHandler(2, 'Undefined variable $tgl', 'D:\\TUGAS\\KULIAH\\P2MW\\hehe\\gohitfinal\\app\\Views\\detaileventp.php', 24)
 2 SYSTEMPATH\View\View.php(213): include('D:\\TUGAS\\KULIAH\\P2MW\\hehe\\gohitfinal\\app\\Views\\detaileventp.php')
 3 SYSTEMPATH\View\View.php(216): CodeIgniter\View\View->CodeIgniter\View\{closure}()
 4 SYSTEMPATH\Common.php(1184): CodeIgniter\View\View->render('detaileventp', [], true)
 5 APPPATH\Controllers\DetailEvent.php(481): view('detaileventp', [...])
 6 SYSTEMPATH\CodeIgniter.php(934): App\Controllers\DetailEvent->peserta('css', 'style.css')
 7 SYSTEMPATH\CodeIgniter.php(499): CodeIgniter\CodeIgniter->runController(Object(App\Controllers\DetailEvent))
 8 SYSTEMPATH\CodeIgniter.php(368): CodeIgniter\CodeIgniter->handleRequest(null, Object(Config\Cache), false)
 9 FCPATH\index.php(67): CodeIgniter\CodeIgniter->run()
10 SYSTEMPATH\Commands\Server\rewrite.php(47): require_once('D:\\TUGAS\\KULIAH\\P2MW\\hehe\\gohitfinal\\public\\index.php')
INFO - 2025-06-15 15:43:19 --> Session: Class initialized using 'CodeIgniter\Session\Handlers\FileHandler' driver.
CRITICAL - 2025-06-15 15:43:19 --> Undefined variable $tgl
in APPPATH\Views\detaileventp.php on line 24.
 1 APPPATH\Views\detaileventp.php(24): CodeIgniter\Debug\Exceptions->errorHandler(2, 'Undefined variable $tgl', 'D:\\TUGAS\\KULIAH\\P2MW\\hehe\\gohitfinal\\app\\Views\\detaileventp.php', 24)
 2 SYSTEMPATH\View\View.php(213): include('D:\\TUGAS\\KULIAH\\P2MW\\hehe\\gohitfinal\\app\\Views\\detaileventp.php')
 3 SYSTEMPATH\View\View.php(216): CodeIgniter\View\View->CodeIgniter\View\{closure}()
 4 SYSTEMPATH\Common.php(1184): CodeIgniter\View\View->render('detaileventp', [], true)
 5 APPPATH\Controllers\DetailEvent.php(481): view('detaileventp', [...])
 6 SYSTEMPATH\CodeIgniter.php(934): App\Controllers\DetailEvent->peserta('images', 'bg-01.jpg')
 7 SYSTEMPATH\CodeIgniter.php(499): CodeIgniter\CodeIgniter->runController(Object(App\Controllers\DetailEvent))
 8 SYSTEMPATH\CodeIgniter.php(368): CodeIgniter\CodeIgniter->handleRequest(null, Object(Config\Cache), false)
 9 FCPATH\index.php(67): CodeIgniter\CodeIgniter->run()
10 SYSTEMPATH\Commands\Server\rewrite.php(47): require_once('D:\\TUGAS\\KULIAH\\P2MW\\hehe\\gohitfinal\\public\\index.php')
INFO - 2025-06-15 15:44:16 --> Session: Class initialized using 'CodeIgniter\Session\Handlers\FileHandler' driver.
INFO - 2025-06-15 15:44:16 --> Session: Class initialized using 'CodeIgniter\Session\Handlers\FileHandler' driver.
CRITICAL - 2025-06-15 15:44:16 --> Undefined variable $tgl
in APPPATH\Views\detaileventp.php on line 24.
 1 APPPATH\Views\detaileventp.php(24): CodeIgniter\Debug\Exceptions->errorHandler(2, 'Undefined variable $tgl', 'D:\\TUGAS\\KULIAH\\P2MW\\hehe\\gohitfinal\\app\\Views\\detaileventp.php', 24)
 2 SYSTEMPATH\View\View.php(213): include('D:\\TUGAS\\KULIAH\\P2MW\\hehe\\gohitfinal\\app\\Views\\detaileventp.php')
 3 SYSTEMPATH\View\View.php(216): CodeIgniter\View\View->CodeIgniter\View\{closure}()
 4 SYSTEMPATH\Common.php(1184): CodeIgniter\View\View->render('detaileventp', [], true)
 5 APPPATH\Controllers\DetailEvent.php(481): view('detaileventp', [...])
 6 SYSTEMPATH\CodeIgniter.php(934): App\Controllers\DetailEvent->peserta('css', 'main.css')
 7 SYSTEMPATH\CodeIgniter.php(499): CodeIgniter\CodeIgniter->runController(Object(App\Controllers\DetailEvent))
 8 SYSTEMPATH\CodeIgniter.php(368): CodeIgniter\CodeIgniter->handleRequest(null, Object(Config\Cache), false)
 9 FCPATH\index.php(67): CodeIgniter\CodeIgniter->run()
10 SYSTEMPATH\Commands\Server\rewrite.php(47): require_once('D:\\TUGAS\\KULIAH\\P2MW\\hehe\\gohitfinal\\public\\index.php')
INFO - 2025-06-15 15:44:16 --> Session: Class initialized using 'CodeIgniter\Session\Handlers\FileHandler' driver.
CRITICAL - 2025-06-15 15:44:16 --> Undefined variable $tgl
in APPPATH\Views\detaileventp.php on line 24.
 1 APPPATH\Views\detaileventp.php(24): CodeIgniter\Debug\Exceptions->errorHandler(2, 'Undefined variable $tgl', 'D:\\TUGAS\\KULIAH\\P2MW\\hehe\\gohitfinal\\app\\Views\\detaileventp.php', 24)
 2 SYSTEMPATH\View\View.php(213): include('D:\\TUGAS\\KULIAH\\P2MW\\hehe\\gohitfinal\\app\\Views\\detaileventp.php')
 3 SYSTEMPATH\View\View.php(216): CodeIgniter\View\View->CodeIgniter\View\{closure}()
 4 SYSTEMPATH\Common.php(1184): CodeIgniter\View\View->render('detaileventp', [], true)
 5 APPPATH\Controllers\DetailEvent.php(481): view('detaileventp', [...])
 6 SYSTEMPATH\CodeIgniter.php(934): App\Controllers\DetailEvent->peserta('css', 'style.css')
 7 SYSTEMPATH\CodeIgniter.php(499): CodeIgniter\CodeIgniter->runController(Object(App\Controllers\DetailEvent))
 8 SYSTEMPATH\CodeIgniter.php(368): CodeIgniter\CodeIgniter->handleRequest(null, Object(Config\Cache), false)
 9 FCPATH\index.php(67): CodeIgniter\CodeIgniter->run()
10 SYSTEMPATH\Commands\Server\rewrite.php(47): require_once('D:\\TUGAS\\KULIAH\\P2MW\\hehe\\gohitfinal\\public\\index.php')
INFO - 2025-06-15 15:44:17 --> Session: Class initialized using 'CodeIgniter\Session\Handlers\FileHandler' driver.
CRITICAL - 2025-06-15 15:44:17 --> Undefined variable $tgl
in APPPATH\Views\detaileventp.php on line 24.
 1 APPPATH\Views\detaileventp.php(24): CodeIgniter\Debug\Exceptions->errorHandler(2, 'Undefined variable $tgl', 'D:\\TUGAS\\KULIAH\\P2MW\\hehe\\gohitfinal\\app\\Views\\detaileventp.php', 24)
 2 SYSTEMPATH\View\View.php(213): include('D:\\TUGAS\\KULIAH\\P2MW\\hehe\\gohitfinal\\app\\Views\\detaileventp.php')
 3 SYSTEMPATH\View\View.php(216): CodeIgniter\View\View->CodeIgniter\View\{closure}()
 4 SYSTEMPATH\Common.php(1184): CodeIgniter\View\View->render('detaileventp', [], true)
 5 APPPATH\Controllers\DetailEvent.php(481): view('detaileventp', [...])
 6 SYSTEMPATH\CodeIgniter.php(934): App\Controllers\DetailEvent->peserta('images', 'bg-01.jpg')
 7 SYSTEMPATH\CodeIgniter.php(499): CodeIgniter\CodeIgniter->runController(Object(App\Controllers\DetailEvent))
 8 SYSTEMPATH\CodeIgniter.php(368): CodeIgniter\CodeIgniter->handleRequest(null, Object(Config\Cache), false)
 9 FCPATH\index.php(67): CodeIgniter\CodeIgniter->run()
10 SYSTEMPATH\Commands\Server\rewrite.php(47): require_once('D:\\TUGAS\\KULIAH\\P2MW\\hehe\\gohitfinal\\public\\index.php')
INFO - 2025-06-15 15:44:19 --> Session: Class initialized using 'CodeIgniter\Session\Handlers\FileHandler' driver.
INFO - 2025-06-15 15:44:20 --> Session: Class initialized using 'CodeIgniter\Session\Handlers\FileHandler' driver.
INFO - 2025-06-15 15:44:20 --> Session: Class initialized using 'CodeIgniter\Session\Handlers\FileHandler' driver.
CRITICAL - 2025-06-15 15:44:20 --> Undefined variable $tgl
in APPPATH\Views\detaileventp.php on line 24.
 1 APPPATH\Views\detaileventp.php(24): CodeIgniter\Debug\Exceptions->errorHandler(2, 'Undefined variable $tgl', 'D:\\TUGAS\\KULIAH\\P2MW\\hehe\\gohitfinal\\app\\Views\\detaileventp.php', 24)
 2 SYSTEMPATH\View\View.php(213): include('D:\\TUGAS\\KULIAH\\P2MW\\hehe\\gohitfinal\\app\\Views\\detaileventp.php')
 3 SYSTEMPATH\View\View.php(216): CodeIgniter\View\View->CodeIgniter\View\{closure}()
 4 SYSTEMPATH\Common.php(1184): CodeIgniter\View\View->render('detaileventp', [], true)
 5 APPPATH\Controllers\DetailEvent.php(481): view('detaileventp', [...])
 6 SYSTEMPATH\CodeIgniter.php(934): App\Controllers\DetailEvent->peserta('css', 'main.css')
 7 SYSTEMPATH\CodeIgniter.php(499): CodeIgniter\CodeIgniter->runController(Object(App\Controllers\DetailEvent))
 8 SYSTEMPATH\CodeIgniter.php(368): CodeIgniter\CodeIgniter->handleRequest(null, Object(Config\Cache), false)
 9 FCPATH\index.php(67): CodeIgniter\CodeIgniter->run()
10 SYSTEMPATH\Commands\Server\rewrite.php(47): require_once('D:\\TUGAS\\KULIAH\\P2MW\\hehe\\gohitfinal\\public\\index.php')
INFO - 2025-06-15 15:44:20 --> Session: Class initialized using 'CodeIgniter\Session\Handlers\FileHandler' driver.
CRITICAL - 2025-06-15 15:44:20 --> Undefined variable $tgl
in APPPATH\Views\detaileventp.php on line 24.
 1 APPPATH\Views\detaileventp.php(24): CodeIgniter\Debug\Exceptions->errorHandler(2, 'Undefined variable $tgl', 'D:\\TUGAS\\KULIAH\\P2MW\\hehe\\gohitfinal\\app\\Views\\detaileventp.php', 24)
 2 SYSTEMPATH\View\View.php(213): include('D:\\TUGAS\\KULIAH\\P2MW\\hehe\\gohitfinal\\app\\Views\\detaileventp.php')
 3 SYSTEMPATH\View\View.php(216): CodeIgniter\View\View->CodeIgniter\View\{closure}()
 4 SYSTEMPATH\Common.php(1184): CodeIgniter\View\View->render('detaileventp', [], true)
 5 APPPATH\Controllers\DetailEvent.php(481): view('detaileventp', [...])
 6 SYSTEMPATH\CodeIgniter.php(934): App\Controllers\DetailEvent->peserta('css', 'style.css')
 7 SYSTEMPATH\CodeIgniter.php(499): CodeIgniter\CodeIgniter->runController(Object(App\Controllers\DetailEvent))
 8 SYSTEMPATH\CodeIgniter.php(368): CodeIgniter\CodeIgniter->handleRequest(null, Object(Config\Cache), false)
 9 FCPATH\index.php(67): CodeIgniter\CodeIgniter->run()
10 SYSTEMPATH\Commands\Server\rewrite.php(47): require_once('D:\\TUGAS\\KULIAH\\P2MW\\hehe\\gohitfinal\\public\\index.php')
INFO - 2025-06-15 15:44:20 --> Session: Class initialized using 'CodeIgniter\Session\Handlers\FileHandler' driver.
CRITICAL - 2025-06-15 15:44:20 --> Undefined variable $tgl
in APPPATH\Views\detaileventp.php on line 24.
 1 APPPATH\Views\detaileventp.php(24): CodeIgniter\Debug\Exceptions->errorHandler(2, 'Undefined variable $tgl', 'D:\\TUGAS\\KULIAH\\P2MW\\hehe\\gohitfinal\\app\\Views\\detaileventp.php', 24)
 2 SYSTEMPATH\View\View.php(213): include('D:\\TUGAS\\KULIAH\\P2MW\\hehe\\gohitfinal\\app\\Views\\detaileventp.php')
 3 SYSTEMPATH\View\View.php(216): CodeIgniter\View\View->CodeIgniter\View\{closure}()
 4 SYSTEMPATH\Common.php(1184): CodeIgniter\View\View->render('detaileventp', [], true)
 5 APPPATH\Controllers\DetailEvent.php(481): view('detaileventp', [...])
 6 SYSTEMPATH\CodeIgniter.php(934): App\Controllers\DetailEvent->peserta('images', 'bg-01.jpg')
 7 SYSTEMPATH\CodeIgniter.php(499): CodeIgniter\CodeIgniter->runController(Object(App\Controllers\DetailEvent))
 8 SYSTEMPATH\CodeIgniter.php(368): CodeIgniter\CodeIgniter->handleRequest(null, Object(Config\Cache), false)
 9 FCPATH\index.php(67): CodeIgniter\CodeIgniter->run()
10 SYSTEMPATH\Commands\Server\rewrite.php(47): require_once('D:\\TUGAS\\KULIAH\\P2MW\\hehe\\gohitfinal\\public\\index.php')
INFO - 2025-06-15 15:44:55 --> Session: Class initialized using 'CodeIgniter\Session\Handlers\FileHandler' driver.
INFO - 2025-06-15 15:44:55 --> Session: Class initialized using 'CodeIgniter\Session\Handlers\FileHandler' driver.
INFO - 2025-06-15 15:44:56 --> Session: Class initialized using 'CodeIgniter\Session\Handlers\FileHandler' driver.
CRITICAL - 2025-06-15 15:44:56 --> Undefined variable $tgl
in APPPATH\Views\detaileventp.php on line 24.
 1 APPPATH\Views\detaileventp.php(24): CodeIgniter\Debug\Exceptions->errorHandler(2, 'Undefined variable $tgl', 'D:\\TUGAS\\KULIAH\\P2MW\\hehe\\gohitfinal\\app\\Views\\detaileventp.php', 24)
 2 SYSTEMPATH\View\View.php(213): include('D:\\TUGAS\\KULIAH\\P2MW\\hehe\\gohitfinal\\app\\Views\\detaileventp.php')
 3 SYSTEMPATH\View\View.php(216): CodeIgniter\View\View->CodeIgniter\View\{closure}()
 4 SYSTEMPATH\Common.php(1184): CodeIgniter\View\View->render('detaileventp', [], true)
 5 APPPATH\Controllers\DetailEvent.php(481): view('detaileventp', [...])
 6 SYSTEMPATH\CodeIgniter.php(934): App\Controllers\DetailEvent->peserta('css', 'main.css')
 7 SYSTEMPATH\CodeIgniter.php(499): CodeIgniter\CodeIgniter->runController(Object(App\Controllers\DetailEvent))
 8 SYSTEMPATH\CodeIgniter.php(368): CodeIgniter\CodeIgniter->handleRequest(null, Object(Config\Cache), false)
 9 FCPATH\index.php(67): CodeIgniter\CodeIgniter->run()
10 SYSTEMPATH\Commands\Server\rewrite.php(47): require_once('D:\\TUGAS\\KULIAH\\P2MW\\hehe\\gohitfinal\\public\\index.php')
INFO - 2025-06-15 15:44:56 --> Session: Class initialized using 'CodeIgniter\Session\Handlers\FileHandler' driver.
CRITICAL - 2025-06-15 15:44:56 --> Undefined variable $tgl
in APPPATH\Views\detaileventp.php on line 24.
 1 APPPATH\Views\detaileventp.php(24): CodeIgniter\Debug\Exceptions->errorHandler(2, 'Undefined variable $tgl', 'D:\\TUGAS\\KULIAH\\P2MW\\hehe\\gohitfinal\\app\\Views\\detaileventp.php', 24)
 2 SYSTEMPATH\View\View.php(213): include('D:\\TUGAS\\KULIAH\\P2MW\\hehe\\gohitfinal\\app\\Views\\detaileventp.php')
 3 SYSTEMPATH\View\View.php(216): CodeIgniter\View\View->CodeIgniter\View\{closure}()
 4 SYSTEMPATH\Common.php(1184): CodeIgniter\View\View->render('detaileventp', [], true)
 5 APPPATH\Controllers\DetailEvent.php(481): view('detaileventp', [...])
 6 SYSTEMPATH\CodeIgniter.php(934): App\Controllers\DetailEvent->peserta('css', 'style.css')
 7 SYSTEMPATH\CodeIgniter.php(499): CodeIgniter\CodeIgniter->runController(Object(App\Controllers\DetailEvent))
 8 SYSTEMPATH\CodeIgniter.php(368): CodeIgniter\CodeIgniter->handleRequest(null, Object(Config\Cache), false)
 9 FCPATH\index.php(67): CodeIgniter\CodeIgniter->run()
10 SYSTEMPATH\Commands\Server\rewrite.php(47): require_once('D:\\TUGAS\\KULIAH\\P2MW\\hehe\\gohitfinal\\public\\index.php')
INFO - 2025-06-15 15:44:56 --> Session: Class initialized using 'CodeIgniter\Session\Handlers\FileHandler' driver.
CRITICAL - 2025-06-15 15:44:56 --> Undefined variable $tgl
in APPPATH\Views\detaileventp.php on line 24.
 1 APPPATH\Views\detaileventp.php(24): CodeIgniter\Debug\Exceptions->errorHandler(2, 'Undefined variable $tgl', 'D:\\TUGAS\\KULIAH\\P2MW\\hehe\\gohitfinal\\app\\Views\\detaileventp.php', 24)
 2 SYSTEMPATH\View\View.php(213): include('D:\\TUGAS\\KULIAH\\P2MW\\hehe\\gohitfinal\\app\\Views\\detaileventp.php')
 3 SYSTEMPATH\View\View.php(216): CodeIgniter\View\View->CodeIgniter\View\{closure}()
 4 SYSTEMPATH\Common.php(1184): CodeIgniter\View\View->render('detaileventp', [], true)
 5 APPPATH\Controllers\DetailEvent.php(481): view('detaileventp', [...])
 6 SYSTEMPATH\CodeIgniter.php(934): App\Controllers\DetailEvent->peserta('images', 'bg-01.jpg')
 7 SYSTEMPATH\CodeIgniter.php(499): CodeIgniter\CodeIgniter->runController(Object(App\Controllers\DetailEvent))
 8 SYSTEMPATH\CodeIgniter.php(368): CodeIgniter\CodeIgniter->handleRequest(null, Object(Config\Cache), false)
 9 FCPATH\index.php(67): CodeIgniter\CodeIgniter->run()
10 SYSTEMPATH\Commands\Server\rewrite.php(47): require_once('D:\\TUGAS\\KULIAH\\P2MW\\hehe\\gohitfinal\\public\\index.php')
INFO - 2025-06-15 15:45:41 --> Session: Class initialized using 'CodeIgniter\Session\Handlers\FileHandler' driver.
INFO - 2025-06-15 15:45:41 --> Session: Class initialized using 'CodeIgniter\Session\Handlers\FileHandler' driver.
INFO - 2025-06-15 15:45:41 --> Session: Class initialized using 'CodeIgniter\Session\Handlers\FileHandler' driver.
CRITICAL - 2025-06-15 15:45:41 --> Undefined variable $tgl
in APPPATH\Views\detaileventp.php on line 24.
 1 APPPATH\Views\detaileventp.php(24): CodeIgniter\Debug\Exceptions->errorHandler(2, 'Undefined variable $tgl', 'D:\\TUGAS\\KULIAH\\P2MW\\hehe\\gohitfinal\\app\\Views\\detaileventp.php', 24)
 2 SYSTEMPATH\View\View.php(213): include('D:\\TUGAS\\KULIAH\\P2MW\\hehe\\gohitfinal\\app\\Views\\detaileventp.php')
 3 SYSTEMPATH\View\View.php(216): CodeIgniter\View\View->CodeIgniter\View\{closure}()
 4 SYSTEMPATH\Common.php(1184): CodeIgniter\View\View->render('detaileventp', [], true)
 5 APPPATH\Controllers\DetailEvent.php(481): view('detaileventp', [...])
 6 SYSTEMPATH\CodeIgniter.php(934): App\Controllers\DetailEvent->peserta('css', 'main.css')
 7 SYSTEMPATH\CodeIgniter.php(499): CodeIgniter\CodeIgniter->runController(Object(App\Controllers\DetailEvent))
 8 SYSTEMPATH\CodeIgniter.php(368): CodeIgniter\CodeIgniter->handleRequest(null, Object(Config\Cache), false)
 9 FCPATH\index.php(67): CodeIgniter\CodeIgniter->run()
10 SYSTEMPATH\Commands\Server\rewrite.php(47): require_once('D:\\TUGAS\\KULIAH\\P2MW\\hehe\\gohitfinal\\public\\index.php')
INFO - 2025-06-15 15:45:41 --> Session: Class initialized using 'CodeIgniter\Session\Handlers\FileHandler' driver.
CRITICAL - 2025-06-15 15:45:41 --> Undefined variable $tgl
in APPPATH\Views\detaileventp.php on line 24.
 1 APPPATH\Views\detaileventp.php(24): CodeIgniter\Debug\Exceptions->errorHandler(2, 'Undefined variable $tgl', 'D:\\TUGAS\\KULIAH\\P2MW\\hehe\\gohitfinal\\app\\Views\\detaileventp.php', 24)
 2 SYSTEMPATH\View\View.php(213): include('D:\\TUGAS\\KULIAH\\P2MW\\hehe\\gohitfinal\\app\\Views\\detaileventp.php')
 3 SYSTEMPATH\View\View.php(216): CodeIgniter\View\View->CodeIgniter\View\{closure}()
 4 SYSTEMPATH\Common.php(1184): CodeIgniter\View\View->render('detaileventp', [], true)
 5 APPPATH\Controllers\DetailEvent.php(481): view('detaileventp', [...])
 6 SYSTEMPATH\CodeIgniter.php(934): App\Controllers\DetailEvent->peserta('css', 'style.css')
 7 SYSTEMPATH\CodeIgniter.php(499): CodeIgniter\CodeIgniter->runController(Object(App\Controllers\DetailEvent))
 8 SYSTEMPATH\CodeIgniter.php(368): CodeIgniter\CodeIgniter->handleRequest(null, Object(Config\Cache), false)
 9 FCPATH\index.php(67): CodeIgniter\CodeIgniter->run()
10 SYSTEMPATH\Commands\Server\rewrite.php(47): require_once('D:\\TUGAS\\KULIAH\\P2MW\\hehe\\gohitfinal\\public\\index.php')
INFO - 2025-06-15 15:45:41 --> Session: Class initialized using 'CodeIgniter\Session\Handlers\FileHandler' driver.
CRITICAL - 2025-06-15 15:45:41 --> Undefined variable $tgl
in APPPATH\Views\detaileventp.php on line 24.
 1 APPPATH\Views\detaileventp.php(24): CodeIgniter\Debug\Exceptions->errorHandler(2, 'Undefined variable $tgl', 'D:\\TUGAS\\KULIAH\\P2MW\\hehe\\gohitfinal\\app\\Views\\detaileventp.php', 24)
 2 SYSTEMPATH\View\View.php(213): include('D:\\TUGAS\\KULIAH\\P2MW\\hehe\\gohitfinal\\app\\Views\\detaileventp.php')
 3 SYSTEMPATH\View\View.php(216): CodeIgniter\View\View->CodeIgniter\View\{closure}()
 4 SYSTEMPATH\Common.php(1184): CodeIgniter\View\View->render('detaileventp', [], true)
 5 APPPATH\Controllers\DetailEvent.php(481): view('detaileventp', [...])
 6 SYSTEMPATH\CodeIgniter.php(934): App\Controllers\DetailEvent->peserta('images', 'bg-01.jpg')
 7 SYSTEMPATH\CodeIgniter.php(499): CodeIgniter\CodeIgniter->runController(Object(App\Controllers\DetailEvent))
 8 SYSTEMPATH\CodeIgniter.php(368): CodeIgniter\CodeIgniter->handleRequest(null, Object(Config\Cache), false)
 9 FCPATH\index.php(67): CodeIgniter\CodeIgniter->run()
10 SYSTEMPATH\Commands\Server\rewrite.php(47): require_once('D:\\TUGAS\\KULIAH\\P2MW\\hehe\\gohitfinal\\public\\index.php')
INFO - 2025-06-15 15:46:06 --> Session: Class initialized using 'CodeIgniter\Session\Handlers\FileHandler' driver.
INFO - 2025-06-15 15:46:06 --> Session: Class initialized using 'CodeIgniter\Session\Handlers\FileHandler' driver.
INFO - 2025-06-15 15:46:07 --> Session: Class initialized using 'CodeIgniter\Session\Handlers\FileHandler' driver.
CRITICAL - 2025-06-15 15:46:07 --> Undefined variable $tgl
in APPPATH\Views\detaileventp.php on line 24.
 1 APPPATH\Views\detaileventp.php(24): CodeIgniter\Debug\Exceptions->errorHandler(2, 'Undefined variable $tgl', 'D:\\TUGAS\\KULIAH\\P2MW\\hehe\\gohitfinal\\app\\Views\\detaileventp.php', 24)
 2 SYSTEMPATH\View\View.php(213): include('D:\\TUGAS\\KULIAH\\P2MW\\hehe\\gohitfinal\\app\\Views\\detaileventp.php')
 3 SYSTEMPATH\View\View.php(216): CodeIgniter\View\View->CodeIgniter\View\{closure}()
 4 SYSTEMPATH\Common.php(1184): CodeIgniter\View\View->render('detaileventp', [], true)
 5 APPPATH\Controllers\DetailEvent.php(481): view('detaileventp', [...])
 6 SYSTEMPATH\CodeIgniter.php(934): App\Controllers\DetailEvent->peserta('css', 'main.css')
 7 SYSTEMPATH\CodeIgniter.php(499): CodeIgniter\CodeIgniter->runController(Object(App\Controllers\DetailEvent))
 8 SYSTEMPATH\CodeIgniter.php(368): CodeIgniter\CodeIgniter->handleRequest(null, Object(Config\Cache), false)
 9 FCPATH\index.php(67): CodeIgniter\CodeIgniter->run()
10 SYSTEMPATH\Commands\Server\rewrite.php(47): require_once('D:\\TUGAS\\KULIAH\\P2MW\\hehe\\gohitfinal\\public\\index.php')
INFO - 2025-06-15 15:46:07 --> Session: Class initialized using 'CodeIgniter\Session\Handlers\FileHandler' driver.
CRITICAL - 2025-06-15 15:46:07 --> Undefined variable $tgl
in APPPATH\Views\detaileventp.php on line 24.
 1 APPPATH\Views\detaileventp.php(24): CodeIgniter\Debug\Exceptions->errorHandler(2, 'Undefined variable $tgl', 'D:\\TUGAS\\KULIAH\\P2MW\\hehe\\gohitfinal\\app\\Views\\detaileventp.php', 24)
 2 SYSTEMPATH\View\View.php(213): include('D:\\TUGAS\\KULIAH\\P2MW\\hehe\\gohitfinal\\app\\Views\\detaileventp.php')
 3 SYSTEMPATH\View\View.php(216): CodeIgniter\View\View->CodeIgniter\View\{closure}()
 4 SYSTEMPATH\Common.php(1184): CodeIgniter\View\View->render('detaileventp', [], true)
 5 APPPATH\Controllers\DetailEvent.php(481): view('detaileventp', [...])
 6 SYSTEMPATH\CodeIgniter.php(934): App\Controllers\DetailEvent->peserta('css', 'style.css')
 7 SYSTEMPATH\CodeIgniter.php(499): CodeIgniter\CodeIgniter->runController(Object(App\Controllers\DetailEvent))
 8 SYSTEMPATH\CodeIgniter.php(368): CodeIgniter\CodeIgniter->handleRequest(null, Object(Config\Cache), false)
 9 FCPATH\index.php(67): CodeIgniter\CodeIgniter->run()
10 SYSTEMPATH\Commands\Server\rewrite.php(47): require_once('D:\\TUGAS\\KULIAH\\P2MW\\hehe\\gohitfinal\\public\\index.php')
INFO - 2025-06-15 15:46:07 --> Session: Class initialized using 'CodeIgniter\Session\Handlers\FileHandler' driver.
CRITICAL - 2025-06-15 15:46:07 --> Undefined variable $tgl
in APPPATH\Views\detaileventp.php on line 24.
 1 APPPATH\Views\detaileventp.php(24): CodeIgniter\Debug\Exceptions->errorHandler(2, 'Undefined variable $tgl', 'D:\\TUGAS\\KULIAH\\P2MW\\hehe\\gohitfinal\\app\\Views\\detaileventp.php', 24)
 2 SYSTEMPATH\View\View.php(213): include('D:\\TUGAS\\KULIAH\\P2MW\\hehe\\gohitfinal\\app\\Views\\detaileventp.php')
 3 SYSTEMPATH\View\View.php(216): CodeIgniter\View\View->CodeIgniter\View\{closure}()
 4 SYSTEMPATH\Common.php(1184): CodeIgniter\View\View->render('detaileventp', [], true)
 5 APPPATH\Controllers\DetailEvent.php(481): view('detaileventp', [...])
 6 SYSTEMPATH\CodeIgniter.php(934): App\Controllers\DetailEvent->peserta('images', 'bg-01.jpg')
 7 SYSTEMPATH\CodeIgniter.php(499): CodeIgniter\CodeIgniter->runController(Object(App\Controllers\DetailEvent))
 8 SYSTEMPATH\CodeIgniter.php(368): CodeIgniter\CodeIgniter->handleRequest(null, Object(Config\Cache), false)
 9 FCPATH\index.php(67): CodeIgniter\CodeIgniter->run()
10 SYSTEMPATH\Commands\Server\rewrite.php(47): require_once('D:\\TUGAS\\KULIAH\\P2MW\\hehe\\gohitfinal\\public\\index.php')
INFO - 2025-06-15 15:46:41 --> Session: Class initialized using 'CodeIgniter\Session\Handlers\FileHandler' driver.
INFO - 2025-06-15 15:46:41 --> Session: Class initialized using 'CodeIgniter\Session\Handlers\FileHandler' driver.
INFO - 2025-06-15 15:46:42 --> Session: Class initialized using 'CodeIgniter\Session\Handlers\FileHandler' driver.
CRITICAL - 2025-06-15 15:46:42 --> Undefined variable $tgl
in APPPATH\Views\detaileventp.php on line 24.
 1 APPPATH\Views\detaileventp.php(24): CodeIgniter\Debug\Exceptions->errorHandler(2, 'Undefined variable $tgl', 'D:\\TUGAS\\KULIAH\\P2MW\\hehe\\gohitfinal\\app\\Views\\detaileventp.php', 24)
 2 SYSTEMPATH\View\View.php(213): include('D:\\TUGAS\\KULIAH\\P2MW\\hehe\\gohitfinal\\app\\Views\\detaileventp.php')
 3 SYSTEMPATH\View\View.php(216): CodeIgniter\View\View->CodeIgniter\View\{closure}()
 4 SYSTEMPATH\Common.php(1184): CodeIgniter\View\View->render('detaileventp', [], true)
 5 APPPATH\Controllers\DetailEvent.php(481): view('detaileventp', [...])
 6 SYSTEMPATH\CodeIgniter.php(934): App\Controllers\DetailEvent->peserta('css', 'main.css')
 7 SYSTEMPATH\CodeIgniter.php(499): CodeIgniter\CodeIgniter->runController(Object(App\Controllers\DetailEvent))
 8 SYSTEMPATH\CodeIgniter.php(368): CodeIgniter\CodeIgniter->handleRequest(null, Object(Config\Cache), false)
 9 FCPATH\index.php(67): CodeIgniter\CodeIgniter->run()
10 SYSTEMPATH\Commands\Server\rewrite.php(47): require_once('D:\\TUGAS\\KULIAH\\P2MW\\hehe\\gohitfinal\\public\\index.php')
INFO - 2025-06-15 15:46:42 --> Session: Class initialized using 'CodeIgniter\Session\Handlers\FileHandler' driver.
CRITICAL - 2025-06-15 15:46:42 --> Undefined variable $tgl
in APPPATH\Views\detaileventp.php on line 24.
 1 APPPATH\Views\detaileventp.php(24): CodeIgniter\Debug\Exceptions->errorHandler(2, 'Undefined variable $tgl', 'D:\\TUGAS\\KULIAH\\P2MW\\hehe\\gohitfinal\\app\\Views\\detaileventp.php', 24)
 2 SYSTEMPATH\View\View.php(213): include('D:\\TUGAS\\KULIAH\\P2MW\\hehe\\gohitfinal\\app\\Views\\detaileventp.php')
 3 SYSTEMPATH\View\View.php(216): CodeIgniter\View\View->CodeIgniter\View\{closure}()
 4 SYSTEMPATH\Common.php(1184): CodeIgniter\View\View->render('detaileventp', [], true)
 5 APPPATH\Controllers\DetailEvent.php(481): view('detaileventp', [...])
 6 SYSTEMPATH\CodeIgniter.php(934): App\Controllers\DetailEvent->peserta('css', 'style.css')
 7 SYSTEMPATH\CodeIgniter.php(499): CodeIgniter\CodeIgniter->runController(Object(App\Controllers\DetailEvent))
 8 SYSTEMPATH\CodeIgniter.php(368): CodeIgniter\CodeIgniter->handleRequest(null, Object(Config\Cache), false)
 9 FCPATH\index.php(67): CodeIgniter\CodeIgniter->run()
10 SYSTEMPATH\Commands\Server\rewrite.php(47): require_once('D:\\TUGAS\\KULIAH\\P2MW\\hehe\\gohitfinal\\public\\index.php')
INFO - 2025-06-15 15:46:42 --> Session: Class initialized using 'CodeIgniter\Session\Handlers\FileHandler' driver.
CRITICAL - 2025-06-15 15:46:42 --> Undefined variable $tgl
in APPPATH\Views\detaileventp.php on line 24.
 1 APPPATH\Views\detaileventp.php(24): CodeIgniter\Debug\Exceptions->errorHandler(2, 'Undefined variable $tgl', 'D:\\TUGAS\\KULIAH\\P2MW\\hehe\\gohitfinal\\app\\Views\\detaileventp.php', 24)
 2 SYSTEMPATH\View\View.php(213): include('D:\\TUGAS\\KULIAH\\P2MW\\hehe\\gohitfinal\\app\\Views\\detaileventp.php')
 3 SYSTEMPATH\View\View.php(216): CodeIgniter\View\View->CodeIgniter\View\{closure}()
 4 SYSTEMPATH\Common.php(1184): CodeIgniter\View\View->render('detaileventp', [], true)
 5 APPPATH\Controllers\DetailEvent.php(481): view('detaileventp', [...])
 6 SYSTEMPATH\CodeIgniter.php(934): App\Controllers\DetailEvent->peserta('images', 'bg-01.jpg')
 7 SYSTEMPATH\CodeIgniter.php(499): CodeIgniter\CodeIgniter->runController(Object(App\Controllers\DetailEvent))
 8 SYSTEMPATH\CodeIgniter.php(368): CodeIgniter\CodeIgniter->handleRequest(null, Object(Config\Cache), false)
 9 FCPATH\index.php(67): CodeIgniter\CodeIgniter->run()
10 SYSTEMPATH\Commands\Server\rewrite.php(47): require_once('D:\\TUGAS\\KULIAH\\P2MW\\hehe\\gohitfinal\\public\\index.php')
INFO - 2025-06-15 15:47:36 --> Session: Class initialized using 'CodeIgniter\Session\Handlers\FileHandler' driver.
INFO - 2025-06-15 15:47:36 --> Session: Class initialized using 'CodeIgniter\Session\Handlers\FileHandler' driver.
INFO - 2025-06-15 15:47:36 --> Session: Class initialized using 'CodeIgniter\Session\Handlers\FileHandler' driver.
CRITICAL - 2025-06-15 15:47:36 --> Undefined variable $tgl
in APPPATH\Views\detaileventp.php on line 24.
 1 APPPATH\Views\detaileventp.php(24): CodeIgniter\Debug\Exceptions->errorHandler(2, 'Undefined variable $tgl', 'D:\\TUGAS\\KULIAH\\P2MW\\hehe\\gohitfinal\\app\\Views\\detaileventp.php', 24)
 2 SYSTEMPATH\View\View.php(213): include('D:\\TUGAS\\KULIAH\\P2MW\\hehe\\gohitfinal\\app\\Views\\detaileventp.php')
 3 SYSTEMPATH\View\View.php(216): CodeIgniter\View\View->CodeIgniter\View\{closure}()
 4 SYSTEMPATH\Common.php(1184): CodeIgniter\View\View->render('detaileventp', [], true)
 5 APPPATH\Controllers\DetailEvent.php(481): view('detaileventp', [...])
 6 SYSTEMPATH\CodeIgniter.php(934): App\Controllers\DetailEvent->peserta('css', 'main.css')
 7 SYSTEMPATH\CodeIgniter.php(499): CodeIgniter\CodeIgniter->runController(Object(App\Controllers\DetailEvent))
 8 SYSTEMPATH\CodeIgniter.php(368): CodeIgniter\CodeIgniter->handleRequest(null, Object(Config\Cache), false)
 9 FCPATH\index.php(67): CodeIgniter\CodeIgniter->run()
10 SYSTEMPATH\Commands\Server\rewrite.php(47): require_once('D:\\TUGAS\\KULIAH\\P2MW\\hehe\\gohitfinal\\public\\index.php')
INFO - 2025-06-15 15:47:36 --> Session: Class initialized using 'CodeIgniter\Session\Handlers\FileHandler' driver.
CRITICAL - 2025-06-15 15:47:36 --> Undefined variable $tgl
in APPPATH\Views\detaileventp.php on line 24.
 1 APPPATH\Views\detaileventp.php(24): CodeIgniter\Debug\Exceptions->errorHandler(2, 'Undefined variable $tgl', 'D:\\TUGAS\\KULIAH\\P2MW\\hehe\\gohitfinal\\app\\Views\\detaileventp.php', 24)
 2 SYSTEMPATH\View\View.php(213): include('D:\\TUGAS\\KULIAH\\P2MW\\hehe\\gohitfinal\\app\\Views\\detaileventp.php')
 3 SYSTEMPATH\View\View.php(216): CodeIgniter\View\View->CodeIgniter\View\{closure}()
 4 SYSTEMPATH\Common.php(1184): CodeIgniter\View\View->render('detaileventp', [], true)
 5 APPPATH\Controllers\DetailEvent.php(481): view('detaileventp', [...])
 6 SYSTEMPATH\CodeIgniter.php(934): App\Controllers\DetailEvent->peserta('css', 'style.css')
 7 SYSTEMPATH\CodeIgniter.php(499): CodeIgniter\CodeIgniter->runController(Object(App\Controllers\DetailEvent))
 8 SYSTEMPATH\CodeIgniter.php(368): CodeIgniter\CodeIgniter->handleRequest(null, Object(Config\Cache), false)
 9 FCPATH\index.php(67): CodeIgniter\CodeIgniter->run()
10 SYSTEMPATH\Commands\Server\rewrite.php(47): require_once('D:\\TUGAS\\KULIAH\\P2MW\\hehe\\gohitfinal\\public\\index.php')
INFO - 2025-06-15 15:47:36 --> Session: Class initialized using 'CodeIgniter\Session\Handlers\FileHandler' driver.
CRITICAL - 2025-06-15 15:47:37 --> Undefined variable $tgl
in APPPATH\Views\detaileventp.php on line 24.
 1 APPPATH\Views\detaileventp.php(24): CodeIgniter\Debug\Exceptions->errorHandler(2, 'Undefined variable $tgl', 'D:\\TUGAS\\KULIAH\\P2MW\\hehe\\gohitfinal\\app\\Views\\detaileventp.php', 24)
 2 SYSTEMPATH\View\View.php(213): include('D:\\TUGAS\\KULIAH\\P2MW\\hehe\\gohitfinal\\app\\Views\\detaileventp.php')
 3 SYSTEMPATH\View\View.php(216): CodeIgniter\View\View->CodeIgniter\View\{closure}()
 4 SYSTEMPATH\Common.php(1184): CodeIgniter\View\View->render('detaileventp', [], true)
 5 APPPATH\Controllers\DetailEvent.php(481): view('detaileventp', [...])
 6 SYSTEMPATH\CodeIgniter.php(934): App\Controllers\DetailEvent->peserta('images', 'bg-01.jpg')
 7 SYSTEMPATH\CodeIgniter.php(499): CodeIgniter\CodeIgniter->runController(Object(App\Controllers\DetailEvent))
 8 SYSTEMPATH\CodeIgniter.php(368): CodeIgniter\CodeIgniter->handleRequest(null, Object(Config\Cache), false)
 9 FCPATH\index.php(67): CodeIgniter\CodeIgniter->run()
10 SYSTEMPATH\Commands\Server\rewrite.php(47): require_once('D:\\TUGAS\\KULIAH\\P2MW\\hehe\\gohitfinal\\public\\index.php')
INFO - 2025-06-15 15:48:04 --> Session: Class initialized using 'CodeIgniter\Session\Handlers\FileHandler' driver.
INFO - 2025-06-15 15:48:04 --> Session: Class initialized using 'CodeIgniter\Session\Handlers\FileHandler' driver.
INFO - 2025-06-15 15:48:04 --> Session: Class initialized using 'CodeIgniter\Session\Handlers\FileHandler' driver.
CRITICAL - 2025-06-15 15:48:04 --> Undefined variable $tgl
in APPPATH\Views\detaileventp.php on line 24.
 1 APPPATH\Views\detaileventp.php(24): CodeIgniter\Debug\Exceptions->errorHandler(2, 'Undefined variable $tgl', 'D:\\TUGAS\\KULIAH\\P2MW\\hehe\\gohitfinal\\app\\Views\\detaileventp.php', 24)
 2 SYSTEMPATH\View\View.php(213): include('D:\\TUGAS\\KULIAH\\P2MW\\hehe\\gohitfinal\\app\\Views\\detaileventp.php')
 3 SYSTEMPATH\View\View.php(216): CodeIgniter\View\View->CodeIgniter\View\{closure}()
 4 SYSTEMPATH\Common.php(1184): CodeIgniter\View\View->render('detaileventp', [], true)
 5 APPPATH\Controllers\DetailEvent.php(481): view('detaileventp', [...])
 6 SYSTEMPATH\CodeIgniter.php(934): App\Controllers\DetailEvent->peserta('css', 'main.css')
 7 SYSTEMPATH\CodeIgniter.php(499): CodeIgniter\CodeIgniter->runController(Object(App\Controllers\DetailEvent))
 8 SYSTEMPATH\CodeIgniter.php(368): CodeIgniter\CodeIgniter->handleRequest(null, Object(Config\Cache), false)
 9 FCPATH\index.php(67): CodeIgniter\CodeIgniter->run()
10 SYSTEMPATH\Commands\Server\rewrite.php(47): require_once('D:\\TUGAS\\KULIAH\\P2MW\\hehe\\gohitfinal\\public\\index.php')
INFO - 2025-06-15 15:48:04 --> Session: Class initialized using 'CodeIgniter\Session\Handlers\FileHandler' driver.
CRITICAL - 2025-06-15 15:48:05 --> Undefined variable $tgl
in APPPATH\Views\detaileventp.php on line 24.
 1 APPPATH\Views\detaileventp.php(24): CodeIgniter\Debug\Exceptions->errorHandler(2, 'Undefined variable $tgl', 'D:\\TUGAS\\KULIAH\\P2MW\\hehe\\gohitfinal\\app\\Views\\detaileventp.php', 24)
 2 SYSTEMPATH\View\View.php(213): include('D:\\TUGAS\\KULIAH\\P2MW\\hehe\\gohitfinal\\app\\Views\\detaileventp.php')
 3 SYSTEMPATH\View\View.php(216): CodeIgniter\View\View->CodeIgniter\View\{closure}()
 4 SYSTEMPATH\Common.php(1184): CodeIgniter\View\View->render('detaileventp', [], true)
 5 APPPATH\Controllers\DetailEvent.php(481): view('detaileventp', [...])
 6 SYSTEMPATH\CodeIgniter.php(934): App\Controllers\DetailEvent->peserta('css', 'style.css')
 7 SYSTEMPATH\CodeIgniter.php(499): CodeIgniter\CodeIgniter->runController(Object(App\Controllers\DetailEvent))
 8 SYSTEMPATH\CodeIgniter.php(368): CodeIgniter\CodeIgniter->handleRequest(null, Object(Config\Cache), false)
 9 FCPATH\index.php(67): CodeIgniter\CodeIgniter->run()
10 SYSTEMPATH\Commands\Server\rewrite.php(47): require_once('D:\\TUGAS\\KULIAH\\P2MW\\hehe\\gohitfinal\\public\\index.php')
INFO - 2025-06-15 15:48:05 --> Session: Class initialized using 'CodeIgniter\Session\Handlers\FileHandler' driver.
CRITICAL - 2025-06-15 15:48:05 --> Undefined variable $tgl
in APPPATH\Views\detaileventp.php on line 24.
 1 APPPATH\Views\detaileventp.php(24): CodeIgniter\Debug\Exceptions->errorHandler(2, 'Undefined variable $tgl', 'D:\\TUGAS\\KULIAH\\P2MW\\hehe\\gohitfinal\\app\\Views\\detaileventp.php', 24)
 2 SYSTEMPATH\View\View.php(213): include('D:\\TUGAS\\KULIAH\\P2MW\\hehe\\gohitfinal\\app\\Views\\detaileventp.php')
 3 SYSTEMPATH\View\View.php(216): CodeIgniter\View\View->CodeIgniter\View\{closure}()
 4 SYSTEMPATH\Common.php(1184): CodeIgniter\View\View->render('detaileventp', [], true)
 5 APPPATH\Controllers\DetailEvent.php(481): view('detaileventp', [...])
 6 SYSTEMPATH\CodeIgniter.php(934): App\Controllers\DetailEvent->peserta('images', 'bg-01.jpg')
 7 SYSTEMPATH\CodeIgniter.php(499): CodeIgniter\CodeIgniter->runController(Object(App\Controllers\DetailEvent))
 8 SYSTEMPATH\CodeIgniter.php(368): CodeIgniter\CodeIgniter->handleRequest(null, Object(Config\Cache), false)
 9 FCPATH\index.php(67): CodeIgniter\CodeIgniter->run()
10 SYSTEMPATH\Commands\Server\rewrite.php(47): require_once('D:\\TUGAS\\KULIAH\\P2MW\\hehe\\gohitfinal\\public\\index.php')
INFO - 2025-06-15 15:48:47 --> Session: Class initialized using 'CodeIgniter\Session\Handlers\FileHandler' driver.
INFO - 2025-06-15 15:48:47 --> Session: Class initialized using 'CodeIgniter\Session\Handlers\FileHandler' driver.
INFO - 2025-06-15 15:48:48 --> Session: Class initialized using 'CodeIgniter\Session\Handlers\FileHandler' driver.
CRITICAL - 2025-06-15 15:48:48 --> Undefined variable $tgl
in APPPATH\Views\detaileventp.php on line 24.
 1 APPPATH\Views\detaileventp.php(24): CodeIgniter\Debug\Exceptions->errorHandler(2, 'Undefined variable $tgl', 'D:\\TUGAS\\KULIAH\\P2MW\\hehe\\gohitfinal\\app\\Views\\detaileventp.php', 24)
 2 SYSTEMPATH\View\View.php(213): include('D:\\TUGAS\\KULIAH\\P2MW\\hehe\\gohitfinal\\app\\Views\\detaileventp.php')
 3 SYSTEMPATH\View\View.php(216): CodeIgniter\View\View->CodeIgniter\View\{closure}()
 4 SYSTEMPATH\Common.php(1184): CodeIgniter\View\View->render('detaileventp', [], true)
 5 APPPATH\Controllers\DetailEvent.php(481): view('detaileventp', [...])
 6 SYSTEMPATH\CodeIgniter.php(934): App\Controllers\DetailEvent->peserta('css', 'main.css')
 7 SYSTEMPATH\CodeIgniter.php(499): CodeIgniter\CodeIgniter->runController(Object(App\Controllers\DetailEvent))
 8 SYSTEMPATH\CodeIgniter.php(368): CodeIgniter\CodeIgniter->handleRequest(null, Object(Config\Cache), false)
 9 FCPATH\index.php(67): CodeIgniter\CodeIgniter->run()
10 SYSTEMPATH\Commands\Server\rewrite.php(47): require_once('D:\\TUGAS\\KULIAH\\P2MW\\hehe\\gohitfinal\\public\\index.php')
INFO - 2025-06-15 15:48:48 --> Session: Class initialized using 'CodeIgniter\Session\Handlers\FileHandler' driver.
CRITICAL - 2025-06-15 15:48:48 --> Undefined variable $tgl
in APPPATH\Views\detaileventp.php on line 24.
 1 APPPATH\Views\detaileventp.php(24): CodeIgniter\Debug\Exceptions->errorHandler(2, 'Undefined variable $tgl', 'D:\\TUGAS\\KULIAH\\P2MW\\hehe\\gohitfinal\\app\\Views\\detaileventp.php', 24)
 2 SYSTEMPATH\View\View.php(213): include('D:\\TUGAS\\KULIAH\\P2MW\\hehe\\gohitfinal\\app\\Views\\detaileventp.php')
 3 SYSTEMPATH\View\View.php(216): CodeIgniter\View\View->CodeIgniter\View\{closure}()
 4 SYSTEMPATH\Common.php(1184): CodeIgniter\View\View->render('detaileventp', [], true)
 5 APPPATH\Controllers\DetailEvent.php(481): view('detaileventp', [...])
 6 SYSTEMPATH\CodeIgniter.php(934): App\Controllers\DetailEvent->peserta('css', 'style.css')
 7 SYSTEMPATH\CodeIgniter.php(499): CodeIgniter\CodeIgniter->runController(Object(App\Controllers\DetailEvent))
 8 SYSTEMPATH\CodeIgniter.php(368): CodeIgniter\CodeIgniter->handleRequest(null, Object(Config\Cache), false)
 9 FCPATH\index.php(67): CodeIgniter\CodeIgniter->run()
10 SYSTEMPATH\Commands\Server\rewrite.php(47): require_once('D:\\TUGAS\\KULIAH\\P2MW\\hehe\\gohitfinal\\public\\index.php')
INFO - 2025-06-15 15:48:48 --> Session: Class initialized using 'CodeIgniter\Session\Handlers\FileHandler' driver.
CRITICAL - 2025-06-15 15:48:48 --> Undefined variable $tgl
in APPPATH\Views\detaileventp.php on line 24.
 1 APPPATH\Views\detaileventp.php(24): CodeIgniter\Debug\Exceptions->errorHandler(2, 'Undefined variable $tgl', 'D:\\TUGAS\\KULIAH\\P2MW\\hehe\\gohitfinal\\app\\Views\\detaileventp.php', 24)
 2 SYSTEMPATH\View\View.php(213): include('D:\\TUGAS\\KULIAH\\P2MW\\hehe\\gohitfinal\\app\\Views\\detaileventp.php')
 3 SYSTEMPATH\View\View.php(216): CodeIgniter\View\View->CodeIgniter\View\{closure}()
 4 SYSTEMPATH\Common.php(1184): CodeIgniter\View\View->render('detaileventp', [], true)
 5 APPPATH\Controllers\DetailEvent.php(481): view('detaileventp', [...])
 6 SYSTEMPATH\CodeIgniter.php(934): App\Controllers\DetailEvent->peserta('images', 'bg-01.jpg')
 7 SYSTEMPATH\CodeIgniter.php(499): CodeIgniter\CodeIgniter->runController(Object(App\Controllers\DetailEvent))
 8 SYSTEMPATH\CodeIgniter.php(368): CodeIgniter\CodeIgniter->handleRequest(null, Object(Config\Cache), false)
 9 FCPATH\index.php(67): CodeIgniter\CodeIgniter->run()
10 SYSTEMPATH\Commands\Server\rewrite.php(47): require_once('D:\\TUGAS\\KULIAH\\P2MW\\hehe\\gohitfinal\\public\\index.php')
INFO - 2025-06-15 15:49:19 --> Session: Class initialized using 'CodeIgniter\Session\Handlers\FileHandler' driver.
INFO - 2025-06-15 15:49:19 --> Session: Class initialized using 'CodeIgniter\Session\Handlers\FileHandler' driver.
INFO - 2025-06-15 15:49:19 --> Session: Class initialized using 'CodeIgniter\Session\Handlers\FileHandler' driver.
CRITICAL - 2025-06-15 15:49:19 --> Undefined variable $tgl
in APPPATH\Views\detaileventp.php on line 24.
 1 APPPATH\Views\detaileventp.php(24): CodeIgniter\Debug\Exceptions->errorHandler(2, 'Undefined variable $tgl', 'D:\\TUGAS\\KULIAH\\P2MW\\hehe\\gohitfinal\\app\\Views\\detaileventp.php', 24)
 2 SYSTEMPATH\View\View.php(213): include('D:\\TUGAS\\KULIAH\\P2MW\\hehe\\gohitfinal\\app\\Views\\detaileventp.php')
 3 SYSTEMPATH\View\View.php(216): CodeIgniter\View\View->CodeIgniter\View\{closure}()
 4 SYSTEMPATH\Common.php(1184): CodeIgniter\View\View->render('detaileventp', [], true)
 5 APPPATH\Controllers\DetailEvent.php(481): view('detaileventp', [...])
 6 SYSTEMPATH\CodeIgniter.php(934): App\Controllers\DetailEvent->peserta('css', 'main.css')
 7 SYSTEMPATH\CodeIgniter.php(499): CodeIgniter\CodeIgniter->runController(Object(App\Controllers\DetailEvent))
 8 SYSTEMPATH\CodeIgniter.php(368): CodeIgniter\CodeIgniter->handleRequest(null, Object(Config\Cache), false)
 9 FCPATH\index.php(67): CodeIgniter\CodeIgniter->run()
10 SYSTEMPATH\Commands\Server\rewrite.php(47): require_once('D:\\TUGAS\\KULIAH\\P2MW\\hehe\\gohitfinal\\public\\index.php')
INFO - 2025-06-15 15:49:19 --> Session: Class initialized using 'CodeIgniter\Session\Handlers\FileHandler' driver.
CRITICAL - 2025-06-15 15:49:19 --> Undefined variable $tgl
in APPPATH\Views\detaileventp.php on line 24.
 1 APPPATH\Views\detaileventp.php(24): CodeIgniter\Debug\Exceptions->errorHandler(2, 'Undefined variable $tgl', 'D:\\TUGAS\\KULIAH\\P2MW\\hehe\\gohitfinal\\app\\Views\\detaileventp.php', 24)
 2 SYSTEMPATH\View\View.php(213): include('D:\\TUGAS\\KULIAH\\P2MW\\hehe\\gohitfinal\\app\\Views\\detaileventp.php')
 3 SYSTEMPATH\View\View.php(216): CodeIgniter\View\View->CodeIgniter\View\{closure}()
 4 SYSTEMPATH\Common.php(1184): CodeIgniter\View\View->render('detaileventp', [], true)
 5 APPPATH\Controllers\DetailEvent.php(481): view('detaileventp', [...])
 6 SYSTEMPATH\CodeIgniter.php(934): App\Controllers\DetailEvent->peserta('css', 'style.css')
 7 SYSTEMPATH\CodeIgniter.php(499): CodeIgniter\CodeIgniter->runController(Object(App\Controllers\DetailEvent))
 8 SYSTEMPATH\CodeIgniter.php(368): CodeIgniter\CodeIgniter->handleRequest(null, Object(Config\Cache), false)
 9 FCPATH\index.php(67): CodeIgniter\CodeIgniter->run()
10 SYSTEMPATH\Commands\Server\rewrite.php(47): require_once('D:\\TUGAS\\KULIAH\\P2MW\\hehe\\gohitfinal\\public\\index.php')
INFO - 2025-06-15 15:49:19 --> Session: Class initialized using 'CodeIgniter\Session\Handlers\FileHandler' driver.
CRITICAL - 2025-06-15 15:49:19 --> Undefined variable $tgl
in APPPATH\Views\detaileventp.php on line 24.
 1 APPPATH\Views\detaileventp.php(24): CodeIgniter\Debug\Exceptions->errorHandler(2, 'Undefined variable $tgl', 'D:\\TUGAS\\KULIAH\\P2MW\\hehe\\gohitfinal\\app\\Views\\detaileventp.php', 24)
 2 SYSTEMPATH\View\View.php(213): include('D:\\TUGAS\\KULIAH\\P2MW\\hehe\\gohitfinal\\app\\Views\\detaileventp.php')
 3 SYSTEMPATH\View\View.php(216): CodeIgniter\View\View->CodeIgniter\View\{closure}()
 4 SYSTEMPATH\Common.php(1184): CodeIgniter\View\View->render('detaileventp', [], true)
 5 APPPATH\Controllers\DetailEvent.php(481): view('detaileventp', [...])
 6 SYSTEMPATH\CodeIgniter.php(934): App\Controllers\DetailEvent->peserta('images', 'bg-01.jpg')
 7 SYSTEMPATH\CodeIgniter.php(499): CodeIgniter\CodeIgniter->runController(Object(App\Controllers\DetailEvent))
 8 SYSTEMPATH\CodeIgniter.php(368): CodeIgniter\CodeIgniter->handleRequest(null, Object(Config\Cache), false)
 9 FCPATH\index.php(67): CodeIgniter\CodeIgniter->run()
10 SYSTEMPATH\Commands\Server\rewrite.php(47): require_once('D:\\TUGAS\\KULIAH\\P2MW\\hehe\\gohitfinal\\public\\index.php')
INFO - 2025-06-15 15:49:49 --> Session: Class initialized using 'CodeIgniter\Session\Handlers\FileHandler' driver.
INFO - 2025-06-15 15:49:49 --> Session: Class initialized using 'CodeIgniter\Session\Handlers\FileHandler' driver.
INFO - 2025-06-15 15:49:49 --> Session: Class initialized using 'CodeIgniter\Session\Handlers\FileHandler' driver.
CRITICAL - 2025-06-15 15:49:49 --> Undefined variable $tgl
in APPPATH\Views\detaileventp.php on line 24.
 1 APPPATH\Views\detaileventp.php(24): CodeIgniter\Debug\Exceptions->errorHandler(2, 'Undefined variable $tgl', 'D:\\TUGAS\\KULIAH\\P2MW\\hehe\\gohitfinal\\app\\Views\\detaileventp.php', 24)
 2 SYSTEMPATH\View\View.php(213): include('D:\\TUGAS\\KULIAH\\P2MW\\hehe\\gohitfinal\\app\\Views\\detaileventp.php')
 3 SYSTEMPATH\View\View.php(216): CodeIgniter\View\View->CodeIgniter\View\{closure}()
 4 SYSTEMPATH\Common.php(1184): CodeIgniter\View\View->render('detaileventp', [], true)
 5 APPPATH\Controllers\DetailEvent.php(481): view('detaileventp', [...])
 6 SYSTEMPATH\CodeIgniter.php(934): App\Controllers\DetailEvent->peserta('css', 'main.css')
 7 SYSTEMPATH\CodeIgniter.php(499): CodeIgniter\CodeIgniter->runController(Object(App\Controllers\DetailEvent))
 8 SYSTEMPATH\CodeIgniter.php(368): CodeIgniter\CodeIgniter->handleRequest(null, Object(Config\Cache), false)
 9 FCPATH\index.php(67): CodeIgniter\CodeIgniter->run()
10 SYSTEMPATH\Commands\Server\rewrite.php(47): require_once('D:\\TUGAS\\KULIAH\\P2MW\\hehe\\gohitfinal\\public\\index.php')
INFO - 2025-06-15 15:49:49 --> Session: Class initialized using 'CodeIgniter\Session\Handlers\FileHandler' driver.
CRITICAL - 2025-06-15 15:49:49 --> Undefined variable $tgl
in APPPATH\Views\detaileventp.php on line 24.
 1 APPPATH\Views\detaileventp.php(24): CodeIgniter\Debug\Exceptions->errorHandler(2, 'Undefined variable $tgl', 'D:\\TUGAS\\KULIAH\\P2MW\\hehe\\gohitfinal\\app\\Views\\detaileventp.php', 24)
 2 SYSTEMPATH\View\View.php(213): include('D:\\TUGAS\\KULIAH\\P2MW\\hehe\\gohitfinal\\app\\Views\\detaileventp.php')
 3 SYSTEMPATH\View\View.php(216): CodeIgniter\View\View->CodeIgniter\View\{closure}()
 4 SYSTEMPATH\Common.php(1184): CodeIgniter\View\View->render('detaileventp', [], true)
 5 APPPATH\Controllers\DetailEvent.php(481): view('detaileventp', [...])
 6 SYSTEMPATH\CodeIgniter.php(934): App\Controllers\DetailEvent->peserta('css', 'style.css')
 7 SYSTEMPATH\CodeIgniter.php(499): CodeIgniter\CodeIgniter->runController(Object(App\Controllers\DetailEvent))
 8 SYSTEMPATH\CodeIgniter.php(368): CodeIgniter\CodeIgniter->handleRequest(null, Object(Config\Cache), false)
 9 FCPATH\index.php(67): CodeIgniter\CodeIgniter->run()
10 SYSTEMPATH\Commands\Server\rewrite.php(47): require_once('D:\\TUGAS\\KULIAH\\P2MW\\hehe\\gohitfinal\\public\\index.php')
INFO - 2025-06-15 15:49:49 --> Session: Class initialized using 'CodeIgniter\Session\Handlers\FileHandler' driver.
CRITICAL - 2025-06-15 15:49:50 --> Undefined variable $tgl
in APPPATH\Views\detaileventp.php on line 24.
 1 APPPATH\Views\detaileventp.php(24): CodeIgniter\Debug\Exceptions->errorHandler(2, 'Undefined variable $tgl', 'D:\\TUGAS\\KULIAH\\P2MW\\hehe\\gohitfinal\\app\\Views\\detaileventp.php', 24)
 2 SYSTEMPATH\View\View.php(213): include('D:\\TUGAS\\KULIAH\\P2MW\\hehe\\gohitfinal\\app\\Views\\detaileventp.php')
 3 SYSTEMPATH\View\View.php(216): CodeIgniter\View\View->CodeIgniter\View\{closure}()
 4 SYSTEMPATH\Common.php(1184): CodeIgniter\View\View->render('detaileventp', [], true)
 5 APPPATH\Controllers\DetailEvent.php(481): view('detaileventp', [...])
 6 SYSTEMPATH\CodeIgniter.php(934): App\Controllers\DetailEvent->peserta('images', 'bg-01.jpg')
 7 SYSTEMPATH\CodeIgniter.php(499): CodeIgniter\CodeIgniter->runController(Object(App\Controllers\DetailEvent))
 8 SYSTEMPATH\CodeIgniter.php(368): CodeIgniter\CodeIgniter->handleRequest(null, Object(Config\Cache), false)
 9 FCPATH\index.php(67): CodeIgniter\CodeIgniter->run()
10 SYSTEMPATH\Commands\Server\rewrite.php(47): require_once('D:\\TUGAS\\KULIAH\\P2MW\\hehe\\gohitfinal\\public\\index.php')
INFO - 2025-06-15 15:57:25 --> Session: Class initialized using 'CodeIgniter\Session\Handlers\FileHandler' driver.
INFO - 2025-06-15 15:57:25 --> Session: Class initialized using 'CodeIgniter\Session\Handlers\FileHandler' driver.
INFO - 2025-06-15 15:57:25 --> Session: Class initialized using 'CodeIgniter\Session\Handlers\FileHandler' driver.
CRITICAL - 2025-06-15 15:57:25 --> Undefined variable $tgl
in APPPATH\Views\detaileventp.php on line 24.
 1 APPPATH\Views\detaileventp.php(24): CodeIgniter\Debug\Exceptions->errorHandler(2, 'Undefined variable $tgl', 'D:\\TUGAS\\KULIAH\\P2MW\\hehe\\gohitfinal\\app\\Views\\detaileventp.php', 24)
 2 SYSTEMPATH\View\View.php(213): include('D:\\TUGAS\\KULIAH\\P2MW\\hehe\\gohitfinal\\app\\Views\\detaileventp.php')
 3 SYSTEMPATH\View\View.php(216): CodeIgniter\View\View->CodeIgniter\View\{closure}()
 4 SYSTEMPATH\Common.php(1184): CodeIgniter\View\View->render('detaileventp', [], true)
 5 APPPATH\Controllers\DetailEvent.php(481): view('detaileventp', [...])
 6 SYSTEMPATH\CodeIgniter.php(934): App\Controllers\DetailEvent->peserta('css', 'main.css')
 7 SYSTEMPATH\CodeIgniter.php(499): CodeIgniter\CodeIgniter->runController(Object(App\Controllers\DetailEvent))
 8 SYSTEMPATH\CodeIgniter.php(368): CodeIgniter\CodeIgniter->handleRequest(null, Object(Config\Cache), false)
 9 FCPATH\index.php(67): CodeIgniter\CodeIgniter->run()
10 SYSTEMPATH\Commands\Server\rewrite.php(47): require_once('D:\\TUGAS\\KULIAH\\P2MW\\hehe\\gohitfinal\\public\\index.php')
INFO - 2025-06-15 15:57:26 --> Session: Class initialized using 'CodeIgniter\Session\Handlers\FileHandler' driver.
CRITICAL - 2025-06-15 15:57:26 --> Undefined variable $tgl
in APPPATH\Views\detaileventp.php on line 24.
 1 APPPATH\Views\detaileventp.php(24): CodeIgniter\Debug\Exceptions->errorHandler(2, 'Undefined variable $tgl', 'D:\\TUGAS\\KULIAH\\P2MW\\hehe\\gohitfinal\\app\\Views\\detaileventp.php', 24)
 2 SYSTEMPATH\View\View.php(213): include('D:\\TUGAS\\KULIAH\\P2MW\\hehe\\gohitfinal\\app\\Views\\detaileventp.php')
 3 SYSTEMPATH\View\View.php(216): CodeIgniter\View\View->CodeIgniter\View\{closure}()
 4 SYSTEMPATH\Common.php(1184): CodeIgniter\View\View->render('detaileventp', [], true)
 5 APPPATH\Controllers\DetailEvent.php(481): view('detaileventp', [...])
 6 SYSTEMPATH\CodeIgniter.php(934): App\Controllers\DetailEvent->peserta('css', 'style.css')
 7 SYSTEMPATH\CodeIgniter.php(499): CodeIgniter\CodeIgniter->runController(Object(App\Controllers\DetailEvent))
 8 SYSTEMPATH\CodeIgniter.php(368): CodeIgniter\CodeIgniter->handleRequest(null, Object(Config\Cache), false)
 9 FCPATH\index.php(67): CodeIgniter\CodeIgniter->run()
10 SYSTEMPATH\Commands\Server\rewrite.php(47): require_once('D:\\TUGAS\\KULIAH\\P2MW\\hehe\\gohitfinal\\public\\index.php')
INFO - 2025-06-15 15:57:26 --> Session: Class initialized using 'CodeIgniter\Session\Handlers\FileHandler' driver.
CRITICAL - 2025-06-15 15:57:26 --> Undefined variable $tgl
in APPPATH\Views\detaileventp.php on line 24.
 1 APPPATH\Views\detaileventp.php(24): CodeIgniter\Debug\Exceptions->errorHandler(2, 'Undefined variable $tgl', 'D:\\TUGAS\\KULIAH\\P2MW\\hehe\\gohitfinal\\app\\Views\\detaileventp.php', 24)
 2 SYSTEMPATH\View\View.php(213): include('D:\\TUGAS\\KULIAH\\P2MW\\hehe\\gohitfinal\\app\\Views\\detaileventp.php')
 3 SYSTEMPATH\View\View.php(216): CodeIgniter\View\View->CodeIgniter\View\{closure}()
 4 SYSTEMPATH\Common.php(1184): CodeIgniter\View\View->render('detaileventp', [], true)
 5 APPPATH\Controllers\DetailEvent.php(481): view('detaileventp', [...])
 6 SYSTEMPATH\CodeIgniter.php(934): App\Controllers\DetailEvent->peserta('images', 'bg-01.jpg')
 7 SYSTEMPATH\CodeIgniter.php(499): CodeIgniter\CodeIgniter->runController(Object(App\Controllers\DetailEvent))
 8 SYSTEMPATH\CodeIgniter.php(368): CodeIgniter\CodeIgniter->handleRequest(null, Object(Config\Cache), false)
 9 FCPATH\index.php(67): CodeIgniter\CodeIgniter->run()
10 SYSTEMPATH\Commands\Server\rewrite.php(47): require_once('D:\\TUGAS\\KULIAH\\P2MW\\hehe\\gohitfinal\\public\\index.php')
INFO - 2025-06-15 15:58:00 --> Session: Class initialized using 'CodeIgniter\Session\Handlers\FileHandler' driver.
INFO - 2025-06-15 15:58:00 --> Session: Class initialized using 'CodeIgniter\Session\Handlers\FileHandler' driver.
INFO - 2025-06-15 15:58:00 --> Session: Class initialized using 'CodeIgniter\Session\Handlers\FileHandler' driver.
CRITICAL - 2025-06-15 15:58:00 --> Undefined variable $tgl
in APPPATH\Views\detaileventp.php on line 24.
 1 APPPATH\Views\detaileventp.php(24): CodeIgniter\Debug\Exceptions->errorHandler(2, 'Undefined variable $tgl', 'D:\\TUGAS\\KULIAH\\P2MW\\hehe\\gohitfinal\\app\\Views\\detaileventp.php', 24)
 2 SYSTEMPATH\View\View.php(213): include('D:\\TUGAS\\KULIAH\\P2MW\\hehe\\gohitfinal\\app\\Views\\detaileventp.php')
 3 SYSTEMPATH\View\View.php(216): CodeIgniter\View\View->CodeIgniter\View\{closure}()
 4 SYSTEMPATH\Common.php(1184): CodeIgniter\View\View->render('detaileventp', [], true)
 5 APPPATH\Controllers\DetailEvent.php(481): view('detaileventp', [...])
 6 SYSTEMPATH\CodeIgniter.php(934): App\Controllers\DetailEvent->peserta('css', 'main.css')
 7 SYSTEMPATH\CodeIgniter.php(499): CodeIgniter\CodeIgniter->runController(Object(App\Controllers\DetailEvent))
 8 SYSTEMPATH\CodeIgniter.php(368): CodeIgniter\CodeIgniter->handleRequest(null, Object(Config\Cache), false)
 9 FCPATH\index.php(67): CodeIgniter\CodeIgniter->run()
10 SYSTEMPATH\Commands\Server\rewrite.php(47): require_once('D:\\TUGAS\\KULIAH\\P2MW\\hehe\\gohitfinal\\public\\index.php')
INFO - 2025-06-15 15:58:00 --> Session: Class initialized using 'CodeIgniter\Session\Handlers\FileHandler' driver.
CRITICAL - 2025-06-15 15:58:00 --> Undefined variable $tgl
in APPPATH\Views\detaileventp.php on line 24.
 1 APPPATH\Views\detaileventp.php(24): CodeIgniter\Debug\Exceptions->errorHandler(2, 'Undefined variable $tgl', 'D:\\TUGAS\\KULIAH\\P2MW\\hehe\\gohitfinal\\app\\Views\\detaileventp.php', 24)
 2 SYSTEMPATH\View\View.php(213): include('D:\\TUGAS\\KULIAH\\P2MW\\hehe\\gohitfinal\\app\\Views\\detaileventp.php')
 3 SYSTEMPATH\View\View.php(216): CodeIgniter\View\View->CodeIgniter\View\{closure}()
 4 SYSTEMPATH\Common.php(1184): CodeIgniter\View\View->render('detaileventp', [], true)
 5 APPPATH\Controllers\DetailEvent.php(481): view('detaileventp', [...])
 6 SYSTEMPATH\CodeIgniter.php(934): App\Controllers\DetailEvent->peserta('css', 'style.css')
 7 SYSTEMPATH\CodeIgniter.php(499): CodeIgniter\CodeIgniter->runController(Object(App\Controllers\DetailEvent))
 8 SYSTEMPATH\CodeIgniter.php(368): CodeIgniter\CodeIgniter->handleRequest(null, Object(Config\Cache), false)
 9 FCPATH\index.php(67): CodeIgniter\CodeIgniter->run()
10 SYSTEMPATH\Commands\Server\rewrite.php(47): require_once('D:\\TUGAS\\KULIAH\\P2MW\\hehe\\gohitfinal\\public\\index.php')
INFO - 2025-06-15 15:58:01 --> Session: Class initialized using 'CodeIgniter\Session\Handlers\FileHandler' driver.
CRITICAL - 2025-06-15 15:58:01 --> Undefined variable $tgl
in APPPATH\Views\detaileventp.php on line 24.
 1 APPPATH\Views\detaileventp.php(24): CodeIgniter\Debug\Exceptions->errorHandler(2, 'Undefined variable $tgl', 'D:\\TUGAS\\KULIAH\\P2MW\\hehe\\gohitfinal\\app\\Views\\detaileventp.php', 24)
 2 SYSTEMPATH\View\View.php(213): include('D:\\TUGAS\\KULIAH\\P2MW\\hehe\\gohitfinal\\app\\Views\\detaileventp.php')
 3 SYSTEMPATH\View\View.php(216): CodeIgniter\View\View->CodeIgniter\View\{closure}()
 4 SYSTEMPATH\Common.php(1184): CodeIgniter\View\View->render('detaileventp', [], true)
 5 APPPATH\Controllers\DetailEvent.php(481): view('detaileventp', [...])
 6 SYSTEMPATH\CodeIgniter.php(934): App\Controllers\DetailEvent->peserta('images', 'bg-01.jpg')
 7 SYSTEMPATH\CodeIgniter.php(499): CodeIgniter\CodeIgniter->runController(Object(App\Controllers\DetailEvent))
 8 SYSTEMPATH\CodeIgniter.php(368): CodeIgniter\CodeIgniter->handleRequest(null, Object(Config\Cache), false)
 9 FCPATH\index.php(67): CodeIgniter\CodeIgniter->run()
10 SYSTEMPATH\Commands\Server\rewrite.php(47): require_once('D:\\TUGAS\\KULIAH\\P2MW\\hehe\\gohitfinal\\public\\index.php')
INFO - 2025-06-15 15:58:33 --> Session: Class initialized using 'CodeIgniter\Session\Handlers\FileHandler' driver.
INFO - 2025-06-15 15:58:33 --> Session: Class initialized using 'CodeIgniter\Session\Handlers\FileHandler' driver.
INFO - 2025-06-15 15:58:34 --> Session: Class initialized using 'CodeIgniter\Session\Handlers\FileHandler' driver.
CRITICAL - 2025-06-15 15:58:34 --> Undefined variable $tgl
in APPPATH\Views\detaileventp.php on line 24.
 1 APPPATH\Views\detaileventp.php(24): CodeIgniter\Debug\Exceptions->errorHandler(2, 'Undefined variable $tgl', 'D:\\TUGAS\\KULIAH\\P2MW\\hehe\\gohitfinal\\app\\Views\\detaileventp.php', 24)
 2 SYSTEMPATH\View\View.php(213): include('D:\\TUGAS\\KULIAH\\P2MW\\hehe\\gohitfinal\\app\\Views\\detaileventp.php')
 3 SYSTEMPATH\View\View.php(216): CodeIgniter\View\View->CodeIgniter\View\{closure}()
 4 SYSTEMPATH\Common.php(1184): CodeIgniter\View\View->render('detaileventp', [], true)
 5 APPPATH\Controllers\DetailEvent.php(481): view('detaileventp', [...])
 6 SYSTEMPATH\CodeIgniter.php(934): App\Controllers\DetailEvent->peserta('css', 'main.css')
 7 SYSTEMPATH\CodeIgniter.php(499): CodeIgniter\CodeIgniter->runController(Object(App\Controllers\DetailEvent))
 8 SYSTEMPATH\CodeIgniter.php(368): CodeIgniter\CodeIgniter->handleRequest(null, Object(Config\Cache), false)
 9 FCPATH\index.php(67): CodeIgniter\CodeIgniter->run()
10 SYSTEMPATH\Commands\Server\rewrite.php(47): require_once('D:\\TUGAS\\KULIAH\\P2MW\\hehe\\gohitfinal\\public\\index.php')
INFO - 2025-06-15 15:58:34 --> Session: Class initialized using 'CodeIgniter\Session\Handlers\FileHandler' driver.
CRITICAL - 2025-06-15 15:58:34 --> Undefined variable $tgl
in APPPATH\Views\detaileventp.php on line 24.
 1 APPPATH\Views\detaileventp.php(24): CodeIgniter\Debug\Exceptions->errorHandler(2, 'Undefined variable $tgl', 'D:\\TUGAS\\KULIAH\\P2MW\\hehe\\gohitfinal\\app\\Views\\detaileventp.php', 24)
 2 SYSTEMPATH\View\View.php(213): include('D:\\TUGAS\\KULIAH\\P2MW\\hehe\\gohitfinal\\app\\Views\\detaileventp.php')
 3 SYSTEMPATH\View\View.php(216): CodeIgniter\View\View->CodeIgniter\View\{closure}()
 4 SYSTEMPATH\Common.php(1184): CodeIgniter\View\View->render('detaileventp', [], true)
 5 APPPATH\Controllers\DetailEvent.php(481): view('detaileventp', [...])
 6 SYSTEMPATH\CodeIgniter.php(934): App\Controllers\DetailEvent->peserta('css', 'style.css')
 7 SYSTEMPATH\CodeIgniter.php(499): CodeIgniter\CodeIgniter->runController(Object(App\Controllers\DetailEvent))
 8 SYSTEMPATH\CodeIgniter.php(368): CodeIgniter\CodeIgniter->handleRequest(null, Object(Config\Cache), false)
 9 FCPATH\index.php(67): CodeIgniter\CodeIgniter->run()
10 SYSTEMPATH\Commands\Server\rewrite.php(47): require_once('D:\\TUGAS\\KULIAH\\P2MW\\hehe\\gohitfinal\\public\\index.php')
INFO - 2025-06-15 15:58:34 --> Session: Class initialized using 'CodeIgniter\Session\Handlers\FileHandler' driver.
CRITICAL - 2025-06-15 15:58:34 --> Undefined variable $tgl
in APPPATH\Views\detaileventp.php on line 24.
 1 APPPATH\Views\detaileventp.php(24): CodeIgniter\Debug\Exceptions->errorHandler(2, 'Undefined variable $tgl', 'D:\\TUGAS\\KULIAH\\P2MW\\hehe\\gohitfinal\\app\\Views\\detaileventp.php', 24)
 2 SYSTEMPATH\View\View.php(213): include('D:\\TUGAS\\KULIAH\\P2MW\\hehe\\gohitfinal\\app\\Views\\detaileventp.php')
 3 SYSTEMPATH\View\View.php(216): CodeIgniter\View\View->CodeIgniter\View\{closure}()
 4 SYSTEMPATH\Common.php(1184): CodeIgniter\View\View->render('detaileventp', [], true)
 5 APPPATH\Controllers\DetailEvent.php(481): view('detaileventp', [...])
 6 SYSTEMPATH\CodeIgniter.php(934): App\Controllers\DetailEvent->peserta('images', 'bg-01.jpg')
 7 SYSTEMPATH\CodeIgniter.php(499): CodeIgniter\CodeIgniter->runController(Object(App\Controllers\DetailEvent))
 8 SYSTEMPATH\CodeIgniter.php(368): CodeIgniter\CodeIgniter->handleRequest(null, Object(Config\Cache), false)
 9 FCPATH\index.php(67): CodeIgniter\CodeIgniter->run()
10 SYSTEMPATH\Commands\Server\rewrite.php(47): require_once('D:\\TUGAS\\KULIAH\\P2MW\\hehe\\gohitfinal\\public\\index.php')
INFO - 2025-06-15 15:59:19 --> Session: Class initialized using 'CodeIgniter\Session\Handlers\FileHandler' driver.
INFO - 2025-06-15 15:59:20 --> Session: Class initialized using 'CodeIgniter\Session\Handlers\FileHandler' driver.
INFO - 2025-06-15 15:59:20 --> Session: Class initialized using 'CodeIgniter\Session\Handlers\FileHandler' driver.
CRITICAL - 2025-06-15 15:59:20 --> Undefined variable $tgl
in APPPATH\Views\detaileventp.php on line 24.
 1 APPPATH\Views\detaileventp.php(24): CodeIgniter\Debug\Exceptions->errorHandler(2, 'Undefined variable $tgl', 'D:\\TUGAS\\KULIAH\\P2MW\\hehe\\gohitfinal\\app\\Views\\detaileventp.php', 24)
 2 SYSTEMPATH\View\View.php(213): include('D:\\TUGAS\\KULIAH\\P2MW\\hehe\\gohitfinal\\app\\Views\\detaileventp.php')
 3 SYSTEMPATH\View\View.php(216): CodeIgniter\View\View->CodeIgniter\View\{closure}()
 4 SYSTEMPATH\Common.php(1184): CodeIgniter\View\View->render('detaileventp', [], true)
 5 APPPATH\Controllers\DetailEvent.php(481): view('detaileventp', [...])
 6 SYSTEMPATH\CodeIgniter.php(934): App\Controllers\DetailEvent->peserta('css', 'main.css')
 7 SYSTEMPATH\CodeIgniter.php(499): CodeIgniter\CodeIgniter->runController(Object(App\Controllers\DetailEvent))
 8 SYSTEMPATH\CodeIgniter.php(368): CodeIgniter\CodeIgniter->handleRequest(null, Object(Config\Cache), false)
 9 FCPATH\index.php(67): CodeIgniter\CodeIgniter->run()
10 SYSTEMPATH\Commands\Server\rewrite.php(47): require_once('D:\\TUGAS\\KULIAH\\P2MW\\hehe\\gohitfinal\\public\\index.php')
INFO - 2025-06-15 15:59:20 --> Session: Class initialized using 'CodeIgniter\Session\Handlers\FileHandler' driver.
CRITICAL - 2025-06-15 15:59:20 --> Undefined variable $tgl
in APPPATH\Views\detaileventp.php on line 24.
 1 APPPATH\Views\detaileventp.php(24): CodeIgniter\Debug\Exceptions->errorHandler(2, 'Undefined variable $tgl', 'D:\\TUGAS\\KULIAH\\P2MW\\hehe\\gohitfinal\\app\\Views\\detaileventp.php', 24)
 2 SYSTEMPATH\View\View.php(213): include('D:\\TUGAS\\KULIAH\\P2MW\\hehe\\gohitfinal\\app\\Views\\detaileventp.php')
 3 SYSTEMPATH\View\View.php(216): CodeIgniter\View\View->CodeIgniter\View\{closure}()
 4 SYSTEMPATH\Common.php(1184): CodeIgniter\View\View->render('detaileventp', [], true)
 5 APPPATH\Controllers\DetailEvent.php(481): view('detaileventp', [...])
 6 SYSTEMPATH\CodeIgniter.php(934): App\Controllers\DetailEvent->peserta('css', 'style.css')
 7 SYSTEMPATH\CodeIgniter.php(499): CodeIgniter\CodeIgniter->runController(Object(App\Controllers\DetailEvent))
 8 SYSTEMPATH\CodeIgniter.php(368): CodeIgniter\CodeIgniter->handleRequest(null, Object(Config\Cache), false)
 9 FCPATH\index.php(67): CodeIgniter\CodeIgniter->run()
10 SYSTEMPATH\Commands\Server\rewrite.php(47): require_once('D:\\TUGAS\\KULIAH\\P2MW\\hehe\\gohitfinal\\public\\index.php')
INFO - 2025-06-15 15:59:20 --> Session: Class initialized using 'CodeIgniter\Session\Handlers\FileHandler' driver.
CRITICAL - 2025-06-15 15:59:20 --> Undefined variable $tgl
in APPPATH\Views\detaileventp.php on line 24.
 1 APPPATH\Views\detaileventp.php(24): CodeIgniter\Debug\Exceptions->errorHandler(2, 'Undefined variable $tgl', 'D:\\TUGAS\\KULIAH\\P2MW\\hehe\\gohitfinal\\app\\Views\\detaileventp.php', 24)
 2 SYSTEMPATH\View\View.php(213): include('D:\\TUGAS\\KULIAH\\P2MW\\hehe\\gohitfinal\\app\\Views\\detaileventp.php')
 3 SYSTEMPATH\View\View.php(216): CodeIgniter\View\View->CodeIgniter\View\{closure}()
 4 SYSTEMPATH\Common.php(1184): CodeIgniter\View\View->render('detaileventp', [], true)
 5 APPPATH\Controllers\DetailEvent.php(481): view('detaileventp', [...])
 6 SYSTEMPATH\CodeIgniter.php(934): App\Controllers\DetailEvent->peserta('images', 'bg-01.jpg')
 7 SYSTEMPATH\CodeIgniter.php(499): CodeIgniter\CodeIgniter->runController(Object(App\Controllers\DetailEvent))
 8 SYSTEMPATH\CodeIgniter.php(368): CodeIgniter\CodeIgniter->handleRequest(null, Object(Config\Cache), false)
 9 FCPATH\index.php(67): CodeIgniter\CodeIgniter->run()
10 SYSTEMPATH\Commands\Server\rewrite.php(47): require_once('D:\\TUGAS\\KULIAH\\P2MW\\hehe\\gohitfinal\\public\\index.php')
INFO - 2025-06-15 15:59:50 --> Session: Class initialized using 'CodeIgniter\Session\Handlers\FileHandler' driver.
INFO - 2025-06-15 15:59:50 --> Session: Class initialized using 'CodeIgniter\Session\Handlers\FileHandler' driver.
INFO - 2025-06-15 15:59:50 --> Session: Class initialized using 'CodeIgniter\Session\Handlers\FileHandler' driver.
CRITICAL - 2025-06-15 15:59:50 --> Undefined variable $tgl
in APPPATH\Views\detaileventp.php on line 24.
 1 APPPATH\Views\detaileventp.php(24): CodeIgniter\Debug\Exceptions->errorHandler(2, 'Undefined variable $tgl', 'D:\\TUGAS\\KULIAH\\P2MW\\hehe\\gohitfinal\\app\\Views\\detaileventp.php', 24)
 2 SYSTEMPATH\View\View.php(213): include('D:\\TUGAS\\KULIAH\\P2MW\\hehe\\gohitfinal\\app\\Views\\detaileventp.php')
 3 SYSTEMPATH\View\View.php(216): CodeIgniter\View\View->CodeIgniter\View\{closure}()
 4 SYSTEMPATH\Common.php(1184): CodeIgniter\View\View->render('detaileventp', [], true)
 5 APPPATH\Controllers\DetailEvent.php(481): view('detaileventp', [...])
 6 SYSTEMPATH\CodeIgniter.php(934): App\Controllers\DetailEvent->peserta('css', 'main.css')
 7 SYSTEMPATH\CodeIgniter.php(499): CodeIgniter\CodeIgniter->runController(Object(App\Controllers\DetailEvent))
 8 SYSTEMPATH\CodeIgniter.php(368): CodeIgniter\CodeIgniter->handleRequest(null, Object(Config\Cache), false)
 9 FCPATH\index.php(67): CodeIgniter\CodeIgniter->run()
10 SYSTEMPATH\Commands\Server\rewrite.php(47): require_once('D:\\TUGAS\\KULIAH\\P2MW\\hehe\\gohitfinal\\public\\index.php')
INFO - 2025-06-15 15:59:51 --> Session: Class initialized using 'CodeIgniter\Session\Handlers\FileHandler' driver.
CRITICAL - 2025-06-15 15:59:51 --> Undefined variable $tgl
in APPPATH\Views\detaileventp.php on line 24.
 1 APPPATH\Views\detaileventp.php(24): CodeIgniter\Debug\Exceptions->errorHandler(2, 'Undefined variable $tgl', 'D:\\TUGAS\\KULIAH\\P2MW\\hehe\\gohitfinal\\app\\Views\\detaileventp.php', 24)
 2 SYSTEMPATH\View\View.php(213): include('D:\\TUGAS\\KULIAH\\P2MW\\hehe\\gohitfinal\\app\\Views\\detaileventp.php')
 3 SYSTEMPATH\View\View.php(216): CodeIgniter\View\View->CodeIgniter\View\{closure}()
 4 SYSTEMPATH\Common.php(1184): CodeIgniter\View\View->render('detaileventp', [], true)
 5 APPPATH\Controllers\DetailEvent.php(481): view('detaileventp', [...])
 6 SYSTEMPATH\CodeIgniter.php(934): App\Controllers\DetailEvent->peserta('css', 'style.css')
 7 SYSTEMPATH\CodeIgniter.php(499): CodeIgniter\CodeIgniter->runController(Object(App\Controllers\DetailEvent))
 8 SYSTEMPATH\CodeIgniter.php(368): CodeIgniter\CodeIgniter->handleRequest(null, Object(Config\Cache), false)
 9 FCPATH\index.php(67): CodeIgniter\CodeIgniter->run()
10 SYSTEMPATH\Commands\Server\rewrite.php(47): require_once('D:\\TUGAS\\KULIAH\\P2MW\\hehe\\gohitfinal\\public\\index.php')
INFO - 2025-06-15 15:59:51 --> Session: Class initialized using 'CodeIgniter\Session\Handlers\FileHandler' driver.
CRITICAL - 2025-06-15 15:59:51 --> Undefined variable $tgl
in APPPATH\Views\detaileventp.php on line 24.
 1 APPPATH\Views\detaileventp.php(24): CodeIgniter\Debug\Exceptions->errorHandler(2, 'Undefined variable $tgl', 'D:\\TUGAS\\KULIAH\\P2MW\\hehe\\gohitfinal\\app\\Views\\detaileventp.php', 24)
 2 SYSTEMPATH\View\View.php(213): include('D:\\TUGAS\\KULIAH\\P2MW\\hehe\\gohitfinal\\app\\Views\\detaileventp.php')
 3 SYSTEMPATH\View\View.php(216): CodeIgniter\View\View->CodeIgniter\View\{closure}()
 4 SYSTEMPATH\Common.php(1184): CodeIgniter\View\View->render('detaileventp', [], true)
 5 APPPATH\Controllers\DetailEvent.php(481): view('detaileventp', [...])
 6 SYSTEMPATH\CodeIgniter.php(934): App\Controllers\DetailEvent->peserta('images', 'bg-01.jpg')
 7 SYSTEMPATH\CodeIgniter.php(499): CodeIgniter\CodeIgniter->runController(Object(App\Controllers\DetailEvent))
 8 SYSTEMPATH\CodeIgniter.php(368): CodeIgniter\CodeIgniter->handleRequest(null, Object(Config\Cache), false)
 9 FCPATH\index.php(67): CodeIgniter\CodeIgniter->run()
10 SYSTEMPATH\Commands\Server\rewrite.php(47): require_once('D:\\TUGAS\\KULIAH\\P2MW\\hehe\\gohitfinal\\public\\index.php')
INFO - 2025-06-15 16:00:26 --> Session: Class initialized using 'CodeIgniter\Session\Handlers\FileHandler' driver.
INFO - 2025-06-15 16:00:26 --> Session: Class initialized using 'CodeIgniter\Session\Handlers\FileHandler' driver.
INFO - 2025-06-15 16:00:26 --> Session: Class initialized using 'CodeIgniter\Session\Handlers\FileHandler' driver.
CRITICAL - 2025-06-15 16:00:26 --> Undefined variable $tgl
in APPPATH\Views\detaileventp.php on line 24.
 1 APPPATH\Views\detaileventp.php(24): CodeIgniter\Debug\Exceptions->errorHandler(2, 'Undefined variable $tgl', 'D:\\TUGAS\\KULIAH\\P2MW\\hehe\\gohitfinal\\app\\Views\\detaileventp.php', 24)
 2 SYSTEMPATH\View\View.php(213): include('D:\\TUGAS\\KULIAH\\P2MW\\hehe\\gohitfinal\\app\\Views\\detaileventp.php')
 3 SYSTEMPATH\View\View.php(216): CodeIgniter\View\View->CodeIgniter\View\{closure}()
 4 SYSTEMPATH\Common.php(1184): CodeIgniter\View\View->render('detaileventp', [], true)
 5 APPPATH\Controllers\DetailEvent.php(481): view('detaileventp', [...])
 6 SYSTEMPATH\CodeIgniter.php(934): App\Controllers\DetailEvent->peserta('css', 'main.css')
 7 SYSTEMPATH\CodeIgniter.php(499): CodeIgniter\CodeIgniter->runController(Object(App\Controllers\DetailEvent))
 8 SYSTEMPATH\CodeIgniter.php(368): CodeIgniter\CodeIgniter->handleRequest(null, Object(Config\Cache), false)
 9 FCPATH\index.php(67): CodeIgniter\CodeIgniter->run()
10 SYSTEMPATH\Commands\Server\rewrite.php(47): require_once('D:\\TUGAS\\KULIAH\\P2MW\\hehe\\gohitfinal\\public\\index.php')
INFO - 2025-06-15 16:00:26 --> Session: Class initialized using 'CodeIgniter\Session\Handlers\FileHandler' driver.
CRITICAL - 2025-06-15 16:00:26 --> Undefined variable $tgl
in APPPATH\Views\detaileventp.php on line 24.
 1 APPPATH\Views\detaileventp.php(24): CodeIgniter\Debug\Exceptions->errorHandler(2, 'Undefined variable $tgl', 'D:\\TUGAS\\KULIAH\\P2MW\\hehe\\gohitfinal\\app\\Views\\detaileventp.php', 24)
 2 SYSTEMPATH\View\View.php(213): include('D:\\TUGAS\\KULIAH\\P2MW\\hehe\\gohitfinal\\app\\Views\\detaileventp.php')
 3 SYSTEMPATH\View\View.php(216): CodeIgniter\View\View->CodeIgniter\View\{closure}()
 4 SYSTEMPATH\Common.php(1184): CodeIgniter\View\View->render('detaileventp', [], true)
 5 APPPATH\Controllers\DetailEvent.php(481): view('detaileventp', [...])
 6 SYSTEMPATH\CodeIgniter.php(934): App\Controllers\DetailEvent->peserta('css', 'style.css')
 7 SYSTEMPATH\CodeIgniter.php(499): CodeIgniter\CodeIgniter->runController(Object(App\Controllers\DetailEvent))
 8 SYSTEMPATH\CodeIgniter.php(368): CodeIgniter\CodeIgniter->handleRequest(null, Object(Config\Cache), false)
 9 FCPATH\index.php(67): CodeIgniter\CodeIgniter->run()
10 SYSTEMPATH\Commands\Server\rewrite.php(47): require_once('D:\\TUGAS\\KULIAH\\P2MW\\hehe\\gohitfinal\\public\\index.php')
INFO - 2025-06-15 16:00:26 --> Session: Class initialized using 'CodeIgniter\Session\Handlers\FileHandler' driver.
CRITICAL - 2025-06-15 16:00:26 --> Undefined variable $tgl
in APPPATH\Views\detaileventp.php on line 24.
 1 APPPATH\Views\detaileventp.php(24): CodeIgniter\Debug\Exceptions->errorHandler(2, 'Undefined variable $tgl', 'D:\\TUGAS\\KULIAH\\P2MW\\hehe\\gohitfinal\\app\\Views\\detaileventp.php', 24)
 2 SYSTEMPATH\View\View.php(213): include('D:\\TUGAS\\KULIAH\\P2MW\\hehe\\gohitfinal\\app\\Views\\detaileventp.php')
 3 SYSTEMPATH\View\View.php(216): CodeIgniter\View\View->CodeIgniter\View\{closure}()
 4 SYSTEMPATH\Common.php(1184): CodeIgniter\View\View->render('detaileventp', [], true)
 5 APPPATH\Controllers\DetailEvent.php(481): view('detaileventp', [...])
 6 SYSTEMPATH\CodeIgniter.php(934): App\Controllers\DetailEvent->peserta('images', 'bg-01.jpg')
 7 SYSTEMPATH\CodeIgniter.php(499): CodeIgniter\CodeIgniter->runController(Object(App\Controllers\DetailEvent))
 8 SYSTEMPATH\CodeIgniter.php(368): CodeIgniter\CodeIgniter->handleRequest(null, Object(Config\Cache), false)
 9 FCPATH\index.php(67): CodeIgniter\CodeIgniter->run()
10 SYSTEMPATH\Commands\Server\rewrite.php(47): require_once('D:\\TUGAS\\KULIAH\\P2MW\\hehe\\gohitfinal\\public\\index.php')
INFO - 2025-06-15 16:00:55 --> Session: Class initialized using 'CodeIgniter\Session\Handlers\FileHandler' driver.
INFO - 2025-06-15 16:00:55 --> Session: Class initialized using 'CodeIgniter\Session\Handlers\FileHandler' driver.
INFO - 2025-06-15 16:00:55 --> Session: Class initialized using 'CodeIgniter\Session\Handlers\FileHandler' driver.
CRITICAL - 2025-06-15 16:00:55 --> Undefined variable $tgl
in APPPATH\Views\detaileventp.php on line 24.
 1 APPPATH\Views\detaileventp.php(24): CodeIgniter\Debug\Exceptions->errorHandler(2, 'Undefined variable $tgl', 'D:\\TUGAS\\KULIAH\\P2MW\\hehe\\gohitfinal\\app\\Views\\detaileventp.php', 24)
 2 SYSTEMPATH\View\View.php(213): include('D:\\TUGAS\\KULIAH\\P2MW\\hehe\\gohitfinal\\app\\Views\\detaileventp.php')
 3 SYSTEMPATH\View\View.php(216): CodeIgniter\View\View->CodeIgniter\View\{closure}()
 4 SYSTEMPATH\Common.php(1184): CodeIgniter\View\View->render('detaileventp', [], true)
 5 APPPATH\Controllers\DetailEvent.php(481): view('detaileventp', [...])
 6 SYSTEMPATH\CodeIgniter.php(934): App\Controllers\DetailEvent->peserta('css', 'main.css')
 7 SYSTEMPATH\CodeIgniter.php(499): CodeIgniter\CodeIgniter->runController(Object(App\Controllers\DetailEvent))
 8 SYSTEMPATH\CodeIgniter.php(368): CodeIgniter\CodeIgniter->handleRequest(null, Object(Config\Cache), false)
 9 FCPATH\index.php(67): CodeIgniter\CodeIgniter->run()
10 SYSTEMPATH\Commands\Server\rewrite.php(47): require_once('D:\\TUGAS\\KULIAH\\P2MW\\hehe\\gohitfinal\\public\\index.php')
INFO - 2025-06-15 16:00:55 --> Session: Class initialized using 'CodeIgniter\Session\Handlers\FileHandler' driver.
CRITICAL - 2025-06-15 16:00:55 --> Undefined variable $tgl
in APPPATH\Views\detaileventp.php on line 24.
 1 APPPATH\Views\detaileventp.php(24): CodeIgniter\Debug\Exceptions->errorHandler(2, 'Undefined variable $tgl', 'D:\\TUGAS\\KULIAH\\P2MW\\hehe\\gohitfinal\\app\\Views\\detaileventp.php', 24)
 2 SYSTEMPATH\View\View.php(213): include('D:\\TUGAS\\KULIAH\\P2MW\\hehe\\gohitfinal\\app\\Views\\detaileventp.php')
 3 SYSTEMPATH\View\View.php(216): CodeIgniter\View\View->CodeIgniter\View\{closure}()
 4 SYSTEMPATH\Common.php(1184): CodeIgniter\View\View->render('detaileventp', [], true)
 5 APPPATH\Controllers\DetailEvent.php(481): view('detaileventp', [...])
 6 SYSTEMPATH\CodeIgniter.php(934): App\Controllers\DetailEvent->peserta('css', 'style.css')
 7 SYSTEMPATH\CodeIgniter.php(499): CodeIgniter\CodeIgniter->runController(Object(App\Controllers\DetailEvent))
 8 SYSTEMPATH\CodeIgniter.php(368): CodeIgniter\CodeIgniter->handleRequest(null, Object(Config\Cache), false)
 9 FCPATH\index.php(67): CodeIgniter\CodeIgniter->run()
10 SYSTEMPATH\Commands\Server\rewrite.php(47): require_once('D:\\TUGAS\\KULIAH\\P2MW\\hehe\\gohitfinal\\public\\index.php')
INFO - 2025-06-15 16:00:55 --> Session: Class initialized using 'CodeIgniter\Session\Handlers\FileHandler' driver.
CRITICAL - 2025-06-15 16:00:55 --> Undefined variable $tgl
in APPPATH\Views\detaileventp.php on line 24.
 1 APPPATH\Views\detaileventp.php(24): CodeIgniter\Debug\Exceptions->errorHandler(2, 'Undefined variable $tgl', 'D:\\TUGAS\\KULIAH\\P2MW\\hehe\\gohitfinal\\app\\Views\\detaileventp.php', 24)
 2 SYSTEMPATH\View\View.php(213): include('D:\\TUGAS\\KULIAH\\P2MW\\hehe\\gohitfinal\\app\\Views\\detaileventp.php')
 3 SYSTEMPATH\View\View.php(216): CodeIgniter\View\View->CodeIgniter\View\{closure}()
 4 SYSTEMPATH\Common.php(1184): CodeIgniter\View\View->render('detaileventp', [], true)
 5 APPPATH\Controllers\DetailEvent.php(481): view('detaileventp', [...])
 6 SYSTEMPATH\CodeIgniter.php(934): App\Controllers\DetailEvent->peserta('images', 'bg-01.jpg')
 7 SYSTEMPATH\CodeIgniter.php(499): CodeIgniter\CodeIgniter->runController(Object(App\Controllers\DetailEvent))
 8 SYSTEMPATH\CodeIgniter.php(368): CodeIgniter\CodeIgniter->handleRequest(null, Object(Config\Cache), false)
 9 FCPATH\index.php(67): CodeIgniter\CodeIgniter->run()
10 SYSTEMPATH\Commands\Server\rewrite.php(47): require_once('D:\\TUGAS\\KULIAH\\P2MW\\hehe\\gohitfinal\\public\\index.php')
INFO - 2025-06-15 16:03:35 --> Session: Class initialized using 'CodeIgniter\Session\Handlers\FileHandler' driver.
INFO - 2025-06-15 16:03:35 --> Session: Class initialized using 'CodeIgniter\Session\Handlers\FileHandler' driver.
INFO - 2025-06-15 16:03:35 --> Session: Class initialized using 'CodeIgniter\Session\Handlers\FileHandler' driver.
CRITICAL - 2025-06-15 16:03:36 --> Undefined variable $tgl
in APPPATH\Views\detaileventp.php on line 24.
 1 APPPATH\Views\detaileventp.php(24): CodeIgniter\Debug\Exceptions->errorHandler(2, 'Undefined variable $tgl', 'D:\\TUGAS\\KULIAH\\P2MW\\hehe\\gohitfinal\\app\\Views\\detaileventp.php', 24)
 2 SYSTEMPATH\View\View.php(213): include('D:\\TUGAS\\KULIAH\\P2MW\\hehe\\gohitfinal\\app\\Views\\detaileventp.php')
 3 SYSTEMPATH\View\View.php(216): CodeIgniter\View\View->CodeIgniter\View\{closure}()
 4 SYSTEMPATH\Common.php(1184): CodeIgniter\View\View->render('detaileventp', [], true)
 5 APPPATH\Controllers\DetailEvent.php(481): view('detaileventp', [...])
 6 SYSTEMPATH\CodeIgniter.php(934): App\Controllers\DetailEvent->peserta('css', 'main.css')
 7 SYSTEMPATH\CodeIgniter.php(499): CodeIgniter\CodeIgniter->runController(Object(App\Controllers\DetailEvent))
 8 SYSTEMPATH\CodeIgniter.php(368): CodeIgniter\CodeIgniter->handleRequest(null, Object(Config\Cache), false)
 9 FCPATH\index.php(67): CodeIgniter\CodeIgniter->run()
10 SYSTEMPATH\Commands\Server\rewrite.php(47): require_once('D:\\TUGAS\\KULIAH\\P2MW\\hehe\\gohitfinal\\public\\index.php')
INFO - 2025-06-15 16:03:36 --> Session: Class initialized using 'CodeIgniter\Session\Handlers\FileHandler' driver.
CRITICAL - 2025-06-15 16:03:36 --> Undefined variable $tgl
in APPPATH\Views\detaileventp.php on line 24.
 1 APPPATH\Views\detaileventp.php(24): CodeIgniter\Debug\Exceptions->errorHandler(2, 'Undefined variable $tgl', 'D:\\TUGAS\\KULIAH\\P2MW\\hehe\\gohitfinal\\app\\Views\\detaileventp.php', 24)
 2 SYSTEMPATH\View\View.php(213): include('D:\\TUGAS\\KULIAH\\P2MW\\hehe\\gohitfinal\\app\\Views\\detaileventp.php')
 3 SYSTEMPATH\View\View.php(216): CodeIgniter\View\View->CodeIgniter\View\{closure}()
 4 SYSTEMPATH\Common.php(1184): CodeIgniter\View\View->render('detaileventp', [], true)
 5 APPPATH\Controllers\DetailEvent.php(481): view('detaileventp', [...])
 6 SYSTEMPATH\CodeIgniter.php(934): App\Controllers\DetailEvent->peserta('css', 'style.css')
 7 SYSTEMPATH\CodeIgniter.php(499): CodeIgniter\CodeIgniter->runController(Object(App\Controllers\DetailEvent))
 8 SYSTEMPATH\CodeIgniter.php(368): CodeIgniter\CodeIgniter->handleRequest(null, Object(Config\Cache), false)
 9 FCPATH\index.php(67): CodeIgniter\CodeIgniter->run()
10 SYSTEMPATH\Commands\Server\rewrite.php(47): require_once('D:\\TUGAS\\KULIAH\\P2MW\\hehe\\gohitfinal\\public\\index.php')
INFO - 2025-06-15 16:03:36 --> Session: Class initialized using 'CodeIgniter\Session\Handlers\FileHandler' driver.
CRITICAL - 2025-06-15 16:03:36 --> Undefined variable $tgl
in APPPATH\Views\detaileventp.php on line 24.
 1 APPPATH\Views\detaileventp.php(24): CodeIgniter\Debug\Exceptions->errorHandler(2, 'Undefined variable $tgl', 'D:\\TUGAS\\KULIAH\\P2MW\\hehe\\gohitfinal\\app\\Views\\detaileventp.php', 24)
 2 SYSTEMPATH\View\View.php(213): include('D:\\TUGAS\\KULIAH\\P2MW\\hehe\\gohitfinal\\app\\Views\\detaileventp.php')
 3 SYSTEMPATH\View\View.php(216): CodeIgniter\View\View->CodeIgniter\View\{closure}()
 4 SYSTEMPATH\Common.php(1184): CodeIgniter\View\View->render('detaileventp', [], true)
 5 APPPATH\Controllers\DetailEvent.php(481): view('detaileventp', [...])
 6 SYSTEMPATH\CodeIgniter.php(934): App\Controllers\DetailEvent->peserta('images', 'bg-01.jpg')
 7 SYSTEMPATH\CodeIgniter.php(499): CodeIgniter\CodeIgniter->runController(Object(App\Controllers\DetailEvent))
 8 SYSTEMPATH\CodeIgniter.php(368): CodeIgniter\CodeIgniter->handleRequest(null, Object(Config\Cache), false)
 9 FCPATH\index.php(67): CodeIgniter\CodeIgniter->run()
10 SYSTEMPATH\Commands\Server\rewrite.php(47): require_once('D:\\TUGAS\\KULIAH\\P2MW\\hehe\\gohitfinal\\public\\index.php')
INFO - 2025-06-15 16:04:10 --> Session: Class initialized using 'CodeIgniter\Session\Handlers\FileHandler' driver.
INFO - 2025-06-15 16:04:10 --> Session: Class initialized using 'CodeIgniter\Session\Handlers\FileHandler' driver.
INFO - 2025-06-15 16:04:10 --> Session: Class initialized using 'CodeIgniter\Session\Handlers\FileHandler' driver.
CRITICAL - 2025-06-15 16:04:10 --> Undefined variable $tgl
in APPPATH\Views\detaileventp.php on line 24.
 1 APPPATH\Views\detaileventp.php(24): CodeIgniter\Debug\Exceptions->errorHandler(2, 'Undefined variable $tgl', 'D:\\TUGAS\\KULIAH\\P2MW\\hehe\\gohitfinal\\app\\Views\\detaileventp.php', 24)
 2 SYSTEMPATH\View\View.php(213): include('D:\\TUGAS\\KULIAH\\P2MW\\hehe\\gohitfinal\\app\\Views\\detaileventp.php')
 3 SYSTEMPATH\View\View.php(216): CodeIgniter\View\View->CodeIgniter\View\{closure}()
 4 SYSTEMPATH\Common.php(1184): CodeIgniter\View\View->render('detaileventp', [], true)
 5 APPPATH\Controllers\DetailEvent.php(481): view('detaileventp', [...])
 6 SYSTEMPATH\CodeIgniter.php(934): App\Controllers\DetailEvent->peserta('css', 'main.css')
 7 SYSTEMPATH\CodeIgniter.php(499): CodeIgniter\CodeIgniter->runController(Object(App\Controllers\DetailEvent))
 8 SYSTEMPATH\CodeIgniter.php(368): CodeIgniter\CodeIgniter->handleRequest(null, Object(Config\Cache), false)
 9 FCPATH\index.php(67): CodeIgniter\CodeIgniter->run()
10 SYSTEMPATH\Commands\Server\rewrite.php(47): require_once('D:\\TUGAS\\KULIAH\\P2MW\\hehe\\gohitfinal\\public\\index.php')
INFO - 2025-06-15 16:04:10 --> Session: Class initialized using 'CodeIgniter\Session\Handlers\FileHandler' driver.
CRITICAL - 2025-06-15 16:04:10 --> Undefined variable $tgl
in APPPATH\Views\detaileventp.php on line 24.
 1 APPPATH\Views\detaileventp.php(24): CodeIgniter\Debug\Exceptions->errorHandler(2, 'Undefined variable $tgl', 'D:\\TUGAS\\KULIAH\\P2MW\\hehe\\gohitfinal\\app\\Views\\detaileventp.php', 24)
 2 SYSTEMPATH\View\View.php(213): include('D:\\TUGAS\\KULIAH\\P2MW\\hehe\\gohitfinal\\app\\Views\\detaileventp.php')
 3 SYSTEMPATH\View\View.php(216): CodeIgniter\View\View->CodeIgniter\View\{closure}()
 4 SYSTEMPATH\Common.php(1184): CodeIgniter\View\View->render('detaileventp', [], true)
 5 APPPATH\Controllers\DetailEvent.php(481): view('detaileventp', [...])
 6 SYSTEMPATH\CodeIgniter.php(934): App\Controllers\DetailEvent->peserta('css', 'style.css')
 7 SYSTEMPATH\CodeIgniter.php(499): CodeIgniter\CodeIgniter->runController(Object(App\Controllers\DetailEvent))
 8 SYSTEMPATH\CodeIgniter.php(368): CodeIgniter\CodeIgniter->handleRequest(null, Object(Config\Cache), false)
 9 FCPATH\index.php(67): CodeIgniter\CodeIgniter->run()
10 SYSTEMPATH\Commands\Server\rewrite.php(47): require_once('D:\\TUGAS\\KULIAH\\P2MW\\hehe\\gohitfinal\\public\\index.php')
INFO - 2025-06-15 16:04:11 --> Session: Class initialized using 'CodeIgniter\Session\Handlers\FileHandler' driver.
CRITICAL - 2025-06-15 16:04:11 --> Undefined variable $tgl
in APPPATH\Views\detaileventp.php on line 24.
 1 APPPATH\Views\detaileventp.php(24): CodeIgniter\Debug\Exceptions->errorHandler(2, 'Undefined variable $tgl', 'D:\\TUGAS\\KULIAH\\P2MW\\hehe\\gohitfinal\\app\\Views\\detaileventp.php', 24)
 2 SYSTEMPATH\View\View.php(213): include('D:\\TUGAS\\KULIAH\\P2MW\\hehe\\gohitfinal\\app\\Views\\detaileventp.php')
 3 SYSTEMPATH\View\View.php(216): CodeIgniter\View\View->CodeIgniter\View\{closure}()
 4 SYSTEMPATH\Common.php(1184): CodeIgniter\View\View->render('detaileventp', [], true)
 5 APPPATH\Controllers\DetailEvent.php(481): view('detaileventp', [...])
 6 SYSTEMPATH\CodeIgniter.php(934): App\Controllers\DetailEvent->peserta('images', 'bg-01.jpg')
 7 SYSTEMPATH\CodeIgniter.php(499): CodeIgniter\CodeIgniter->runController(Object(App\Controllers\DetailEvent))
 8 SYSTEMPATH\CodeIgniter.php(368): CodeIgniter\CodeIgniter->handleRequest(null, Object(Config\Cache), false)
 9 FCPATH\index.php(67): CodeIgniter\CodeIgniter->run()
10 SYSTEMPATH\Commands\Server\rewrite.php(47): require_once('D:\\TUGAS\\KULIAH\\P2MW\\hehe\\gohitfinal\\public\\index.php')
INFO - 2025-06-15 16:04:38 --> Session: Class initialized using 'CodeIgniter\Session\Handlers\FileHandler' driver.
INFO - 2025-06-15 16:04:38 --> Session: Class initialized using 'CodeIgniter\Session\Handlers\FileHandler' driver.
INFO - 2025-06-15 16:04:38 --> Session: Class initialized using 'CodeIgniter\Session\Handlers\FileHandler' driver.
CRITICAL - 2025-06-15 16:04:38 --> Undefined variable $tgl
in APPPATH\Views\detaileventp.php on line 24.
 1 APPPATH\Views\detaileventp.php(24): CodeIgniter\Debug\Exceptions->errorHandler(2, 'Undefined variable $tgl', 'D:\\TUGAS\\KULIAH\\P2MW\\hehe\\gohitfinal\\app\\Views\\detaileventp.php', 24)
 2 SYSTEMPATH\View\View.php(213): include('D:\\TUGAS\\KULIAH\\P2MW\\hehe\\gohitfinal\\app\\Views\\detaileventp.php')
 3 SYSTEMPATH\View\View.php(216): CodeIgniter\View\View->CodeIgniter\View\{closure}()
 4 SYSTEMPATH\Common.php(1184): CodeIgniter\View\View->render('detaileventp', [], true)
 5 APPPATH\Controllers\DetailEvent.php(481): view('detaileventp', [...])
 6 SYSTEMPATH\CodeIgniter.php(934): App\Controllers\DetailEvent->peserta('css', 'main.css')
 7 SYSTEMPATH\CodeIgniter.php(499): CodeIgniter\CodeIgniter->runController(Object(App\Controllers\DetailEvent))
 8 SYSTEMPATH\CodeIgniter.php(368): CodeIgniter\CodeIgniter->handleRequest(null, Object(Config\Cache), false)
 9 FCPATH\index.php(67): CodeIgniter\CodeIgniter->run()
10 SYSTEMPATH\Commands\Server\rewrite.php(47): require_once('D:\\TUGAS\\KULIAH\\P2MW\\hehe\\gohitfinal\\public\\index.php')
INFO - 2025-06-15 16:04:38 --> Session: Class initialized using 'CodeIgniter\Session\Handlers\FileHandler' driver.
CRITICAL - 2025-06-15 16:04:38 --> Undefined variable $tgl
in APPPATH\Views\detaileventp.php on line 24.
 1 APPPATH\Views\detaileventp.php(24): CodeIgniter\Debug\Exceptions->errorHandler(2, 'Undefined variable $tgl', 'D:\\TUGAS\\KULIAH\\P2MW\\hehe\\gohitfinal\\app\\Views\\detaileventp.php', 24)
 2 SYSTEMPATH\View\View.php(213): include('D:\\TUGAS\\KULIAH\\P2MW\\hehe\\gohitfinal\\app\\Views\\detaileventp.php')
 3 SYSTEMPATH\View\View.php(216): CodeIgniter\View\View->CodeIgniter\View\{closure}()
 4 SYSTEMPATH\Common.php(1184): CodeIgniter\View\View->render('detaileventp', [], true)
 5 APPPATH\Controllers\DetailEvent.php(481): view('detaileventp', [...])
 6 SYSTEMPATH\CodeIgniter.php(934): App\Controllers\DetailEvent->peserta('css', 'style.css')
 7 SYSTEMPATH\CodeIgniter.php(499): CodeIgniter\CodeIgniter->runController(Object(App\Controllers\DetailEvent))
 8 SYSTEMPATH\CodeIgniter.php(368): CodeIgniter\CodeIgniter->handleRequest(null, Object(Config\Cache), false)
 9 FCPATH\index.php(67): CodeIgniter\CodeIgniter->run()
10 SYSTEMPATH\Commands\Server\rewrite.php(47): require_once('D:\\TUGAS\\KULIAH\\P2MW\\hehe\\gohitfinal\\public\\index.php')
INFO - 2025-06-15 16:04:38 --> Session: Class initialized using 'CodeIgniter\Session\Handlers\FileHandler' driver.
CRITICAL - 2025-06-15 16:04:38 --> Undefined variable $tgl
in APPPATH\Views\detaileventp.php on line 24.
 1 APPPATH\Views\detaileventp.php(24): CodeIgniter\Debug\Exceptions->errorHandler(2, 'Undefined variable $tgl', 'D:\\TUGAS\\KULIAH\\P2MW\\hehe\\gohitfinal\\app\\Views\\detaileventp.php', 24)
 2 SYSTEMPATH\View\View.php(213): include('D:\\TUGAS\\KULIAH\\P2MW\\hehe\\gohitfinal\\app\\Views\\detaileventp.php')
 3 SYSTEMPATH\View\View.php(216): CodeIgniter\View\View->CodeIgniter\View\{closure}()
 4 SYSTEMPATH\Common.php(1184): CodeIgniter\View\View->render('detaileventp', [], true)
 5 APPPATH\Controllers\DetailEvent.php(481): view('detaileventp', [...])
 6 SYSTEMPATH\CodeIgniter.php(934): App\Controllers\DetailEvent->peserta('images', 'bg-01.jpg')
 7 SYSTEMPATH\CodeIgniter.php(499): CodeIgniter\CodeIgniter->runController(Object(App\Controllers\DetailEvent))
 8 SYSTEMPATH\CodeIgniter.php(368): CodeIgniter\CodeIgniter->handleRequest(null, Object(Config\Cache), false)
 9 FCPATH\index.php(67): CodeIgniter\CodeIgniter->run()
10 SYSTEMPATH\Commands\Server\rewrite.php(47): require_once('D:\\TUGAS\\KULIAH\\P2MW\\hehe\\gohitfinal\\public\\index.php')
INFO - 2025-06-15 16:05:08 --> Session: Class initialized using 'CodeIgniter\Session\Handlers\FileHandler' driver.
INFO - 2025-06-15 16:05:08 --> Session: Class initialized using 'CodeIgniter\Session\Handlers\FileHandler' driver.
INFO - 2025-06-15 16:05:08 --> Session: Class initialized using 'CodeIgniter\Session\Handlers\FileHandler' driver.
CRITICAL - 2025-06-15 16:05:09 --> Undefined variable $tgl
in APPPATH\Views\detaileventp.php on line 24.
 1 APPPATH\Views\detaileventp.php(24): CodeIgniter\Debug\Exceptions->errorHandler(2, 'Undefined variable $tgl', 'D:\\TUGAS\\KULIAH\\P2MW\\hehe\\gohitfinal\\app\\Views\\detaileventp.php', 24)
 2 SYSTEMPATH\View\View.php(213): include('D:\\TUGAS\\KULIAH\\P2MW\\hehe\\gohitfinal\\app\\Views\\detaileventp.php')
 3 SYSTEMPATH\View\View.php(216): CodeIgniter\View\View->CodeIgniter\View\{closure}()
 4 SYSTEMPATH\Common.php(1184): CodeIgniter\View\View->render('detaileventp', [], true)
 5 APPPATH\Controllers\DetailEvent.php(481): view('detaileventp', [...])
 6 SYSTEMPATH\CodeIgniter.php(934): App\Controllers\DetailEvent->peserta('css', 'main.css')
 7 SYSTEMPATH\CodeIgniter.php(499): CodeIgniter\CodeIgniter->runController(Object(App\Controllers\DetailEvent))
 8 SYSTEMPATH\CodeIgniter.php(368): CodeIgniter\CodeIgniter->handleRequest(null, Object(Config\Cache), false)
 9 FCPATH\index.php(67): CodeIgniter\CodeIgniter->run()
10 SYSTEMPATH\Commands\Server\rewrite.php(47): require_once('D:\\TUGAS\\KULIAH\\P2MW\\hehe\\gohitfinal\\public\\index.php')
INFO - 2025-06-15 16:05:09 --> Session: Class initialized using 'CodeIgniter\Session\Handlers\FileHandler' driver.
CRITICAL - 2025-06-15 16:05:09 --> Undefined variable $tgl
in APPPATH\Views\detaileventp.php on line 24.
 1 APPPATH\Views\detaileventp.php(24): CodeIgniter\Debug\Exceptions->errorHandler(2, 'Undefined variable $tgl', 'D:\\TUGAS\\KULIAH\\P2MW\\hehe\\gohitfinal\\app\\Views\\detaileventp.php', 24)
 2 SYSTEMPATH\View\View.php(213): include('D:\\TUGAS\\KULIAH\\P2MW\\hehe\\gohitfinal\\app\\Views\\detaileventp.php')
 3 SYSTEMPATH\View\View.php(216): CodeIgniter\View\View->CodeIgniter\View\{closure}()
 4 SYSTEMPATH\Common.php(1184): CodeIgniter\View\View->render('detaileventp', [], true)
 5 APPPATH\Controllers\DetailEvent.php(481): view('detaileventp', [...])
 6 SYSTEMPATH\CodeIgniter.php(934): App\Controllers\DetailEvent->peserta('css', 'style.css')
 7 SYSTEMPATH\CodeIgniter.php(499): CodeIgniter\CodeIgniter->runController(Object(App\Controllers\DetailEvent))
 8 SYSTEMPATH\CodeIgniter.php(368): CodeIgniter\CodeIgniter->handleRequest(null, Object(Config\Cache), false)
 9 FCPATH\index.php(67): CodeIgniter\CodeIgniter->run()
10 SYSTEMPATH\Commands\Server\rewrite.php(47): require_once('D:\\TUGAS\\KULIAH\\P2MW\\hehe\\gohitfinal\\public\\index.php')
INFO - 2025-06-15 16:05:09 --> Session: Class initialized using 'CodeIgniter\Session\Handlers\FileHandler' driver.
CRITICAL - 2025-06-15 16:05:09 --> Undefined variable $tgl
in APPPATH\Views\detaileventp.php on line 24.
 1 APPPATH\Views\detaileventp.php(24): CodeIgniter\Debug\Exceptions->errorHandler(2, 'Undefined variable $tgl', 'D:\\TUGAS\\KULIAH\\P2MW\\hehe\\gohitfinal\\app\\Views\\detaileventp.php', 24)
 2 SYSTEMPATH\View\View.php(213): include('D:\\TUGAS\\KULIAH\\P2MW\\hehe\\gohitfinal\\app\\Views\\detaileventp.php')
 3 SYSTEMPATH\View\View.php(216): CodeIgniter\View\View->CodeIgniter\View\{closure}()
 4 SYSTEMPATH\Common.php(1184): CodeIgniter\View\View->render('detaileventp', [], true)
 5 APPPATH\Controllers\DetailEvent.php(481): view('detaileventp', [...])
 6 SYSTEMPATH\CodeIgniter.php(934): App\Controllers\DetailEvent->peserta('images', 'bg-01.jpg')
 7 SYSTEMPATH\CodeIgniter.php(499): CodeIgniter\CodeIgniter->runController(Object(App\Controllers\DetailEvent))
 8 SYSTEMPATH\CodeIgniter.php(368): CodeIgniter\CodeIgniter->handleRequest(null, Object(Config\Cache), false)
 9 FCPATH\index.php(67): CodeIgniter\CodeIgniter->run()
10 SYSTEMPATH\Commands\Server\rewrite.php(47): require_once('D:\\TUGAS\\KULIAH\\P2MW\\hehe\\gohitfinal\\public\\index.php')
INFO - 2025-06-15 16:05:36 --> Session: Class initialized using 'CodeIgniter\Session\Handlers\FileHandler' driver.
INFO - 2025-06-15 16:05:36 --> Session: Class initialized using 'CodeIgniter\Session\Handlers\FileHandler' driver.
INFO - 2025-06-15 16:05:36 --> Session: Class initialized using 'CodeIgniter\Session\Handlers\FileHandler' driver.
CRITICAL - 2025-06-15 16:05:36 --> Undefined variable $tgl
in APPPATH\Views\detaileventp.php on line 24.
 1 APPPATH\Views\detaileventp.php(24): CodeIgniter\Debug\Exceptions->errorHandler(2, 'Undefined variable $tgl', 'D:\\TUGAS\\KULIAH\\P2MW\\hehe\\gohitfinal\\app\\Views\\detaileventp.php', 24)
 2 SYSTEMPATH\View\View.php(213): include('D:\\TUGAS\\KULIAH\\P2MW\\hehe\\gohitfinal\\app\\Views\\detaileventp.php')
 3 SYSTEMPATH\View\View.php(216): CodeIgniter\View\View->CodeIgniter\View\{closure}()
 4 SYSTEMPATH\Common.php(1184): CodeIgniter\View\View->render('detaileventp', [], true)
 5 APPPATH\Controllers\DetailEvent.php(481): view('detaileventp', [...])
 6 SYSTEMPATH\CodeIgniter.php(934): App\Controllers\DetailEvent->peserta('css', 'main.css')
 7 SYSTEMPATH\CodeIgniter.php(499): CodeIgniter\CodeIgniter->runController(Object(App\Controllers\DetailEvent))
 8 SYSTEMPATH\CodeIgniter.php(368): CodeIgniter\CodeIgniter->handleRequest(null, Object(Config\Cache), false)
 9 FCPATH\index.php(67): CodeIgniter\CodeIgniter->run()
10 SYSTEMPATH\Commands\Server\rewrite.php(47): require_once('D:\\TUGAS\\KULIAH\\P2MW\\hehe\\gohitfinal\\public\\index.php')
INFO - 2025-06-15 16:05:36 --> Session: Class initialized using 'CodeIgniter\Session\Handlers\FileHandler' driver.
CRITICAL - 2025-06-15 16:05:36 --> Undefined variable $tgl
in APPPATH\Views\detaileventp.php on line 24.
 1 APPPATH\Views\detaileventp.php(24): CodeIgniter\Debug\Exceptions->errorHandler(2, 'Undefined variable $tgl', 'D:\\TUGAS\\KULIAH\\P2MW\\hehe\\gohitfinal\\app\\Views\\detaileventp.php', 24)
 2 SYSTEMPATH\View\View.php(213): include('D:\\TUGAS\\KULIAH\\P2MW\\hehe\\gohitfinal\\app\\Views\\detaileventp.php')
 3 SYSTEMPATH\View\View.php(216): CodeIgniter\View\View->CodeIgniter\View\{closure}()
 4 SYSTEMPATH\Common.php(1184): CodeIgniter\View\View->render('detaileventp', [], true)
 5 APPPATH\Controllers\DetailEvent.php(481): view('detaileventp', [...])
 6 SYSTEMPATH\CodeIgniter.php(934): App\Controllers\DetailEvent->peserta('css', 'style.css')
 7 SYSTEMPATH\CodeIgniter.php(499): CodeIgniter\CodeIgniter->runController(Object(App\Controllers\DetailEvent))
 8 SYSTEMPATH\CodeIgniter.php(368): CodeIgniter\CodeIgniter->handleRequest(null, Object(Config\Cache), false)
 9 FCPATH\index.php(67): CodeIgniter\CodeIgniter->run()
10 SYSTEMPATH\Commands\Server\rewrite.php(47): require_once('D:\\TUGAS\\KULIAH\\P2MW\\hehe\\gohitfinal\\public\\index.php')
INFO - 2025-06-15 16:05:36 --> Session: Class initialized using 'CodeIgniter\Session\Handlers\FileHandler' driver.
CRITICAL - 2025-06-15 16:05:36 --> Undefined variable $tgl
in APPPATH\Views\detaileventp.php on line 24.
 1 APPPATH\Views\detaileventp.php(24): CodeIgniter\Debug\Exceptions->errorHandler(2, 'Undefined variable $tgl', 'D:\\TUGAS\\KULIAH\\P2MW\\hehe\\gohitfinal\\app\\Views\\detaileventp.php', 24)
 2 SYSTEMPATH\View\View.php(213): include('D:\\TUGAS\\KULIAH\\P2MW\\hehe\\gohitfinal\\app\\Views\\detaileventp.php')
 3 SYSTEMPATH\View\View.php(216): CodeIgniter\View\View->CodeIgniter\View\{closure}()
 4 SYSTEMPATH\Common.php(1184): CodeIgniter\View\View->render('detaileventp', [], true)
 5 APPPATH\Controllers\DetailEvent.php(481): view('detaileventp', [...])
 6 SYSTEMPATH\CodeIgniter.php(934): App\Controllers\DetailEvent->peserta('images', 'bg-01.jpg')
 7 SYSTEMPATH\CodeIgniter.php(499): CodeIgniter\CodeIgniter->runController(Object(App\Controllers\DetailEvent))
 8 SYSTEMPATH\CodeIgniter.php(368): CodeIgniter\CodeIgniter->handleRequest(null, Object(Config\Cache), false)
 9 FCPATH\index.php(67): CodeIgniter\CodeIgniter->run()
10 SYSTEMPATH\Commands\Server\rewrite.php(47): require_once('D:\\TUGAS\\KULIAH\\P2MW\\hehe\\gohitfinal\\public\\index.php')
INFO - 2025-06-15 16:06:01 --> Session: Class initialized using 'CodeIgniter\Session\Handlers\FileHandler' driver.
INFO - 2025-06-15 16:06:01 --> Session: Class initialized using 'CodeIgniter\Session\Handlers\FileHandler' driver.
INFO - 2025-06-15 16:06:01 --> Session: Class initialized using 'CodeIgniter\Session\Handlers\FileHandler' driver.
CRITICAL - 2025-06-15 16:06:01 --> Undefined variable $tgl
in APPPATH\Views\detaileventp.php on line 24.
 1 APPPATH\Views\detaileventp.php(24): CodeIgniter\Debug\Exceptions->errorHandler(2, 'Undefined variable $tgl', 'D:\\TUGAS\\KULIAH\\P2MW\\hehe\\gohitfinal\\app\\Views\\detaileventp.php', 24)
 2 SYSTEMPATH\View\View.php(213): include('D:\\TUGAS\\KULIAH\\P2MW\\hehe\\gohitfinal\\app\\Views\\detaileventp.php')
 3 SYSTEMPATH\View\View.php(216): CodeIgniter\View\View->CodeIgniter\View\{closure}()
 4 SYSTEMPATH\Common.php(1184): CodeIgniter\View\View->render('detaileventp', [], true)
 5 APPPATH\Controllers\DetailEvent.php(481): view('detaileventp', [...])
 6 SYSTEMPATH\CodeIgniter.php(934): App\Controllers\DetailEvent->peserta('css', 'main.css')
 7 SYSTEMPATH\CodeIgniter.php(499): CodeIgniter\CodeIgniter->runController(Object(App\Controllers\DetailEvent))
 8 SYSTEMPATH\CodeIgniter.php(368): CodeIgniter\CodeIgniter->handleRequest(null, Object(Config\Cache), false)
 9 FCPATH\index.php(67): CodeIgniter\CodeIgniter->run()
10 SYSTEMPATH\Commands\Server\rewrite.php(47): require_once('D:\\TUGAS\\KULIAH\\P2MW\\hehe\\gohitfinal\\public\\index.php')
INFO - 2025-06-15 16:06:01 --> Session: Class initialized using 'CodeIgniter\Session\Handlers\FileHandler' driver.
CRITICAL - 2025-06-15 16:06:01 --> Undefined variable $tgl
in APPPATH\Views\detaileventp.php on line 24.
 1 APPPATH\Views\detaileventp.php(24): CodeIgniter\Debug\Exceptions->errorHandler(2, 'Undefined variable $tgl', 'D:\\TUGAS\\KULIAH\\P2MW\\hehe\\gohitfinal\\app\\Views\\detaileventp.php', 24)
 2 SYSTEMPATH\View\View.php(213): include('D:\\TUGAS\\KULIAH\\P2MW\\hehe\\gohitfinal\\app\\Views\\detaileventp.php')
 3 SYSTEMPATH\View\View.php(216): CodeIgniter\View\View->CodeIgniter\View\{closure}()
 4 SYSTEMPATH\Common.php(1184): CodeIgniter\View\View->render('detaileventp', [], true)
 5 APPPATH\Controllers\DetailEvent.php(481): view('detaileventp', [...])
 6 SYSTEMPATH\CodeIgniter.php(934): App\Controllers\DetailEvent->peserta('css', 'style.css')
 7 SYSTEMPATH\CodeIgniter.php(499): CodeIgniter\CodeIgniter->runController(Object(App\Controllers\DetailEvent))
 8 SYSTEMPATH\CodeIgniter.php(368): CodeIgniter\CodeIgniter->handleRequest(null, Object(Config\Cache), false)
 9 FCPATH\index.php(67): CodeIgniter\CodeIgniter->run()
10 SYSTEMPATH\Commands\Server\rewrite.php(47): require_once('D:\\TUGAS\\KULIAH\\P2MW\\hehe\\gohitfinal\\public\\index.php')
INFO - 2025-06-15 16:06:01 --> Session: Class initialized using 'CodeIgniter\Session\Handlers\FileHandler' driver.
CRITICAL - 2025-06-15 16:06:01 --> Undefined variable $tgl
in APPPATH\Views\detaileventp.php on line 24.
 1 APPPATH\Views\detaileventp.php(24): CodeIgniter\Debug\Exceptions->errorHandler(2, 'Undefined variable $tgl', 'D:\\TUGAS\\KULIAH\\P2MW\\hehe\\gohitfinal\\app\\Views\\detaileventp.php', 24)
 2 SYSTEMPATH\View\View.php(213): include('D:\\TUGAS\\KULIAH\\P2MW\\hehe\\gohitfinal\\app\\Views\\detaileventp.php')
 3 SYSTEMPATH\View\View.php(216): CodeIgniter\View\View->CodeIgniter\View\{closure}()
 4 SYSTEMPATH\Common.php(1184): CodeIgniter\View\View->render('detaileventp', [], true)
 5 APPPATH\Controllers\DetailEvent.php(481): view('detaileventp', [...])
 6 SYSTEMPATH\CodeIgniter.php(934): App\Controllers\DetailEvent->peserta('images', 'bg-01.jpg')
 7 SYSTEMPATH\CodeIgniter.php(499): CodeIgniter\CodeIgniter->runController(Object(App\Controllers\DetailEvent))
 8 SYSTEMPATH\CodeIgniter.php(368): CodeIgniter\CodeIgniter->handleRequest(null, Object(Config\Cache), false)
 9 FCPATH\index.php(67): CodeIgniter\CodeIgniter->run()
10 SYSTEMPATH\Commands\Server\rewrite.php(47): require_once('D:\\TUGAS\\KULIAH\\P2MW\\hehe\\gohitfinal\\public\\index.php')
INFO - 2025-06-15 16:34:07 --> Session: Class initialized using 'CodeIgniter\Session\Handlers\FileHandler' driver.
INFO - 2025-06-15 16:34:10 --> Session: Class initialized using 'CodeIgniter\Session\Handlers\FileHandler' driver.
INFO - 2025-06-15 16:34:16 --> Session: Class initialized using 'CodeIgniter\Session\Handlers\FileHandler' driver.
INFO - 2025-06-15 16:34:18 --> Session: Class initialized using 'CodeIgniter\Session\Handlers\FileHandler' driver.
INFO - 2025-06-15 16:34:53 --> Session: Class initialized using 'CodeIgniter\Session\Handlers\FileHandler' driver.
INFO - 2025-06-15 16:34:59 --> Session: Class initialized using 'CodeIgniter\Session\Handlers\FileHandler' driver.
INFO - 2025-06-15 16:34:59 --> Session: Class initialized using 'CodeIgniter\Session\Handlers\FileHandler' driver.
CRITICAL - 2025-06-15 16:34:59 --> Undefined variable $tgl
in APPPATH\Views\detaileventp.php on line 24.
 1 APPPATH\Views\detaileventp.php(24): CodeIgniter\Debug\Exceptions->errorHandler(2, 'Undefined variable $tgl', 'D:\\TUGAS\\KULIAH\\P2MW\\hehe\\gohitfinal\\app\\Views\\detaileventp.php', 24)
 2 SYSTEMPATH\View\View.php(213): include('D:\\TUGAS\\KULIAH\\P2MW\\hehe\\gohitfinal\\app\\Views\\detaileventp.php')
 3 SYSTEMPATH\View\View.php(216): CodeIgniter\View\View->CodeIgniter\View\{closure}()
 4 SYSTEMPATH\Common.php(1184): CodeIgniter\View\View->render('detaileventp', [], true)
 5 APPPATH\Controllers\DetailEvent.php(481): view('detaileventp', [...])
 6 SYSTEMPATH\CodeIgniter.php(934): App\Controllers\DetailEvent->peserta('css', 'main.css')
 7 SYSTEMPATH\CodeIgniter.php(499): CodeIgniter\CodeIgniter->runController(Object(App\Controllers\DetailEvent))
 8 SYSTEMPATH\CodeIgniter.php(368): CodeIgniter\CodeIgniter->handleRequest(null, Object(Config\Cache), false)
 9 FCPATH\index.php(67): CodeIgniter\CodeIgniter->run()
10 SYSTEMPATH\Commands\Server\rewrite.php(47): require_once('D:\\TUGAS\\KULIAH\\P2MW\\hehe\\gohitfinal\\public\\index.php')
INFO - 2025-06-15 16:34:59 --> Session: Class initialized using 'CodeIgniter\Session\Handlers\FileHandler' driver.
CRITICAL - 2025-06-15 16:34:59 --> Undefined variable $tgl
in APPPATH\Views\detaileventp.php on line 24.
 1 APPPATH\Views\detaileventp.php(24): CodeIgniter\Debug\Exceptions->errorHandler(2, 'Undefined variable $tgl', 'D:\\TUGAS\\KULIAH\\P2MW\\hehe\\gohitfinal\\app\\Views\\detaileventp.php', 24)
 2 SYSTEMPATH\View\View.php(213): include('D:\\TUGAS\\KULIAH\\P2MW\\hehe\\gohitfinal\\app\\Views\\detaileventp.php')
 3 SYSTEMPATH\View\View.php(216): CodeIgniter\View\View->CodeIgniter\View\{closure}()
 4 SYSTEMPATH\Common.php(1184): CodeIgniter\View\View->render('detaileventp', [], true)
 5 APPPATH\Controllers\DetailEvent.php(481): view('detaileventp', [...])
 6 SYSTEMPATH\CodeIgniter.php(934): App\Controllers\DetailEvent->peserta('css', 'style.css')
 7 SYSTEMPATH\CodeIgniter.php(499): CodeIgniter\CodeIgniter->runController(Object(App\Controllers\DetailEvent))
 8 SYSTEMPATH\CodeIgniter.php(368): CodeIgniter\CodeIgniter->handleRequest(null, Object(Config\Cache), false)
 9 FCPATH\index.php(67): CodeIgniter\CodeIgniter->run()
10 SYSTEMPATH\Commands\Server\rewrite.php(47): require_once('D:\\TUGAS\\KULIAH\\P2MW\\hehe\\gohitfinal\\public\\index.php')
INFO - 2025-06-15 16:34:59 --> Session: Class initialized using 'CodeIgniter\Session\Handlers\FileHandler' driver.
CRITICAL - 2025-06-15 16:34:59 --> Undefined variable $tgl
in APPPATH\Views\detaileventp.php on line 24.
 1 APPPATH\Views\detaileventp.php(24): CodeIgniter\Debug\Exceptions->errorHandler(2, 'Undefined variable $tgl', 'D:\\TUGAS\\KULIAH\\P2MW\\hehe\\gohitfinal\\app\\Views\\detaileventp.php', 24)
 2 SYSTEMPATH\View\View.php(213): include('D:\\TUGAS\\KULIAH\\P2MW\\hehe\\gohitfinal\\app\\Views\\detaileventp.php')
 3 SYSTEMPATH\View\View.php(216): CodeIgniter\View\View->CodeIgniter\View\{closure}()
 4 SYSTEMPATH\Common.php(1184): CodeIgniter\View\View->render('detaileventp', [], true)
 5 APPPATH\Controllers\DetailEvent.php(481): view('detaileventp', [...])
 6 SYSTEMPATH\CodeIgniter.php(934): App\Controllers\DetailEvent->peserta('images', 'bg-01.jpg')
 7 SYSTEMPATH\CodeIgniter.php(499): CodeIgniter\CodeIgniter->runController(Object(App\Controllers\DetailEvent))
 8 SYSTEMPATH\CodeIgniter.php(368): CodeIgniter\CodeIgniter->handleRequest(null, Object(Config\Cache), false)
 9 FCPATH\index.php(67): CodeIgniter\CodeIgniter->run()
10 SYSTEMPATH\Commands\Server\rewrite.php(47): require_once('D:\\TUGAS\\KULIAH\\P2MW\\hehe\\gohitfinal\\public\\index.php')
INFO - 2025-06-15 16:37:18 --> Session: Class initialized using 'CodeIgniter\Session\Handlers\FileHandler' driver.
INFO - 2025-06-15 16:37:19 --> Session: Class initialized using 'CodeIgniter\Session\Handlers\FileHandler' driver.
CRITICAL - 2025-06-15 16:37:19 --> Undefined variable $tgl
in APPPATH\Views\detaileventp.php on line 24.
 1 APPPATH\Views\detaileventp.php(24): CodeIgniter\Debug\Exceptions->errorHandler(2, 'Undefined variable $tgl', 'D:\\TUGAS\\KULIAH\\P2MW\\hehe\\gohitfinal\\app\\Views\\detaileventp.php', 24)
 2 SYSTEMPATH\View\View.php(213): include('D:\\TUGAS\\KULIAH\\P2MW\\hehe\\gohitfinal\\app\\Views\\detaileventp.php')
 3 SYSTEMPATH\View\View.php(216): CodeIgniter\View\View->CodeIgniter\View\{closure}()
 4 SYSTEMPATH\Common.php(1184): CodeIgniter\View\View->render('detaileventp', [], true)
 5 APPPATH\Controllers\DetailEvent.php(481): view('detaileventp', [...])
 6 SYSTEMPATH\CodeIgniter.php(934): App\Controllers\DetailEvent->peserta('css', 'main.css')
 7 SYSTEMPATH\CodeIgniter.php(499): CodeIgniter\CodeIgniter->runController(Object(App\Controllers\DetailEvent))
 8 SYSTEMPATH\CodeIgniter.php(368): CodeIgniter\CodeIgniter->handleRequest(null, Object(Config\Cache), false)
 9 FCPATH\index.php(67): CodeIgniter\CodeIgniter->run()
10 SYSTEMPATH\Commands\Server\rewrite.php(47): require_once('D:\\TUGAS\\KULIAH\\P2MW\\hehe\\gohitfinal\\public\\index.php')
INFO - 2025-06-15 16:37:19 --> Session: Class initialized using 'CodeIgniter\Session\Handlers\FileHandler' driver.
CRITICAL - 2025-06-15 16:37:19 --> Undefined variable $tgl
in APPPATH\Views\detaileventp.php on line 24.
 1 APPPATH\Views\detaileventp.php(24): CodeIgniter\Debug\Exceptions->errorHandler(2, 'Undefined variable $tgl', 'D:\\TUGAS\\KULIAH\\P2MW\\hehe\\gohitfinal\\app\\Views\\detaileventp.php', 24)
 2 SYSTEMPATH\View\View.php(213): include('D:\\TUGAS\\KULIAH\\P2MW\\hehe\\gohitfinal\\app\\Views\\detaileventp.php')
 3 SYSTEMPATH\View\View.php(216): CodeIgniter\View\View->CodeIgniter\View\{closure}()
 4 SYSTEMPATH\Common.php(1184): CodeIgniter\View\View->render('detaileventp', [], true)
 5 APPPATH\Controllers\DetailEvent.php(481): view('detaileventp', [...])
 6 SYSTEMPATH\CodeIgniter.php(934): App\Controllers\DetailEvent->peserta('css', 'style.css')
 7 SYSTEMPATH\CodeIgniter.php(499): CodeIgniter\CodeIgniter->runController(Object(App\Controllers\DetailEvent))
 8 SYSTEMPATH\CodeIgniter.php(368): CodeIgniter\CodeIgniter->handleRequest(null, Object(Config\Cache), false)
 9 FCPATH\index.php(67): CodeIgniter\CodeIgniter->run()
10 SYSTEMPATH\Commands\Server\rewrite.php(47): require_once('D:\\TUGAS\\KULIAH\\P2MW\\hehe\\gohitfinal\\public\\index.php')
INFO - 2025-06-15 16:37:19 --> Session: Class initialized using 'CodeIgniter\Session\Handlers\FileHandler' driver.
CRITICAL - 2025-06-15 16:37:19 --> Undefined variable $tgl
in APPPATH\Views\detaileventp.php on line 24.
 1 APPPATH\Views\detaileventp.php(24): CodeIgniter\Debug\Exceptions->errorHandler(2, 'Undefined variable $tgl', 'D:\\TUGAS\\KULIAH\\P2MW\\hehe\\gohitfinal\\app\\Views\\detaileventp.php', 24)
 2 SYSTEMPATH\View\View.php(213): include('D:\\TUGAS\\KULIAH\\P2MW\\hehe\\gohitfinal\\app\\Views\\detaileventp.php')
 3 SYSTEMPATH\View\View.php(216): CodeIgniter\View\View->CodeIgniter\View\{closure}()
 4 SYSTEMPATH\Common.php(1184): CodeIgniter\View\View->render('detaileventp', [], true)
 5 APPPATH\Controllers\DetailEvent.php(481): view('detaileventp', [...])
 6 SYSTEMPATH\CodeIgniter.php(934): App\Controllers\DetailEvent->peserta('images', 'bg-01.jpg')
 7 SYSTEMPATH\CodeIgniter.php(499): CodeIgniter\CodeIgniter->runController(Object(App\Controllers\DetailEvent))
 8 SYSTEMPATH\CodeIgniter.php(368): CodeIgniter\CodeIgniter->handleRequest(null, Object(Config\Cache), false)
 9 FCPATH\index.php(67): CodeIgniter\CodeIgniter->run()
10 SYSTEMPATH\Commands\Server\rewrite.php(47): require_once('D:\\TUGAS\\KULIAH\\P2MW\\hehe\\gohitfinal\\public\\index.php')
INFO - 2025-06-15 16:40:49 --> Session: Class initialized using 'CodeIgniter\Session\Handlers\FileHandler' driver.
INFO - 2025-06-15 16:40:49 --> Session: Class initialized using 'CodeIgniter\Session\Handlers\FileHandler' driver.
CRITICAL - 2025-06-15 16:40:49 --> Undefined variable $tgl
in APPPATH\Views\detaileventp.php on line 24.
 1 APPPATH\Views\detaileventp.php(24): CodeIgniter\Debug\Exceptions->errorHandler(2, 'Undefined variable $tgl', 'D:\\TUGAS\\KULIAH\\P2MW\\hehe\\gohitfinal\\app\\Views\\detaileventp.php', 24)
 2 SYSTEMPATH\View\View.php(213): include('D:\\TUGAS\\KULIAH\\P2MW\\hehe\\gohitfinal\\app\\Views\\detaileventp.php')
 3 SYSTEMPATH\View\View.php(216): CodeIgniter\View\View->CodeIgniter\View\{closure}()
 4 SYSTEMPATH\Common.php(1184): CodeIgniter\View\View->render('detaileventp', [], true)
 5 APPPATH\Controllers\DetailEvent.php(481): view('detaileventp', [...])
 6 SYSTEMPATH\CodeIgniter.php(934): App\Controllers\DetailEvent->peserta('css', 'main.css')
 7 SYSTEMPATH\CodeIgniter.php(499): CodeIgniter\CodeIgniter->runController(Object(App\Controllers\DetailEvent))
 8 SYSTEMPATH\CodeIgniter.php(368): CodeIgniter\CodeIgniter->handleRequest(null, Object(Config\Cache), false)
 9 FCPATH\index.php(67): CodeIgniter\CodeIgniter->run()
10 SYSTEMPATH\Commands\Server\rewrite.php(47): require_once('D:\\TUGAS\\KULIAH\\P2MW\\hehe\\gohitfinal\\public\\index.php')
INFO - 2025-06-15 16:40:49 --> Session: Class initialized using 'CodeIgniter\Session\Handlers\FileHandler' driver.
CRITICAL - 2025-06-15 16:40:50 --> Undefined variable $tgl
in APPPATH\Views\detaileventp.php on line 24.
 1 APPPATH\Views\detaileventp.php(24): CodeIgniter\Debug\Exceptions->errorHandler(2, 'Undefined variable $tgl', 'D:\\TUGAS\\KULIAH\\P2MW\\hehe\\gohitfinal\\app\\Views\\detaileventp.php', 24)
 2 SYSTEMPATH\View\View.php(213): include('D:\\TUGAS\\KULIAH\\P2MW\\hehe\\gohitfinal\\app\\Views\\detaileventp.php')
 3 SYSTEMPATH\View\View.php(216): CodeIgniter\View\View->CodeIgniter\View\{closure}()
 4 SYSTEMPATH\Common.php(1184): CodeIgniter\View\View->render('detaileventp', [], true)
 5 APPPATH\Controllers\DetailEvent.php(481): view('detaileventp', [...])
 6 SYSTEMPATH\CodeIgniter.php(934): App\Controllers\DetailEvent->peserta('css', 'style.css')
 7 SYSTEMPATH\CodeIgniter.php(499): CodeIgniter\CodeIgniter->runController(Object(App\Controllers\DetailEvent))
 8 SYSTEMPATH\CodeIgniter.php(368): CodeIgniter\CodeIgniter->handleRequest(null, Object(Config\Cache), false)
 9 FCPATH\index.php(67): CodeIgniter\CodeIgniter->run()
10 SYSTEMPATH\Commands\Server\rewrite.php(47): require_once('D:\\TUGAS\\KULIAH\\P2MW\\hehe\\gohitfinal\\public\\index.php')
INFO - 2025-06-15 16:40:50 --> Session: Class initialized using 'CodeIgniter\Session\Handlers\FileHandler' driver.
CRITICAL - 2025-06-15 16:40:50 --> Undefined variable $tgl
in APPPATH\Views\detaileventp.php on line 24.
 1 APPPATH\Views\detaileventp.php(24): CodeIgniter\Debug\Exceptions->errorHandler(2, 'Undefined variable $tgl', 'D:\\TUGAS\\KULIAH\\P2MW\\hehe\\gohitfinal\\app\\Views\\detaileventp.php', 24)
 2 SYSTEMPATH\View\View.php(213): include('D:\\TUGAS\\KULIAH\\P2MW\\hehe\\gohitfinal\\app\\Views\\detaileventp.php')
 3 SYSTEMPATH\View\View.php(216): CodeIgniter\View\View->CodeIgniter\View\{closure}()
 4 SYSTEMPATH\Common.php(1184): CodeIgniter\View\View->render('detaileventp', [], true)
 5 APPPATH\Controllers\DetailEvent.php(481): view('detaileventp', [...])
 6 SYSTEMPATH\CodeIgniter.php(934): App\Controllers\DetailEvent->peserta('images', 'bg-01.jpg')
 7 SYSTEMPATH\CodeIgniter.php(499): CodeIgniter\CodeIgniter->runController(Object(App\Controllers\DetailEvent))
 8 SYSTEMPATH\CodeIgniter.php(368): CodeIgniter\CodeIgniter->handleRequest(null, Object(Config\Cache), false)
 9 FCPATH\index.php(67): CodeIgniter\CodeIgniter->run()
10 SYSTEMPATH\Commands\Server\rewrite.php(47): require_once('D:\\TUGAS\\KULIAH\\P2MW\\hehe\\gohitfinal\\public\\index.php')
INFO - 2025-06-15 16:41:51 --> Session: Class initialized using 'CodeIgniter\Session\Handlers\FileHandler' driver.
INFO - 2025-06-15 16:41:51 --> Session: Class initialized using 'CodeIgniter\Session\Handlers\FileHandler' driver.
INFO - 2025-06-15 16:41:51 --> Session: Class initialized using 'CodeIgniter\Session\Handlers\FileHandler' driver.
CRITICAL - 2025-06-15 16:41:51 --> Undefined variable $tgl
in APPPATH\Views\detaileventp.php on line 24.
 1 APPPATH\Views\detaileventp.php(24): CodeIgniter\Debug\Exceptions->errorHandler(2, 'Undefined variable $tgl', 'D:\\TUGAS\\KULIAH\\P2MW\\hehe\\gohitfinal\\app\\Views\\detaileventp.php', 24)
 2 SYSTEMPATH\View\View.php(213): include('D:\\TUGAS\\KULIAH\\P2MW\\hehe\\gohitfinal\\app\\Views\\detaileventp.php')
 3 SYSTEMPATH\View\View.php(216): CodeIgniter\View\View->CodeIgniter\View\{closure}()
 4 SYSTEMPATH\Common.php(1184): CodeIgniter\View\View->render('detaileventp', [], true)
 5 APPPATH\Controllers\DetailEvent.php(481): view('detaileventp', [...])
 6 SYSTEMPATH\CodeIgniter.php(934): App\Controllers\DetailEvent->peserta('css', 'main.css')
 7 SYSTEMPATH\CodeIgniter.php(499): CodeIgniter\CodeIgniter->runController(Object(App\Controllers\DetailEvent))
 8 SYSTEMPATH\CodeIgniter.php(368): CodeIgniter\CodeIgniter->handleRequest(null, Object(Config\Cache), false)
 9 FCPATH\index.php(67): CodeIgniter\CodeIgniter->run()
10 SYSTEMPATH\Commands\Server\rewrite.php(47): require_once('D:\\TUGAS\\KULIAH\\P2MW\\hehe\\gohitfinal\\public\\index.php')
INFO - 2025-06-15 16:41:51 --> Session: Class initialized using 'CodeIgniter\Session\Handlers\FileHandler' driver.
CRITICAL - 2025-06-15 16:41:51 --> Undefined variable $tgl
in APPPATH\Views\detaileventp.php on line 24.
 1 APPPATH\Views\detaileventp.php(24): CodeIgniter\Debug\Exceptions->errorHandler(2, 'Undefined variable $tgl', 'D:\\TUGAS\\KULIAH\\P2MW\\hehe\\gohitfinal\\app\\Views\\detaileventp.php', 24)
 2 SYSTEMPATH\View\View.php(213): include('D:\\TUGAS\\KULIAH\\P2MW\\hehe\\gohitfinal\\app\\Views\\detaileventp.php')
 3 SYSTEMPATH\View\View.php(216): CodeIgniter\View\View->CodeIgniter\View\{closure}()
 4 SYSTEMPATH\Common.php(1184): CodeIgniter\View\View->render('detaileventp', [], true)
 5 APPPATH\Controllers\DetailEvent.php(481): view('detaileventp', [...])
 6 SYSTEMPATH\CodeIgniter.php(934): App\Controllers\DetailEvent->peserta('css', 'style.css')
 7 SYSTEMPATH\CodeIgniter.php(499): CodeIgniter\CodeIgniter->runController(Object(App\Controllers\DetailEvent))
 8 SYSTEMPATH\CodeIgniter.php(368): CodeIgniter\CodeIgniter->handleRequest(null, Object(Config\Cache), false)
 9 FCPATH\index.php(67): CodeIgniter\CodeIgniter->run()
10 SYSTEMPATH\Commands\Server\rewrite.php(47): require_once('D:\\TUGAS\\KULIAH\\P2MW\\hehe\\gohitfinal\\public\\index.php')
INFO - 2025-06-15 16:41:51 --> Session: Class initialized using 'CodeIgniter\Session\Handlers\FileHandler' driver.
CRITICAL - 2025-06-15 16:41:51 --> Undefined variable $tgl
in APPPATH\Views\detaileventp.php on line 24.
 1 APPPATH\Views\detaileventp.php(24): CodeIgniter\Debug\Exceptions->errorHandler(2, 'Undefined variable $tgl', 'D:\\TUGAS\\KULIAH\\P2MW\\hehe\\gohitfinal\\app\\Views\\detaileventp.php', 24)
 2 SYSTEMPATH\View\View.php(213): include('D:\\TUGAS\\KULIAH\\P2MW\\hehe\\gohitfinal\\app\\Views\\detaileventp.php')
 3 SYSTEMPATH\View\View.php(216): CodeIgniter\View\View->CodeIgniter\View\{closure}()
 4 SYSTEMPATH\Common.php(1184): CodeIgniter\View\View->render('detaileventp', [], true)
 5 APPPATH\Controllers\DetailEvent.php(481): view('detaileventp', [...])
 6 SYSTEMPATH\CodeIgniter.php(934): App\Controllers\DetailEvent->peserta('images', 'bg-01.jpg')
 7 SYSTEMPATH\CodeIgniter.php(499): CodeIgniter\CodeIgniter->runController(Object(App\Controllers\DetailEvent))
 8 SYSTEMPATH\CodeIgniter.php(368): CodeIgniter\CodeIgniter->handleRequest(null, Object(Config\Cache), false)
 9 FCPATH\index.php(67): CodeIgniter\CodeIgniter->run()
10 SYSTEMPATH\Commands\Server\rewrite.php(47): require_once('D:\\TUGAS\\KULIAH\\P2MW\\hehe\\gohitfinal\\public\\index.php')
INFO - 2025-06-15 16:42:49 --> Session: Class initialized using 'CodeIgniter\Session\Handlers\FileHandler' driver.
INFO - 2025-06-15 16:42:49 --> Session: Class initialized using 'CodeIgniter\Session\Handlers\FileHandler' driver.
CRITICAL - 2025-06-15 16:42:49 --> Undefined variable $tgl
in APPPATH\Views\detaileventp.php on line 24.
 1 APPPATH\Views\detaileventp.php(24): CodeIgniter\Debug\Exceptions->errorHandler(2, 'Undefined variable $tgl', 'D:\\TUGAS\\KULIAH\\P2MW\\hehe\\gohitfinal\\app\\Views\\detaileventp.php', 24)
 2 SYSTEMPATH\View\View.php(213): include('D:\\TUGAS\\KULIAH\\P2MW\\hehe\\gohitfinal\\app\\Views\\detaileventp.php')
 3 SYSTEMPATH\View\View.php(216): CodeIgniter\View\View->CodeIgniter\View\{closure}()
 4 SYSTEMPATH\Common.php(1184): CodeIgniter\View\View->render('detaileventp', [], true)
 5 APPPATH\Controllers\DetailEvent.php(481): view('detaileventp', [...])
 6 SYSTEMPATH\CodeIgniter.php(934): App\Controllers\DetailEvent->peserta('css', 'main.css')
 7 SYSTEMPATH\CodeIgniter.php(499): CodeIgniter\CodeIgniter->runController(Object(App\Controllers\DetailEvent))
 8 SYSTEMPATH\CodeIgniter.php(368): CodeIgniter\CodeIgniter->handleRequest(null, Object(Config\Cache), false)
 9 FCPATH\index.php(67): CodeIgniter\CodeIgniter->run()
10 SYSTEMPATH\Commands\Server\rewrite.php(47): require_once('D:\\TUGAS\\KULIAH\\P2MW\\hehe\\gohitfinal\\public\\index.php')
INFO - 2025-06-15 16:42:49 --> Session: Class initialized using 'CodeIgniter\Session\Handlers\FileHandler' driver.
CRITICAL - 2025-06-15 16:42:49 --> Undefined variable $tgl
in APPPATH\Views\detaileventp.php on line 24.
 1 APPPATH\Views\detaileventp.php(24): CodeIgniter\Debug\Exceptions->errorHandler(2, 'Undefined variable $tgl', 'D:\\TUGAS\\KULIAH\\P2MW\\hehe\\gohitfinal\\app\\Views\\detaileventp.php', 24)
 2 SYSTEMPATH\View\View.php(213): include('D:\\TUGAS\\KULIAH\\P2MW\\hehe\\gohitfinal\\app\\Views\\detaileventp.php')
 3 SYSTEMPATH\View\View.php(216): CodeIgniter\View\View->CodeIgniter\View\{closure}()
 4 SYSTEMPATH\Common.php(1184): CodeIgniter\View\View->render('detaileventp', [], true)
 5 APPPATH\Controllers\DetailEvent.php(481): view('detaileventp', [...])
 6 SYSTEMPATH\CodeIgniter.php(934): App\Controllers\DetailEvent->peserta('css', 'style.css')
 7 SYSTEMPATH\CodeIgniter.php(499): CodeIgniter\CodeIgniter->runController(Object(App\Controllers\DetailEvent))
 8 SYSTEMPATH\CodeIgniter.php(368): CodeIgniter\CodeIgniter->handleRequest(null, Object(Config\Cache), false)
 9 FCPATH\index.php(67): CodeIgniter\CodeIgniter->run()
10 SYSTEMPATH\Commands\Server\rewrite.php(47): require_once('D:\\TUGAS\\KULIAH\\P2MW\\hehe\\gohitfinal\\public\\index.php')
INFO - 2025-06-15 16:42:49 --> Session: Class initialized using 'CodeIgniter\Session\Handlers\FileHandler' driver.
CRITICAL - 2025-06-15 16:42:49 --> Undefined variable $tgl
in APPPATH\Views\detaileventp.php on line 24.
 1 APPPATH\Views\detaileventp.php(24): CodeIgniter\Debug\Exceptions->errorHandler(2, 'Undefined variable $tgl', 'D:\\TUGAS\\KULIAH\\P2MW\\hehe\\gohitfinal\\app\\Views\\detaileventp.php', 24)
 2 SYSTEMPATH\View\View.php(213): include('D:\\TUGAS\\KULIAH\\P2MW\\hehe\\gohitfinal\\app\\Views\\detaileventp.php')
 3 SYSTEMPATH\View\View.php(216): CodeIgniter\View\View->CodeIgniter\View\{closure}()
 4 SYSTEMPATH\Common.php(1184): CodeIgniter\View\View->render('detaileventp', [], true)
 5 APPPATH\Controllers\DetailEvent.php(481): view('detaileventp', [...])
 6 SYSTEMPATH\CodeIgniter.php(934): App\Controllers\DetailEvent->peserta('images', 'bg-01.jpg')
 7 SYSTEMPATH\CodeIgniter.php(499): CodeIgniter\CodeIgniter->runController(Object(App\Controllers\DetailEvent))
 8 SYSTEMPATH\CodeIgniter.php(368): CodeIgniter\CodeIgniter->handleRequest(null, Object(Config\Cache), false)
 9 FCPATH\index.php(67): CodeIgniter\CodeIgniter->run()
10 SYSTEMPATH\Commands\Server\rewrite.php(47): require_once('D:\\TUGAS\\KULIAH\\P2MW\\hehe\\gohitfinal\\public\\index.php')
INFO - 2025-06-15 16:43:19 --> Session: Class initialized using 'CodeIgniter\Session\Handlers\FileHandler' driver.
INFO - 2025-06-15 16:43:19 --> Session: Class initialized using 'CodeIgniter\Session\Handlers\FileHandler' driver.
CRITICAL - 2025-06-15 16:43:19 --> Undefined variable $tgl
in APPPATH\Views\detaileventp.php on line 24.
 1 APPPATH\Views\detaileventp.php(24): CodeIgniter\Debug\Exceptions->errorHandler(2, 'Undefined variable $tgl', 'D:\\TUGAS\\KULIAH\\P2MW\\hehe\\gohitfinal\\app\\Views\\detaileventp.php', 24)
 2 SYSTEMPATH\View\View.php(213): include('D:\\TUGAS\\KULIAH\\P2MW\\hehe\\gohitfinal\\app\\Views\\detaileventp.php')
 3 SYSTEMPATH\View\View.php(216): CodeIgniter\View\View->CodeIgniter\View\{closure}()
 4 SYSTEMPATH\Common.php(1184): CodeIgniter\View\View->render('detaileventp', [], true)
 5 APPPATH\Controllers\DetailEvent.php(481): view('detaileventp', [...])
 6 SYSTEMPATH\CodeIgniter.php(934): App\Controllers\DetailEvent->peserta('css', 'main.css')
 7 SYSTEMPATH\CodeIgniter.php(499): CodeIgniter\CodeIgniter->runController(Object(App\Controllers\DetailEvent))
 8 SYSTEMPATH\CodeIgniter.php(368): CodeIgniter\CodeIgniter->handleRequest(null, Object(Config\Cache), false)
 9 FCPATH\index.php(67): CodeIgniter\CodeIgniter->run()
10 SYSTEMPATH\Commands\Server\rewrite.php(47): require_once('D:\\TUGAS\\KULIAH\\P2MW\\hehe\\gohitfinal\\public\\index.php')
INFO - 2025-06-15 16:43:19 --> Session: Class initialized using 'CodeIgniter\Session\Handlers\FileHandler' driver.
CRITICAL - 2025-06-15 16:43:19 --> Undefined variable $tgl
in APPPATH\Views\detaileventp.php on line 24.
 1 APPPATH\Views\detaileventp.php(24): CodeIgniter\Debug\Exceptions->errorHandler(2, 'Undefined variable $tgl', 'D:\\TUGAS\\KULIAH\\P2MW\\hehe\\gohitfinal\\app\\Views\\detaileventp.php', 24)
 2 SYSTEMPATH\View\View.php(213): include('D:\\TUGAS\\KULIAH\\P2MW\\hehe\\gohitfinal\\app\\Views\\detaileventp.php')
 3 SYSTEMPATH\View\View.php(216): CodeIgniter\View\View->CodeIgniter\View\{closure}()
 4 SYSTEMPATH\Common.php(1184): CodeIgniter\View\View->render('detaileventp', [], true)
 5 APPPATH\Controllers\DetailEvent.php(481): view('detaileventp', [...])
 6 SYSTEMPATH\CodeIgniter.php(934): App\Controllers\DetailEvent->peserta('css', 'style.css')
 7 SYSTEMPATH\CodeIgniter.php(499): CodeIgniter\CodeIgniter->runController(Object(App\Controllers\DetailEvent))
 8 SYSTEMPATH\CodeIgniter.php(368): CodeIgniter\CodeIgniter->handleRequest(null, Object(Config\Cache), false)
 9 FCPATH\index.php(67): CodeIgniter\CodeIgniter->run()
10 SYSTEMPATH\Commands\Server\rewrite.php(47): require_once('D:\\TUGAS\\KULIAH\\P2MW\\hehe\\gohitfinal\\public\\index.php')
INFO - 2025-06-15 16:43:19 --> Session: Class initialized using 'CodeIgniter\Session\Handlers\FileHandler' driver.
CRITICAL - 2025-06-15 16:43:19 --> Undefined variable $tgl
in APPPATH\Views\detaileventp.php on line 24.
 1 APPPATH\Views\detaileventp.php(24): CodeIgniter\Debug\Exceptions->errorHandler(2, 'Undefined variable $tgl', 'D:\\TUGAS\\KULIAH\\P2MW\\hehe\\gohitfinal\\app\\Views\\detaileventp.php', 24)
 2 SYSTEMPATH\View\View.php(213): include('D:\\TUGAS\\KULIAH\\P2MW\\hehe\\gohitfinal\\app\\Views\\detaileventp.php')
 3 SYSTEMPATH\View\View.php(216): CodeIgniter\View\View->CodeIgniter\View\{closure}()
 4 SYSTEMPATH\Common.php(1184): CodeIgniter\View\View->render('detaileventp', [], true)
 5 APPPATH\Controllers\DetailEvent.php(481): view('detaileventp', [...])
 6 SYSTEMPATH\CodeIgniter.php(934): App\Controllers\DetailEvent->peserta('images', 'bg-01.jpg')
 7 SYSTEMPATH\CodeIgniter.php(499): CodeIgniter\CodeIgniter->runController(Object(App\Controllers\DetailEvent))
 8 SYSTEMPATH\CodeIgniter.php(368): CodeIgniter\CodeIgniter->handleRequest(null, Object(Config\Cache), false)
 9 FCPATH\index.php(67): CodeIgniter\CodeIgniter->run()
10 SYSTEMPATH\Commands\Server\rewrite.php(47): require_once('D:\\TUGAS\\KULIAH\\P2MW\\hehe\\gohitfinal\\public\\index.php')
INFO - 2025-06-15 16:46:14 --> Session: Class initialized using 'CodeIgniter\Session\Handlers\FileHandler' driver.
INFO - 2025-06-15 16:46:14 --> Session: Class initialized using 'CodeIgniter\Session\Handlers\FileHandler' driver.
CRITICAL - 2025-06-15 16:46:14 --> Undefined variable $tgl
in APPPATH\Views\detaileventp.php on line 24.
 1 APPPATH\Views\detaileventp.php(24): CodeIgniter\Debug\Exceptions->errorHandler(2, 'Undefined variable $tgl', 'D:\\TUGAS\\KULIAH\\P2MW\\hehe\\gohitfinal\\app\\Views\\detaileventp.php', 24)
 2 SYSTEMPATH\View\View.php(213): include('D:\\TUGAS\\KULIAH\\P2MW\\hehe\\gohitfinal\\app\\Views\\detaileventp.php')
 3 SYSTEMPATH\View\View.php(216): CodeIgniter\View\View->CodeIgniter\View\{closure}()
 4 SYSTEMPATH\Common.php(1184): CodeIgniter\View\View->render('detaileventp', [], true)
 5 APPPATH\Controllers\DetailEvent.php(481): view('detaileventp', [...])
 6 SYSTEMPATH\CodeIgniter.php(934): App\Controllers\DetailEvent->peserta('css', 'main.css')
 7 SYSTEMPATH\CodeIgniter.php(499): CodeIgniter\CodeIgniter->runController(Object(App\Controllers\DetailEvent))
 8 SYSTEMPATH\CodeIgniter.php(368): CodeIgniter\CodeIgniter->handleRequest(null, Object(Config\Cache), false)
 9 FCPATH\index.php(67): CodeIgniter\CodeIgniter->run()
10 SYSTEMPATH\Commands\Server\rewrite.php(47): require_once('D:\\TUGAS\\KULIAH\\P2MW\\hehe\\gohitfinal\\public\\index.php')
INFO - 2025-06-15 16:46:14 --> Session: Class initialized using 'CodeIgniter\Session\Handlers\FileHandler' driver.
CRITICAL - 2025-06-15 16:46:14 --> Undefined variable $tgl
in APPPATH\Views\detaileventp.php on line 24.
 1 APPPATH\Views\detaileventp.php(24): CodeIgniter\Debug\Exceptions->errorHandler(2, 'Undefined variable $tgl', 'D:\\TUGAS\\KULIAH\\P2MW\\hehe\\gohitfinal\\app\\Views\\detaileventp.php', 24)
 2 SYSTEMPATH\View\View.php(213): include('D:\\TUGAS\\KULIAH\\P2MW\\hehe\\gohitfinal\\app\\Views\\detaileventp.php')
 3 SYSTEMPATH\View\View.php(216): CodeIgniter\View\View->CodeIgniter\View\{closure}()
 4 SYSTEMPATH\Common.php(1184): CodeIgniter\View\View->render('detaileventp', [], true)
 5 APPPATH\Controllers\DetailEvent.php(481): view('detaileventp', [...])
 6 SYSTEMPATH\CodeIgniter.php(934): App\Controllers\DetailEvent->peserta('css', 'style.css')
 7 SYSTEMPATH\CodeIgniter.php(499): CodeIgniter\CodeIgniter->runController(Object(App\Controllers\DetailEvent))
 8 SYSTEMPATH\CodeIgniter.php(368): CodeIgniter\CodeIgniter->handleRequest(null, Object(Config\Cache), false)
 9 FCPATH\index.php(67): CodeIgniter\CodeIgniter->run()
10 SYSTEMPATH\Commands\Server\rewrite.php(47): require_once('D:\\TUGAS\\KULIAH\\P2MW\\hehe\\gohitfinal\\public\\index.php')
INFO - 2025-06-15 16:46:15 --> Session: Class initialized using 'CodeIgniter\Session\Handlers\FileHandler' driver.
CRITICAL - 2025-06-15 16:46:15 --> Undefined variable $tgl
in APPPATH\Views\detaileventp.php on line 24.
 1 APPPATH\Views\detaileventp.php(24): CodeIgniter\Debug\Exceptions->errorHandler(2, 'Undefined variable $tgl', 'D:\\TUGAS\\KULIAH\\P2MW\\hehe\\gohitfinal\\app\\Views\\detaileventp.php', 24)
 2 SYSTEMPATH\View\View.php(213): include('D:\\TUGAS\\KULIAH\\P2MW\\hehe\\gohitfinal\\app\\Views\\detaileventp.php')
 3 SYSTEMPATH\View\View.php(216): CodeIgniter\View\View->CodeIgniter\View\{closure}()
 4 SYSTEMPATH\Common.php(1184): CodeIgniter\View\View->render('detaileventp', [], true)
 5 APPPATH\Controllers\DetailEvent.php(481): view('detaileventp', [...])
 6 SYSTEMPATH\CodeIgniter.php(934): App\Controllers\DetailEvent->peserta('images', 'bg-01.jpg')
 7 SYSTEMPATH\CodeIgniter.php(499): CodeIgniter\CodeIgniter->runController(Object(App\Controllers\DetailEvent))
 8 SYSTEMPATH\CodeIgniter.php(368): CodeIgniter\CodeIgniter->handleRequest(null, Object(Config\Cache), false)
 9 FCPATH\index.php(67): CodeIgniter\CodeIgniter->run()
10 SYSTEMPATH\Commands\Server\rewrite.php(47): require_once('D:\\TUGAS\\KULIAH\\P2MW\\hehe\\gohitfinal\\public\\index.php')
INFO - 2025-06-15 16:47:39 --> Session: Class initialized using 'CodeIgniter\Session\Handlers\FileHandler' driver.
INFO - 2025-06-15 16:47:39 --> Session: Class initialized using 'CodeIgniter\Session\Handlers\FileHandler' driver.
INFO - 2025-06-15 16:47:39 --> Session: Class initialized using 'CodeIgniter\Session\Handlers\FileHandler' driver.
CRITICAL - 2025-06-15 16:47:39 --> Undefined variable $tgl
in APPPATH\Views\detaileventp.php on line 24.
 1 APPPATH\Views\detaileventp.php(24): CodeIgniter\Debug\Exceptions->errorHandler(2, 'Undefined variable $tgl', 'D:\\TUGAS\\KULIAH\\P2MW\\hehe\\gohitfinal\\app\\Views\\detaileventp.php', 24)
 2 SYSTEMPATH\View\View.php(213): include('D:\\TUGAS\\KULIAH\\P2MW\\hehe\\gohitfinal\\app\\Views\\detaileventp.php')
 3 SYSTEMPATH\View\View.php(216): CodeIgniter\View\View->CodeIgniter\View\{closure}()
 4 SYSTEMPATH\Common.php(1184): CodeIgniter\View\View->render('detaileventp', [], true)
 5 APPPATH\Controllers\DetailEvent.php(481): view('detaileventp', [...])
 6 SYSTEMPATH\CodeIgniter.php(934): App\Controllers\DetailEvent->peserta('css', 'main.css')
 7 SYSTEMPATH\CodeIgniter.php(499): CodeIgniter\CodeIgniter->runController(Object(App\Controllers\DetailEvent))
 8 SYSTEMPATH\CodeIgniter.php(368): CodeIgniter\CodeIgniter->handleRequest(null, Object(Config\Cache), false)
 9 FCPATH\index.php(67): CodeIgniter\CodeIgniter->run()
10 SYSTEMPATH\Commands\Server\rewrite.php(47): require_once('D:\\TUGAS\\KULIAH\\P2MW\\hehe\\gohitfinal\\public\\index.php')
INFO - 2025-06-15 16:47:39 --> Session: Class initialized using 'CodeIgniter\Session\Handlers\FileHandler' driver.
CRITICAL - 2025-06-15 16:47:39 --> Undefined variable $tgl
in APPPATH\Views\detaileventp.php on line 24.
 1 APPPATH\Views\detaileventp.php(24): CodeIgniter\Debug\Exceptions->errorHandler(2, 'Undefined variable $tgl', 'D:\\TUGAS\\KULIAH\\P2MW\\hehe\\gohitfinal\\app\\Views\\detaileventp.php', 24)
 2 SYSTEMPATH\View\View.php(213): include('D:\\TUGAS\\KULIAH\\P2MW\\hehe\\gohitfinal\\app\\Views\\detaileventp.php')
 3 SYSTEMPATH\View\View.php(216): CodeIgniter\View\View->CodeIgniter\View\{closure}()
 4 SYSTEMPATH\Common.php(1184): CodeIgniter\View\View->render('detaileventp', [], true)
 5 APPPATH\Controllers\DetailEvent.php(481): view('detaileventp', [...])
 6 SYSTEMPATH\CodeIgniter.php(934): App\Controllers\DetailEvent->peserta('css', 'style.css')
 7 SYSTEMPATH\CodeIgniter.php(499): CodeIgniter\CodeIgniter->runController(Object(App\Controllers\DetailEvent))
 8 SYSTEMPATH\CodeIgniter.php(368): CodeIgniter\CodeIgniter->handleRequest(null, Object(Config\Cache), false)
 9 FCPATH\index.php(67): CodeIgniter\CodeIgniter->run()
10 SYSTEMPATH\Commands\Server\rewrite.php(47): require_once('D:\\TUGAS\\KULIAH\\P2MW\\hehe\\gohitfinal\\public\\index.php')
INFO - 2025-06-15 16:47:39 --> Session: Class initialized using 'CodeIgniter\Session\Handlers\FileHandler' driver.
CRITICAL - 2025-06-15 16:47:40 --> Undefined variable $tgl
in APPPATH\Views\detaileventp.php on line 24.
 1 APPPATH\Views\detaileventp.php(24): CodeIgniter\Debug\Exceptions->errorHandler(2, 'Undefined variable $tgl', 'D:\\TUGAS\\KULIAH\\P2MW\\hehe\\gohitfinal\\app\\Views\\detaileventp.php', 24)
 2 SYSTEMPATH\View\View.php(213): include('D:\\TUGAS\\KULIAH\\P2MW\\hehe\\gohitfinal\\app\\Views\\detaileventp.php')
 3 SYSTEMPATH\View\View.php(216): CodeIgniter\View\View->CodeIgniter\View\{closure}()
 4 SYSTEMPATH\Common.php(1184): CodeIgniter\View\View->render('detaileventp', [], true)
 5 APPPATH\Controllers\DetailEvent.php(481): view('detaileventp', [...])
 6 SYSTEMPATH\CodeIgniter.php(934): App\Controllers\DetailEvent->peserta('images', 'bg-01.jpg')
 7 SYSTEMPATH\CodeIgniter.php(499): CodeIgniter\CodeIgniter->runController(Object(App\Controllers\DetailEvent))
 8 SYSTEMPATH\CodeIgniter.php(368): CodeIgniter\CodeIgniter->handleRequest(null, Object(Config\Cache), false)
 9 FCPATH\index.php(67): CodeIgniter\CodeIgniter->run()
10 SYSTEMPATH\Commands\Server\rewrite.php(47): require_once('D:\\TUGAS\\KULIAH\\P2MW\\hehe\\gohitfinal\\public\\index.php')
INFO - 2025-06-15 16:48:20 --> Session: Class initialized using 'CodeIgniter\Session\Handlers\FileHandler' driver.
INFO - 2025-06-15 16:48:20 --> Session: Class initialized using 'CodeIgniter\Session\Handlers\FileHandler' driver.
INFO - 2025-06-15 16:48:21 --> Session: Class initialized using 'CodeIgniter\Session\Handlers\FileHandler' driver.
CRITICAL - 2025-06-15 16:48:21 --> Undefined variable $tgl
in APPPATH\Views\detaileventp.php on line 24.
 1 APPPATH\Views\detaileventp.php(24): CodeIgniter\Debug\Exceptions->errorHandler(2, 'Undefined variable $tgl', 'D:\\TUGAS\\KULIAH\\P2MW\\hehe\\gohitfinal\\app\\Views\\detaileventp.php', 24)
 2 SYSTEMPATH\View\View.php(213): include('D:\\TUGAS\\KULIAH\\P2MW\\hehe\\gohitfinal\\app\\Views\\detaileventp.php')
 3 SYSTEMPATH\View\View.php(216): CodeIgniter\View\View->CodeIgniter\View\{closure}()
 4 SYSTEMPATH\Common.php(1184): CodeIgniter\View\View->render('detaileventp', [], true)
 5 APPPATH\Controllers\DetailEvent.php(481): view('detaileventp', [...])
 6 SYSTEMPATH\CodeIgniter.php(934): App\Controllers\DetailEvent->peserta('css', 'main.css')
 7 SYSTEMPATH\CodeIgniter.php(499): CodeIgniter\CodeIgniter->runController(Object(App\Controllers\DetailEvent))
 8 SYSTEMPATH\CodeIgniter.php(368): CodeIgniter\CodeIgniter->handleRequest(null, Object(Config\Cache), false)
 9 FCPATH\index.php(67): CodeIgniter\CodeIgniter->run()
10 SYSTEMPATH\Commands\Server\rewrite.php(47): require_once('D:\\TUGAS\\KULIAH\\P2MW\\hehe\\gohitfinal\\public\\index.php')
INFO - 2025-06-15 16:48:21 --> Session: Class initialized using 'CodeIgniter\Session\Handlers\FileHandler' driver.
CRITICAL - 2025-06-15 16:48:21 --> Undefined variable $tgl
in APPPATH\Views\detaileventp.php on line 24.
 1 APPPATH\Views\detaileventp.php(24): CodeIgniter\Debug\Exceptions->errorHandler(2, 'Undefined variable $tgl', 'D:\\TUGAS\\KULIAH\\P2MW\\hehe\\gohitfinal\\app\\Views\\detaileventp.php', 24)
 2 SYSTEMPATH\View\View.php(213): include('D:\\TUGAS\\KULIAH\\P2MW\\hehe\\gohitfinal\\app\\Views\\detaileventp.php')
 3 SYSTEMPATH\View\View.php(216): CodeIgniter\View\View->CodeIgniter\View\{closure}()
 4 SYSTEMPATH\Common.php(1184): CodeIgniter\View\View->render('detaileventp', [], true)
 5 APPPATH\Controllers\DetailEvent.php(481): view('detaileventp', [...])
 6 SYSTEMPATH\CodeIgniter.php(934): App\Controllers\DetailEvent->peserta('css', 'style.css')
 7 SYSTEMPATH\CodeIgniter.php(499): CodeIgniter\CodeIgniter->runController(Object(App\Controllers\DetailEvent))
 8 SYSTEMPATH\CodeIgniter.php(368): CodeIgniter\CodeIgniter->handleRequest(null, Object(Config\Cache), false)
 9 FCPATH\index.php(67): CodeIgniter\CodeIgniter->run()
10 SYSTEMPATH\Commands\Server\rewrite.php(47): require_once('D:\\TUGAS\\KULIAH\\P2MW\\hehe\\gohitfinal\\public\\index.php')
INFO - 2025-06-15 16:48:21 --> Session: Class initialized using 'CodeIgniter\Session\Handlers\FileHandler' driver.
CRITICAL - 2025-06-15 16:48:21 --> Undefined variable $tgl
in APPPATH\Views\detaileventp.php on line 24.
 1 APPPATH\Views\detaileventp.php(24): CodeIgniter\Debug\Exceptions->errorHandler(2, 'Undefined variable $tgl', 'D:\\TUGAS\\KULIAH\\P2MW\\hehe\\gohitfinal\\app\\Views\\detaileventp.php', 24)
 2 SYSTEMPATH\View\View.php(213): include('D:\\TUGAS\\KULIAH\\P2MW\\hehe\\gohitfinal\\app\\Views\\detaileventp.php')
 3 SYSTEMPATH\View\View.php(216): CodeIgniter\View\View->CodeIgniter\View\{closure}()
 4 SYSTEMPATH\Common.php(1184): CodeIgniter\View\View->render('detaileventp', [], true)
 5 APPPATH\Controllers\DetailEvent.php(481): view('detaileventp', [...])
 6 SYSTEMPATH\CodeIgniter.php(934): App\Controllers\DetailEvent->peserta('images', 'bg-01.jpg')
 7 SYSTEMPATH\CodeIgniter.php(499): CodeIgniter\CodeIgniter->runController(Object(App\Controllers\DetailEvent))
 8 SYSTEMPATH\CodeIgniter.php(368): CodeIgniter\CodeIgniter->handleRequest(null, Object(Config\Cache), false)
 9 FCPATH\index.php(67): CodeIgniter\CodeIgniter->run()
10 SYSTEMPATH\Commands\Server\rewrite.php(47): require_once('D:\\TUGAS\\KULIAH\\P2MW\\hehe\\gohitfinal\\public\\index.php')
INFO - 2025-06-15 16:49:44 --> Session: Class initialized using 'CodeIgniter\Session\Handlers\FileHandler' driver.
INFO - 2025-06-15 16:49:44 --> Session: Class initialized using 'CodeIgniter\Session\Handlers\FileHandler' driver.
INFO - 2025-06-15 16:49:45 --> Session: Class initialized using 'CodeIgniter\Session\Handlers\FileHandler' driver.
CRITICAL - 2025-06-15 16:49:45 --> Undefined variable $tgl
in APPPATH\Views\detaileventp.php on line 24.
 1 APPPATH\Views\detaileventp.php(24): CodeIgniter\Debug\Exceptions->errorHandler(2, 'Undefined variable $tgl', 'D:\\TUGAS\\KULIAH\\P2MW\\hehe\\gohitfinal\\app\\Views\\detaileventp.php', 24)
 2 SYSTEMPATH\View\View.php(213): include('D:\\TUGAS\\KULIAH\\P2MW\\hehe\\gohitfinal\\app\\Views\\detaileventp.php')
 3 SYSTEMPATH\View\View.php(216): CodeIgniter\View\View->CodeIgniter\View\{closure}()
 4 SYSTEMPATH\Common.php(1184): CodeIgniter\View\View->render('detaileventp', [], true)
 5 APPPATH\Controllers\DetailEvent.php(481): view('detaileventp', [...])
 6 SYSTEMPATH\CodeIgniter.php(934): App\Controllers\DetailEvent->peserta('css', 'main.css')
 7 SYSTEMPATH\CodeIgniter.php(499): CodeIgniter\CodeIgniter->runController(Object(App\Controllers\DetailEvent))
 8 SYSTEMPATH\CodeIgniter.php(368): CodeIgniter\CodeIgniter->handleRequest(null, Object(Config\Cache), false)
 9 FCPATH\index.php(67): CodeIgniter\CodeIgniter->run()
10 SYSTEMPATH\Commands\Server\rewrite.php(47): require_once('D:\\TUGAS\\KULIAH\\P2MW\\hehe\\gohitfinal\\public\\index.php')
INFO - 2025-06-15 16:49:45 --> Session: Class initialized using 'CodeIgniter\Session\Handlers\FileHandler' driver.
CRITICAL - 2025-06-15 16:49:45 --> Undefined variable $tgl
in APPPATH\Views\detaileventp.php on line 24.
 1 APPPATH\Views\detaileventp.php(24): CodeIgniter\Debug\Exceptions->errorHandler(2, 'Undefined variable $tgl', 'D:\\TUGAS\\KULIAH\\P2MW\\hehe\\gohitfinal\\app\\Views\\detaileventp.php', 24)
 2 SYSTEMPATH\View\View.php(213): include('D:\\TUGAS\\KULIAH\\P2MW\\hehe\\gohitfinal\\app\\Views\\detaileventp.php')
 3 SYSTEMPATH\View\View.php(216): CodeIgniter\View\View->CodeIgniter\View\{closure}()
 4 SYSTEMPATH\Common.php(1184): CodeIgniter\View\View->render('detaileventp', [], true)
 5 APPPATH\Controllers\DetailEvent.php(481): view('detaileventp', [...])
 6 SYSTEMPATH\CodeIgniter.php(934): App\Controllers\DetailEvent->peserta('css', 'style.css')
 7 SYSTEMPATH\CodeIgniter.php(499): CodeIgniter\CodeIgniter->runController(Object(App\Controllers\DetailEvent))
 8 SYSTEMPATH\CodeIgniter.php(368): CodeIgniter\CodeIgniter->handleRequest(null, Object(Config\Cache), false)
 9 FCPATH\index.php(67): CodeIgniter\CodeIgniter->run()
10 SYSTEMPATH\Commands\Server\rewrite.php(47): require_once('D:\\TUGAS\\KULIAH\\P2MW\\hehe\\gohitfinal\\public\\index.php')
INFO - 2025-06-15 16:49:45 --> Session: Class initialized using 'CodeIgniter\Session\Handlers\FileHandler' driver.
CRITICAL - 2025-06-15 16:49:45 --> Undefined variable $tgl
in APPPATH\Views\detaileventp.php on line 24.
 1 APPPATH\Views\detaileventp.php(24): CodeIgniter\Debug\Exceptions->errorHandler(2, 'Undefined variable $tgl', 'D:\\TUGAS\\KULIAH\\P2MW\\hehe\\gohitfinal\\app\\Views\\detaileventp.php', 24)
 2 SYSTEMPATH\View\View.php(213): include('D:\\TUGAS\\KULIAH\\P2MW\\hehe\\gohitfinal\\app\\Views\\detaileventp.php')
 3 SYSTEMPATH\View\View.php(216): CodeIgniter\View\View->CodeIgniter\View\{closure}()
 4 SYSTEMPATH\Common.php(1184): CodeIgniter\View\View->render('detaileventp', [], true)
 5 APPPATH\Controllers\DetailEvent.php(481): view('detaileventp', [...])
 6 SYSTEMPATH\CodeIgniter.php(934): App\Controllers\DetailEvent->peserta('images', 'bg-01.jpg')
 7 SYSTEMPATH\CodeIgniter.php(499): CodeIgniter\CodeIgniter->runController(Object(App\Controllers\DetailEvent))
 8 SYSTEMPATH\CodeIgniter.php(368): CodeIgniter\CodeIgniter->handleRequest(null, Object(Config\Cache), false)
 9 FCPATH\index.php(67): CodeIgniter\CodeIgniter->run()
10 SYSTEMPATH\Commands\Server\rewrite.php(47): require_once('D:\\TUGAS\\KULIAH\\P2MW\\hehe\\gohitfinal\\public\\index.php')
INFO - 2025-06-15 16:50:22 --> Session: Class initialized using 'CodeIgniter\Session\Handlers\FileHandler' driver.
INFO - 2025-06-15 16:50:23 --> Session: Class initialized using 'CodeIgniter\Session\Handlers\FileHandler' driver.
INFO - 2025-06-15 16:50:23 --> Session: Class initialized using 'CodeIgniter\Session\Handlers\FileHandler' driver.
CRITICAL - 2025-06-15 16:50:23 --> Undefined variable $tgl
in APPPATH\Views\detaileventp.php on line 24.
 1 APPPATH\Views\detaileventp.php(24): CodeIgniter\Debug\Exceptions->errorHandler(2, 'Undefined variable $tgl', 'D:\\TUGAS\\KULIAH\\P2MW\\hehe\\gohitfinal\\app\\Views\\detaileventp.php', 24)
 2 SYSTEMPATH\View\View.php(213): include('D:\\TUGAS\\KULIAH\\P2MW\\hehe\\gohitfinal\\app\\Views\\detaileventp.php')
 3 SYSTEMPATH\View\View.php(216): CodeIgniter\View\View->CodeIgniter\View\{closure}()
 4 SYSTEMPATH\Common.php(1184): CodeIgniter\View\View->render('detaileventp', [], true)
 5 APPPATH\Controllers\DetailEvent.php(481): view('detaileventp', [...])
 6 SYSTEMPATH\CodeIgniter.php(934): App\Controllers\DetailEvent->peserta('css', 'main.css')
 7 SYSTEMPATH\CodeIgniter.php(499): CodeIgniter\CodeIgniter->runController(Object(App\Controllers\DetailEvent))
 8 SYSTEMPATH\CodeIgniter.php(368): CodeIgniter\CodeIgniter->handleRequest(null, Object(Config\Cache), false)
 9 FCPATH\index.php(67): CodeIgniter\CodeIgniter->run()
10 SYSTEMPATH\Commands\Server\rewrite.php(47): require_once('D:\\TUGAS\\KULIAH\\P2MW\\hehe\\gohitfinal\\public\\index.php')
INFO - 2025-06-15 16:50:23 --> Session: Class initialized using 'CodeIgniter\Session\Handlers\FileHandler' driver.
CRITICAL - 2025-06-15 16:50:23 --> Undefined variable $tgl
in APPPATH\Views\detaileventp.php on line 24.
 1 APPPATH\Views\detaileventp.php(24): CodeIgniter\Debug\Exceptions->errorHandler(2, 'Undefined variable $tgl', 'D:\\TUGAS\\KULIAH\\P2MW\\hehe\\gohitfinal\\app\\Views\\detaileventp.php', 24)
 2 SYSTEMPATH\View\View.php(213): include('D:\\TUGAS\\KULIAH\\P2MW\\hehe\\gohitfinal\\app\\Views\\detaileventp.php')
 3 SYSTEMPATH\View\View.php(216): CodeIgniter\View\View->CodeIgniter\View\{closure}()
 4 SYSTEMPATH\Common.php(1184): CodeIgniter\View\View->render('detaileventp', [], true)
 5 APPPATH\Controllers\DetailEvent.php(481): view('detaileventp', [...])
 6 SYSTEMPATH\CodeIgniter.php(934): App\Controllers\DetailEvent->peserta('css', 'style.css')
 7 SYSTEMPATH\CodeIgniter.php(499): CodeIgniter\CodeIgniter->runController(Object(App\Controllers\DetailEvent))
 8 SYSTEMPATH\CodeIgniter.php(368): CodeIgniter\CodeIgniter->handleRequest(null, Object(Config\Cache), false)
 9 FCPATH\index.php(67): CodeIgniter\CodeIgniter->run()
10 SYSTEMPATH\Commands\Server\rewrite.php(47): require_once('D:\\TUGAS\\KULIAH\\P2MW\\hehe\\gohitfinal\\public\\index.php')
INFO - 2025-06-15 16:50:23 --> Session: Class initialized using 'CodeIgniter\Session\Handlers\FileHandler' driver.
CRITICAL - 2025-06-15 16:50:23 --> Undefined variable $tgl
in APPPATH\Views\detaileventp.php on line 24.
 1 APPPATH\Views\detaileventp.php(24): CodeIgniter\Debug\Exceptions->errorHandler(2, 'Undefined variable $tgl', 'D:\\TUGAS\\KULIAH\\P2MW\\hehe\\gohitfinal\\app\\Views\\detaileventp.php', 24)
 2 SYSTEMPATH\View\View.php(213): include('D:\\TUGAS\\KULIAH\\P2MW\\hehe\\gohitfinal\\app\\Views\\detaileventp.php')
 3 SYSTEMPATH\View\View.php(216): CodeIgniter\View\View->CodeIgniter\View\{closure}()
 4 SYSTEMPATH\Common.php(1184): CodeIgniter\View\View->render('detaileventp', [], true)
 5 APPPATH\Controllers\DetailEvent.php(481): view('detaileventp', [...])
 6 SYSTEMPATH\CodeIgniter.php(934): App\Controllers\DetailEvent->peserta('images', 'bg-01.jpg')
 7 SYSTEMPATH\CodeIgniter.php(499): CodeIgniter\CodeIgniter->runController(Object(App\Controllers\DetailEvent))
 8 SYSTEMPATH\CodeIgniter.php(368): CodeIgniter\CodeIgniter->handleRequest(null, Object(Config\Cache), false)
 9 FCPATH\index.php(67): CodeIgniter\CodeIgniter->run()
10 SYSTEMPATH\Commands\Server\rewrite.php(47): require_once('D:\\TUGAS\\KULIAH\\P2MW\\hehe\\gohitfinal\\public\\index.php')
INFO - 2025-06-15 16:50:54 --> Session: Class initialized using 'CodeIgniter\Session\Handlers\FileHandler' driver.
INFO - 2025-06-15 16:50:55 --> Session: Class initialized using 'CodeIgniter\Session\Handlers\FileHandler' driver.
INFO - 2025-06-15 16:50:55 --> Session: Class initialized using 'CodeIgniter\Session\Handlers\FileHandler' driver.
CRITICAL - 2025-06-15 16:50:55 --> Undefined variable $tgl
in APPPATH\Views\detaileventp.php on line 24.
 1 APPPATH\Views\detaileventp.php(24): CodeIgniter\Debug\Exceptions->errorHandler(2, 'Undefined variable $tgl', 'D:\\TUGAS\\KULIAH\\P2MW\\hehe\\gohitfinal\\app\\Views\\detaileventp.php', 24)
 2 SYSTEMPATH\View\View.php(213): include('D:\\TUGAS\\KULIAH\\P2MW\\hehe\\gohitfinal\\app\\Views\\detaileventp.php')
 3 SYSTEMPATH\View\View.php(216): CodeIgniter\View\View->CodeIgniter\View\{closure}()
 4 SYSTEMPATH\Common.php(1184): CodeIgniter\View\View->render('detaileventp', [], true)
 5 APPPATH\Controllers\DetailEvent.php(481): view('detaileventp', [...])
 6 SYSTEMPATH\CodeIgniter.php(934): App\Controllers\DetailEvent->peserta('css', 'main.css')
 7 SYSTEMPATH\CodeIgniter.php(499): CodeIgniter\CodeIgniter->runController(Object(App\Controllers\DetailEvent))
 8 SYSTEMPATH\CodeIgniter.php(368): CodeIgniter\CodeIgniter->handleRequest(null, Object(Config\Cache), false)
 9 FCPATH\index.php(67): CodeIgniter\CodeIgniter->run()
10 SYSTEMPATH\Commands\Server\rewrite.php(47): require_once('D:\\TUGAS\\KULIAH\\P2MW\\hehe\\gohitfinal\\public\\index.php')
INFO - 2025-06-15 16:50:55 --> Session: Class initialized using 'CodeIgniter\Session\Handlers\FileHandler' driver.
CRITICAL - 2025-06-15 16:50:55 --> Undefined variable $tgl
in APPPATH\Views\detaileventp.php on line 24.
 1 APPPATH\Views\detaileventp.php(24): CodeIgniter\Debug\Exceptions->errorHandler(2, 'Undefined variable $tgl', 'D:\\TUGAS\\KULIAH\\P2MW\\hehe\\gohitfinal\\app\\Views\\detaileventp.php', 24)
 2 SYSTEMPATH\View\View.php(213): include('D:\\TUGAS\\KULIAH\\P2MW\\hehe\\gohitfinal\\app\\Views\\detaileventp.php')
 3 SYSTEMPATH\View\View.php(216): CodeIgniter\View\View->CodeIgniter\View\{closure}()
 4 SYSTEMPATH\Common.php(1184): CodeIgniter\View\View->render('detaileventp', [], true)
 5 APPPATH\Controllers\DetailEvent.php(481): view('detaileventp', [...])
 6 SYSTEMPATH\CodeIgniter.php(934): App\Controllers\DetailEvent->peserta('css', 'style.css')
 7 SYSTEMPATH\CodeIgniter.php(499): CodeIgniter\CodeIgniter->runController(Object(App\Controllers\DetailEvent))
 8 SYSTEMPATH\CodeIgniter.php(368): CodeIgniter\CodeIgniter->handleRequest(null, Object(Config\Cache), false)
 9 FCPATH\index.php(67): CodeIgniter\CodeIgniter->run()
10 SYSTEMPATH\Commands\Server\rewrite.php(47): require_once('D:\\TUGAS\\KULIAH\\P2MW\\hehe\\gohitfinal\\public\\index.php')
INFO - 2025-06-15 16:50:55 --> Session: Class initialized using 'CodeIgniter\Session\Handlers\FileHandler' driver.
CRITICAL - 2025-06-15 16:50:55 --> Undefined variable $tgl
in APPPATH\Views\detaileventp.php on line 24.
 1 APPPATH\Views\detaileventp.php(24): CodeIgniter\Debug\Exceptions->errorHandler(2, 'Undefined variable $tgl', 'D:\\TUGAS\\KULIAH\\P2MW\\hehe\\gohitfinal\\app\\Views\\detaileventp.php', 24)
 2 SYSTEMPATH\View\View.php(213): include('D:\\TUGAS\\KULIAH\\P2MW\\hehe\\gohitfinal\\app\\Views\\detaileventp.php')
 3 SYSTEMPATH\View\View.php(216): CodeIgniter\View\View->CodeIgniter\View\{closure}()
 4 SYSTEMPATH\Common.php(1184): CodeIgniter\View\View->render('detaileventp', [], true)
 5 APPPATH\Controllers\DetailEvent.php(481): view('detaileventp', [...])
 6 SYSTEMPATH\CodeIgniter.php(934): App\Controllers\DetailEvent->peserta('images', 'bg-01.jpg')
 7 SYSTEMPATH\CodeIgniter.php(499): CodeIgniter\CodeIgniter->runController(Object(App\Controllers\DetailEvent))
 8 SYSTEMPATH\CodeIgniter.php(368): CodeIgniter\CodeIgniter->handleRequest(null, Object(Config\Cache), false)
 9 FCPATH\index.php(67): CodeIgniter\CodeIgniter->run()
10 SYSTEMPATH\Commands\Server\rewrite.php(47): require_once('D:\\TUGAS\\KULIAH\\P2MW\\hehe\\gohitfinal\\public\\index.php')
INFO - 2025-06-15 16:51:26 --> Session: Class initialized using 'CodeIgniter\Session\Handlers\FileHandler' driver.
INFO - 2025-06-15 16:51:26 --> Session: Class initialized using 'CodeIgniter\Session\Handlers\FileHandler' driver.
INFO - 2025-06-15 16:51:26 --> Session: Class initialized using 'CodeIgniter\Session\Handlers\FileHandler' driver.
CRITICAL - 2025-06-15 16:51:26 --> Undefined variable $tgl
in APPPATH\Views\detaileventp.php on line 24.
 1 APPPATH\Views\detaileventp.php(24): CodeIgniter\Debug\Exceptions->errorHandler(2, 'Undefined variable $tgl', 'D:\\TUGAS\\KULIAH\\P2MW\\hehe\\gohitfinal\\app\\Views\\detaileventp.php', 24)
 2 SYSTEMPATH\View\View.php(213): include('D:\\TUGAS\\KULIAH\\P2MW\\hehe\\gohitfinal\\app\\Views\\detaileventp.php')
 3 SYSTEMPATH\View\View.php(216): CodeIgniter\View\View->CodeIgniter\View\{closure}()
 4 SYSTEMPATH\Common.php(1184): CodeIgniter\View\View->render('detaileventp', [], true)
 5 APPPATH\Controllers\DetailEvent.php(481): view('detaileventp', [...])
 6 SYSTEMPATH\CodeIgniter.php(934): App\Controllers\DetailEvent->peserta('css', 'main.css')
 7 SYSTEMPATH\CodeIgniter.php(499): CodeIgniter\CodeIgniter->runController(Object(App\Controllers\DetailEvent))
 8 SYSTEMPATH\CodeIgniter.php(368): CodeIgniter\CodeIgniter->handleRequest(null, Object(Config\Cache), false)
 9 FCPATH\index.php(67): CodeIgniter\CodeIgniter->run()
10 SYSTEMPATH\Commands\Server\rewrite.php(47): require_once('D:\\TUGAS\\KULIAH\\P2MW\\hehe\\gohitfinal\\public\\index.php')
INFO - 2025-06-15 16:51:26 --> Session: Class initialized using 'CodeIgniter\Session\Handlers\FileHandler' driver.
CRITICAL - 2025-06-15 16:51:26 --> Undefined variable $tgl
in APPPATH\Views\detaileventp.php on line 24.
 1 APPPATH\Views\detaileventp.php(24): CodeIgniter\Debug\Exceptions->errorHandler(2, 'Undefined variable $tgl', 'D:\\TUGAS\\KULIAH\\P2MW\\hehe\\gohitfinal\\app\\Views\\detaileventp.php', 24)
 2 SYSTEMPATH\View\View.php(213): include('D:\\TUGAS\\KULIAH\\P2MW\\hehe\\gohitfinal\\app\\Views\\detaileventp.php')
 3 SYSTEMPATH\View\View.php(216): CodeIgniter\View\View->CodeIgniter\View\{closure}()
 4 SYSTEMPATH\Common.php(1184): CodeIgniter\View\View->render('detaileventp', [], true)
 5 APPPATH\Controllers\DetailEvent.php(481): view('detaileventp', [...])
 6 SYSTEMPATH\CodeIgniter.php(934): App\Controllers\DetailEvent->peserta('css', 'style.css')
 7 SYSTEMPATH\CodeIgniter.php(499): CodeIgniter\CodeIgniter->runController(Object(App\Controllers\DetailEvent))
 8 SYSTEMPATH\CodeIgniter.php(368): CodeIgniter\CodeIgniter->handleRequest(null, Object(Config\Cache), false)
 9 FCPATH\index.php(67): CodeIgniter\CodeIgniter->run()
10 SYSTEMPATH\Commands\Server\rewrite.php(47): require_once('D:\\TUGAS\\KULIAH\\P2MW\\hehe\\gohitfinal\\public\\index.php')
INFO - 2025-06-15 16:51:26 --> Session: Class initialized using 'CodeIgniter\Session\Handlers\FileHandler' driver.
CRITICAL - 2025-06-15 16:51:26 --> Undefined variable $tgl
in APPPATH\Views\detaileventp.php on line 24.
 1 APPPATH\Views\detaileventp.php(24): CodeIgniter\Debug\Exceptions->errorHandler(2, 'Undefined variable $tgl', 'D:\\TUGAS\\KULIAH\\P2MW\\hehe\\gohitfinal\\app\\Views\\detaileventp.php', 24)
 2 SYSTEMPATH\View\View.php(213): include('D:\\TUGAS\\KULIAH\\P2MW\\hehe\\gohitfinal\\app\\Views\\detaileventp.php')
 3 SYSTEMPATH\View\View.php(216): CodeIgniter\View\View->CodeIgniter\View\{closure}()
 4 SYSTEMPATH\Common.php(1184): CodeIgniter\View\View->render('detaileventp', [], true)
 5 APPPATH\Controllers\DetailEvent.php(481): view('detaileventp', [...])
 6 SYSTEMPATH\CodeIgniter.php(934): App\Controllers\DetailEvent->peserta('images', 'bg-01.jpg')
 7 SYSTEMPATH\CodeIgniter.php(499): CodeIgniter\CodeIgniter->runController(Object(App\Controllers\DetailEvent))
 8 SYSTEMPATH\CodeIgniter.php(368): CodeIgniter\CodeIgniter->handleRequest(null, Object(Config\Cache), false)
 9 FCPATH\index.php(67): CodeIgniter\CodeIgniter->run()
10 SYSTEMPATH\Commands\Server\rewrite.php(47): require_once('D:\\TUGAS\\KULIAH\\P2MW\\hehe\\gohitfinal\\public\\index.php')
INFO - 2025-06-15 16:52:04 --> Session: Class initialized using 'CodeIgniter\Session\Handlers\FileHandler' driver.
INFO - 2025-06-15 16:52:04 --> Session: Class initialized using 'CodeIgniter\Session\Handlers\FileHandler' driver.
INFO - 2025-06-15 16:52:05 --> Session: Class initialized using 'CodeIgniter\Session\Handlers\FileHandler' driver.
CRITICAL - 2025-06-15 16:52:05 --> Undefined variable $tgl
in APPPATH\Views\detaileventp.php on line 24.
 1 APPPATH\Views\detaileventp.php(24): CodeIgniter\Debug\Exceptions->errorHandler(2, 'Undefined variable $tgl', 'D:\\TUGAS\\KULIAH\\P2MW\\hehe\\gohitfinal\\app\\Views\\detaileventp.php', 24)
 2 SYSTEMPATH\View\View.php(213): include('D:\\TUGAS\\KULIAH\\P2MW\\hehe\\gohitfinal\\app\\Views\\detaileventp.php')
 3 SYSTEMPATH\View\View.php(216): CodeIgniter\View\View->CodeIgniter\View\{closure}()
 4 SYSTEMPATH\Common.php(1184): CodeIgniter\View\View->render('detaileventp', [], true)
 5 APPPATH\Controllers\DetailEvent.php(481): view('detaileventp', [...])
 6 SYSTEMPATH\CodeIgniter.php(934): App\Controllers\DetailEvent->peserta('css', 'main.css')
 7 SYSTEMPATH\CodeIgniter.php(499): CodeIgniter\CodeIgniter->runController(Object(App\Controllers\DetailEvent))
 8 SYSTEMPATH\CodeIgniter.php(368): CodeIgniter\CodeIgniter->handleRequest(null, Object(Config\Cache), false)
 9 FCPATH\index.php(67): CodeIgniter\CodeIgniter->run()
10 SYSTEMPATH\Commands\Server\rewrite.php(47): require_once('D:\\TUGAS\\KULIAH\\P2MW\\hehe\\gohitfinal\\public\\index.php')
INFO - 2025-06-15 16:52:05 --> Session: Class initialized using 'CodeIgniter\Session\Handlers\FileHandler' driver.
CRITICAL - 2025-06-15 16:52:05 --> Undefined variable $tgl
in APPPATH\Views\detaileventp.php on line 24.
 1 APPPATH\Views\detaileventp.php(24): CodeIgniter\Debug\Exceptions->errorHandler(2, 'Undefined variable $tgl', 'D:\\TUGAS\\KULIAH\\P2MW\\hehe\\gohitfinal\\app\\Views\\detaileventp.php', 24)
 2 SYSTEMPATH\View\View.php(213): include('D:\\TUGAS\\KULIAH\\P2MW\\hehe\\gohitfinal\\app\\Views\\detaileventp.php')
 3 SYSTEMPATH\View\View.php(216): CodeIgniter\View\View->CodeIgniter\View\{closure}()
 4 SYSTEMPATH\Common.php(1184): CodeIgniter\View\View->render('detaileventp', [], true)
 5 APPPATH\Controllers\DetailEvent.php(481): view('detaileventp', [...])
 6 SYSTEMPATH\CodeIgniter.php(934): App\Controllers\DetailEvent->peserta('css', 'style.css')
 7 SYSTEMPATH\CodeIgniter.php(499): CodeIgniter\CodeIgniter->runController(Object(App\Controllers\DetailEvent))
 8 SYSTEMPATH\CodeIgniter.php(368): CodeIgniter\CodeIgniter->handleRequest(null, Object(Config\Cache), false)
 9 FCPATH\index.php(67): CodeIgniter\CodeIgniter->run()
10 SYSTEMPATH\Commands\Server\rewrite.php(47): require_once('D:\\TUGAS\\KULIAH\\P2MW\\hehe\\gohitfinal\\public\\index.php')
INFO - 2025-06-15 16:52:05 --> Session: Class initialized using 'CodeIgniter\Session\Handlers\FileHandler' driver.
CRITICAL - 2025-06-15 16:52:05 --> Undefined variable $tgl
in APPPATH\Views\detaileventp.php on line 24.
 1 APPPATH\Views\detaileventp.php(24): CodeIgniter\Debug\Exceptions->errorHandler(2, 'Undefined variable $tgl', 'D:\\TUGAS\\KULIAH\\P2MW\\hehe\\gohitfinal\\app\\Views\\detaileventp.php', 24)
 2 SYSTEMPATH\View\View.php(213): include('D:\\TUGAS\\KULIAH\\P2MW\\hehe\\gohitfinal\\app\\Views\\detaileventp.php')
 3 SYSTEMPATH\View\View.php(216): CodeIgniter\View\View->CodeIgniter\View\{closure}()
 4 SYSTEMPATH\Common.php(1184): CodeIgniter\View\View->render('detaileventp', [], true)
 5 APPPATH\Controllers\DetailEvent.php(481): view('detaileventp', [...])
 6 SYSTEMPATH\CodeIgniter.php(934): App\Controllers\DetailEvent->peserta('images', 'bg-01.jpg')
 7 SYSTEMPATH\CodeIgniter.php(499): CodeIgniter\CodeIgniter->runController(Object(App\Controllers\DetailEvent))
 8 SYSTEMPATH\CodeIgniter.php(368): CodeIgniter\CodeIgniter->handleRequest(null, Object(Config\Cache), false)
 9 FCPATH\index.php(67): CodeIgniter\CodeIgniter->run()
10 SYSTEMPATH\Commands\Server\rewrite.php(47): require_once('D:\\TUGAS\\KULIAH\\P2MW\\hehe\\gohitfinal\\public\\index.php')
INFO - 2025-06-15 16:52:32 --> Session: Class initialized using 'CodeIgniter\Session\Handlers\FileHandler' driver.
INFO - 2025-06-15 16:52:32 --> Session: Class initialized using 'CodeIgniter\Session\Handlers\FileHandler' driver.
INFO - 2025-06-15 16:52:32 --> Session: Class initialized using 'CodeIgniter\Session\Handlers\FileHandler' driver.
CRITICAL - 2025-06-15 16:52:32 --> Undefined variable $tgl
in APPPATH\Views\detaileventp.php on line 24.
 1 APPPATH\Views\detaileventp.php(24): CodeIgniter\Debug\Exceptions->errorHandler(2, 'Undefined variable $tgl', 'D:\\TUGAS\\KULIAH\\P2MW\\hehe\\gohitfinal\\app\\Views\\detaileventp.php', 24)
 2 SYSTEMPATH\View\View.php(213): include('D:\\TUGAS\\KULIAH\\P2MW\\hehe\\gohitfinal\\app\\Views\\detaileventp.php')
 3 SYSTEMPATH\View\View.php(216): CodeIgniter\View\View->CodeIgniter\View\{closure}()
 4 SYSTEMPATH\Common.php(1184): CodeIgniter\View\View->render('detaileventp', [], true)
 5 APPPATH\Controllers\DetailEvent.php(481): view('detaileventp', [...])
 6 SYSTEMPATH\CodeIgniter.php(934): App\Controllers\DetailEvent->peserta('css', 'main.css')
 7 SYSTEMPATH\CodeIgniter.php(499): CodeIgniter\CodeIgniter->runController(Object(App\Controllers\DetailEvent))
 8 SYSTEMPATH\CodeIgniter.php(368): CodeIgniter\CodeIgniter->handleRequest(null, Object(Config\Cache), false)
 9 FCPATH\index.php(67): CodeIgniter\CodeIgniter->run()
10 SYSTEMPATH\Commands\Server\rewrite.php(47): require_once('D:\\TUGAS\\KULIAH\\P2MW\\hehe\\gohitfinal\\public\\index.php')
INFO - 2025-06-15 16:52:33 --> Session: Class initialized using 'CodeIgniter\Session\Handlers\FileHandler' driver.
CRITICAL - 2025-06-15 16:52:33 --> Undefined variable $tgl
in APPPATH\Views\detaileventp.php on line 24.
 1 APPPATH\Views\detaileventp.php(24): CodeIgniter\Debug\Exceptions->errorHandler(2, 'Undefined variable $tgl', 'D:\\TUGAS\\KULIAH\\P2MW\\hehe\\gohitfinal\\app\\Views\\detaileventp.php', 24)
 2 SYSTEMPATH\View\View.php(213): include('D:\\TUGAS\\KULIAH\\P2MW\\hehe\\gohitfinal\\app\\Views\\detaileventp.php')
 3 SYSTEMPATH\View\View.php(216): CodeIgniter\View\View->CodeIgniter\View\{closure}()
 4 SYSTEMPATH\Common.php(1184): CodeIgniter\View\View->render('detaileventp', [], true)
 5 APPPATH\Controllers\DetailEvent.php(481): view('detaileventp', [...])
 6 SYSTEMPATH\CodeIgniter.php(934): App\Controllers\DetailEvent->peserta('css', 'style.css')
 7 SYSTEMPATH\CodeIgniter.php(499): CodeIgniter\CodeIgniter->runController(Object(App\Controllers\DetailEvent))
 8 SYSTEMPATH\CodeIgniter.php(368): CodeIgniter\CodeIgniter->handleRequest(null, Object(Config\Cache), false)
 9 FCPATH\index.php(67): CodeIgniter\CodeIgniter->run()
10 SYSTEMPATH\Commands\Server\rewrite.php(47): require_once('D:\\TUGAS\\KULIAH\\P2MW\\hehe\\gohitfinal\\public\\index.php')
INFO - 2025-06-15 16:52:33 --> Session: Class initialized using 'CodeIgniter\Session\Handlers\FileHandler' driver.
CRITICAL - 2025-06-15 16:52:33 --> Undefined variable $tgl
in APPPATH\Views\detaileventp.php on line 24.
 1 APPPATH\Views\detaileventp.php(24): CodeIgniter\Debug\Exceptions->errorHandler(2, 'Undefined variable $tgl', 'D:\\TUGAS\\KULIAH\\P2MW\\hehe\\gohitfinal\\app\\Views\\detaileventp.php', 24)
 2 SYSTEMPATH\View\View.php(213): include('D:\\TUGAS\\KULIAH\\P2MW\\hehe\\gohitfinal\\app\\Views\\detaileventp.php')
 3 SYSTEMPATH\View\View.php(216): CodeIgniter\View\View->CodeIgniter\View\{closure}()
 4 SYSTEMPATH\Common.php(1184): CodeIgniter\View\View->render('detaileventp', [], true)
 5 APPPATH\Controllers\DetailEvent.php(481): view('detaileventp', [...])
 6 SYSTEMPATH\CodeIgniter.php(934): App\Controllers\DetailEvent->peserta('images', 'bg-01.jpg')
 7 SYSTEMPATH\CodeIgniter.php(499): CodeIgniter\CodeIgniter->runController(Object(App\Controllers\DetailEvent))
 8 SYSTEMPATH\CodeIgniter.php(368): CodeIgniter\CodeIgniter->handleRequest(null, Object(Config\Cache), false)
 9 FCPATH\index.php(67): CodeIgniter\CodeIgniter->run()
10 SYSTEMPATH\Commands\Server\rewrite.php(47): require_once('D:\\TUGAS\\KULIAH\\P2MW\\hehe\\gohitfinal\\public\\index.php')
INFO - 2025-06-15 16:53:13 --> Session: Class initialized using 'CodeIgniter\Session\Handlers\FileHandler' driver.
INFO - 2025-06-15 16:53:13 --> Session: Class initialized using 'CodeIgniter\Session\Handlers\FileHandler' driver.
INFO - 2025-06-15 16:53:13 --> Session: Class initialized using 'CodeIgniter\Session\Handlers\FileHandler' driver.
CRITICAL - 2025-06-15 16:53:13 --> Undefined variable $tgl
in APPPATH\Views\detaileventp.php on line 24.
 1 APPPATH\Views\detaileventp.php(24): CodeIgniter\Debug\Exceptions->errorHandler(2, 'Undefined variable $tgl', 'D:\\TUGAS\\KULIAH\\P2MW\\hehe\\gohitfinal\\app\\Views\\detaileventp.php', 24)
 2 SYSTEMPATH\View\View.php(213): include('D:\\TUGAS\\KULIAH\\P2MW\\hehe\\gohitfinal\\app\\Views\\detaileventp.php')
 3 SYSTEMPATH\View\View.php(216): CodeIgniter\View\View->CodeIgniter\View\{closure}()
 4 SYSTEMPATH\Common.php(1184): CodeIgniter\View\View->render('detaileventp', [], true)
 5 APPPATH\Controllers\DetailEvent.php(481): view('detaileventp', [...])
 6 SYSTEMPATH\CodeIgniter.php(934): App\Controllers\DetailEvent->peserta('css', 'main.css')
 7 SYSTEMPATH\CodeIgniter.php(499): CodeIgniter\CodeIgniter->runController(Object(App\Controllers\DetailEvent))
 8 SYSTEMPATH\CodeIgniter.php(368): CodeIgniter\CodeIgniter->handleRequest(null, Object(Config\Cache), false)
 9 FCPATH\index.php(67): CodeIgniter\CodeIgniter->run()
10 SYSTEMPATH\Commands\Server\rewrite.php(47): require_once('D:\\TUGAS\\KULIAH\\P2MW\\hehe\\gohitfinal\\public\\index.php')
INFO - 2025-06-15 16:53:13 --> Session: Class initialized using 'CodeIgniter\Session\Handlers\FileHandler' driver.
CRITICAL - 2025-06-15 16:53:13 --> Undefined variable $tgl
in APPPATH\Views\detaileventp.php on line 24.
 1 APPPATH\Views\detaileventp.php(24): CodeIgniter\Debug\Exceptions->errorHandler(2, 'Undefined variable $tgl', 'D:\\TUGAS\\KULIAH\\P2MW\\hehe\\gohitfinal\\app\\Views\\detaileventp.php', 24)
 2 SYSTEMPATH\View\View.php(213): include('D:\\TUGAS\\KULIAH\\P2MW\\hehe\\gohitfinal\\app\\Views\\detaileventp.php')
 3 SYSTEMPATH\View\View.php(216): CodeIgniter\View\View->CodeIgniter\View\{closure}()
 4 SYSTEMPATH\Common.php(1184): CodeIgniter\View\View->render('detaileventp', [], true)
 5 APPPATH\Controllers\DetailEvent.php(481): view('detaileventp', [...])
 6 SYSTEMPATH\CodeIgniter.php(934): App\Controllers\DetailEvent->peserta('css', 'style.css')
 7 SYSTEMPATH\CodeIgniter.php(499): CodeIgniter\CodeIgniter->runController(Object(App\Controllers\DetailEvent))
 8 SYSTEMPATH\CodeIgniter.php(368): CodeIgniter\CodeIgniter->handleRequest(null, Object(Config\Cache), false)
 9 FCPATH\index.php(67): CodeIgniter\CodeIgniter->run()
10 SYSTEMPATH\Commands\Server\rewrite.php(47): require_once('D:\\TUGAS\\KULIAH\\P2MW\\hehe\\gohitfinal\\public\\index.php')
INFO - 2025-06-15 16:53:13 --> Session: Class initialized using 'CodeIgniter\Session\Handlers\FileHandler' driver.
CRITICAL - 2025-06-15 16:53:13 --> Undefined variable $tgl
in APPPATH\Views\detaileventp.php on line 24.
 1 APPPATH\Views\detaileventp.php(24): CodeIgniter\Debug\Exceptions->errorHandler(2, 'Undefined variable $tgl', 'D:\\TUGAS\\KULIAH\\P2MW\\hehe\\gohitfinal\\app\\Views\\detaileventp.php', 24)
 2 SYSTEMPATH\View\View.php(213): include('D:\\TUGAS\\KULIAH\\P2MW\\hehe\\gohitfinal\\app\\Views\\detaileventp.php')
 3 SYSTEMPATH\View\View.php(216): CodeIgniter\View\View->CodeIgniter\View\{closure}()
 4 SYSTEMPATH\Common.php(1184): CodeIgniter\View\View->render('detaileventp', [], true)
 5 APPPATH\Controllers\DetailEvent.php(481): view('detaileventp', [...])
 6 SYSTEMPATH\CodeIgniter.php(934): App\Controllers\DetailEvent->peserta('images', 'bg-01.jpg')
 7 SYSTEMPATH\CodeIgniter.php(499): CodeIgniter\CodeIgniter->runController(Object(App\Controllers\DetailEvent))
 8 SYSTEMPATH\CodeIgniter.php(368): CodeIgniter\CodeIgniter->handleRequest(null, Object(Config\Cache), false)
 9 FCPATH\index.php(67): CodeIgniter\CodeIgniter->run()
10 SYSTEMPATH\Commands\Server\rewrite.php(47): require_once('D:\\TUGAS\\KULIAH\\P2MW\\hehe\\gohitfinal\\public\\index.php')
INFO - 2025-06-15 16:54:41 --> Session: Class initialized using 'CodeIgniter\Session\Handlers\FileHandler' driver.
INFO - 2025-06-15 16:54:41 --> Session: Class initialized using 'CodeIgniter\Session\Handlers\FileHandler' driver.
INFO - 2025-06-15 16:54:41 --> Session: Class initialized using 'CodeIgniter\Session\Handlers\FileHandler' driver.
CRITICAL - 2025-06-15 16:54:41 --> Undefined variable $tgl
in APPPATH\Views\detaileventp.php on line 24.
 1 APPPATH\Views\detaileventp.php(24): CodeIgniter\Debug\Exceptions->errorHandler(2, 'Undefined variable $tgl', 'D:\\TUGAS\\KULIAH\\P2MW\\hehe\\gohitfinal\\app\\Views\\detaileventp.php', 24)
 2 SYSTEMPATH\View\View.php(213): include('D:\\TUGAS\\KULIAH\\P2MW\\hehe\\gohitfinal\\app\\Views\\detaileventp.php')
 3 SYSTEMPATH\View\View.php(216): CodeIgniter\View\View->CodeIgniter\View\{closure}()
 4 SYSTEMPATH\Common.php(1184): CodeIgniter\View\View->render('detaileventp', [], true)
 5 APPPATH\Controllers\DetailEvent.php(481): view('detaileventp', [...])
 6 SYSTEMPATH\CodeIgniter.php(934): App\Controllers\DetailEvent->peserta('css', 'main.css')
 7 SYSTEMPATH\CodeIgniter.php(499): CodeIgniter\CodeIgniter->runController(Object(App\Controllers\DetailEvent))
 8 SYSTEMPATH\CodeIgniter.php(368): CodeIgniter\CodeIgniter->handleRequest(null, Object(Config\Cache), false)
 9 FCPATH\index.php(67): CodeIgniter\CodeIgniter->run()
10 SYSTEMPATH\Commands\Server\rewrite.php(47): require_once('D:\\TUGAS\\KULIAH\\P2MW\\hehe\\gohitfinal\\public\\index.php')
INFO - 2025-06-15 16:54:42 --> Session: Class initialized using 'CodeIgniter\Session\Handlers\FileHandler' driver.
CRITICAL - 2025-06-15 16:54:42 --> Undefined variable $tgl
in APPPATH\Views\detaileventp.php on line 24.
 1 APPPATH\Views\detaileventp.php(24): CodeIgniter\Debug\Exceptions->errorHandler(2, 'Undefined variable $tgl', 'D:\\TUGAS\\KULIAH\\P2MW\\hehe\\gohitfinal\\app\\Views\\detaileventp.php', 24)
 2 SYSTEMPATH\View\View.php(213): include('D:\\TUGAS\\KULIAH\\P2MW\\hehe\\gohitfinal\\app\\Views\\detaileventp.php')
 3 SYSTEMPATH\View\View.php(216): CodeIgniter\View\View->CodeIgniter\View\{closure}()
 4 SYSTEMPATH\Common.php(1184): CodeIgniter\View\View->render('detaileventp', [], true)
 5 APPPATH\Controllers\DetailEvent.php(481): view('detaileventp', [...])
 6 SYSTEMPATH\CodeIgniter.php(934): App\Controllers\DetailEvent->peserta('css', 'style.css')
 7 SYSTEMPATH\CodeIgniter.php(499): CodeIgniter\CodeIgniter->runController(Object(App\Controllers\DetailEvent))
 8 SYSTEMPATH\CodeIgniter.php(368): CodeIgniter\CodeIgniter->handleRequest(null, Object(Config\Cache), false)
 9 FCPATH\index.php(67): CodeIgniter\CodeIgniter->run()
10 SYSTEMPATH\Commands\Server\rewrite.php(47): require_once('D:\\TUGAS\\KULIAH\\P2MW\\hehe\\gohitfinal\\public\\index.php')
INFO - 2025-06-15 16:54:42 --> Session: Class initialized using 'CodeIgniter\Session\Handlers\FileHandler' driver.
CRITICAL - 2025-06-15 16:54:42 --> Undefined variable $tgl
in APPPATH\Views\detaileventp.php on line 24.
 1 APPPATH\Views\detaileventp.php(24): CodeIgniter\Debug\Exceptions->errorHandler(2, 'Undefined variable $tgl', 'D:\\TUGAS\\KULIAH\\P2MW\\hehe\\gohitfinal\\app\\Views\\detaileventp.php', 24)
 2 SYSTEMPATH\View\View.php(213): include('D:\\TUGAS\\KULIAH\\P2MW\\hehe\\gohitfinal\\app\\Views\\detaileventp.php')
 3 SYSTEMPATH\View\View.php(216): CodeIgniter\View\View->CodeIgniter\View\{closure}()
 4 SYSTEMPATH\Common.php(1184): CodeIgniter\View\View->render('detaileventp', [], true)
 5 APPPATH\Controllers\DetailEvent.php(481): view('detaileventp', [...])
 6 SYSTEMPATH\CodeIgniter.php(934): App\Controllers\DetailEvent->peserta('images', 'bg-01.jpg')
 7 SYSTEMPATH\CodeIgniter.php(499): CodeIgniter\CodeIgniter->runController(Object(App\Controllers\DetailEvent))
 8 SYSTEMPATH\CodeIgniter.php(368): CodeIgniter\CodeIgniter->handleRequest(null, Object(Config\Cache), false)
 9 FCPATH\index.php(67): CodeIgniter\CodeIgniter->run()
10 SYSTEMPATH\Commands\Server\rewrite.php(47): require_once('D:\\TUGAS\\KULIAH\\P2MW\\hehe\\gohitfinal\\public\\index.php')
INFO - 2025-06-15 16:55:16 --> Session: Class initialized using 'CodeIgniter\Session\Handlers\FileHandler' driver.
INFO - 2025-06-15 16:55:16 --> Session: Class initialized using 'CodeIgniter\Session\Handlers\FileHandler' driver.
INFO - 2025-06-15 16:55:17 --> Session: Class initialized using 'CodeIgniter\Session\Handlers\FileHandler' driver.
CRITICAL - 2025-06-15 16:55:17 --> Undefined variable $tgl
in APPPATH\Views\detaileventp.php on line 24.
 1 APPPATH\Views\detaileventp.php(24): CodeIgniter\Debug\Exceptions->errorHandler(2, 'Undefined variable $tgl', 'D:\\TUGAS\\KULIAH\\P2MW\\hehe\\gohitfinal\\app\\Views\\detaileventp.php', 24)
 2 SYSTEMPATH\View\View.php(213): include('D:\\TUGAS\\KULIAH\\P2MW\\hehe\\gohitfinal\\app\\Views\\detaileventp.php')
 3 SYSTEMPATH\View\View.php(216): CodeIgniter\View\View->CodeIgniter\View\{closure}()
 4 SYSTEMPATH\Common.php(1184): CodeIgniter\View\View->render('detaileventp', [], true)
 5 APPPATH\Controllers\DetailEvent.php(481): view('detaileventp', [...])
 6 SYSTEMPATH\CodeIgniter.php(934): App\Controllers\DetailEvent->peserta('css', 'main.css')
 7 SYSTEMPATH\CodeIgniter.php(499): CodeIgniter\CodeIgniter->runController(Object(App\Controllers\DetailEvent))
 8 SYSTEMPATH\CodeIgniter.php(368): CodeIgniter\CodeIgniter->handleRequest(null, Object(Config\Cache), false)
 9 FCPATH\index.php(67): CodeIgniter\CodeIgniter->run()
10 SYSTEMPATH\Commands\Server\rewrite.php(47): require_once('D:\\TUGAS\\KULIAH\\P2MW\\hehe\\gohitfinal\\public\\index.php')
INFO - 2025-06-15 16:55:17 --> Session: Class initialized using 'CodeIgniter\Session\Handlers\FileHandler' driver.
CRITICAL - 2025-06-15 16:55:17 --> Undefined variable $tgl
in APPPATH\Views\detaileventp.php on line 24.
 1 APPPATH\Views\detaileventp.php(24): CodeIgniter\Debug\Exceptions->errorHandler(2, 'Undefined variable $tgl', 'D:\\TUGAS\\KULIAH\\P2MW\\hehe\\gohitfinal\\app\\Views\\detaileventp.php', 24)
 2 SYSTEMPATH\View\View.php(213): include('D:\\TUGAS\\KULIAH\\P2MW\\hehe\\gohitfinal\\app\\Views\\detaileventp.php')
 3 SYSTEMPATH\View\View.php(216): CodeIgniter\View\View->CodeIgniter\View\{closure}()
 4 SYSTEMPATH\Common.php(1184): CodeIgniter\View\View->render('detaileventp', [], true)
 5 APPPATH\Controllers\DetailEvent.php(481): view('detaileventp', [...])
 6 SYSTEMPATH\CodeIgniter.php(934): App\Controllers\DetailEvent->peserta('css', 'style.css')
 7 SYSTEMPATH\CodeIgniter.php(499): CodeIgniter\CodeIgniter->runController(Object(App\Controllers\DetailEvent))
 8 SYSTEMPATH\CodeIgniter.php(368): CodeIgniter\CodeIgniter->handleRequest(null, Object(Config\Cache), false)
 9 FCPATH\index.php(67): CodeIgniter\CodeIgniter->run()
10 SYSTEMPATH\Commands\Server\rewrite.php(47): require_once('D:\\TUGAS\\KULIAH\\P2MW\\hehe\\gohitfinal\\public\\index.php')
INFO - 2025-06-15 16:55:17 --> Session: Class initialized using 'CodeIgniter\Session\Handlers\FileHandler' driver.
CRITICAL - 2025-06-15 16:55:17 --> Undefined variable $tgl
in APPPATH\Views\detaileventp.php on line 24.
 1 APPPATH\Views\detaileventp.php(24): CodeIgniter\Debug\Exceptions->errorHandler(2, 'Undefined variable $tgl', 'D:\\TUGAS\\KULIAH\\P2MW\\hehe\\gohitfinal\\app\\Views\\detaileventp.php', 24)
 2 SYSTEMPATH\View\View.php(213): include('D:\\TUGAS\\KULIAH\\P2MW\\hehe\\gohitfinal\\app\\Views\\detaileventp.php')
 3 SYSTEMPATH\View\View.php(216): CodeIgniter\View\View->CodeIgniter\View\{closure}()
 4 SYSTEMPATH\Common.php(1184): CodeIgniter\View\View->render('detaileventp', [], true)
 5 APPPATH\Controllers\DetailEvent.php(481): view('detaileventp', [...])
 6 SYSTEMPATH\CodeIgniter.php(934): App\Controllers\DetailEvent->peserta('images', 'bg-01.jpg')
 7 SYSTEMPATH\CodeIgniter.php(499): CodeIgniter\CodeIgniter->runController(Object(App\Controllers\DetailEvent))
 8 SYSTEMPATH\CodeIgniter.php(368): CodeIgniter\CodeIgniter->handleRequest(null, Object(Config\Cache), false)
 9 FCPATH\index.php(67): CodeIgniter\CodeIgniter->run()
10 SYSTEMPATH\Commands\Server\rewrite.php(47): require_once('D:\\TUGAS\\KULIAH\\P2MW\\hehe\\gohitfinal\\public\\index.php')
INFO - 2025-06-15 16:55:44 --> Session: Class initialized using 'CodeIgniter\Session\Handlers\FileHandler' driver.
INFO - 2025-06-15 16:55:44 --> Session: Class initialized using 'CodeIgniter\Session\Handlers\FileHandler' driver.
INFO - 2025-06-15 16:55:44 --> Session: Class initialized using 'CodeIgniter\Session\Handlers\FileHandler' driver.
CRITICAL - 2025-06-15 16:55:44 --> Undefined variable $tgl
in APPPATH\Views\detaileventp.php on line 24.
 1 APPPATH\Views\detaileventp.php(24): CodeIgniter\Debug\Exceptions->errorHandler(2, 'Undefined variable $tgl', 'D:\\TUGAS\\KULIAH\\P2MW\\hehe\\gohitfinal\\app\\Views\\detaileventp.php', 24)
 2 SYSTEMPATH\View\View.php(213): include('D:\\TUGAS\\KULIAH\\P2MW\\hehe\\gohitfinal\\app\\Views\\detaileventp.php')
 3 SYSTEMPATH\View\View.php(216): CodeIgniter\View\View->CodeIgniter\View\{closure}()
 4 SYSTEMPATH\Common.php(1184): CodeIgniter\View\View->render('detaileventp', [], true)
 5 APPPATH\Controllers\DetailEvent.php(481): view('detaileventp', [...])
 6 SYSTEMPATH\CodeIgniter.php(934): App\Controllers\DetailEvent->peserta('css', 'main.css')
 7 SYSTEMPATH\CodeIgniter.php(499): CodeIgniter\CodeIgniter->runController(Object(App\Controllers\DetailEvent))
 8 SYSTEMPATH\CodeIgniter.php(368): CodeIgniter\CodeIgniter->handleRequest(null, Object(Config\Cache), false)
 9 FCPATH\index.php(67): CodeIgniter\CodeIgniter->run()
10 SYSTEMPATH\Commands\Server\rewrite.php(47): require_once('D:\\TUGAS\\KULIAH\\P2MW\\hehe\\gohitfinal\\public\\index.php')
INFO - 2025-06-15 16:55:44 --> Session: Class initialized using 'CodeIgniter\Session\Handlers\FileHandler' driver.
CRITICAL - 2025-06-15 16:55:44 --> Undefined variable $tgl
in APPPATH\Views\detaileventp.php on line 24.
 1 APPPATH\Views\detaileventp.php(24): CodeIgniter\Debug\Exceptions->errorHandler(2, 'Undefined variable $tgl', 'D:\\TUGAS\\KULIAH\\P2MW\\hehe\\gohitfinal\\app\\Views\\detaileventp.php', 24)
 2 SYSTEMPATH\View\View.php(213): include('D:\\TUGAS\\KULIAH\\P2MW\\hehe\\gohitfinal\\app\\Views\\detaileventp.php')
 3 SYSTEMPATH\View\View.php(216): CodeIgniter\View\View->CodeIgniter\View\{closure}()
 4 SYSTEMPATH\Common.php(1184): CodeIgniter\View\View->render('detaileventp', [], true)
 5 APPPATH\Controllers\DetailEvent.php(481): view('detaileventp', [...])
 6 SYSTEMPATH\CodeIgniter.php(934): App\Controllers\DetailEvent->peserta('css', 'style.css')
 7 SYSTEMPATH\CodeIgniter.php(499): CodeIgniter\CodeIgniter->runController(Object(App\Controllers\DetailEvent))
 8 SYSTEMPATH\CodeIgniter.php(368): CodeIgniter\CodeIgniter->handleRequest(null, Object(Config\Cache), false)
 9 FCPATH\index.php(67): CodeIgniter\CodeIgniter->run()
10 SYSTEMPATH\Commands\Server\rewrite.php(47): require_once('D:\\TUGAS\\KULIAH\\P2MW\\hehe\\gohitfinal\\public\\index.php')
INFO - 2025-06-15 16:55:44 --> Session: Class initialized using 'CodeIgniter\Session\Handlers\FileHandler' driver.
CRITICAL - 2025-06-15 16:55:44 --> Undefined variable $tgl
in APPPATH\Views\detaileventp.php on line 24.
 1 APPPATH\Views\detaileventp.php(24): CodeIgniter\Debug\Exceptions->errorHandler(2, 'Undefined variable $tgl', 'D:\\TUGAS\\KULIAH\\P2MW\\hehe\\gohitfinal\\app\\Views\\detaileventp.php', 24)
 2 SYSTEMPATH\View\View.php(213): include('D:\\TUGAS\\KULIAH\\P2MW\\hehe\\gohitfinal\\app\\Views\\detaileventp.php')
 3 SYSTEMPATH\View\View.php(216): CodeIgniter\View\View->CodeIgniter\View\{closure}()
 4 SYSTEMPATH\Common.php(1184): CodeIgniter\View\View->render('detaileventp', [], true)
 5 APPPATH\Controllers\DetailEvent.php(481): view('detaileventp', [...])
 6 SYSTEMPATH\CodeIgniter.php(934): App\Controllers\DetailEvent->peserta('images', 'bg-01.jpg')
 7 SYSTEMPATH\CodeIgniter.php(499): CodeIgniter\CodeIgniter->runController(Object(App\Controllers\DetailEvent))
 8 SYSTEMPATH\CodeIgniter.php(368): CodeIgniter\CodeIgniter->handleRequest(null, Object(Config\Cache), false)
 9 FCPATH\index.php(67): CodeIgniter\CodeIgniter->run()
10 SYSTEMPATH\Commands\Server\rewrite.php(47): require_once('D:\\TUGAS\\KULIAH\\P2MW\\hehe\\gohitfinal\\public\\index.php')
INFO - 2025-06-15 16:56:19 --> Session: Class initialized using 'CodeIgniter\Session\Handlers\FileHandler' driver.
INFO - 2025-06-15 16:56:19 --> Session: Class initialized using 'CodeIgniter\Session\Handlers\FileHandler' driver.
INFO - 2025-06-15 16:56:19 --> Session: Class initialized using 'CodeIgniter\Session\Handlers\FileHandler' driver.
CRITICAL - 2025-06-15 16:56:19 --> Undefined variable $tgl
in APPPATH\Views\detaileventp.php on line 24.
 1 APPPATH\Views\detaileventp.php(24): CodeIgniter\Debug\Exceptions->errorHandler(2, 'Undefined variable $tgl', 'D:\\TUGAS\\KULIAH\\P2MW\\hehe\\gohitfinal\\app\\Views\\detaileventp.php', 24)
 2 SYSTEMPATH\View\View.php(213): include('D:\\TUGAS\\KULIAH\\P2MW\\hehe\\gohitfinal\\app\\Views\\detaileventp.php')
 3 SYSTEMPATH\View\View.php(216): CodeIgniter\View\View->CodeIgniter\View\{closure}()
 4 SYSTEMPATH\Common.php(1184): CodeIgniter\View\View->render('detaileventp', [], true)
 5 APPPATH\Controllers\DetailEvent.php(481): view('detaileventp', [...])
 6 SYSTEMPATH\CodeIgniter.php(934): App\Controllers\DetailEvent->peserta('css', 'main.css')
 7 SYSTEMPATH\CodeIgniter.php(499): CodeIgniter\CodeIgniter->runController(Object(App\Controllers\DetailEvent))
 8 SYSTEMPATH\CodeIgniter.php(368): CodeIgniter\CodeIgniter->handleRequest(null, Object(Config\Cache), false)
 9 FCPATH\index.php(67): CodeIgniter\CodeIgniter->run()
10 SYSTEMPATH\Commands\Server\rewrite.php(47): require_once('D:\\TUGAS\\KULIAH\\P2MW\\hehe\\gohitfinal\\public\\index.php')
INFO - 2025-06-15 16:56:19 --> Session: Class initialized using 'CodeIgniter\Session\Handlers\FileHandler' driver.
CRITICAL - 2025-06-15 16:56:19 --> Undefined variable $tgl
in APPPATH\Views\detaileventp.php on line 24.
 1 APPPATH\Views\detaileventp.php(24): CodeIgniter\Debug\Exceptions->errorHandler(2, 'Undefined variable $tgl', 'D:\\TUGAS\\KULIAH\\P2MW\\hehe\\gohitfinal\\app\\Views\\detaileventp.php', 24)
 2 SYSTEMPATH\View\View.php(213): include('D:\\TUGAS\\KULIAH\\P2MW\\hehe\\gohitfinal\\app\\Views\\detaileventp.php')
 3 SYSTEMPATH\View\View.php(216): CodeIgniter\View\View->CodeIgniter\View\{closure}()
 4 SYSTEMPATH\Common.php(1184): CodeIgniter\View\View->render('detaileventp', [], true)
 5 APPPATH\Controllers\DetailEvent.php(481): view('detaileventp', [...])
 6 SYSTEMPATH\CodeIgniter.php(934): App\Controllers\DetailEvent->peserta('css', 'style.css')
 7 SYSTEMPATH\CodeIgniter.php(499): CodeIgniter\CodeIgniter->runController(Object(App\Controllers\DetailEvent))
 8 SYSTEMPATH\CodeIgniter.php(368): CodeIgniter\CodeIgniter->handleRequest(null, Object(Config\Cache), false)
 9 FCPATH\index.php(67): CodeIgniter\CodeIgniter->run()
10 SYSTEMPATH\Commands\Server\rewrite.php(47): require_once('D:\\TUGAS\\KULIAH\\P2MW\\hehe\\gohitfinal\\public\\index.php')
INFO - 2025-06-15 16:56:19 --> Session: Class initialized using 'CodeIgniter\Session\Handlers\FileHandler' driver.
CRITICAL - 2025-06-15 16:56:19 --> Undefined variable $tgl
in APPPATH\Views\detaileventp.php on line 24.
 1 APPPATH\Views\detaileventp.php(24): CodeIgniter\Debug\Exceptions->errorHandler(2, 'Undefined variable $tgl', 'D:\\TUGAS\\KULIAH\\P2MW\\hehe\\gohitfinal\\app\\Views\\detaileventp.php', 24)
 2 SYSTEMPATH\View\View.php(213): include('D:\\TUGAS\\KULIAH\\P2MW\\hehe\\gohitfinal\\app\\Views\\detaileventp.php')
 3 SYSTEMPATH\View\View.php(216): CodeIgniter\View\View->CodeIgniter\View\{closure}()
 4 SYSTEMPATH\Common.php(1184): CodeIgniter\View\View->render('detaileventp', [], true)
 5 APPPATH\Controllers\DetailEvent.php(481): view('detaileventp', [...])
 6 SYSTEMPATH\CodeIgniter.php(934): App\Controllers\DetailEvent->peserta('images', 'bg-01.jpg')
 7 SYSTEMPATH\CodeIgniter.php(499): CodeIgniter\CodeIgniter->runController(Object(App\Controllers\DetailEvent))
 8 SYSTEMPATH\CodeIgniter.php(368): CodeIgniter\CodeIgniter->handleRequest(null, Object(Config\Cache), false)
 9 FCPATH\index.php(67): CodeIgniter\CodeIgniter->run()
10 SYSTEMPATH\Commands\Server\rewrite.php(47): require_once('D:\\TUGAS\\KULIAH\\P2MW\\hehe\\gohitfinal\\public\\index.php')
INFO - 2025-06-15 16:57:01 --> Session: Class initialized using 'CodeIgniter\Session\Handlers\FileHandler' driver.
INFO - 2025-06-15 16:57:01 --> Session: Class initialized using 'CodeIgniter\Session\Handlers\FileHandler' driver.
INFO - 2025-06-15 16:57:01 --> Session: Class initialized using 'CodeIgniter\Session\Handlers\FileHandler' driver.
CRITICAL - 2025-06-15 16:57:01 --> Undefined variable $tgl
in APPPATH\Views\detaileventp.php on line 24.
 1 APPPATH\Views\detaileventp.php(24): CodeIgniter\Debug\Exceptions->errorHandler(2, 'Undefined variable $tgl', 'D:\\TUGAS\\KULIAH\\P2MW\\hehe\\gohitfinal\\app\\Views\\detaileventp.php', 24)
 2 SYSTEMPATH\View\View.php(213): include('D:\\TUGAS\\KULIAH\\P2MW\\hehe\\gohitfinal\\app\\Views\\detaileventp.php')
 3 SYSTEMPATH\View\View.php(216): CodeIgniter\View\View->CodeIgniter\View\{closure}()
 4 SYSTEMPATH\Common.php(1184): CodeIgniter\View\View->render('detaileventp', [], true)
 5 APPPATH\Controllers\DetailEvent.php(481): view('detaileventp', [...])
 6 SYSTEMPATH\CodeIgniter.php(934): App\Controllers\DetailEvent->peserta('css', 'main.css')
 7 SYSTEMPATH\CodeIgniter.php(499): CodeIgniter\CodeIgniter->runController(Object(App\Controllers\DetailEvent))
 8 SYSTEMPATH\CodeIgniter.php(368): CodeIgniter\CodeIgniter->handleRequest(null, Object(Config\Cache), false)
 9 FCPATH\index.php(67): CodeIgniter\CodeIgniter->run()
10 SYSTEMPATH\Commands\Server\rewrite.php(47): require_once('D:\\TUGAS\\KULIAH\\P2MW\\hehe\\gohitfinal\\public\\index.php')
INFO - 2025-06-15 16:57:02 --> Session: Class initialized using 'CodeIgniter\Session\Handlers\FileHandler' driver.
CRITICAL - 2025-06-15 16:57:02 --> Undefined variable $tgl
in APPPATH\Views\detaileventp.php on line 24.
 1 APPPATH\Views\detaileventp.php(24): CodeIgniter\Debug\Exceptions->errorHandler(2, 'Undefined variable $tgl', 'D:\\TUGAS\\KULIAH\\P2MW\\hehe\\gohitfinal\\app\\Views\\detaileventp.php', 24)
 2 SYSTEMPATH\View\View.php(213): include('D:\\TUGAS\\KULIAH\\P2MW\\hehe\\gohitfinal\\app\\Views\\detaileventp.php')
 3 SYSTEMPATH\View\View.php(216): CodeIgniter\View\View->CodeIgniter\View\{closure}()
 4 SYSTEMPATH\Common.php(1184): CodeIgniter\View\View->render('detaileventp', [], true)
 5 APPPATH\Controllers\DetailEvent.php(481): view('detaileventp', [...])
 6 SYSTEMPATH\CodeIgniter.php(934): App\Controllers\DetailEvent->peserta('css', 'style.css')
 7 SYSTEMPATH\CodeIgniter.php(499): CodeIgniter\CodeIgniter->runController(Object(App\Controllers\DetailEvent))
 8 SYSTEMPATH\CodeIgniter.php(368): CodeIgniter\CodeIgniter->handleRequest(null, Object(Config\Cache), false)
 9 FCPATH\index.php(67): CodeIgniter\CodeIgniter->run()
10 SYSTEMPATH\Commands\Server\rewrite.php(47): require_once('D:\\TUGAS\\KULIAH\\P2MW\\hehe\\gohitfinal\\public\\index.php')
INFO - 2025-06-15 16:57:02 --> Session: Class initialized using 'CodeIgniter\Session\Handlers\FileHandler' driver.
CRITICAL - 2025-06-15 16:57:02 --> Undefined variable $tgl
in APPPATH\Views\detaileventp.php on line 24.
 1 APPPATH\Views\detaileventp.php(24): CodeIgniter\Debug\Exceptions->errorHandler(2, 'Undefined variable $tgl', 'D:\\TUGAS\\KULIAH\\P2MW\\hehe\\gohitfinal\\app\\Views\\detaileventp.php', 24)
 2 SYSTEMPATH\View\View.php(213): include('D:\\TUGAS\\KULIAH\\P2MW\\hehe\\gohitfinal\\app\\Views\\detaileventp.php')
 3 SYSTEMPATH\View\View.php(216): CodeIgniter\View\View->CodeIgniter\View\{closure}()
 4 SYSTEMPATH\Common.php(1184): CodeIgniter\View\View->render('detaileventp', [], true)
 5 APPPATH\Controllers\DetailEvent.php(481): view('detaileventp', [...])
 6 SYSTEMPATH\CodeIgniter.php(934): App\Controllers\DetailEvent->peserta('images', 'bg-01.jpg')
 7 SYSTEMPATH\CodeIgniter.php(499): CodeIgniter\CodeIgniter->runController(Object(App\Controllers\DetailEvent))
 8 SYSTEMPATH\CodeIgniter.php(368): CodeIgniter\CodeIgniter->handleRequest(null, Object(Config\Cache), false)
 9 FCPATH\index.php(67): CodeIgniter\CodeIgniter->run()
10 SYSTEMPATH\Commands\Server\rewrite.php(47): require_once('D:\\TUGAS\\KULIAH\\P2MW\\hehe\\gohitfinal\\public\\index.php')
INFO - 2025-06-15 16:57:44 --> Session: Class initialized using 'CodeIgniter\Session\Handlers\FileHandler' driver.
INFO - 2025-06-15 16:57:44 --> Session: Class initialized using 'CodeIgniter\Session\Handlers\FileHandler' driver.
INFO - 2025-06-15 16:57:45 --> Session: Class initialized using 'CodeIgniter\Session\Handlers\FileHandler' driver.
CRITICAL - 2025-06-15 16:57:45 --> Undefined variable $tgl
in APPPATH\Views\detaileventp.php on line 24.
 1 APPPATH\Views\detaileventp.php(24): CodeIgniter\Debug\Exceptions->errorHandler(2, 'Undefined variable $tgl', 'D:\\TUGAS\\KULIAH\\P2MW\\hehe\\gohitfinal\\app\\Views\\detaileventp.php', 24)
 2 SYSTEMPATH\View\View.php(213): include('D:\\TUGAS\\KULIAH\\P2MW\\hehe\\gohitfinal\\app\\Views\\detaileventp.php')
 3 SYSTEMPATH\View\View.php(216): CodeIgniter\View\View->CodeIgniter\View\{closure}()
 4 SYSTEMPATH\Common.php(1184): CodeIgniter\View\View->render('detaileventp', [], true)
 5 APPPATH\Controllers\DetailEvent.php(481): view('detaileventp', [...])
 6 SYSTEMPATH\CodeIgniter.php(934): App\Controllers\DetailEvent->peserta('css', 'main.css')
 7 SYSTEMPATH\CodeIgniter.php(499): CodeIgniter\CodeIgniter->runController(Object(App\Controllers\DetailEvent))
 8 SYSTEMPATH\CodeIgniter.php(368): CodeIgniter\CodeIgniter->handleRequest(null, Object(Config\Cache), false)
 9 FCPATH\index.php(67): CodeIgniter\CodeIgniter->run()
10 SYSTEMPATH\Commands\Server\rewrite.php(47): require_once('D:\\TUGAS\\KULIAH\\P2MW\\hehe\\gohitfinal\\public\\index.php')
INFO - 2025-06-15 16:57:45 --> Session: Class initialized using 'CodeIgniter\Session\Handlers\FileHandler' driver.
CRITICAL - 2025-06-15 16:57:45 --> Undefined variable $tgl
in APPPATH\Views\detaileventp.php on line 24.
 1 APPPATH\Views\detaileventp.php(24): CodeIgniter\Debug\Exceptions->errorHandler(2, 'Undefined variable $tgl', 'D:\\TUGAS\\KULIAH\\P2MW\\hehe\\gohitfinal\\app\\Views\\detaileventp.php', 24)
 2 SYSTEMPATH\View\View.php(213): include('D:\\TUGAS\\KULIAH\\P2MW\\hehe\\gohitfinal\\app\\Views\\detaileventp.php')
 3 SYSTEMPATH\View\View.php(216): CodeIgniter\View\View->CodeIgniter\View\{closure}()
 4 SYSTEMPATH\Common.php(1184): CodeIgniter\View\View->render('detaileventp', [], true)
 5 APPPATH\Controllers\DetailEvent.php(481): view('detaileventp', [...])
 6 SYSTEMPATH\CodeIgniter.php(934): App\Controllers\DetailEvent->peserta('css', 'style.css')
 7 SYSTEMPATH\CodeIgniter.php(499): CodeIgniter\CodeIgniter->runController(Object(App\Controllers\DetailEvent))
 8 SYSTEMPATH\CodeIgniter.php(368): CodeIgniter\CodeIgniter->handleRequest(null, Object(Config\Cache), false)
 9 FCPATH\index.php(67): CodeIgniter\CodeIgniter->run()
10 SYSTEMPATH\Commands\Server\rewrite.php(47): require_once('D:\\TUGAS\\KULIAH\\P2MW\\hehe\\gohitfinal\\public\\index.php')
INFO - 2025-06-15 16:57:45 --> Session: Class initialized using 'CodeIgniter\Session\Handlers\FileHandler' driver.
CRITICAL - 2025-06-15 16:57:45 --> Undefined variable $tgl
in APPPATH\Views\detaileventp.php on line 24.
 1 APPPATH\Views\detaileventp.php(24): CodeIgniter\Debug\Exceptions->errorHandler(2, 'Undefined variable $tgl', 'D:\\TUGAS\\KULIAH\\P2MW\\hehe\\gohitfinal\\app\\Views\\detaileventp.php', 24)
 2 SYSTEMPATH\View\View.php(213): include('D:\\TUGAS\\KULIAH\\P2MW\\hehe\\gohitfinal\\app\\Views\\detaileventp.php')
 3 SYSTEMPATH\View\View.php(216): CodeIgniter\View\View->CodeIgniter\View\{closure}()
 4 SYSTEMPATH\Common.php(1184): CodeIgniter\View\View->render('detaileventp', [], true)
 5 APPPATH\Controllers\DetailEvent.php(481): view('detaileventp', [...])
 6 SYSTEMPATH\CodeIgniter.php(934): App\Controllers\DetailEvent->peserta('images', 'bg-01.jpg')
 7 SYSTEMPATH\CodeIgniter.php(499): CodeIgniter\CodeIgniter->runController(Object(App\Controllers\DetailEvent))
 8 SYSTEMPATH\CodeIgniter.php(368): CodeIgniter\CodeIgniter->handleRequest(null, Object(Config\Cache), false)
 9 FCPATH\index.php(67): CodeIgniter\CodeIgniter->run()
10 SYSTEMPATH\Commands\Server\rewrite.php(47): require_once('D:\\TUGAS\\KULIAH\\P2MW\\hehe\\gohitfinal\\public\\index.php')
INFO - 2025-06-15 16:58:19 --> Session: Class initialized using 'CodeIgniter\Session\Handlers\FileHandler' driver.
INFO - 2025-06-15 16:58:19 --> Session: Class initialized using 'CodeIgniter\Session\Handlers\FileHandler' driver.
INFO - 2025-06-15 16:58:19 --> Session: Class initialized using 'CodeIgniter\Session\Handlers\FileHandler' driver.
CRITICAL - 2025-06-15 16:58:19 --> Undefined variable $tgl
in APPPATH\Views\detaileventp.php on line 24.
 1 APPPATH\Views\detaileventp.php(24): CodeIgniter\Debug\Exceptions->errorHandler(2, 'Undefined variable $tgl', 'D:\\TUGAS\\KULIAH\\P2MW\\hehe\\gohitfinal\\app\\Views\\detaileventp.php', 24)
 2 SYSTEMPATH\View\View.php(213): include('D:\\TUGAS\\KULIAH\\P2MW\\hehe\\gohitfinal\\app\\Views\\detaileventp.php')
 3 SYSTEMPATH\View\View.php(216): CodeIgniter\View\View->CodeIgniter\View\{closure}()
 4 SYSTEMPATH\Common.php(1184): CodeIgniter\View\View->render('detaileventp', [], true)
 5 APPPATH\Controllers\DetailEvent.php(481): view('detaileventp', [...])
 6 SYSTEMPATH\CodeIgniter.php(934): App\Controllers\DetailEvent->peserta('css', 'main.css')
 7 SYSTEMPATH\CodeIgniter.php(499): CodeIgniter\CodeIgniter->runController(Object(App\Controllers\DetailEvent))
 8 SYSTEMPATH\CodeIgniter.php(368): CodeIgniter\CodeIgniter->handleRequest(null, Object(Config\Cache), false)
 9 FCPATH\index.php(67): CodeIgniter\CodeIgniter->run()
10 SYSTEMPATH\Commands\Server\rewrite.php(47): require_once('D:\\TUGAS\\KULIAH\\P2MW\\hehe\\gohitfinal\\public\\index.php')
INFO - 2025-06-15 16:58:19 --> Session: Class initialized using 'CodeIgniter\Session\Handlers\FileHandler' driver.
CRITICAL - 2025-06-15 16:58:19 --> Undefined variable $tgl
in APPPATH\Views\detaileventp.php on line 24.
 1 APPPATH\Views\detaileventp.php(24): CodeIgniter\Debug\Exceptions->errorHandler(2, 'Undefined variable $tgl', 'D:\\TUGAS\\KULIAH\\P2MW\\hehe\\gohitfinal\\app\\Views\\detaileventp.php', 24)
 2 SYSTEMPATH\View\View.php(213): include('D:\\TUGAS\\KULIAH\\P2MW\\hehe\\gohitfinal\\app\\Views\\detaileventp.php')
 3 SYSTEMPATH\View\View.php(216): CodeIgniter\View\View->CodeIgniter\View\{closure}()
 4 SYSTEMPATH\Common.php(1184): CodeIgniter\View\View->render('detaileventp', [], true)
 5 APPPATH\Controllers\DetailEvent.php(481): view('detaileventp', [...])
 6 SYSTEMPATH\CodeIgniter.php(934): App\Controllers\DetailEvent->peserta('css', 'style.css')
 7 SYSTEMPATH\CodeIgniter.php(499): CodeIgniter\CodeIgniter->runController(Object(App\Controllers\DetailEvent))
 8 SYSTEMPATH\CodeIgniter.php(368): CodeIgniter\CodeIgniter->handleRequest(null, Object(Config\Cache), false)
 9 FCPATH\index.php(67): CodeIgniter\CodeIgniter->run()
10 SYSTEMPATH\Commands\Server\rewrite.php(47): require_once('D:\\TUGAS\\KULIAH\\P2MW\\hehe\\gohitfinal\\public\\index.php')
INFO - 2025-06-15 16:58:20 --> Session: Class initialized using 'CodeIgniter\Session\Handlers\FileHandler' driver.
CRITICAL - 2025-06-15 16:58:20 --> Undefined variable $tgl
in APPPATH\Views\detaileventp.php on line 24.
 1 APPPATH\Views\detaileventp.php(24): CodeIgniter\Debug\Exceptions->errorHandler(2, 'Undefined variable $tgl', 'D:\\TUGAS\\KULIAH\\P2MW\\hehe\\gohitfinal\\app\\Views\\detaileventp.php', 24)
 2 SYSTEMPATH\View\View.php(213): include('D:\\TUGAS\\KULIAH\\P2MW\\hehe\\gohitfinal\\app\\Views\\detaileventp.php')
 3 SYSTEMPATH\View\View.php(216): CodeIgniter\View\View->CodeIgniter\View\{closure}()
 4 SYSTEMPATH\Common.php(1184): CodeIgniter\View\View->render('detaileventp', [], true)
 5 APPPATH\Controllers\DetailEvent.php(481): view('detaileventp', [...])
 6 SYSTEMPATH\CodeIgniter.php(934): App\Controllers\DetailEvent->peserta('images', 'bg-01.jpg')
 7 SYSTEMPATH\CodeIgniter.php(499): CodeIgniter\CodeIgniter->runController(Object(App\Controllers\DetailEvent))
 8 SYSTEMPATH\CodeIgniter.php(368): CodeIgniter\CodeIgniter->handleRequest(null, Object(Config\Cache), false)
 9 FCPATH\index.php(67): CodeIgniter\CodeIgniter->run()
10 SYSTEMPATH\Commands\Server\rewrite.php(47): require_once('D:\\TUGAS\\KULIAH\\P2MW\\hehe\\gohitfinal\\public\\index.php')
INFO - 2025-06-15 16:58:52 --> Session: Class initialized using 'CodeIgniter\Session\Handlers\FileHandler' driver.
INFO - 2025-06-15 16:58:52 --> Session: Class initialized using 'CodeIgniter\Session\Handlers\FileHandler' driver.
INFO - 2025-06-15 16:58:52 --> Session: Class initialized using 'CodeIgniter\Session\Handlers\FileHandler' driver.
CRITICAL - 2025-06-15 16:58:52 --> Undefined variable $tgl
in APPPATH\Views\detaileventp.php on line 24.
 1 APPPATH\Views\detaileventp.php(24): CodeIgniter\Debug\Exceptions->errorHandler(2, 'Undefined variable $tgl', 'D:\\TUGAS\\KULIAH\\P2MW\\hehe\\gohitfinal\\app\\Views\\detaileventp.php', 24)
 2 SYSTEMPATH\View\View.php(213): include('D:\\TUGAS\\KULIAH\\P2MW\\hehe\\gohitfinal\\app\\Views\\detaileventp.php')
 3 SYSTEMPATH\View\View.php(216): CodeIgniter\View\View->CodeIgniter\View\{closure}()
 4 SYSTEMPATH\Common.php(1184): CodeIgniter\View\View->render('detaileventp', [], true)
 5 APPPATH\Controllers\DetailEvent.php(481): view('detaileventp', [...])
 6 SYSTEMPATH\CodeIgniter.php(934): App\Controllers\DetailEvent->peserta('css', 'main.css')
 7 SYSTEMPATH\CodeIgniter.php(499): CodeIgniter\CodeIgniter->runController(Object(App\Controllers\DetailEvent))
 8 SYSTEMPATH\CodeIgniter.php(368): CodeIgniter\CodeIgniter->handleRequest(null, Object(Config\Cache), false)
 9 FCPATH\index.php(67): CodeIgniter\CodeIgniter->run()
10 SYSTEMPATH\Commands\Server\rewrite.php(47): require_once('D:\\TUGAS\\KULIAH\\P2MW\\hehe\\gohitfinal\\public\\index.php')
INFO - 2025-06-15 16:58:52 --> Session: Class initialized using 'CodeIgniter\Session\Handlers\FileHandler' driver.
CRITICAL - 2025-06-15 16:58:52 --> Undefined variable $tgl
in APPPATH\Views\detaileventp.php on line 24.
 1 APPPATH\Views\detaileventp.php(24): CodeIgniter\Debug\Exceptions->errorHandler(2, 'Undefined variable $tgl', 'D:\\TUGAS\\KULIAH\\P2MW\\hehe\\gohitfinal\\app\\Views\\detaileventp.php', 24)
 2 SYSTEMPATH\View\View.php(213): include('D:\\TUGAS\\KULIAH\\P2MW\\hehe\\gohitfinal\\app\\Views\\detaileventp.php')
 3 SYSTEMPATH\View\View.php(216): CodeIgniter\View\View->CodeIgniter\View\{closure}()
 4 SYSTEMPATH\Common.php(1184): CodeIgniter\View\View->render('detaileventp', [], true)
 5 APPPATH\Controllers\DetailEvent.php(481): view('detaileventp', [...])
 6 SYSTEMPATH\CodeIgniter.php(934): App\Controllers\DetailEvent->peserta('css', 'style.css')
 7 SYSTEMPATH\CodeIgniter.php(499): CodeIgniter\CodeIgniter->runController(Object(App\Controllers\DetailEvent))
 8 SYSTEMPATH\CodeIgniter.php(368): CodeIgniter\CodeIgniter->handleRequest(null, Object(Config\Cache), false)
 9 FCPATH\index.php(67): CodeIgniter\CodeIgniter->run()
10 SYSTEMPATH\Commands\Server\rewrite.php(47): require_once('D:\\TUGAS\\KULIAH\\P2MW\\hehe\\gohitfinal\\public\\index.php')
INFO - 2025-06-15 16:58:52 --> Session: Class initialized using 'CodeIgniter\Session\Handlers\FileHandler' driver.
CRITICAL - 2025-06-15 16:58:52 --> Undefined variable $tgl
in APPPATH\Views\detaileventp.php on line 24.
 1 APPPATH\Views\detaileventp.php(24): CodeIgniter\Debug\Exceptions->errorHandler(2, 'Undefined variable $tgl', 'D:\\TUGAS\\KULIAH\\P2MW\\hehe\\gohitfinal\\app\\Views\\detaileventp.php', 24)
 2 SYSTEMPATH\View\View.php(213): include('D:\\TUGAS\\KULIAH\\P2MW\\hehe\\gohitfinal\\app\\Views\\detaileventp.php')
 3 SYSTEMPATH\View\View.php(216): CodeIgniter\View\View->CodeIgniter\View\{closure}()
 4 SYSTEMPATH\Common.php(1184): CodeIgniter\View\View->render('detaileventp', [], true)
 5 APPPATH\Controllers\DetailEvent.php(481): view('detaileventp', [...])
 6 SYSTEMPATH\CodeIgniter.php(934): App\Controllers\DetailEvent->peserta('images', 'bg-01.jpg')
 7 SYSTEMPATH\CodeIgniter.php(499): CodeIgniter\CodeIgniter->runController(Object(App\Controllers\DetailEvent))
 8 SYSTEMPATH\CodeIgniter.php(368): CodeIgniter\CodeIgniter->handleRequest(null, Object(Config\Cache), false)
 9 FCPATH\index.php(67): CodeIgniter\CodeIgniter->run()
10 SYSTEMPATH\Commands\Server\rewrite.php(47): require_once('D:\\TUGAS\\KULIAH\\P2MW\\hehe\\gohitfinal\\public\\index.php')
INFO - 2025-06-15 16:59:36 --> Session: Class initialized using 'CodeIgniter\Session\Handlers\FileHandler' driver.
INFO - 2025-06-15 16:59:36 --> Session: Class initialized using 'CodeIgniter\Session\Handlers\FileHandler' driver.
INFO - 2025-06-15 16:59:36 --> Session: Class initialized using 'CodeIgniter\Session\Handlers\FileHandler' driver.
CRITICAL - 2025-06-15 16:59:36 --> Undefined variable $tgl
in APPPATH\Views\detaileventp.php on line 24.
 1 APPPATH\Views\detaileventp.php(24): CodeIgniter\Debug\Exceptions->errorHandler(2, 'Undefined variable $tgl', 'D:\\TUGAS\\KULIAH\\P2MW\\hehe\\gohitfinal\\app\\Views\\detaileventp.php', 24)
 2 SYSTEMPATH\View\View.php(213): include('D:\\TUGAS\\KULIAH\\P2MW\\hehe\\gohitfinal\\app\\Views\\detaileventp.php')
 3 SYSTEMPATH\View\View.php(216): CodeIgniter\View\View->CodeIgniter\View\{closure}()
 4 SYSTEMPATH\Common.php(1184): CodeIgniter\View\View->render('detaileventp', [], true)
 5 APPPATH\Controllers\DetailEvent.php(481): view('detaileventp', [...])
 6 SYSTEMPATH\CodeIgniter.php(934): App\Controllers\DetailEvent->peserta('css', 'main.css')
 7 SYSTEMPATH\CodeIgniter.php(499): CodeIgniter\CodeIgniter->runController(Object(App\Controllers\DetailEvent))
 8 SYSTEMPATH\CodeIgniter.php(368): CodeIgniter\CodeIgniter->handleRequest(null, Object(Config\Cache), false)
 9 FCPATH\index.php(67): CodeIgniter\CodeIgniter->run()
10 SYSTEMPATH\Commands\Server\rewrite.php(47): require_once('D:\\TUGAS\\KULIAH\\P2MW\\hehe\\gohitfinal\\public\\index.php')
INFO - 2025-06-15 16:59:36 --> Session: Class initialized using 'CodeIgniter\Session\Handlers\FileHandler' driver.
CRITICAL - 2025-06-15 16:59:36 --> Undefined variable $tgl
in APPPATH\Views\detaileventp.php on line 24.
 1 APPPATH\Views\detaileventp.php(24): CodeIgniter\Debug\Exceptions->errorHandler(2, 'Undefined variable $tgl', 'D:\\TUGAS\\KULIAH\\P2MW\\hehe\\gohitfinal\\app\\Views\\detaileventp.php', 24)
 2 SYSTEMPATH\View\View.php(213): include('D:\\TUGAS\\KULIAH\\P2MW\\hehe\\gohitfinal\\app\\Views\\detaileventp.php')
 3 SYSTEMPATH\View\View.php(216): CodeIgniter\View\View->CodeIgniter\View\{closure}()
 4 SYSTEMPATH\Common.php(1184): CodeIgniter\View\View->render('detaileventp', [], true)
 5 APPPATH\Controllers\DetailEvent.php(481): view('detaileventp', [...])
 6 SYSTEMPATH\CodeIgniter.php(934): App\Controllers\DetailEvent->peserta('css', 'style.css')
 7 SYSTEMPATH\CodeIgniter.php(499): CodeIgniter\CodeIgniter->runController(Object(App\Controllers\DetailEvent))
 8 SYSTEMPATH\CodeIgniter.php(368): CodeIgniter\CodeIgniter->handleRequest(null, Object(Config\Cache), false)
 9 FCPATH\index.php(67): CodeIgniter\CodeIgniter->run()
10 SYSTEMPATH\Commands\Server\rewrite.php(47): require_once('D:\\TUGAS\\KULIAH\\P2MW\\hehe\\gohitfinal\\public\\index.php')
INFO - 2025-06-15 16:59:36 --> Session: Class initialized using 'CodeIgniter\Session\Handlers\FileHandler' driver.
CRITICAL - 2025-06-15 16:59:36 --> Undefined variable $tgl
in APPPATH\Views\detaileventp.php on line 24.
 1 APPPATH\Views\detaileventp.php(24): CodeIgniter\Debug\Exceptions->errorHandler(2, 'Undefined variable $tgl', 'D:\\TUGAS\\KULIAH\\P2MW\\hehe\\gohitfinal\\app\\Views\\detaileventp.php', 24)
 2 SYSTEMPATH\View\View.php(213): include('D:\\TUGAS\\KULIAH\\P2MW\\hehe\\gohitfinal\\app\\Views\\detaileventp.php')
 3 SYSTEMPATH\View\View.php(216): CodeIgniter\View\View->CodeIgniter\View\{closure}()
 4 SYSTEMPATH\Common.php(1184): CodeIgniter\View\View->render('detaileventp', [], true)
 5 APPPATH\Controllers\DetailEvent.php(481): view('detaileventp', [...])
 6 SYSTEMPATH\CodeIgniter.php(934): App\Controllers\DetailEvent->peserta('images', 'bg-01.jpg')
 7 SYSTEMPATH\CodeIgniter.php(499): CodeIgniter\CodeIgniter->runController(Object(App\Controllers\DetailEvent))
 8 SYSTEMPATH\CodeIgniter.php(368): CodeIgniter\CodeIgniter->handleRequest(null, Object(Config\Cache), false)
 9 FCPATH\index.php(67): CodeIgniter\CodeIgniter->run()
10 SYSTEMPATH\Commands\Server\rewrite.php(47): require_once('D:\\TUGAS\\KULIAH\\P2MW\\hehe\\gohitfinal\\public\\index.php')
INFO - 2025-06-15 17:00:14 --> Session: Class initialized using 'CodeIgniter\Session\Handlers\FileHandler' driver.
INFO - 2025-06-15 17:00:14 --> Session: Class initialized using 'CodeIgniter\Session\Handlers\FileHandler' driver.
INFO - 2025-06-15 17:00:14 --> Session: Class initialized using 'CodeIgniter\Session\Handlers\FileHandler' driver.
CRITICAL - 2025-06-15 17:00:14 --> Undefined variable $tgl
in APPPATH\Views\detaileventp.php on line 24.
 1 APPPATH\Views\detaileventp.php(24): CodeIgniter\Debug\Exceptions->errorHandler(2, 'Undefined variable $tgl', 'D:\\TUGAS\\KULIAH\\P2MW\\hehe\\gohitfinal\\app\\Views\\detaileventp.php', 24)
 2 SYSTEMPATH\View\View.php(213): include('D:\\TUGAS\\KULIAH\\P2MW\\hehe\\gohitfinal\\app\\Views\\detaileventp.php')
 3 SYSTEMPATH\View\View.php(216): CodeIgniter\View\View->CodeIgniter\View\{closure}()
 4 SYSTEMPATH\Common.php(1184): CodeIgniter\View\View->render('detaileventp', [], true)
 5 APPPATH\Controllers\DetailEvent.php(481): view('detaileventp', [...])
 6 SYSTEMPATH\CodeIgniter.php(934): App\Controllers\DetailEvent->peserta('css', 'main.css')
 7 SYSTEMPATH\CodeIgniter.php(499): CodeIgniter\CodeIgniter->runController(Object(App\Controllers\DetailEvent))
 8 SYSTEMPATH\CodeIgniter.php(368): CodeIgniter\CodeIgniter->handleRequest(null, Object(Config\Cache), false)
 9 FCPATH\index.php(67): CodeIgniter\CodeIgniter->run()
10 SYSTEMPATH\Commands\Server\rewrite.php(47): require_once('D:\\TUGAS\\KULIAH\\P2MW\\hehe\\gohitfinal\\public\\index.php')
INFO - 2025-06-15 17:00:15 --> Session: Class initialized using 'CodeIgniter\Session\Handlers\FileHandler' driver.
CRITICAL - 2025-06-15 17:00:15 --> Undefined variable $tgl
in APPPATH\Views\detaileventp.php on line 24.
 1 APPPATH\Views\detaileventp.php(24): CodeIgniter\Debug\Exceptions->errorHandler(2, 'Undefined variable $tgl', 'D:\\TUGAS\\KULIAH\\P2MW\\hehe\\gohitfinal\\app\\Views\\detaileventp.php', 24)
 2 SYSTEMPATH\View\View.php(213): include('D:\\TUGAS\\KULIAH\\P2MW\\hehe\\gohitfinal\\app\\Views\\detaileventp.php')
 3 SYSTEMPATH\View\View.php(216): CodeIgniter\View\View->CodeIgniter\View\{closure}()
 4 SYSTEMPATH\Common.php(1184): CodeIgniter\View\View->render('detaileventp', [], true)
 5 APPPATH\Controllers\DetailEvent.php(481): view('detaileventp', [...])
 6 SYSTEMPATH\CodeIgniter.php(934): App\Controllers\DetailEvent->peserta('css', 'style.css')
 7 SYSTEMPATH\CodeIgniter.php(499): CodeIgniter\CodeIgniter->runController(Object(App\Controllers\DetailEvent))
 8 SYSTEMPATH\CodeIgniter.php(368): CodeIgniter\CodeIgniter->handleRequest(null, Object(Config\Cache), false)
 9 FCPATH\index.php(67): CodeIgniter\CodeIgniter->run()
10 SYSTEMPATH\Commands\Server\rewrite.php(47): require_once('D:\\TUGAS\\KULIAH\\P2MW\\hehe\\gohitfinal\\public\\index.php')
INFO - 2025-06-15 17:00:15 --> Session: Class initialized using 'CodeIgniter\Session\Handlers\FileHandler' driver.
CRITICAL - 2025-06-15 17:00:15 --> Undefined variable $tgl
in APPPATH\Views\detaileventp.php on line 24.
 1 APPPATH\Views\detaileventp.php(24): CodeIgniter\Debug\Exceptions->errorHandler(2, 'Undefined variable $tgl', 'D:\\TUGAS\\KULIAH\\P2MW\\hehe\\gohitfinal\\app\\Views\\detaileventp.php', 24)
 2 SYSTEMPATH\View\View.php(213): include('D:\\TUGAS\\KULIAH\\P2MW\\hehe\\gohitfinal\\app\\Views\\detaileventp.php')
 3 SYSTEMPATH\View\View.php(216): CodeIgniter\View\View->CodeIgniter\View\{closure}()
 4 SYSTEMPATH\Common.php(1184): CodeIgniter\View\View->render('detaileventp', [], true)
 5 APPPATH\Controllers\DetailEvent.php(481): view('detaileventp', [...])
 6 SYSTEMPATH\CodeIgniter.php(934): App\Controllers\DetailEvent->peserta('images', 'bg-01.jpg')
 7 SYSTEMPATH\CodeIgniter.php(499): CodeIgniter\CodeIgniter->runController(Object(App\Controllers\DetailEvent))
 8 SYSTEMPATH\CodeIgniter.php(368): CodeIgniter\CodeIgniter->handleRequest(null, Object(Config\Cache), false)
 9 FCPATH\index.php(67): CodeIgniter\CodeIgniter->run()
10 SYSTEMPATH\Commands\Server\rewrite.php(47): require_once('D:\\TUGAS\\KULIAH\\P2MW\\hehe\\gohitfinal\\public\\index.php')
INFO - 2025-06-15 17:00:40 --> Session: Class initialized using 'CodeIgniter\Session\Handlers\FileHandler' driver.
INFO - 2025-06-15 17:00:40 --> Session: Class initialized using 'CodeIgniter\Session\Handlers\FileHandler' driver.
INFO - 2025-06-15 17:00:40 --> Session: Class initialized using 'CodeIgniter\Session\Handlers\FileHandler' driver.
CRITICAL - 2025-06-15 17:00:40 --> Undefined variable $tgl
in APPPATH\Views\detaileventp.php on line 24.
 1 APPPATH\Views\detaileventp.php(24): CodeIgniter\Debug\Exceptions->errorHandler(2, 'Undefined variable $tgl', 'D:\\TUGAS\\KULIAH\\P2MW\\hehe\\gohitfinal\\app\\Views\\detaileventp.php', 24)
 2 SYSTEMPATH\View\View.php(213): include('D:\\TUGAS\\KULIAH\\P2MW\\hehe\\gohitfinal\\app\\Views\\detaileventp.php')
 3 SYSTEMPATH\View\View.php(216): CodeIgniter\View\View->CodeIgniter\View\{closure}()
 4 SYSTEMPATH\Common.php(1184): CodeIgniter\View\View->render('detaileventp', [], true)
 5 APPPATH\Controllers\DetailEvent.php(481): view('detaileventp', [...])
 6 SYSTEMPATH\CodeIgniter.php(934): App\Controllers\DetailEvent->peserta('css', 'main.css')
 7 SYSTEMPATH\CodeIgniter.php(499): CodeIgniter\CodeIgniter->runController(Object(App\Controllers\DetailEvent))
 8 SYSTEMPATH\CodeIgniter.php(368): CodeIgniter\CodeIgniter->handleRequest(null, Object(Config\Cache), false)
 9 FCPATH\index.php(67): CodeIgniter\CodeIgniter->run()
10 SYSTEMPATH\Commands\Server\rewrite.php(47): require_once('D:\\TUGAS\\KULIAH\\P2MW\\hehe\\gohitfinal\\public\\index.php')
INFO - 2025-06-15 17:00:41 --> Session: Class initialized using 'CodeIgniter\Session\Handlers\FileHandler' driver.
CRITICAL - 2025-06-15 17:00:41 --> Undefined variable $tgl
in APPPATH\Views\detaileventp.php on line 24.
 1 APPPATH\Views\detaileventp.php(24): CodeIgniter\Debug\Exceptions->errorHandler(2, 'Undefined variable $tgl', 'D:\\TUGAS\\KULIAH\\P2MW\\hehe\\gohitfinal\\app\\Views\\detaileventp.php', 24)
 2 SYSTEMPATH\View\View.php(213): include('D:\\TUGAS\\KULIAH\\P2MW\\hehe\\gohitfinal\\app\\Views\\detaileventp.php')
 3 SYSTEMPATH\View\View.php(216): CodeIgniter\View\View->CodeIgniter\View\{closure}()
 4 SYSTEMPATH\Common.php(1184): CodeIgniter\View\View->render('detaileventp', [], true)
 5 APPPATH\Controllers\DetailEvent.php(481): view('detaileventp', [...])
 6 SYSTEMPATH\CodeIgniter.php(934): App\Controllers\DetailEvent->peserta('css', 'style.css')
 7 SYSTEMPATH\CodeIgniter.php(499): CodeIgniter\CodeIgniter->runController(Object(App\Controllers\DetailEvent))
 8 SYSTEMPATH\CodeIgniter.php(368): CodeIgniter\CodeIgniter->handleRequest(null, Object(Config\Cache), false)
 9 FCPATH\index.php(67): CodeIgniter\CodeIgniter->run()
10 SYSTEMPATH\Commands\Server\rewrite.php(47): require_once('D:\\TUGAS\\KULIAH\\P2MW\\hehe\\gohitfinal\\public\\index.php')
INFO - 2025-06-15 17:00:41 --> Session: Class initialized using 'CodeIgniter\Session\Handlers\FileHandler' driver.
CRITICAL - 2025-06-15 17:00:41 --> Undefined variable $tgl
in APPPATH\Views\detaileventp.php on line 24.
 1 APPPATH\Views\detaileventp.php(24): CodeIgniter\Debug\Exceptions->errorHandler(2, 'Undefined variable $tgl', 'D:\\TUGAS\\KULIAH\\P2MW\\hehe\\gohitfinal\\app\\Views\\detaileventp.php', 24)
 2 SYSTEMPATH\View\View.php(213): include('D:\\TUGAS\\KULIAH\\P2MW\\hehe\\gohitfinal\\app\\Views\\detaileventp.php')
 3 SYSTEMPATH\View\View.php(216): CodeIgniter\View\View->CodeIgniter\View\{closure}()
 4 SYSTEMPATH\Common.php(1184): CodeIgniter\View\View->render('detaileventp', [], true)
 5 APPPATH\Controllers\DetailEvent.php(481): view('detaileventp', [...])
 6 SYSTEMPATH\CodeIgniter.php(934): App\Controllers\DetailEvent->peserta('images', 'bg-01.jpg')
 7 SYSTEMPATH\CodeIgniter.php(499): CodeIgniter\CodeIgniter->runController(Object(App\Controllers\DetailEvent))
 8 SYSTEMPATH\CodeIgniter.php(368): CodeIgniter\CodeIgniter->handleRequest(null, Object(Config\Cache), false)
 9 FCPATH\index.php(67): CodeIgniter\CodeIgniter->run()
10 SYSTEMPATH\Commands\Server\rewrite.php(47): require_once('D:\\TUGAS\\KULIAH\\P2MW\\hehe\\gohitfinal\\public\\index.php')
INFO - 2025-06-15 17:01:11 --> Session: Class initialized using 'CodeIgniter\Session\Handlers\FileHandler' driver.
INFO - 2025-06-15 17:01:11 --> Session: Class initialized using 'CodeIgniter\Session\Handlers\FileHandler' driver.
INFO - 2025-06-15 17:01:12 --> Session: Class initialized using 'CodeIgniter\Session\Handlers\FileHandler' driver.
CRITICAL - 2025-06-15 17:01:12 --> Undefined variable $tgl
in APPPATH\Views\detaileventp.php on line 24.
 1 APPPATH\Views\detaileventp.php(24): CodeIgniter\Debug\Exceptions->errorHandler(2, 'Undefined variable $tgl', 'D:\\TUGAS\\KULIAH\\P2MW\\hehe\\gohitfinal\\app\\Views\\detaileventp.php', 24)
 2 SYSTEMPATH\View\View.php(213): include('D:\\TUGAS\\KULIAH\\P2MW\\hehe\\gohitfinal\\app\\Views\\detaileventp.php')
 3 SYSTEMPATH\View\View.php(216): CodeIgniter\View\View->CodeIgniter\View\{closure}()
 4 SYSTEMPATH\Common.php(1184): CodeIgniter\View\View->render('detaileventp', [], true)
 5 APPPATH\Controllers\DetailEvent.php(481): view('detaileventp', [...])
 6 SYSTEMPATH\CodeIgniter.php(934): App\Controllers\DetailEvent->peserta('css', 'main.css')
 7 SYSTEMPATH\CodeIgniter.php(499): CodeIgniter\CodeIgniter->runController(Object(App\Controllers\DetailEvent))
 8 SYSTEMPATH\CodeIgniter.php(368): CodeIgniter\CodeIgniter->handleRequest(null, Object(Config\Cache), false)
 9 FCPATH\index.php(67): CodeIgniter\CodeIgniter->run()
10 SYSTEMPATH\Commands\Server\rewrite.php(47): require_once('D:\\TUGAS\\KULIAH\\P2MW\\hehe\\gohitfinal\\public\\index.php')
INFO - 2025-06-15 17:01:12 --> Session: Class initialized using 'CodeIgniter\Session\Handlers\FileHandler' driver.
CRITICAL - 2025-06-15 17:01:12 --> Undefined variable $tgl
in APPPATH\Views\detaileventp.php on line 24.
 1 APPPATH\Views\detaileventp.php(24): CodeIgniter\Debug\Exceptions->errorHandler(2, 'Undefined variable $tgl', 'D:\\TUGAS\\KULIAH\\P2MW\\hehe\\gohitfinal\\app\\Views\\detaileventp.php', 24)
 2 SYSTEMPATH\View\View.php(213): include('D:\\TUGAS\\KULIAH\\P2MW\\hehe\\gohitfinal\\app\\Views\\detaileventp.php')
 3 SYSTEMPATH\View\View.php(216): CodeIgniter\View\View->CodeIgniter\View\{closure}()
 4 SYSTEMPATH\Common.php(1184): CodeIgniter\View\View->render('detaileventp', [], true)
 5 APPPATH\Controllers\DetailEvent.php(481): view('detaileventp', [...])
 6 SYSTEMPATH\CodeIgniter.php(934): App\Controllers\DetailEvent->peserta('css', 'style.css')
 7 SYSTEMPATH\CodeIgniter.php(499): CodeIgniter\CodeIgniter->runController(Object(App\Controllers\DetailEvent))
 8 SYSTEMPATH\CodeIgniter.php(368): CodeIgniter\CodeIgniter->handleRequest(null, Object(Config\Cache), false)
 9 FCPATH\index.php(67): CodeIgniter\CodeIgniter->run()
10 SYSTEMPATH\Commands\Server\rewrite.php(47): require_once('D:\\TUGAS\\KULIAH\\P2MW\\hehe\\gohitfinal\\public\\index.php')
INFO - 2025-06-15 17:01:12 --> Session: Class initialized using 'CodeIgniter\Session\Handlers\FileHandler' driver.
CRITICAL - 2025-06-15 17:01:12 --> Undefined variable $tgl
in APPPATH\Views\detaileventp.php on line 24.
 1 APPPATH\Views\detaileventp.php(24): CodeIgniter\Debug\Exceptions->errorHandler(2, 'Undefined variable $tgl', 'D:\\TUGAS\\KULIAH\\P2MW\\hehe\\gohitfinal\\app\\Views\\detaileventp.php', 24)
 2 SYSTEMPATH\View\View.php(213): include('D:\\TUGAS\\KULIAH\\P2MW\\hehe\\gohitfinal\\app\\Views\\detaileventp.php')
 3 SYSTEMPATH\View\View.php(216): CodeIgniter\View\View->CodeIgniter\View\{closure}()
 4 SYSTEMPATH\Common.php(1184): CodeIgniter\View\View->render('detaileventp', [], true)
 5 APPPATH\Controllers\DetailEvent.php(481): view('detaileventp', [...])
 6 SYSTEMPATH\CodeIgniter.php(934): App\Controllers\DetailEvent->peserta('images', 'bg-01.jpg')
 7 SYSTEMPATH\CodeIgniter.php(499): CodeIgniter\CodeIgniter->runController(Object(App\Controllers\DetailEvent))
 8 SYSTEMPATH\CodeIgniter.php(368): CodeIgniter\CodeIgniter->handleRequest(null, Object(Config\Cache), false)
 9 FCPATH\index.php(67): CodeIgniter\CodeIgniter->run()
10 SYSTEMPATH\Commands\Server\rewrite.php(47): require_once('D:\\TUGAS\\KULIAH\\P2MW\\hehe\\gohitfinal\\public\\index.php')
INFO - 2025-06-15 17:01:40 --> Session: Class initialized using 'CodeIgniter\Session\Handlers\FileHandler' driver.
INFO - 2025-06-15 17:01:40 --> Session: Class initialized using 'CodeIgniter\Session\Handlers\FileHandler' driver.
INFO - 2025-06-15 17:01:40 --> Session: Class initialized using 'CodeIgniter\Session\Handlers\FileHandler' driver.
CRITICAL - 2025-06-15 17:01:40 --> Undefined variable $tgl
in APPPATH\Views\detaileventp.php on line 24.
 1 APPPATH\Views\detaileventp.php(24): CodeIgniter\Debug\Exceptions->errorHandler(2, 'Undefined variable $tgl', 'D:\\TUGAS\\KULIAH\\P2MW\\hehe\\gohitfinal\\app\\Views\\detaileventp.php', 24)
 2 SYSTEMPATH\View\View.php(213): include('D:\\TUGAS\\KULIAH\\P2MW\\hehe\\gohitfinal\\app\\Views\\detaileventp.php')
 3 SYSTEMPATH\View\View.php(216): CodeIgniter\View\View->CodeIgniter\View\{closure}()
 4 SYSTEMPATH\Common.php(1184): CodeIgniter\View\View->render('detaileventp', [], true)
 5 APPPATH\Controllers\DetailEvent.php(481): view('detaileventp', [...])
 6 SYSTEMPATH\CodeIgniter.php(934): App\Controllers\DetailEvent->peserta('css', 'main.css')
 7 SYSTEMPATH\CodeIgniter.php(499): CodeIgniter\CodeIgniter->runController(Object(App\Controllers\DetailEvent))
 8 SYSTEMPATH\CodeIgniter.php(368): CodeIgniter\CodeIgniter->handleRequest(null, Object(Config\Cache), false)
 9 FCPATH\index.php(67): CodeIgniter\CodeIgniter->run()
10 SYSTEMPATH\Commands\Server\rewrite.php(47): require_once('D:\\TUGAS\\KULIAH\\P2MW\\hehe\\gohitfinal\\public\\index.php')
INFO - 2025-06-15 17:01:40 --> Session: Class initialized using 'CodeIgniter\Session\Handlers\FileHandler' driver.
CRITICAL - 2025-06-15 17:01:40 --> Undefined variable $tgl
in APPPATH\Views\detaileventp.php on line 24.
 1 APPPATH\Views\detaileventp.php(24): CodeIgniter\Debug\Exceptions->errorHandler(2, 'Undefined variable $tgl', 'D:\\TUGAS\\KULIAH\\P2MW\\hehe\\gohitfinal\\app\\Views\\detaileventp.php', 24)
 2 SYSTEMPATH\View\View.php(213): include('D:\\TUGAS\\KULIAH\\P2MW\\hehe\\gohitfinal\\app\\Views\\detaileventp.php')
 3 SYSTEMPATH\View\View.php(216): CodeIgniter\View\View->CodeIgniter\View\{closure}()
 4 SYSTEMPATH\Common.php(1184): CodeIgniter\View\View->render('detaileventp', [], true)
 5 APPPATH\Controllers\DetailEvent.php(481): view('detaileventp', [...])
 6 SYSTEMPATH\CodeIgniter.php(934): App\Controllers\DetailEvent->peserta('css', 'style.css')
 7 SYSTEMPATH\CodeIgniter.php(499): CodeIgniter\CodeIgniter->runController(Object(App\Controllers\DetailEvent))
 8 SYSTEMPATH\CodeIgniter.php(368): CodeIgniter\CodeIgniter->handleRequest(null, Object(Config\Cache), false)
 9 FCPATH\index.php(67): CodeIgniter\CodeIgniter->run()
10 SYSTEMPATH\Commands\Server\rewrite.php(47): require_once('D:\\TUGAS\\KULIAH\\P2MW\\hehe\\gohitfinal\\public\\index.php')
INFO - 2025-06-15 17:01:41 --> Session: Class initialized using 'CodeIgniter\Session\Handlers\FileHandler' driver.
CRITICAL - 2025-06-15 17:01:41 --> Undefined variable $tgl
in APPPATH\Views\detaileventp.php on line 24.
 1 APPPATH\Views\detaileventp.php(24): CodeIgniter\Debug\Exceptions->errorHandler(2, 'Undefined variable $tgl', 'D:\\TUGAS\\KULIAH\\P2MW\\hehe\\gohitfinal\\app\\Views\\detaileventp.php', 24)
 2 SYSTEMPATH\View\View.php(213): include('D:\\TUGAS\\KULIAH\\P2MW\\hehe\\gohitfinal\\app\\Views\\detaileventp.php')
 3 SYSTEMPATH\View\View.php(216): CodeIgniter\View\View->CodeIgniter\View\{closure}()
 4 SYSTEMPATH\Common.php(1184): CodeIgniter\View\View->render('detaileventp', [], true)
 5 APPPATH\Controllers\DetailEvent.php(481): view('detaileventp', [...])
 6 SYSTEMPATH\CodeIgniter.php(934): App\Controllers\DetailEvent->peserta('images', 'bg-01.jpg')
 7 SYSTEMPATH\CodeIgniter.php(499): CodeIgniter\CodeIgniter->runController(Object(App\Controllers\DetailEvent))
 8 SYSTEMPATH\CodeIgniter.php(368): CodeIgniter\CodeIgniter->handleRequest(null, Object(Config\Cache), false)
 9 FCPATH\index.php(67): CodeIgniter\CodeIgniter->run()
10 SYSTEMPATH\Commands\Server\rewrite.php(47): require_once('D:\\TUGAS\\KULIAH\\P2MW\\hehe\\gohitfinal\\public\\index.php')
INFO - 2025-06-15 17:02:07 --> Session: Class initialized using 'CodeIgniter\Session\Handlers\FileHandler' driver.
INFO - 2025-06-15 17:02:07 --> Session: Class initialized using 'CodeIgniter\Session\Handlers\FileHandler' driver.
INFO - 2025-06-15 17:02:07 --> Session: Class initialized using 'CodeIgniter\Session\Handlers\FileHandler' driver.
CRITICAL - 2025-06-15 17:02:07 --> Undefined variable $tgl
in APPPATH\Views\detaileventp.php on line 24.
 1 APPPATH\Views\detaileventp.php(24): CodeIgniter\Debug\Exceptions->errorHandler(2, 'Undefined variable $tgl', 'D:\\TUGAS\\KULIAH\\P2MW\\hehe\\gohitfinal\\app\\Views\\detaileventp.php', 24)
 2 SYSTEMPATH\View\View.php(213): include('D:\\TUGAS\\KULIAH\\P2MW\\hehe\\gohitfinal\\app\\Views\\detaileventp.php')
 3 SYSTEMPATH\View\View.php(216): CodeIgniter\View\View->CodeIgniter\View\{closure}()
 4 SYSTEMPATH\Common.php(1184): CodeIgniter\View\View->render('detaileventp', [], true)
 5 APPPATH\Controllers\DetailEvent.php(481): view('detaileventp', [...])
 6 SYSTEMPATH\CodeIgniter.php(934): App\Controllers\DetailEvent->peserta('css', 'main.css')
 7 SYSTEMPATH\CodeIgniter.php(499): CodeIgniter\CodeIgniter->runController(Object(App\Controllers\DetailEvent))
 8 SYSTEMPATH\CodeIgniter.php(368): CodeIgniter\CodeIgniter->handleRequest(null, Object(Config\Cache), false)
 9 FCPATH\index.php(67): CodeIgniter\CodeIgniter->run()
10 SYSTEMPATH\Commands\Server\rewrite.php(47): require_once('D:\\TUGAS\\KULIAH\\P2MW\\hehe\\gohitfinal\\public\\index.php')
INFO - 2025-06-15 17:02:07 --> Session: Class initialized using 'CodeIgniter\Session\Handlers\FileHandler' driver.
CRITICAL - 2025-06-15 17:02:07 --> Undefined variable $tgl
in APPPATH\Views\detaileventp.php on line 24.
 1 APPPATH\Views\detaileventp.php(24): CodeIgniter\Debug\Exceptions->errorHandler(2, 'Undefined variable $tgl', 'D:\\TUGAS\\KULIAH\\P2MW\\hehe\\gohitfinal\\app\\Views\\detaileventp.php', 24)
 2 SYSTEMPATH\View\View.php(213): include('D:\\TUGAS\\KULIAH\\P2MW\\hehe\\gohitfinal\\app\\Views\\detaileventp.php')
 3 SYSTEMPATH\View\View.php(216): CodeIgniter\View\View->CodeIgniter\View\{closure}()
 4 SYSTEMPATH\Common.php(1184): CodeIgniter\View\View->render('detaileventp', [], true)
 5 APPPATH\Controllers\DetailEvent.php(481): view('detaileventp', [...])
 6 SYSTEMPATH\CodeIgniter.php(934): App\Controllers\DetailEvent->peserta('css', 'style.css')
 7 SYSTEMPATH\CodeIgniter.php(499): CodeIgniter\CodeIgniter->runController(Object(App\Controllers\DetailEvent))
 8 SYSTEMPATH\CodeIgniter.php(368): CodeIgniter\CodeIgniter->handleRequest(null, Object(Config\Cache), false)
 9 FCPATH\index.php(67): CodeIgniter\CodeIgniter->run()
10 SYSTEMPATH\Commands\Server\rewrite.php(47): require_once('D:\\TUGAS\\KULIAH\\P2MW\\hehe\\gohitfinal\\public\\index.php')
INFO - 2025-06-15 17:02:07 --> Session: Class initialized using 'CodeIgniter\Session\Handlers\FileHandler' driver.
CRITICAL - 2025-06-15 17:02:07 --> Undefined variable $tgl
in APPPATH\Views\detaileventp.php on line 24.
 1 APPPATH\Views\detaileventp.php(24): CodeIgniter\Debug\Exceptions->errorHandler(2, 'Undefined variable $tgl', 'D:\\TUGAS\\KULIAH\\P2MW\\hehe\\gohitfinal\\app\\Views\\detaileventp.php', 24)
 2 SYSTEMPATH\View\View.php(213): include('D:\\TUGAS\\KULIAH\\P2MW\\hehe\\gohitfinal\\app\\Views\\detaileventp.php')
 3 SYSTEMPATH\View\View.php(216): CodeIgniter\View\View->CodeIgniter\View\{closure}()
 4 SYSTEMPATH\Common.php(1184): CodeIgniter\View\View->render('detaileventp', [], true)
 5 APPPATH\Controllers\DetailEvent.php(481): view('detaileventp', [...])
 6 SYSTEMPATH\CodeIgniter.php(934): App\Controllers\DetailEvent->peserta('images', 'bg-01.jpg')
 7 SYSTEMPATH\CodeIgniter.php(499): CodeIgniter\CodeIgniter->runController(Object(App\Controllers\DetailEvent))
 8 SYSTEMPATH\CodeIgniter.php(368): CodeIgniter\CodeIgniter->handleRequest(null, Object(Config\Cache), false)
 9 FCPATH\index.php(67): CodeIgniter\CodeIgniter->run()
10 SYSTEMPATH\Commands\Server\rewrite.php(47): require_once('D:\\TUGAS\\KULIAH\\P2MW\\hehe\\gohitfinal\\public\\index.php')
INFO - 2025-06-15 17:02:40 --> Session: Class initialized using 'CodeIgniter\Session\Handlers\FileHandler' driver.
INFO - 2025-06-15 17:02:41 --> Session: Class initialized using 'CodeIgniter\Session\Handlers\FileHandler' driver.
INFO - 2025-06-15 17:02:41 --> Session: Class initialized using 'CodeIgniter\Session\Handlers\FileHandler' driver.
CRITICAL - 2025-06-15 17:02:41 --> Undefined variable $tgl
in APPPATH\Views\detaileventp.php on line 24.
 1 APPPATH\Views\detaileventp.php(24): CodeIgniter\Debug\Exceptions->errorHandler(2, 'Undefined variable $tgl', 'D:\\TUGAS\\KULIAH\\P2MW\\hehe\\gohitfinal\\app\\Views\\detaileventp.php', 24)
 2 SYSTEMPATH\View\View.php(213): include('D:\\TUGAS\\KULIAH\\P2MW\\hehe\\gohitfinal\\app\\Views\\detaileventp.php')
 3 SYSTEMPATH\View\View.php(216): CodeIgniter\View\View->CodeIgniter\View\{closure}()
 4 SYSTEMPATH\Common.php(1184): CodeIgniter\View\View->render('detaileventp', [], true)
 5 APPPATH\Controllers\DetailEvent.php(481): view('detaileventp', [...])
 6 SYSTEMPATH\CodeIgniter.php(934): App\Controllers\DetailEvent->peserta('css', 'main.css')
 7 SYSTEMPATH\CodeIgniter.php(499): CodeIgniter\CodeIgniter->runController(Object(App\Controllers\DetailEvent))
 8 SYSTEMPATH\CodeIgniter.php(368): CodeIgniter\CodeIgniter->handleRequest(null, Object(Config\Cache), false)
 9 FCPATH\index.php(67): CodeIgniter\CodeIgniter->run()
10 SYSTEMPATH\Commands\Server\rewrite.php(47): require_once('D:\\TUGAS\\KULIAH\\P2MW\\hehe\\gohitfinal\\public\\index.php')
INFO - 2025-06-15 17:02:41 --> Session: Class initialized using 'CodeIgniter\Session\Handlers\FileHandler' driver.
CRITICAL - 2025-06-15 17:02:41 --> Undefined variable $tgl
in APPPATH\Views\detaileventp.php on line 24.
 1 APPPATH\Views\detaileventp.php(24): CodeIgniter\Debug\Exceptions->errorHandler(2, 'Undefined variable $tgl', 'D:\\TUGAS\\KULIAH\\P2MW\\hehe\\gohitfinal\\app\\Views\\detaileventp.php', 24)
 2 SYSTEMPATH\View\View.php(213): include('D:\\TUGAS\\KULIAH\\P2MW\\hehe\\gohitfinal\\app\\Views\\detaileventp.php')
 3 SYSTEMPATH\View\View.php(216): CodeIgniter\View\View->CodeIgniter\View\{closure}()
 4 SYSTEMPATH\Common.php(1184): CodeIgniter\View\View->render('detaileventp', [], true)
 5 APPPATH\Controllers\DetailEvent.php(481): view('detaileventp', [...])
 6 SYSTEMPATH\CodeIgniter.php(934): App\Controllers\DetailEvent->peserta('css', 'style.css')
 7 SYSTEMPATH\CodeIgniter.php(499): CodeIgniter\CodeIgniter->runController(Object(App\Controllers\DetailEvent))
 8 SYSTEMPATH\CodeIgniter.php(368): CodeIgniter\CodeIgniter->handleRequest(null, Object(Config\Cache), false)
 9 FCPATH\index.php(67): CodeIgniter\CodeIgniter->run()
10 SYSTEMPATH\Commands\Server\rewrite.php(47): require_once('D:\\TUGAS\\KULIAH\\P2MW\\hehe\\gohitfinal\\public\\index.php')
INFO - 2025-06-15 17:02:41 --> Session: Class initialized using 'CodeIgniter\Session\Handlers\FileHandler' driver.
CRITICAL - 2025-06-15 17:02:41 --> Undefined variable $tgl
in APPPATH\Views\detaileventp.php on line 24.
 1 APPPATH\Views\detaileventp.php(24): CodeIgniter\Debug\Exceptions->errorHandler(2, 'Undefined variable $tgl', 'D:\\TUGAS\\KULIAH\\P2MW\\hehe\\gohitfinal\\app\\Views\\detaileventp.php', 24)
 2 SYSTEMPATH\View\View.php(213): include('D:\\TUGAS\\KULIAH\\P2MW\\hehe\\gohitfinal\\app\\Views\\detaileventp.php')
 3 SYSTEMPATH\View\View.php(216): CodeIgniter\View\View->CodeIgniter\View\{closure}()
 4 SYSTEMPATH\Common.php(1184): CodeIgniter\View\View->render('detaileventp', [], true)
 5 APPPATH\Controllers\DetailEvent.php(481): view('detaileventp', [...])
 6 SYSTEMPATH\CodeIgniter.php(934): App\Controllers\DetailEvent->peserta('images', 'bg-01.jpg')
 7 SYSTEMPATH\CodeIgniter.php(499): CodeIgniter\CodeIgniter->runController(Object(App\Controllers\DetailEvent))
 8 SYSTEMPATH\CodeIgniter.php(368): CodeIgniter\CodeIgniter->handleRequest(null, Object(Config\Cache), false)
 9 FCPATH\index.php(67): CodeIgniter\CodeIgniter->run()
10 SYSTEMPATH\Commands\Server\rewrite.php(47): require_once('D:\\TUGAS\\KULIAH\\P2MW\\hehe\\gohitfinal\\public\\index.php')
INFO - 2025-06-15 17:03:10 --> Session: Class initialized using 'CodeIgniter\Session\Handlers\FileHandler' driver.
INFO - 2025-06-15 17:03:10 --> Session: Class initialized using 'CodeIgniter\Session\Handlers\FileHandler' driver.
INFO - 2025-06-15 17:03:11 --> Session: Class initialized using 'CodeIgniter\Session\Handlers\FileHandler' driver.
CRITICAL - 2025-06-15 17:03:11 --> Undefined variable $tgl
in APPPATH\Views\detaileventp.php on line 24.
 1 APPPATH\Views\detaileventp.php(24): CodeIgniter\Debug\Exceptions->errorHandler(2, 'Undefined variable $tgl', 'D:\\TUGAS\\KULIAH\\P2MW\\hehe\\gohitfinal\\app\\Views\\detaileventp.php', 24)
 2 SYSTEMPATH\View\View.php(213): include('D:\\TUGAS\\KULIAH\\P2MW\\hehe\\gohitfinal\\app\\Views\\detaileventp.php')
 3 SYSTEMPATH\View\View.php(216): CodeIgniter\View\View->CodeIgniter\View\{closure}()
 4 SYSTEMPATH\Common.php(1184): CodeIgniter\View\View->render('detaileventp', [], true)
 5 APPPATH\Controllers\DetailEvent.php(481): view('detaileventp', [...])
 6 SYSTEMPATH\CodeIgniter.php(934): App\Controllers\DetailEvent->peserta('css', 'main.css')
 7 SYSTEMPATH\CodeIgniter.php(499): CodeIgniter\CodeIgniter->runController(Object(App\Controllers\DetailEvent))
 8 SYSTEMPATH\CodeIgniter.php(368): CodeIgniter\CodeIgniter->handleRequest(null, Object(Config\Cache), false)
 9 FCPATH\index.php(67): CodeIgniter\CodeIgniter->run()
10 SYSTEMPATH\Commands\Server\rewrite.php(47): require_once('D:\\TUGAS\\KULIAH\\P2MW\\hehe\\gohitfinal\\public\\index.php')
INFO - 2025-06-15 17:03:11 --> Session: Class initialized using 'CodeIgniter\Session\Handlers\FileHandler' driver.
CRITICAL - 2025-06-15 17:03:11 --> Undefined variable $tgl
in APPPATH\Views\detaileventp.php on line 24.
 1 APPPATH\Views\detaileventp.php(24): CodeIgniter\Debug\Exceptions->errorHandler(2, 'Undefined variable $tgl', 'D:\\TUGAS\\KULIAH\\P2MW\\hehe\\gohitfinal\\app\\Views\\detaileventp.php', 24)
 2 SYSTEMPATH\View\View.php(213): include('D:\\TUGAS\\KULIAH\\P2MW\\hehe\\gohitfinal\\app\\Views\\detaileventp.php')
 3 SYSTEMPATH\View\View.php(216): CodeIgniter\View\View->CodeIgniter\View\{closure}()
 4 SYSTEMPATH\Common.php(1184): CodeIgniter\View\View->render('detaileventp', [], true)
 5 APPPATH\Controllers\DetailEvent.php(481): view('detaileventp', [...])
 6 SYSTEMPATH\CodeIgniter.php(934): App\Controllers\DetailEvent->peserta('css', 'style.css')
 7 SYSTEMPATH\CodeIgniter.php(499): CodeIgniter\CodeIgniter->runController(Object(App\Controllers\DetailEvent))
 8 SYSTEMPATH\CodeIgniter.php(368): CodeIgniter\CodeIgniter->handleRequest(null, Object(Config\Cache), false)
 9 FCPATH\index.php(67): CodeIgniter\CodeIgniter->run()
10 SYSTEMPATH\Commands\Server\rewrite.php(47): require_once('D:\\TUGAS\\KULIAH\\P2MW\\hehe\\gohitfinal\\public\\index.php')
INFO - 2025-06-15 17:03:11 --> Session: Class initialized using 'CodeIgniter\Session\Handlers\FileHandler' driver.
CRITICAL - 2025-06-15 17:03:11 --> Undefined variable $tgl
in APPPATH\Views\detaileventp.php on line 24.
 1 APPPATH\Views\detaileventp.php(24): CodeIgniter\Debug\Exceptions->errorHandler(2, 'Undefined variable $tgl', 'D:\\TUGAS\\KULIAH\\P2MW\\hehe\\gohitfinal\\app\\Views\\detaileventp.php', 24)
 2 SYSTEMPATH\View\View.php(213): include('D:\\TUGAS\\KULIAH\\P2MW\\hehe\\gohitfinal\\app\\Views\\detaileventp.php')
 3 SYSTEMPATH\View\View.php(216): CodeIgniter\View\View->CodeIgniter\View\{closure}()
 4 SYSTEMPATH\Common.php(1184): CodeIgniter\View\View->render('detaileventp', [], true)
 5 APPPATH\Controllers\DetailEvent.php(481): view('detaileventp', [...])
 6 SYSTEMPATH\CodeIgniter.php(934): App\Controllers\DetailEvent->peserta('images', 'bg-01.jpg')
 7 SYSTEMPATH\CodeIgniter.php(499): CodeIgniter\CodeIgniter->runController(Object(App\Controllers\DetailEvent))
 8 SYSTEMPATH\CodeIgniter.php(368): CodeIgniter\CodeIgniter->handleRequest(null, Object(Config\Cache), false)
 9 FCPATH\index.php(67): CodeIgniter\CodeIgniter->run()
10 SYSTEMPATH\Commands\Server\rewrite.php(47): require_once('D:\\TUGAS\\KULIAH\\P2MW\\hehe\\gohitfinal\\public\\index.php')
INFO - 2025-06-15 17:03:37 --> Session: Class initialized using 'CodeIgniter\Session\Handlers\FileHandler' driver.
INFO - 2025-06-15 17:03:37 --> Session: Class initialized using 'CodeIgniter\Session\Handlers\FileHandler' driver.
INFO - 2025-06-15 17:03:37 --> Session: Class initialized using 'CodeIgniter\Session\Handlers\FileHandler' driver.
CRITICAL - 2025-06-15 17:03:37 --> Undefined variable $tgl
in APPPATH\Views\detaileventp.php on line 24.
 1 APPPATH\Views\detaileventp.php(24): CodeIgniter\Debug\Exceptions->errorHandler(2, 'Undefined variable $tgl', 'D:\\TUGAS\\KULIAH\\P2MW\\hehe\\gohitfinal\\app\\Views\\detaileventp.php', 24)
 2 SYSTEMPATH\View\View.php(213): include('D:\\TUGAS\\KULIAH\\P2MW\\hehe\\gohitfinal\\app\\Views\\detaileventp.php')
 3 SYSTEMPATH\View\View.php(216): CodeIgniter\View\View->CodeIgniter\View\{closure}()
 4 SYSTEMPATH\Common.php(1184): CodeIgniter\View\View->render('detaileventp', [], true)
 5 APPPATH\Controllers\DetailEvent.php(481): view('detaileventp', [...])
 6 SYSTEMPATH\CodeIgniter.php(934): App\Controllers\DetailEvent->peserta('css', 'main.css')
 7 SYSTEMPATH\CodeIgniter.php(499): CodeIgniter\CodeIgniter->runController(Object(App\Controllers\DetailEvent))
 8 SYSTEMPATH\CodeIgniter.php(368): CodeIgniter\CodeIgniter->handleRequest(null, Object(Config\Cache), false)
 9 FCPATH\index.php(67): CodeIgniter\CodeIgniter->run()
10 SYSTEMPATH\Commands\Server\rewrite.php(47): require_once('D:\\TUGAS\\KULIAH\\P2MW\\hehe\\gohitfinal\\public\\index.php')
INFO - 2025-06-15 17:03:37 --> Session: Class initialized using 'CodeIgniter\Session\Handlers\FileHandler' driver.
CRITICAL - 2025-06-15 17:03:38 --> Undefined variable $tgl
in APPPATH\Views\detaileventp.php on line 24.
 1 APPPATH\Views\detaileventp.php(24): CodeIgniter\Debug\Exceptions->errorHandler(2, 'Undefined variable $tgl', 'D:\\TUGAS\\KULIAH\\P2MW\\hehe\\gohitfinal\\app\\Views\\detaileventp.php', 24)
 2 SYSTEMPATH\View\View.php(213): include('D:\\TUGAS\\KULIAH\\P2MW\\hehe\\gohitfinal\\app\\Views\\detaileventp.php')
 3 SYSTEMPATH\View\View.php(216): CodeIgniter\View\View->CodeIgniter\View\{closure}()
 4 SYSTEMPATH\Common.php(1184): CodeIgniter\View\View->render('detaileventp', [], true)
 5 APPPATH\Controllers\DetailEvent.php(481): view('detaileventp', [...])
 6 SYSTEMPATH\CodeIgniter.php(934): App\Controllers\DetailEvent->peserta('css', 'style.css')
 7 SYSTEMPATH\CodeIgniter.php(499): CodeIgniter\CodeIgniter->runController(Object(App\Controllers\DetailEvent))
 8 SYSTEMPATH\CodeIgniter.php(368): CodeIgniter\CodeIgniter->handleRequest(null, Object(Config\Cache), false)
 9 FCPATH\index.php(67): CodeIgniter\CodeIgniter->run()
10 SYSTEMPATH\Commands\Server\rewrite.php(47): require_once('D:\\TUGAS\\KULIAH\\P2MW\\hehe\\gohitfinal\\public\\index.php')
INFO - 2025-06-15 17:03:38 --> Session: Class initialized using 'CodeIgniter\Session\Handlers\FileHandler' driver.
CRITICAL - 2025-06-15 17:03:38 --> Undefined variable $tgl
in APPPATH\Views\detaileventp.php on line 24.
 1 APPPATH\Views\detaileventp.php(24): CodeIgniter\Debug\Exceptions->errorHandler(2, 'Undefined variable $tgl', 'D:\\TUGAS\\KULIAH\\P2MW\\hehe\\gohitfinal\\app\\Views\\detaileventp.php', 24)
 2 SYSTEMPATH\View\View.php(213): include('D:\\TUGAS\\KULIAH\\P2MW\\hehe\\gohitfinal\\app\\Views\\detaileventp.php')
 3 SYSTEMPATH\View\View.php(216): CodeIgniter\View\View->CodeIgniter\View\{closure}()
 4 SYSTEMPATH\Common.php(1184): CodeIgniter\View\View->render('detaileventp', [], true)
 5 APPPATH\Controllers\DetailEvent.php(481): view('detaileventp', [...])
 6 SYSTEMPATH\CodeIgniter.php(934): App\Controllers\DetailEvent->peserta('images', 'bg-01.jpg')
 7 SYSTEMPATH\CodeIgniter.php(499): CodeIgniter\CodeIgniter->runController(Object(App\Controllers\DetailEvent))
 8 SYSTEMPATH\CodeIgniter.php(368): CodeIgniter\CodeIgniter->handleRequest(null, Object(Config\Cache), false)
 9 FCPATH\index.php(67): CodeIgniter\CodeIgniter->run()
10 SYSTEMPATH\Commands\Server\rewrite.php(47): require_once('D:\\TUGAS\\KULIAH\\P2MW\\hehe\\gohitfinal\\public\\index.php')
INFO - 2025-06-15 17:04:02 --> Session: Class initialized using 'CodeIgniter\Session\Handlers\FileHandler' driver.
INFO - 2025-06-15 17:04:02 --> Session: Class initialized using 'CodeIgniter\Session\Handlers\FileHandler' driver.
INFO - 2025-06-15 17:04:02 --> Session: Class initialized using 'CodeIgniter\Session\Handlers\FileHandler' driver.
CRITICAL - 2025-06-15 17:04:02 --> Undefined variable $tgl
in APPPATH\Views\detaileventp.php on line 24.
 1 APPPATH\Views\detaileventp.php(24): CodeIgniter\Debug\Exceptions->errorHandler(2, 'Undefined variable $tgl', 'D:\\TUGAS\\KULIAH\\P2MW\\hehe\\gohitfinal\\app\\Views\\detaileventp.php', 24)
 2 SYSTEMPATH\View\View.php(213): include('D:\\TUGAS\\KULIAH\\P2MW\\hehe\\gohitfinal\\app\\Views\\detaileventp.php')
 3 SYSTEMPATH\View\View.php(216): CodeIgniter\View\View->CodeIgniter\View\{closure}()
 4 SYSTEMPATH\Common.php(1184): CodeIgniter\View\View->render('detaileventp', [], true)
 5 APPPATH\Controllers\DetailEvent.php(481): view('detaileventp', [...])
 6 SYSTEMPATH\CodeIgniter.php(934): App\Controllers\DetailEvent->peserta('css', 'main.css')
 7 SYSTEMPATH\CodeIgniter.php(499): CodeIgniter\CodeIgniter->runController(Object(App\Controllers\DetailEvent))
 8 SYSTEMPATH\CodeIgniter.php(368): CodeIgniter\CodeIgniter->handleRequest(null, Object(Config\Cache), false)
 9 FCPATH\index.php(67): CodeIgniter\CodeIgniter->run()
10 SYSTEMPATH\Commands\Server\rewrite.php(47): require_once('D:\\TUGAS\\KULIAH\\P2MW\\hehe\\gohitfinal\\public\\index.php')
INFO - 2025-06-15 17:04:02 --> Session: Class initialized using 'CodeIgniter\Session\Handlers\FileHandler' driver.
CRITICAL - 2025-06-15 17:04:02 --> Undefined variable $tgl
in APPPATH\Views\detaileventp.php on line 24.
 1 APPPATH\Views\detaileventp.php(24): CodeIgniter\Debug\Exceptions->errorHandler(2, 'Undefined variable $tgl', 'D:\\TUGAS\\KULIAH\\P2MW\\hehe\\gohitfinal\\app\\Views\\detaileventp.php', 24)
 2 SYSTEMPATH\View\View.php(213): include('D:\\TUGAS\\KULIAH\\P2MW\\hehe\\gohitfinal\\app\\Views\\detaileventp.php')
 3 SYSTEMPATH\View\View.php(216): CodeIgniter\View\View->CodeIgniter\View\{closure}()
 4 SYSTEMPATH\Common.php(1184): CodeIgniter\View\View->render('detaileventp', [], true)
 5 APPPATH\Controllers\DetailEvent.php(481): view('detaileventp', [...])
 6 SYSTEMPATH\CodeIgniter.php(934): App\Controllers\DetailEvent->peserta('css', 'style.css')
 7 SYSTEMPATH\CodeIgniter.php(499): CodeIgniter\CodeIgniter->runController(Object(App\Controllers\DetailEvent))
 8 SYSTEMPATH\CodeIgniter.php(368): CodeIgniter\CodeIgniter->handleRequest(null, Object(Config\Cache), false)
 9 FCPATH\index.php(67): CodeIgniter\CodeIgniter->run()
10 SYSTEMPATH\Commands\Server\rewrite.php(47): require_once('D:\\TUGAS\\KULIAH\\P2MW\\hehe\\gohitfinal\\public\\index.php')
INFO - 2025-06-15 17:04:02 --> Session: Class initialized using 'CodeIgniter\Session\Handlers\FileHandler' driver.
CRITICAL - 2025-06-15 17:04:02 --> Undefined variable $tgl
in APPPATH\Views\detaileventp.php on line 24.
 1 APPPATH\Views\detaileventp.php(24): CodeIgniter\Debug\Exceptions->errorHandler(2, 'Undefined variable $tgl', 'D:\\TUGAS\\KULIAH\\P2MW\\hehe\\gohitfinal\\app\\Views\\detaileventp.php', 24)
 2 SYSTEMPATH\View\View.php(213): include('D:\\TUGAS\\KULIAH\\P2MW\\hehe\\gohitfinal\\app\\Views\\detaileventp.php')
 3 SYSTEMPATH\View\View.php(216): CodeIgniter\View\View->CodeIgniter\View\{closure}()
 4 SYSTEMPATH\Common.php(1184): CodeIgniter\View\View->render('detaileventp', [], true)
 5 APPPATH\Controllers\DetailEvent.php(481): view('detaileventp', [...])
 6 SYSTEMPATH\CodeIgniter.php(934): App\Controllers\DetailEvent->peserta('images', 'bg-01.jpg')
 7 SYSTEMPATH\CodeIgniter.php(499): CodeIgniter\CodeIgniter->runController(Object(App\Controllers\DetailEvent))
 8 SYSTEMPATH\CodeIgniter.php(368): CodeIgniter\CodeIgniter->handleRequest(null, Object(Config\Cache), false)
 9 FCPATH\index.php(67): CodeIgniter\CodeIgniter->run()
10 SYSTEMPATH\Commands\Server\rewrite.php(47): require_once('D:\\TUGAS\\KULIAH\\P2MW\\hehe\\gohitfinal\\public\\index.php')
INFO - 2025-06-15 17:04:41 --> Session: Class initialized using 'CodeIgniter\Session\Handlers\FileHandler' driver.
INFO - 2025-06-15 17:04:41 --> Session: Class initialized using 'CodeIgniter\Session\Handlers\FileHandler' driver.
INFO - 2025-06-15 17:04:41 --> Session: Class initialized using 'CodeIgniter\Session\Handlers\FileHandler' driver.
CRITICAL - 2025-06-15 17:04:41 --> Undefined variable $tgl
in APPPATH\Views\detaileventp.php on line 24.
 1 APPPATH\Views\detaileventp.php(24): CodeIgniter\Debug\Exceptions->errorHandler(2, 'Undefined variable $tgl', 'D:\\TUGAS\\KULIAH\\P2MW\\hehe\\gohitfinal\\app\\Views\\detaileventp.php', 24)
 2 SYSTEMPATH\View\View.php(213): include('D:\\TUGAS\\KULIAH\\P2MW\\hehe\\gohitfinal\\app\\Views\\detaileventp.php')
 3 SYSTEMPATH\View\View.php(216): CodeIgniter\View\View->CodeIgniter\View\{closure}()
 4 SYSTEMPATH\Common.php(1184): CodeIgniter\View\View->render('detaileventp', [], true)
 5 APPPATH\Controllers\DetailEvent.php(481): view('detaileventp', [...])
 6 SYSTEMPATH\CodeIgniter.php(934): App\Controllers\DetailEvent->peserta('css', 'main.css')
 7 SYSTEMPATH\CodeIgniter.php(499): CodeIgniter\CodeIgniter->runController(Object(App\Controllers\DetailEvent))
 8 SYSTEMPATH\CodeIgniter.php(368): CodeIgniter\CodeIgniter->handleRequest(null, Object(Config\Cache), false)
 9 FCPATH\index.php(67): CodeIgniter\CodeIgniter->run()
10 SYSTEMPATH\Commands\Server\rewrite.php(47): require_once('D:\\TUGAS\\KULIAH\\P2MW\\hehe\\gohitfinal\\public\\index.php')
INFO - 2025-06-15 17:04:42 --> Session: Class initialized using 'CodeIgniter\Session\Handlers\FileHandler' driver.
CRITICAL - 2025-06-15 17:04:42 --> Undefined variable $tgl
in APPPATH\Views\detaileventp.php on line 24.
 1 APPPATH\Views\detaileventp.php(24): CodeIgniter\Debug\Exceptions->errorHandler(2, 'Undefined variable $tgl', 'D:\\TUGAS\\KULIAH\\P2MW\\hehe\\gohitfinal\\app\\Views\\detaileventp.php', 24)
 2 SYSTEMPATH\View\View.php(213): include('D:\\TUGAS\\KULIAH\\P2MW\\hehe\\gohitfinal\\app\\Views\\detaileventp.php')
 3 SYSTEMPATH\View\View.php(216): CodeIgniter\View\View->CodeIgniter\View\{closure}()
 4 SYSTEMPATH\Common.php(1184): CodeIgniter\View\View->render('detaileventp', [], true)
 5 APPPATH\Controllers\DetailEvent.php(481): view('detaileventp', [...])
 6 SYSTEMPATH\CodeIgniter.php(934): App\Controllers\DetailEvent->peserta('css', 'style.css')
 7 SYSTEMPATH\CodeIgniter.php(499): CodeIgniter\CodeIgniter->runController(Object(App\Controllers\DetailEvent))
 8 SYSTEMPATH\CodeIgniter.php(368): CodeIgniter\CodeIgniter->handleRequest(null, Object(Config\Cache), false)
 9 FCPATH\index.php(67): CodeIgniter\CodeIgniter->run()
10 SYSTEMPATH\Commands\Server\rewrite.php(47): require_once('D:\\TUGAS\\KULIAH\\P2MW\\hehe\\gohitfinal\\public\\index.php')
INFO - 2025-06-15 17:04:42 --> Session: Class initialized using 'CodeIgniter\Session\Handlers\FileHandler' driver.
CRITICAL - 2025-06-15 17:04:42 --> Undefined variable $tgl
in APPPATH\Views\detaileventp.php on line 24.
 1 APPPATH\Views\detaileventp.php(24): CodeIgniter\Debug\Exceptions->errorHandler(2, 'Undefined variable $tgl', 'D:\\TUGAS\\KULIAH\\P2MW\\hehe\\gohitfinal\\app\\Views\\detaileventp.php', 24)
 2 SYSTEMPATH\View\View.php(213): include('D:\\TUGAS\\KULIAH\\P2MW\\hehe\\gohitfinal\\app\\Views\\detaileventp.php')
 3 SYSTEMPATH\View\View.php(216): CodeIgniter\View\View->CodeIgniter\View\{closure}()
 4 SYSTEMPATH\Common.php(1184): CodeIgniter\View\View->render('detaileventp', [], true)
 5 APPPATH\Controllers\DetailEvent.php(481): view('detaileventp', [...])
 6 SYSTEMPATH\CodeIgniter.php(934): App\Controllers\DetailEvent->peserta('images', 'bg-01.jpg')
 7 SYSTEMPATH\CodeIgniter.php(499): CodeIgniter\CodeIgniter->runController(Object(App\Controllers\DetailEvent))
 8 SYSTEMPATH\CodeIgniter.php(368): CodeIgniter\CodeIgniter->handleRequest(null, Object(Config\Cache), false)
 9 FCPATH\index.php(67): CodeIgniter\CodeIgniter->run()
10 SYSTEMPATH\Commands\Server\rewrite.php(47): require_once('D:\\TUGAS\\KULIAH\\P2MW\\hehe\\gohitfinal\\public\\index.php')
INFO - 2025-06-15 17:05:11 --> Session: Class initialized using 'CodeIgniter\Session\Handlers\FileHandler' driver.
INFO - 2025-06-15 17:05:11 --> Session: Class initialized using 'CodeIgniter\Session\Handlers\FileHandler' driver.
INFO - 2025-06-15 17:05:12 --> Session: Class initialized using 'CodeIgniter\Session\Handlers\FileHandler' driver.
CRITICAL - 2025-06-15 17:05:12 --> Undefined variable $tgl
in APPPATH\Views\detaileventp.php on line 24.
 1 APPPATH\Views\detaileventp.php(24): CodeIgniter\Debug\Exceptions->errorHandler(2, 'Undefined variable $tgl', 'D:\\TUGAS\\KULIAH\\P2MW\\hehe\\gohitfinal\\app\\Views\\detaileventp.php', 24)
 2 SYSTEMPATH\View\View.php(213): include('D:\\TUGAS\\KULIAH\\P2MW\\hehe\\gohitfinal\\app\\Views\\detaileventp.php')
 3 SYSTEMPATH\View\View.php(216): CodeIgniter\View\View->CodeIgniter\View\{closure}()
 4 SYSTEMPATH\Common.php(1184): CodeIgniter\View\View->render('detaileventp', [], true)
 5 APPPATH\Controllers\DetailEvent.php(481): view('detaileventp', [...])
 6 SYSTEMPATH\CodeIgniter.php(934): App\Controllers\DetailEvent->peserta('css', 'main.css')
 7 SYSTEMPATH\CodeIgniter.php(499): CodeIgniter\CodeIgniter->runController(Object(App\Controllers\DetailEvent))
 8 SYSTEMPATH\CodeIgniter.php(368): CodeIgniter\CodeIgniter->handleRequest(null, Object(Config\Cache), false)
 9 FCPATH\index.php(67): CodeIgniter\CodeIgniter->run()
10 SYSTEMPATH\Commands\Server\rewrite.php(47): require_once('D:\\TUGAS\\KULIAH\\P2MW\\hehe\\gohitfinal\\public\\index.php')
INFO - 2025-06-15 17:05:12 --> Session: Class initialized using 'CodeIgniter\Session\Handlers\FileHandler' driver.
CRITICAL - 2025-06-15 17:05:12 --> Undefined variable $tgl
in APPPATH\Views\detaileventp.php on line 24.
 1 APPPATH\Views\detaileventp.php(24): CodeIgniter\Debug\Exceptions->errorHandler(2, 'Undefined variable $tgl', 'D:\\TUGAS\\KULIAH\\P2MW\\hehe\\gohitfinal\\app\\Views\\detaileventp.php', 24)
 2 SYSTEMPATH\View\View.php(213): include('D:\\TUGAS\\KULIAH\\P2MW\\hehe\\gohitfinal\\app\\Views\\detaileventp.php')
 3 SYSTEMPATH\View\View.php(216): CodeIgniter\View\View->CodeIgniter\View\{closure}()
 4 SYSTEMPATH\Common.php(1184): CodeIgniter\View\View->render('detaileventp', [], true)
 5 APPPATH\Controllers\DetailEvent.php(481): view('detaileventp', [...])
 6 SYSTEMPATH\CodeIgniter.php(934): App\Controllers\DetailEvent->peserta('css', 'style.css')
 7 SYSTEMPATH\CodeIgniter.php(499): CodeIgniter\CodeIgniter->runController(Object(App\Controllers\DetailEvent))
 8 SYSTEMPATH\CodeIgniter.php(368): CodeIgniter\CodeIgniter->handleRequest(null, Object(Config\Cache), false)
 9 FCPATH\index.php(67): CodeIgniter\CodeIgniter->run()
10 SYSTEMPATH\Commands\Server\rewrite.php(47): require_once('D:\\TUGAS\\KULIAH\\P2MW\\hehe\\gohitfinal\\public\\index.php')
INFO - 2025-06-15 17:05:12 --> Session: Class initialized using 'CodeIgniter\Session\Handlers\FileHandler' driver.
CRITICAL - 2025-06-15 17:05:12 --> Undefined variable $tgl
in APPPATH\Views\detaileventp.php on line 24.
 1 APPPATH\Views\detaileventp.php(24): CodeIgniter\Debug\Exceptions->errorHandler(2, 'Undefined variable $tgl', 'D:\\TUGAS\\KULIAH\\P2MW\\hehe\\gohitfinal\\app\\Views\\detaileventp.php', 24)
 2 SYSTEMPATH\View\View.php(213): include('D:\\TUGAS\\KULIAH\\P2MW\\hehe\\gohitfinal\\app\\Views\\detaileventp.php')
 3 SYSTEMPATH\View\View.php(216): CodeIgniter\View\View->CodeIgniter\View\{closure}()
 4 SYSTEMPATH\Common.php(1184): CodeIgniter\View\View->render('detaileventp', [], true)
 5 APPPATH\Controllers\DetailEvent.php(481): view('detaileventp', [...])
 6 SYSTEMPATH\CodeIgniter.php(934): App\Controllers\DetailEvent->peserta('images', 'bg-01.jpg')
 7 SYSTEMPATH\CodeIgniter.php(499): CodeIgniter\CodeIgniter->runController(Object(App\Controllers\DetailEvent))
 8 SYSTEMPATH\CodeIgniter.php(368): CodeIgniter\CodeIgniter->handleRequest(null, Object(Config\Cache), false)
 9 FCPATH\index.php(67): CodeIgniter\CodeIgniter->run()
10 SYSTEMPATH\Commands\Server\rewrite.php(47): require_once('D:\\TUGAS\\KULIAH\\P2MW\\hehe\\gohitfinal\\public\\index.php')
